date,open_time,open,high,low,close,volume,close_time,is_closed
2021-01-01 00:00:00,1609459200000,37.3596,38.959,36.9555,37.7762,2435989.127,1609545599999,True
2021-01-02 00:00:00,1609545600000,37.7637,38.8798,36.8,38.2331,3018062.206,1609631999999,True
2021-01-03 00:00:00,1609632000000,38.2331,41.7017,37.763,41.2575,4903626.697,1609718399999,True
2021-01-04 00:00:00,1609718400000,41.256,43.2039,38.02,41.1333,5306248.166,1609804799999,True
2021-01-05 00:00:00,1609804800000,41.13,41.8375,38.8014,41.8219,3513141.346,1609891199999,True
2021-01-06 00:00:00,1609891200000,41.8271,42.267,40.4531,42.2417,3784444.687,1609977599999,True
2021-01-07 00:00:00,1609977600000,42.244,44.9,41.366,43.5728,5026746.669,1610063999999,True
2021-01-08 00:00:00,1610064000000,43.5728,43.722,40.2313,42.356,3548923.788,1610150399999,True
2021-01-09 00:00:00,1610150400000,42.345,44.0552,41.5,43.8479,2720363.636,1610236799999,True
2021-01-10 00:00:00,1610236800000,43.8479,45.162,40.0,42.4031,4277406.29,1610323199999,True
2021-01-11 00:00:00,1610323200000,42.4033,42.5094,35.0374,38.1674,6332801.055,1610409599999,True
2021-01-12 00:00:00,1610409600000,38.1623,40.1989,37.0,38.2541,3261261.81,1610495999999,True
2021-01-13 00:00:00,1610496000000,38.2703,40.4499,37.02,40.1114,3512089.385,1610582399999,True
2021-01-14 00:00:00,1610582400000,40.1114,42.0,39.5739,41.8723,3306689.933,1610668799999,True
2021-01-15 00:00:00,1610668800000,41.8721,42.5622,38.6616,40.8668,3431358.936,1610755199999,True
2021-01-16 00:00:00,1610755200000,40.8951,44.12,40.625,43.142,3243054.414,1610841599999,True
2021-01-17 00:00:00,1610841600000,43.1413,46.7228,40.9192,45.8675,3878914.299,1610927999999,True
2021-01-18 00:00:00,1610928000000,45.8645,46.8888,44.0278,45.3412,3069449.938,1611014399999,True
2021-01-19 00:00:00,1611014400000,45.3592,47.2187,41.7,42.5241,5151546.872,1611100799999,True
2021-01-20 00:00:00,1611100800000,42.5241,43.0992,40.2,42.6069,3709936.492,1611187199999,True
2021-01-21 00:00:00,1611187200000,42.6056,42.7176,38.2,38.6343,3388587.657,1611273599999,True
2021-01-22 00:00:00,1611273600000,38.6596,41.528,36.8518,40.8936,3088685.295,1611359999999,True
2021-01-23 00:00:00,1611360000000,40.8938,41.88,39.4555,40.9109,2531809.648,1611446399999,True
2021-01-24 00:00:00,1611446400000,40.9113,42.2,40.3144,41.8263,2340747.623,1611532799999,True
2021-01-25 00:00:00,1611532800000,41.827,43.4241,40.5364,41.8347,2778238.02,1611619199999,True
2021-01-26 00:00:00,1611619200000,41.8347,42.598,39.6955,41.8396,2758108.622,1611705599999,True
2021-01-27 00:00:00,1611705600000,41.8397,42.0984,39.6102,40.8826,2638401.378,1611791999999,True
2021-01-28 00:00:00,1611792000000,40.8957,43.085,40.317,42.5254,2984098.651,1611878399999,True
2021-01-29 00:00:00,1611878400000,42.5277,44.0,41.8017,42.8618,3433689.484,1611964799999,True
2021-01-30 00:00:00,1611964800000,42.8653,45.1071,42.5911,44.7849,2767954.291,1612051199999,True
2021-01-31 00:00:00,1612051200000,44.8022,45.8269,43.3,44.3292,2431692.198,1612137599999,True
2021-02-01 00:00:00,1612137600000,44.3291,52.3736,43.4331,51.4781,6095055.413,1612223999999,True
2021-02-02 00:00:00,1612224000000,51.4762,53.0,49.1572,51.0071,4675040.877,1612310399999,True
2021-02-03 00:00:00,1612310400000,51.029,52.7,49.7823,52.12,2949735.036,1612396799999,True
2021-02-04 00:00:00,1612396800000,52.12,57.0547,51.25,55.9599,4004741.294,1612483199999,True
2021-02-05 00:00:00,1612483200000,55.9593,68.73,55.9202,67.7005,5040545.223,1612569599999,True
2021-02-06 00:00:00,1612569600000,67.6217,75.5,61.7,72.8356,8482528.531,1612655999999,True
2021-02-07 00:00:00,1612656000000,72.8693,74.8199,64.1803,68.3542,5969908.442,1612742399999,True
2021-02-08 00:00:00,1612742400000,68.355,79.8823,67.6152,79.8374,7860567.389,1612828799999,True
2021-02-09 00:00:00,1612828800000,79.8734,116.24,78.0381,107.3469,12487305.868,1612915199999,True
2021-02-10 00:00:00,1612915200000,107.3496,148.4,107.2811,128.9711,16613534.274,1613001599999,True
2021-02-11 00:00:00,1613001600000,128.9463,132.8,117.7289,124.085,5920400.255,1613087999999,True
2021-02-12 00:00:00,1613088000000,124.1129,141.32,120.89,136.6139,5626020.824,1613174399999,True
2021-02-13 00:00:00,1613174400000,136.7321,138.5067,125.0,133.3496,3785723.402,1613260799999,True
2021-02-14 00:00:00,1613260800000,133.3498,139.0,128.4615,135.8623,4405507.885,1613347199999,True
2021-02-15 00:00:00,1613347200000,135.8623,139.369,118.0,130.303,4772752.806,1613433599999,True
2021-02-16 00:00:00,1613433600000,129.9493,133.4925,126.0,130.183,3258276.714,1613519999999,True
2021-02-17 00:00:00,1613520000000,130.183,175.9997,126.7546,165.3233,10185662.26,1613606399999,True
2021-02-18 00:00:00,1613606400000,165.3176,199.88,162.7969,195.6,11226893.373,1613692799999,True
2021-02-19 00:00:00,1613692800000,195.5549,348.6969,194.9279,333.111,20188858.198,1613779199999,True
2021-02-20 00:00:00,1613779200000,333.2212,335.0,223.0,253.0,13497656.247,1613865599999,True
2021-02-21 00:00:00,1613865600000,253.01,309.4995,249.7044,295.2597,10646422.307,1613951999999,True
2021-02-22 00:00:00,1613952000000,294.9167,296.0,220.5,267.5147,12604399.402,1614038399999,True
2021-02-23 00:00:00,1614038400000,267.1721,269.444,186.1,231.3646,15879767.559,1614124799999,True
2021-02-24 00:00:00,1614124800000,231.3646,281.0,213.0257,254.5056,11777825.187,1614211199999,True
2021-02-25 00:00:00,1614211200000,254.3826,265.4014,231.5,234.9146,6871992.794,1614297599999,True
2021-02-26 00:00:00,1614297600000,234.7605,239.4,209.105,221.717,7410706.385,1614383999999,True
2021-02-27 00:00:00,1614384000000,221.9592,237.77,219.011,225.3853,4192697.152,1614470399999,True
2021-02-28 00:00:00,1614470400000,225.4567,229.4,195.0,210.2138,5674373.249,1614556799999,True
2021-03-01 00:00:00,1614556800000,210.1177,260.0,209.1204,254.9637,7911568.194,1614643199999,True
2021-03-02 00:00:00,1614643200000,254.9486,264.9,227.0,239.6841,5386013.794,1614729599999,True
2021-03-03 00:00:00,1614729600000,239.7204,254.8481,236.002,240.5701,4278388.733,1614815999999,True
2021-03-04 00:00:00,1614816000000,240.4801,249.9885,225.5308,229.6369,3999983.836,1614902399999,True
2021-03-05 00:00:00,1614902400000,229.6369,232.2,215.6439,225.4714,3654842.805,1614988799999,True
2021-03-06 00:00:00,1614988800000,225.5391,232.4996,219.1514,226.3814,2663375.536,1615075199999,True
2021-03-07 00:00:00,1615075200000,226.3812,243.95,224.9542,240.11,3519962.929,1615161599999,True
2021-03-08 00:00:00,1615161600000,240.1039,243.0986,228.7029,240.5509,3045991.968,1615247999999,True
2021-03-09 00:00:00,1615248000000,240.7852,297.2962,235.6001,293.2052,7937298.708,1615334399999,True
2021-03-10 00:00:00,1615334400000,293.1305,295.5,263.8184,278.4499,6012304.148,1615420799999,True
2021-03-11 00:00:00,1615420800000,278.3522,315.2855,272.12,290.0301,6598662.207,1615507199999,True
2021-03-12 00:00:00,1615507200000,289.786,290.5,247.5547,263.2201,5905880.87,1615593599999,True
2021-03-13 00:00:00,1615593600000,263.192,284.2857,255.4206,276.2822,3902398.386,1615679999999,True
2021-03-14 00:00:00,1615680000000,276.2892,276.8847,263.0003,263.238,2432196.535,1615766399999,True
2021-03-15 00:00:00,1615766400000,263.35,267.7453,249.5327,254.5144,3362734.143,1615852799999,True
2021-03-16 00:00:00,1615852800000,254.3894,259.7847,240.199,258.5352,3013229.0,1615939199999,True
2021-03-17 00:00:00,1615939200000,258.5611,272.1787,248.2001,269.7896,2856836.919,1616025599999,True
2021-03-18 00:00:00,1616025600000,269.8578,277.8,257.01,261.4816,3152509.589,1616111999999,True
2021-03-19 00:00:00,1616112000000,261.5157,269.0,255.0,262.935,2262870.653,1616198399999,True
2021-03-20 00:00:00,1616198400000,263.1083,274.6805,261.4,264.3023,2377018.11,1616284799999,True
2021-03-21 00:00:00,1616284800000,264.2213,268.0305,257.0001,264.6513,1973476.754,1616371199999,True
2021-03-22 00:00:00,1616371200000,264.7152,277.0,252.9164,254.7976,3265655.831,1616457599999,True
2021-03-23 00:00:00,1616457600000,254.9689,262.97,251.838,255.4646,2587450.732,1616543999999,True
2021-03-24 00:00:00,1616544000000,255.5191,268.7062,240.3333,248.5236,3270691.795,1616630399999,True
2021-03-25 00:00:00,1616630400000,248.5345,250.0912,224.9686,233.9466,3498082.827,1616716799999,True
2021-03-26 00:00:00,1616716800000,234.0024,255.2113,233.8114,255.2105,2635329.155,1616803199999,True
2021-03-27 00:00:00,1616803200000,255.1201,276.0,249.5001,269.2234,3089181.848,1616889599999,True
2021-03-28 00:00:00,1616889600000,269.2864,281.3939,261.0,268.4263,3272613.755,1616975999999,True
2021-03-29 00:00:00,1616976000000,268.6234,277.9813,264.4585,275.2991,2728496.99,1617062399999,True
2021-03-30 00:00:00,1617062400000,275.2986,311.5325,271.2857,311.2962,5532768.33,1617148799999,True
2021-03-31 00:00:00,1617148800000,311.2962,316.6997,284.0,302.3724,4719335.506,1617235199999,True
2021-04-01 00:00:00,1617235200000,302.4591,339.0,300.7,334.7991,4390708.581,1617321599999,True
2021-04-02 00:00:00,1617321600000,334.6706,356.9882,324.6162,338.2932,4205858.478,1617407999999,True
2021-04-03 00:00:00,1617408000000,338.2932,349.1347,315.91,321.9497,3099870.848,1617494399999,True
2021-04-04 00:00:00,1617494400000,321.9597,352.3275,316.0,348.8617,2730876.03,1617580799999,True
2021-04-05 00:00:00,1617580800000,348.8705,380.0,335.8442,368.0263,3473780.055,1617667199999,True
2021-04-06 00:00:00,1617667200000,368.1506,411.755,363.8333,403.3648,4481056.436,1617753599999,True
2021-04-07 00:00:00,1617753600000,403.2607,414.3803,356.0,375.5538,6179859.708,1617839999999,True
2021-04-08 00:00:00,1617840000000,375.5538,422.6323,371.78,418.7048,4092498.638,1617926399999,True
2021-04-09 00:00:00,1617926400000,418.7047,453.9937,403.19,453.9937,3670424.433,1618012799999,True
2021-04-10 00:00:00,1618012800000,453.9898,487.4062,450.0,471.2975,4659107.212,1618099199999,True
2021-04-11 00:00:00,1618099200000,471.2974,529.211,458.0165,525.9275,3644396.11,1618185599999,True
2021-04-12 00:00:00,1618185600000,525.9275,638.5673,515.1,596.7104,9279328.84,1618271999999,True
2021-04-13 00:00:00,1618272000000,596.7878,602.7871,530.2288,551.6442,5447746.544,1618358399999,True
2021-04-14 00:00:00,1618358400000,551.3956,590.5369,521.1313,550.0182,4213337.251,1618444799999,True
2021-04-15 00:00:00,1618444800000,550.0182,556.9,533.7166,541.8824,2306850.045,1618531199999,True
2021-04-16 00:00:00,1618531200000,541.8351,547.6074,489.7356,508.2743,4192218.462,1618617599999,True
2021-04-17 00:00:00,1618617600000,508.2614,547.95,506.0,514.6861,2949040.221,1618703999999,True
2021-04-18 00:00:00,1618704000000,514.8178,520.4237,428.0,481.4367,4468597.46,1618790399999,True
2021-04-19 00:00:00,1618790400000,481.5112,540.0,467.8846,504.0322,5031325.713,1618876799999,True
2021-04-20 00:00:00,1618876800000,504.0322,589.5,470.207,586.3635,5730895.325,1618963199999,True
2021-04-21 00:00:00,1618963200000,586.5201,613.8975,535.9186,543.6327,5685067.894,1619049599999,True
2021-04-22 00:00:00,1619049600000,543.6827,582.7051,480.0,505.2411,6375583.139,1619135999999,True
2021-04-23 00:00:00,1619136000000,505.2282,530.0,450.0,526.5357,6855584.921,1619222399999,True
2021-04-24 00:00:00,1619222400000,526.4319,528.8088,482.3052,496.992,3005329.075,1619308799999,True
2021-04-25 00:00:00,1619308800000,496.992,517.74,478.01,505.0,2489756.6252,1619395199999,True
2021-04-26 00:00:00,1619395200000,505.0,550.0,501.5,535.33,3098650.6351,1619481599999,True
2021-04-27 00:00:00,1619481600000,535.33,579.5,525.0,568.78,2807308.6198,1619567999999,True
2021-04-28 00:00:00,1619568000000,568.78,578.88,538.0,562.78,2384514.8852,1619654399999,True
2021-04-29 00:00:00,1619654400000,562.78,615.29,554.0,599.7,4336516.3347,1619740799999,True
2021-04-30 00:00:00,1619740800000,599.66,628.0,585.72,622.65,3430512.4025,1619827199999,True
2021-05-01 00:00:00,1619827200000,622.64,645.57,609.21,620.0,2427568.3909,1619913599999,True
2021-05-02 00:00:00,1619913600000,620.0,629.0,595.3,621.78,2066258.2844,1619999999999,True
2021-05-03 00:00:00,1620000000000,621.77,680.0,621.22,676.15,2873379.617,1620086399999,True
2021-05-04 00:00:00,1620086400000,676.15,677.71,604.14,609.3,3765315.6951,1620172799999,True
2021-05-05 00:00:00,1620172800000,609.41,656.67,605.0,651.1,2270137.4732,1620259199999,True
2021-05-06 00:00:00,1620259200000,651.1,653.77,620.0,633.99,2065376.5442,1620345599999,True
2021-05-07 00:00:00,1620345600000,634.03,644.02,611.43,624.3,1979435.9584,1620431999999,True
2021-05-08 00:00:00,1620432000000,624.3,657.91,618.36,646.1,2186084.7749,1620518399999,True
2021-05-09 00:00:00,1620518400000,646.07,679.0,630.54,661.74,2343402.1219,1620604799999,True
2021-05-10 00:00:00,1620604800000,661.74,691.77,588.0,631.1,3074645.0692,1620691199999,True
2021-05-11 00:00:00,1620691200000,631.16,673.0,621.11,671.91,2640713.327,1620777599999,True
2021-05-12 00:00:00,1620777600000,671.9,684.91,581.4,594.65,2813834.8185,1620863999999,True
2021-05-13 00:00:00,1620864000000,594.2,633.5,526.6,571.1,5485323.7047,1620950399999,True
2021-05-14 00:00:00,1620950400000,571.1,615.0,566.0,602.61,2187570.2996,1621036799999,True
2021-05-15 00:00:00,1621036800000,602.61,611.31,560.0,563.41,2259793.5825,1621123199999,True
2021-05-16 00:00:00,1621123200000,563.42,606.78,534.88,564.32,2939528.1774,1621209599999,True
2021-05-17 00:00:00,1621209600000,564.66,564.66,483.0,512.07,4029118.3527,1621295999999,True
2021-05-18 00:00:00,1621296000000,512.06,534.0,490.0,507.88,2720596.4374,1621382399999,True
2021-05-19 00:00:00,1621382400000,507.9,516.5,280.0,334.8,11497731.3774,1621468799999,True
2021-05-20 00:00:00,1621468800000,334.8,423.83,284.27,391.17,8116861.4224,1621555199999,True
2021-05-21 00:00:00,1621555200000,391.37,415.71,274.0,326.01,8827845.3858,1621641599999,True
2021-05-22 00:00:00,1621641600000,326.23,335.82,284.55,299.76,5303046.012,1621727999999,True
2021-05-23 00:00:00,1621728000000,299.75,313.45,211.7,260.72,8801148.1832,1621814399999,True
2021-05-24 00:00:00,1621814400000,260.72,350.0,257.4,345.64,7794003.641,1621900799999,True
2021-05-25 00:00:00,1621900800000,345.64,378.12,306.61,343.18,7638986.0132,1621987199999,True
2021-05-26 00:00:00,1621987200000,343.18,388.28,336.21,379.16,5336916.0722,1622073599999,True
2021-05-27 00:00:00,1622073600000,379.16,387.56,340.0,369.67,4275801.5014,1622159999999,True
2021-05-28 00:00:00,1622160000000,369.83,373.68,312.3,328.82,5253443.3619,1622246399999,True
2021-05-29 00:00:00,1622246400000,328.86,347.0,295.22,305.04,3764083.2923,1622332799999,True
2021-05-30 00:00:00,1622332800000,305.18,338.32,291.06,325.57,3739673.1138,1622419199999,True
2021-05-31 00:00:00,1622419200000,325.55,356.0,307.55,353.33,4110136.8744,1622505599999,True
2021-06-01 00:00:00,1622505600000,353.37,364.4,339.48,362.39,3652280.6916,1622591999999,True
2021-06-02 00:00:00,1622592000000,362.36,419.43,350.43,401.54,4377024.6685,1622678399999,True
2021-06-03 00:00:00,1622678400000,401.52,433.0,391.32,428.48,4214469.415,1622764799999,True
2021-06-04 00:00:00,1622764800000,428.46,429.5,365.0,390.7,4926793.4499,1622851199999,True
2021-06-05 00:00:00,1622851200000,390.68,426.0,373.8,390.08,3977579.347,1622937599999,True
2021-06-06 00:00:00,1622937600000,390.05,400.29,381.5,393.73,1862065.4318,1623023999999,True
2021-06-07 00:00:00,1623024000000,393.82,407.42,353.53,357.96,3028938.8445,1623110399999,True
2021-06-08 00:00:00,1623110400000,357.94,366.33,319.18,352.5,4986849.8512,1623196799999,True
2021-06-09 00:00:00,1623196800000,352.5,378.77,333.56,375.54,3494285.669,1623283199999,True
2021-06-10 00:00:00,1623283200000,375.56,377.55,344.13,351.94,2417974.6499,1623369599999,True
2021-06-11 00:00:00,1623369600000,351.96,366.28,340.84,345.75,2215352.723,1623455999999,True
2021-06-12 00:00:00,1623456000000,345.76,348.88,325.3,343.7,2074837.0012,1623542399999,True
2021-06-13 00:00:00,1623542400000,343.68,369.0,330.48,365.8,1958071.3656,1623628799999,True
2021-06-14 00:00:00,1623628800000,365.81,377.33,355.07,370.19,1978613.2384,1623715199999,True
2021-06-15 00:00:00,1623715200000,370.2,379.58,363.23,366.48,1545190.4369,1623801599999,True
2021-06-16 00:00:00,1623801600000,366.48,366.77,343.35,347.22,1531522.2062,1623887999999,True
2021-06-17 00:00:00,1623888000000,347.22,362.47,345.85,352.85,1239146.5273,1623974399999,True
2021-06-18 00:00:00,1623974400000,352.84,357.12,327.22,337.16,1583897.2791,1624060799999,True
2021-06-19 00:00:00,1624060800000,337.21,345.0,331.11,334.01,1067456.2119,1624147199999,True
2021-06-20 00:00:00,1624147200000,334.03,340.57,310.13,339.08,1618406.0051,1624233599999,True
2021-06-21 00:00:00,1624233600000,339.09,342.0,268.57,270.76,3729539.0167,1624319999999,True
2021-06-22 00:00:00,1624320000000,270.76,291.5,225.42,262.1,5570573.4851,1624406399999,True
2021-06-23 00:00:00,1624406400000,262.1,309.75,251.41,296.25,3319089.777,1624492799999,True
2021-06-24 00:00:00,1624492800000,296.17,316.49,281.5,308.62,2635799.196,1624579199999,True
2021-06-25 00:00:00,1624579200000,308.6,314.84,275.24,280.81,2711888.8709,1624665599999,True
2021-06-26 00:00:00,1624665600000,280.89,290.33,264.26,279.65,2263064.3633,1624751999999,True
2021-06-27 00:00:00,1624752000000,279.58,291.7,269.72,290.87,1539903.0268,1624838399999,True
2021-06-28 00:00:00,1624838400000,290.89,299.96,283.55,290.0,1884580.1557,1624924799999,True
2021-06-29 00:00:00,1624924800000,290.0,315.6,289.19,300.79,2126079.3416,1625011199999,True
2021-06-30 00:00:00,1625011200000,300.79,304.88,281.53,303.71,2061866.47,1625097599999,True
2021-07-01 00:00:00,1625097600000,303.75,304.0,281.0,287.43,1388151.0265,1625183999999,True
2021-07-02 00:00:00,1625184000000,287.49,290.74,276.4,287.17,1003331.2269,1625270399999,True
2021-07-03 00:00:00,1625270400000,287.17,303.21,282.77,298.13,1016731.5662,1625356799999,True
2021-07-04 00:00:00,1625356800000,298.18,314.91,292.58,307.62,1309414.0255,1625443199999,True
2021-07-05 00:00:00,1625443200000,307.63,307.68,291.0,302.02,1403218.2408,1625529599999,True
2021-07-06 00:00:00,1625529600000,302.04,322.5,301.8,319.92,2066912.3595,1625615999999,True
2021-07-07 00:00:00,1625616000000,319.91,340.0,318.23,327.51,1779058.2937,1625702399999,True
2021-07-08 00:00:00,1625702400000,327.51,328.21,304.4,310.14,1644090.8501,1625788799999,True
2021-07-09 00:00:00,1625788800000,310.08,319.69,301.43,317.09,1106411.786,1625875199999,True
2021-07-10 00:00:00,1625875200000,317.09,321.44,310.57,316.12,818970.9225,1625961599999,True
2021-07-11 00:00:00,1625961600000,316.12,326.82,312.21,322.16,799617.835,1626047999999,True
2021-07-12 00:00:00,1626048000000,322.17,334.37,308.57,316.12,1322836.6575,1626134399999,True
2021-07-13 00:00:00,1626134400000,316.11,318.33,305.2,308.94,930032.3155,1626220799999,True
2021-07-14 00:00:00,1626220800000,308.98,313.46,290.24,309.4,1430288.4026,1626307199999,True
2021-07-15 00:00:00,1626307200000,309.33,324.33,301.32,316.11,2185210.8398,1626393599999,True
2021-07-16 00:00:00,1626393600000,316.12,323.5,301.5,302.88,1456105.4019,1626479999999,True
2021-07-17 00:00:00,1626480000000,302.94,306.71,295.0,300.52,1030879.9611,1626566399999,True
2021-07-18 00:00:00,1626566400000,300.56,309.18,298.7,302.1,815497.3527,1626652799999,True
2021-07-19 00:00:00,1626652800000,302.04,303.94,278.85,280.54,1318041.7074,1626739199999,True
2021-07-20 00:00:00,1626739200000,280.54,283.6,254.52,264.44,1796600.5803,1626825599999,True
2021-07-21 00:00:00,1626825600000,264.43,298.92,261.02,293.26,1740736.0226,1626911999999,True
2021-07-22 00:00:00,1626912000000,293.27,298.44,287.3,293.36,1173507.9432,1626998399999,True
2021-07-23 00:00:00,1626998400000,293.39,301.5,281.01,299.27,1640999.5389,1627084799999,True
2021-07-24 00:00:00,1627084800000,299.29,307.79,295.43,301.56,1438901.3811,1627171199999,True
2021-07-25 00:00:00,1627171200000,301.53,304.44,292.34,302.56,1083557.277,1627257599999,True
2021-07-26 00:00:00,1627257600000,302.56,328.0,301.0,304.0,2575554.2802,1627343999999,True
2021-07-27 00:00:00,1627344000000,304.0,318.41,297.61,313.48,1678708.0635,1627430399999,True
2021-07-28 00:00:00,1627430400000,313.47,318.68,308.0,313.8,1308249.13,1627516799999,True
2021-07-29 00:00:00,1627516800000,313.84,320.31,308.6,317.03,998946.1839,1627603199999,True
2021-07-30 00:00:00,1627603200000,317.1,325.66,306.16,322.58,1297421.6445,1627689599999,True
2021-07-31 00:00:00,1627689600000,322.58,338.44,317.21,332.38,1393753.965,1627775999999,True
2021-08-01 00:00:00,1627776000000,332.38,347.8,328.99,332.59,1514514.2178,1627862399999,True
2021-08-02 00:00:00,1627862400000,332.63,338.29,326.17,330.55,1018741.3098,1627948799999,True
2021-08-03 00:00:00,1627948800000,330.53,334.73,317.02,323.43,1060806.3447,1628035199999,True
2021-08-04 00:00:00,1628035200000,323.44,337.39,319.78,334.77,969671.4228,1628121599999,True
2021-08-05 00:00:00,1628121600000,334.78,340.17,323.37,337.91,1263649.4926,1628207999999,True
2021-08-06 00:00:00,1628208000000,337.92,347.14,331.12,342.39,1267498.9178,1628294399999,True
2021-08-07 00:00:00,1628294400000,342.39,359.74,340.34,356.18,1545801.188,1628380799999,True
2021-08-08 00:00:00,1628380800000,356.18,359.87,337.0,341.79,1275768.154,1628467199999,True
2021-08-09 00:00:00,1628467200000,341.79,357.7,333.15,354.32,1284975.5132,1628553599999,True
2021-08-10 00:00:00,1628553600000,354.32,376.6,348.0,371.92,1660844.1918,1628639999999,True
2021-08-11 00:00:00,1628640000000,371.95,408.72,371.09,390.96,1911892.6875,1628726399999,True
2021-08-12 00:00:00,1628726400000,390.92,406.18,371.59,385.66,1835305.9382,1628812799999,True
2021-08-13 00:00:00,1628812800000,385.69,411.46,382.91,410.76,1261827.2925,1628899199999,True
2021-08-14 00:00:00,1628899200000,410.74,418.8,400.0,408.67,1439286.5064,1628985599999,True
2021-08-15 00:00:00,1628985600000,408.66,415.16,395.88,414.05,1238115.4178,1629071999999,True
2021-08-16 00:00:00,1629072000000,414.05,437.0,410.79,415.72,1850324.1906,1629158399999,True
2021-08-17 00:00:00,1629158400000,415.72,435.77,398.77,401.8,1984029.275,1629244799999,True
2021-08-18 00:00:00,1629244800000,401.86,412.36,385.47,396.15,1750539.5385,1629331199999,True
2021-08-19 00:00:00,1629331200000,396.23,431.7,390.89,431.27,1852873.4714,1629417599999,True
2021-08-20 00:00:00,1629417600000,431.21,458.0,421.84,454.93,1691101.5102,1629503999999,True
2021-08-21 00:00:00,1629504000000,454.92,460.0,443.47,448.74,1426818.8978,1629590399999,True
2021-08-22 00:00:00,1629590400000,448.74,458.34,437.77,448.68,1135535.8076,1629676799999,True
2021-08-23 00:00:00,1629676800000,448.69,509.71,445.89,499.06,2660809.0219,1629763199999,True
2021-08-24 00:00:00,1629763200000,499.06,504.2,461.12,471.62,2080297.6979,1629849599999,True
2021-08-25 00:00:00,1629849600000,471.62,507.0,470.0,503.19,2242911.0333,1629935999999,True
2021-08-26 00:00:00,1629936000000,503.17,518.94,471.2,478.1,2229652.231,1630022399999,True
2021-08-27 00:00:00,1630022400000,478.2,495.0,467.1,494.5,1549790.9246,1630108799999,True
2021-08-28 00:00:00,1630108800000,494.6,497.0,482.3,486.2,891854.5838,1630195199999,True
2021-08-29 00:00:00,1630195200000,486.1,495.5,475.0,479.7,910773.939,1630281599999,True
2021-08-30 00:00:00,1630281600000,479.7,480.9,457.0,460.3,1125497.9612,1630367999999,True
2021-08-31 00:00:00,1630368000000,460.2,477.8,448.2,463.9,1477345.5552,1630454399999,True
2021-09-01 00:00:00,1630454400000,463.9,490.0,455.1,489.4,1320635.94,1630540799999,True
2021-09-02 00:00:00,1630540800000,489.5,504.7,478.0,483.7,1245680.6988,1630627199999,True
2021-09-03 00:00:00,1630627200000,483.6,495.0,473.0,488.5,1094104.742,1630713599999,True
2021-09-04 00:00:00,1630713600000,488.4,509.9,485.2,497.7,1248261.6277,1630799999999,True
2021-09-05 00:00:00,1630800000000,497.8,505.2,488.4,504.8,878406.045,1630886399999,True
2021-09-06 00:00:00,1630886400000,504.9,509.0,486.9,496.1,1121398.978,1630972799999,True
2021-09-07 00:00:00,1630972800000,496.1,504.8,369.0,418.7,3358688.1229,1631059199999,True
2021-09-08 00:00:00,1631059200000,418.7,425.5,382.3,415.0,2058507.11,1631145599999,True
2021-09-09 00:00:00,1631145600000,415.2,436.1,403.4,421.3,1543293.221,1631231999999,True
2021-09-10 00:00:00,1631232000000,421.3,439.4,393.2,401.4,1528906.751,1631318399999,True
2021-09-11 00:00:00,1631318400000,401.4,415.3,399.3,405.1,922767.055,1631404799999,True
2021-09-12 00:00:00,1631404800000,405.0,421.5,397.4,416.3,981402.883,1631491199999,True
2021-09-13 00:00:00,1631491200000,416.4,419.7,383.0,399.1,1531654.719,1631577599999,True
2021-09-14 00:00:00,1631577600000,399.1,414.7,395.7,414.3,930635.792,1631663999999,True
2021-09-15 00:00:00,1631664000000,414.3,438.0,409.6,431.3,1182055.631,1631750399999,True
2021-09-16 00:00:00,1631750400000,431.2,435.0,415.6,424.3,1037049.02,1631836799999,True
2021-09-17 00:00:00,1631836800000,424.2,426.0,400.4,406.6,844137.727,1631923199999,True
2021-09-18 00:00:00,1631923200000,406.8,420.0,401.5,410.7,733479.739,1632009599999,True
2021-09-19 00:00:00,1632009600000,410.8,419.0,402.8,408.6,743095.721,1632095999999,True
2021-09-20 00:00:00,1632096000000,408.5,410.1,353.7,364.1,1865673.9401,1632182399999,True
2021-09-21 00:00:00,1632182400000,364.1,376.0,336.8,344.4,1577059.1261,1632268799999,True
2021-09-22 00:00:00,1632268800000,344.4,379.9,342.3,379.0,1085212.972,1632355199999,True
2021-09-23 00:00:00,1632355200000,378.9,384.6,369.0,383.5,992215.176,1632441599999,True
2021-09-24 00:00:00,1632441600000,383.5,385.3,333.6,355.0,1718950.219,1632527999999,True
2021-09-25 00:00:00,1632528000000,355.0,360.8,343.2,349.6,916797.617,1632614399999,True
2021-09-26 00:00:00,1632614400000,349.6,353.0,320.0,344.0,1538759.1618,1632700799999,True
2021-09-27 00:00:00,1632700800000,344.0,357.6,335.0,335.5,956544.069,1632787199999,True
2021-09-28 00:00:00,1632787200000,335.5,344.6,330.0,333.0,922077.227,1632873599999,True
2021-09-29 00:00:00,1632873600000,332.9,375.4,331.2,367.7,1696420.045,1632959999999,True
2021-09-30 00:00:00,1632960000000,367.7,388.8,366.4,387.5,1163674.206,1633046399999,True
2021-10-01 00:00:00,1633046400000,387.5,423.4,381.5,421.5,1440336.041,1633132799999,True
2021-10-02 00:00:00,1633132800000,421.4,438.2,410.6,427.1,1039006.518,1633219199999,True
2021-10-03 00:00:00,1633219200000,427.0,437.2,421.5,430.5,820910.792,1633305599999,True
2021-10-04 00:00:00,1633305600000,430.5,430.9,410.9,426.3,974423.359,1633391999999,True
2021-10-05 00:00:00,1633392000000,426.4,444.0,424.0,442.1,883699.828,1633478399999,True
2021-10-06 00:00:00,1633478400000,442.0,442.8,414.7,434.9,1245088.683,1633564799999,True
2021-10-07 00:00:00,1633564800000,434.9,450.0,423.6,438.5,1159098.7447,1633651199999,True
2021-10-08 00:00:00,1633651200000,438.5,441.6,415.7,419.2,1505999.188,1633737599999,True
2021-10-09 00:00:00,1633737600000,419.3,426.0,416.0,421.9,632123.526,1633823999999,True
2021-10-10 00:00:00,1633824000000,421.9,422.3,402.0,404.1,729380.963,1633910399999,True
2021-10-11 00:00:00,1633910400000,404.0,424.0,399.8,413.1,759924.884,1633996799999,True
2021-10-12 00:00:00,1633996800000,413.2,444.5,392.2,444.2,1966630.183,1634083199999,True
2021-10-13 00:00:00,1634083200000,444.1,471.8,432.3,470.8,3383303.439,1634169599999,True
2021-10-14 00:00:00,1634169600000,470.7,482.8,461.2,472.7,1431305.925,1634255999999,True
2021-10-15 00:00:00,1634256000000,472.7,478.0,450.8,474.5,1508188.787,1634342399999,True
2021-10-16 00:00:00,1634342400000,474.5,484.7,423.0,465.8,1040477.571,1634428799999,True
2021-10-17 00:00:00,1634428800000,465.8,472.4,454.2,470.9,890609.849,1634515199999,True
2021-10-18 00:00:00,1634515200000,471.0,487.6,466.4,484.9,1091006.031,1634601599999,True
2021-10-19 00:00:00,1634601600000,485.0,497.6,480.3,488.1,912494.969,1634687999999,True
2021-10-20 00:00:00,1634688000000,488.1,505.9,481.3,501.3,946412.94,1634774399999,True
2021-10-21 00:00:00,1634774400000,501.3,504.9,466.0,470.9,1851835.929,1634860799999,True
2021-10-22 00:00:00,1634860800000,470.9,498.0,470.7,479.3,1118876.638,1634947199999,True
2021-10-23 00:00:00,1634947200000,479.3,485.7,472.6,485.5,521970.795,1635033599999,True
2021-10-24 00:00:00,1635033600000,485.5,486.5,467.8,475.8,590939.031,1635119999999,True
2021-10-25 00:00:00,1635120000000,475.8,488.6,474.7,485.1,632116.761,1635206399999,True
2021-10-26 00:00:00,1635206400000,485.1,489.8,473.5,478.1,702610.184,1635292799999,True
2021-10-27 00:00:00,1635292800000,478.2,486.4,435.3,448.7,1370950.214,1635379199999,True
2021-10-28 00:00:00,1635379200000,448.7,494.8,446.4,491.9,1523900.006,1635465599999,True
2021-10-29 00:00:00,1635465600000,492.0,533.61,487.6,530.3,1411851.4394,1635551999999,True
2021-10-30 00:00:00,1635552000000,530.3,540.5,510.2,528.3,1095033.1264,1635638399999,True
2021-10-31 00:00:00,1635638400000,528.4,535.0,508.9,524.6,1018991.819,1635724799999,True
2021-11-01 00:00:00,1635724800000,524.6,551.9,511.0,551.3,1274272.0851,1635811199999,True
2021-11-02 00:00:00,1635811200000,551.3,564.0,537.4,554.4,1153919.1399,1635897599999,True
2021-11-03 00:00:00,1635897600000,554.4,570.1,537.5,568.4,1262766.5996,1635983999999,True
2021-11-04 00:00:00,1635984000000,568.4,568.9,543.6,558.7,1052950.033,1636070399999,True
2021-11-05 00:00:00,1636070400000,558.8,616.9,554.1,607.3,1989945.5433,1636156799999,True
2021-11-06 00:00:00,1636156800000,607.3,637.8,595.1,637.7,1366385.957,1636243199999,True
2021-11-07 00:00:00,1636243200000,637.7,669.3,630.5,649.6,1476373.2487,1636329599999,True
2021-11-08 00:00:00,1636329600000,649.5,655.7,631.0,653.5,1290096.384,1636415999999,True
2021-11-09 00:00:00,1636416000000,653.6,656.7,631.9,635.0,879119.398,1636502399999,True
2021-11-10 00:00:00,1636502400000,635.0,662.9,573.0,614.1,1814654.086,1636588799999,True
2021-11-11 00:00:00,1636588800000,614.2,635.2,605.7,628.4,1019740.949,1636675199999,True
2021-11-12 00:00:00,1636675200000,628.4,634.5,602.7,626.9,1012909.088,1636761599999,True
2021-11-13 00:00:00,1636761600000,626.8,655.0,619.6,649.5,900107.757,1636847999999,True
2021-11-14 00:00:00,1636848000000,649.5,661.0,634.5,650.8,933689.139,1636934399999,True
2021-11-15 00:00:00,1636934400000,650.7,659.5,630.3,633.8,953989.634,1637020799999,True
2021-11-16 00:00:00,1637020800000,633.9,635.2,573.7,588.7,2200954.903,1637107199999,True
2021-11-17 00:00:00,1637107200000,588.8,592.6,553.7,578.0,1453408.555,1637193599999,True
2021-11-18 00:00:00,1637193600000,577.9,588.2,510.0,531.8,1750338.428,1637279999999,True
2021-11-19 00:00:00,1637280000000,531.9,585.5,523.9,581.0,1300787.958,1637366399999,True
2021-11-20 00:00:00,1637366400000,581.0,604.8,572.6,604.3,1119517.131,1637452799999,True
2021-11-21 00:00:00,1637452800000,604.4,605.2,579.6,584.0,970133.807,1637539199999,True
2021-11-22 00:00:00,1637539200000,584.0,585.5,553.8,559.3,1141002.755,1637625599999,True
2021-11-23 00:00:00,1637625600000,559.4,605.0,557.9,591.1,1202541.917,1637711999999,True
2021-11-24 00:00:00,1637712000000,591.1,594.3,576.8,590.3,1079667.803,1637798399999,True
2021-11-25 00:00:00,1637798400000,590.4,650.0,587.4,639.1,1536194.042,1637884799999,True
2021-11-26 00:00:00,1637884800000,639.1,657.9,564.2,587.3,2413553.439,1637971199999,True
2021-11-27 00:00:00,1637971200000,587.2,621.3,582.6,599.9,1183849.36,1638057599999,True
2021-11-28 00:00:00,1638057600000,599.9,612.9,571.6,611.3,1281130.351,1638143999999,True
2021-11-29 00:00:00,1638144000000,611.4,629.0,601.6,623.4,1090520.864,1638230399999,True
2021-11-30 00:00:00,1638230400000,623.5,635.0,602.6,622.5,1380656.205,1638316799999,True
2021-12-01 00:00:00,1638316800000,622.5,649.8,618.2,627.5,1384101.087,1638403199999,True
2021-12-02 00:00:00,1638403200000,627.5,630.9,605.5,619.9,1104596.881,1638489599999,True
2021-12-03 00:00:00,1638489600000,619.9,628.0,574.0,595.0,1250950.167,1638575999999,True
2021-12-04 00:00:00,1638576000000,595.1,596.0,489.2,568.6,2611783.647,1638662399999,True
2021-12-05 00:00:00,1638662400000,568.5,582.0,539.9,557.8,1258393.72,1638748799999,True
2021-12-06 00:00:00,1638748800000,557.7,593.0,533.0,587.5,2005928.932,1638835199999,True
2021-12-07 00:00:00,1638835200000,587.5,594.1,572.2,578.7,1017363.943,1638921599999,True
2021-12-08 00:00:00,1638921600000,578.7,607.6,567.0,607.2,1113215.449,1639007999999,True
2021-12-09 00:00:00,1639008000000,607.3,617.0,567.7,570.2,1096635.012,1639094399999,True
2021-12-10 00:00:00,1639094400000,570.2,595.1,550.2,552.4,1083121.564,1639180799999,True
2021-12-11 00:00:00,1639180800000,552.5,572.7,542.0,564.5,950448.474,1639267199999,True
2021-12-12 00:00:00,1639267200000,564.6,574.8,559.3,570.3,544940.336,1639353599999,True
2021-12-13 00:00:00,1639353600000,570.3,572.2,511.1,521.0,1037150.705,1639439999999,True
2021-12-14 00:00:00,1639440000000,521.0,535.8,509.7,528.1,1263782.101,1639526399999,True
2021-12-15 00:00:00,1639526400000,528.0,546.7,501.6,541.1,1147515.305,1639612799999,True
2021-12-16 00:00:00,1639612800000,541.1,545.3,524.8,526.2,735504.682,1639699199999,True
2021-12-17 00:00:00,1639699200000,526.2,535.8,511.0,525.5,921732.763,1639785599999,True
2021-12-18 00:00:00,1639785600000,525.5,537.8,515.0,533.9,580436.098,1639871999999,True
2021-12-19 00:00:00,1639872000000,533.9,544.4,527.1,529.8,540256.684,1639958399999,True
2021-12-20 00:00:00,1639958400000,529.8,534.8,505.6,524.0,727454.212,1640044799999,True
2021-12-21 00:00:00,1640044800000,524.0,535.7,509.8,528.3,686439.708,1640131199999,True
2021-12-22 00:00:00,1640131200000,528.4,545.0,527.2,533.6,721787.109,1640217599999,True
2021-12-23 00:00:00,1640217600000,533.6,552.6,524.3,549.0,844421.954,1640303999999,True
2021-12-24 00:00:00,1640304000000,549.0,554.4,537.4,542.1,665439.81,1640390399999,True
2021-12-25 00:00:00,1640390400000,542.1,550.5,539.1,547.4,455399.793,1640476799999,True
2021-12-26 00:00:00,1640476800000,547.4,549.3,535.6,546.4,536338.775,1640563199999,True
2021-12-27 00:00:00,1640563200000,546.5,572.0,543.1,563.7,803370.283,1640649599999,True
2021-12-28 00:00:00,1640649600000,563.7,563.7,528.4,534.2,1002556.271,1640735999999,True
2021-12-29 00:00:00,1640736000000,534.2,540.5,510.3,514.5,740117.867,1640822399999,True
2021-12-30 00:00:00,1640822400000,514.5,527.8,508.3,518.5,639166.717,1640908799999,True
2021-12-31 00:00:00,1640908800000,518.6,528.3,506.0,511.4,677844.749,1640995199999,True
2022-01-01 00:00:00,1640995200000,511.5,527.9,511.4,527.3,446171.541,1641081599999,True
2022-01-02 00:00:00,1641081600000,527.4,533.9,518.0,531.0,404475.541,1641167999999,True
2022-01-03 00:00:00,1641168000000,531.0,532.8,510.0,511.9,663841.021,1641254399999,True
2022-01-04 00:00:00,1641254400000,511.9,520.0,502.0,506.9,687436.638,1641340799999,True
2022-01-05 00:00:00,1641340800000,506.9,516.0,457.0,474.1,985152.004,1641427199999,True
2022-01-06 00:00:00,1641427200000,474.2,481.3,458.8,472.6,986669.9,1641513599999,True
2022-01-07 00:00:00,1641513600000,472.6,473.9,437.5,448.1,1331260.03,1641599999999,True
2022-01-08 00:00:00,1641600000000,448.1,459.7,415.0,429.9,1062788.589,1641686399999,True
2022-01-09 00:00:00,1641686400000,429.8,444.5,427.0,438.7,688777.347,1641772799999,True
2022-01-10 00:00:00,1641772800000,438.8,445.5,405.6,424.7,1221504.738,1641859199999,True
2022-01-11 00:00:00,1641859200000,424.8,467.7,421.3,463.6,1266092.819,1641945599999,True
2022-01-12 00:00:00,1641945600000,463.6,489.9,456.6,487.8,836124.928,1642031999999,True
2022-01-13 00:00:00,1642032000000,487.8,489.8,466.5,475.2,908052.937,1642118399999,True
2022-01-14 00:00:00,1642118400000,475.1,492.3,467.6,490.0,797022.181,1642204799999,True
2022-01-15 00:00:00,1642204800000,489.9,500.9,485.0,494.5,548626.203,1642291199999,True
2022-01-16 00:00:00,1642291200000,494.5,506.0,488.6,498.6,507042.332,1642377599999,True
2022-01-17 00:00:00,1642377600000,498.6,499.1,466.9,475.2,757806.035,1642463999999,True
2022-01-18 00:00:00,1642464000000,475.1,479.6,457.2,471.4,707501.577,1642550399999,True
2022-01-19 00:00:00,1642550400000,471.5,473.1,453.7,461.9,585750.3,1642636799999,True
2022-01-20 00:00:00,1642636800000,461.9,478.7,438.2,440.2,1137854.894,1642723199999,True
2022-01-21 00:00:00,1642723200000,440.2,444.6,373.7,383.9,1891179.594,1642809599999,True
2022-01-22 00:00:00,1642809600000,383.8,389.6,336.3,358.3,2635609.386,1642895999999,True
2022-01-23 00:00:00,1642896000000,358.3,389.0,356.3,383.9,1297043.923,1642982399999,True
2022-01-24 00:00:00,1642982400000,384.0,384.0,336.0,371.3,1900214.42,1643068799999,True
2022-01-25 00:00:00,1643068800000,371.2,389.5,357.4,385.1,1006111.155,1643155199999,True
2022-01-26 00:00:00,1643155200000,385.1,402.4,366.4,375.1,1073520.172,1643241599999,True
2022-01-27 00:00:00,1643241600000,375.1,393.8,360.0,389.9,962060.888,1643327999999,True
2022-01-28 00:00:00,1643328000000,389.9,395.9,375.8,385.9,752320.615,1643414399999,True
2022-01-29 00:00:00,1643414400000,385.9,397.3,380.7,389.3,534573.782,1643500799999,True
2022-01-30 00:00:00,1643500800000,389.4,389.6,372.2,377.2,536436.123,1643587199999,True
2022-01-31 00:00:00,1643587200000,377.2,385.4,365.2,374.3,620113.734,1643673599999,True
2022-02-01 00:00:00,1643673600000,374.4,388.4,373.7,384.2,555347.277,1643759999999,True
2022-02-02 00:00:00,1643760000000,384.1,386.1,366.1,366.9,572340.04,1643846399999,True
2022-02-03 00:00:00,1643846400000,367.1,372.4,359.6,372.3,495715.227,1643932799999,True
2022-02-04 00:00:00,1643932800000,372.2,399.7,369.5,399.5,849825.828,1644019199999,True
2022-02-05 00:00:00,1644019200000,399.6,431.0,396.3,413.7,1031046.87,1644105599999,True
2022-02-06 00:00:00,1644105600000,413.8,422.5,407.0,419.9,542631.176,1644191999999,True
2022-02-07 00:00:00,1644192000000,419.9,439.0,413.3,433.5,758247.667,1644278399999,True
2022-02-08 00:00:00,1644278400000,433.5,445.4,406.2,407.8,1148555.321,1644364799999,True
2022-02-09 00:00:00,1644364800000,407.9,427.7,407.1,422.9,633880.431,1644451199999,True
2022-02-10 00:00:00,1644451200000,422.9,434.9,410.0,414.7,956240.339,1644537599999,True
2022-02-11 00:00:00,1644537600000,414.7,418.9,390.5,400.0,700843.2,1644623999999,True
2022-02-12 00:00:00,1644624000000,400.0,407.1,393.3,403.6,521080.237,1644710399999,True
2022-02-13 00:00:00,1644710400000,403.6,407.8,394.7,397.9,388657.052,1644796799999,True
2022-02-14 00:00:00,1644796800000,398.0,404.5,390.6,403.4,472210.318,1644883199999,True
2022-02-15 00:00:00,1644883200000,403.4,443.0,402.7,432.4,1184143.99,1644969599999,True
2022-02-16 00:00:00,1644969600000,432.4,433.5,422.2,427.3,606252.493,1645055999999,True
2022-02-17 00:00:00,1645056000000,427.3,431.1,400.0,402.4,661874.717,1645142399999,True
2022-02-18 00:00:00,1645142400000,402.4,411.0,392.2,399.2,611936.679,1645228799999,True
2022-02-19 00:00:00,1645228800000,399.2,406.4,393.0,399.8,410279.304,1645315199999,True
2022-02-20 00:00:00,1645315200000,399.8,400.0,375.0,380.6,624148.525,1645401599999,True
2022-02-21 00:00:00,1645401600000,380.7,393.7,355.0,356.6,1219652.481,1645487999999,True
2022-02-22 00:00:00,1645488000000,356.7,375.4,348.7,374.3,940456.822,1645574399999,True
2022-02-23 00:00:00,1645574400000,374.3,384.2,365.3,365.6,698692.661,1645660799999,True
2022-02-24 00:00:00,1645660800000,365.6,371.3,323.5,361.2,1949035.935,1645747199999,True
2022-02-25 00:00:00,1645747200000,361.2,377.2,356.8,375.0,783242.16,1645833599999,True
2022-02-26 00:00:00,1645833600000,375.0,386.1,370.5,373.7,548687.941,1645919999999,True
2022-02-27 00:00:00,1645920000000,373.7,381.2,358.1,360.1,677364.949,1646006399999,True
2022-02-28 00:00:00,1646006400000,360.1,397.2,355.8,395.6,773064.48,1646092799999,True
2022-03-01 00:00:00,1646092800000,395.7,424.9,390.4,408.7,1403695.832,1646179199999,True
2022-03-02 00:00:00,1646179200000,408.7,415.7,403.8,409.3,788499.443,1646265599999,True
2022-03-03 00:00:00,1646265600000,409.3,413.2,397.4,402.6,577002.325,1646351999999,True
2022-03-04 00:00:00,1646352000000,402.6,403.5,372.0,374.2,756176.61,1646438399999,True
2022-03-05 00:00:00,1646438400000,374.1,387.3,367.2,384.7,453970.242,1646524799999,True
2022-03-06 00:00:00,1646524800000,384.8,387.3,371.6,375.0,489079.158,1646611199999,True
2022-03-07 00:00:00,1646611200000,375.0,385.9,362.8,380.6,949294.91,1646697599999,True
2022-03-08 00:00:00,1646697600000,380.6,388.7,375.3,381.4,647492.047,1646783999999,True
2022-03-09 00:00:00,1646784000000,381.4,402.7,381.0,393.2,1012850.747,1646870399999,True
2022-03-10 00:00:00,1646870400000,393.2,394.5,363.0,372.0,791332.984,1646956799999,True
2022-03-11 00:00:00,1646956800000,372.1,380.0,364.7,371.9,510174.586,1647043199999,True
2022-03-12 00:00:00,1647043200000,371.9,379.2,371.1,372.4,402475.646,1647129599999,True
2022-03-13 00:00:00,1647129600000,372.4,377.2,360.1,361.4,424762.642,1647215999999,True
2022-03-14 00:00:00,1647216000000,361.4,373.9,359.5,373.4,467814.984,1647302399999,True
2022-03-15 00:00:00,1647302400000,373.4,374.7,361.7,371.7,440890.823,1647388799999,True
2022-03-16 00:00:00,1647388800000,371.7,386.6,367.8,385.4,668878.615,1647475199999,True
2022-03-17 00:00:00,1647475200000,385.3,393.5,381.7,391.8,569457.408,1647561599999,True
2022-03-18 00:00:00,1647561600000,391.9,400.0,384.0,397.2,553763.586,1647647999999,True
2022-03-19 00:00:00,1647648000000,397.2,406.4,394.9,399.9,459996.613,1647734399999,True
2022-03-20 00:00:00,1647734400000,399.9,400.8,386.2,390.8,398984.429,1647820799999,True
2022-03-21 00:00:00,1647820800000,390.8,399.5,384.8,396.0,541479.78,1647907199999,True
2022-03-22 00:00:00,1647907200000,396.0,410.0,394.8,404.3,609034.607,1647993599999,True
2022-03-23 00:00:00,1647993600000,404.3,411.7,397.9,408.4,535891.79,1648079999999,True
2022-03-24 00:00:00,1648080000000,408.4,416.6,405.0,414.2,598366.115,1648166399999,True
2022-03-25 00:00:00,1648166400000,414.2,421.5,405.5,410.3,609691.876,1648252799999,True
2022-03-26 00:00:00,1648252800000,410.3,416.4,407.5,415.8,280157.687,1648339199999,True
2022-03-27 00:00:00,1648339200000,415.9,431.6,411.7,430.5,490998.1,1648425599999,True
2022-03-28 00:00:00,1648425600000,430.6,441.0,427.6,430.2,719102.183,1648511999999,True
2022-03-29 00:00:00,1648512000000,430.2,441.6,429.4,434.2,629773.894,1648598399999,True
2022-03-30 00:00:00,1648598400000,434.2,449.3,425.5,442.1,768982.427,1648684799999,True
2022-03-31 00:00:00,1648684800000,442.1,452.3,423.9,428.9,957924.695,1648771199999,True
2022-04-01 00:00:00,1648771200000,428.9,448.2,412.8,447.7,971822.655,1648857599999,True
2022-04-02 00:00:00,1648857600000,447.8,454.2,435.7,437.2,827864.885,1648943999999,True
2022-04-03 00:00:00,1648944000000,437.3,455.7,432.2,450.4,676230.892,1649030399999,True
2022-04-04 00:00:00,1649030400000,450.4,450.5,433.4,447.6,736637.271,1649116799999,True
2022-04-05 00:00:00,1649116800000,447.6,460.0,444.1,444.7,761168.725,1649203199999,True
2022-04-06 00:00:00,1649203200000,444.7,448.6,418.3,420.1,928930.806,1649289599999,True
2022-04-07 00:00:00,1649289600000,420.1,450.0,416.2,436.0,717661.036,1649375999999,True
2022-04-08 00:00:00,1649376000000,436.1,442.0,418.4,421.5,684600.074,1649462399999,True
2022-04-09 00:00:00,1649462400000,421.5,428.2,419.6,426.6,356426.659,1649548799999,True
2022-04-10 00:00:00,1649548800000,426.6,429.5,417.0,418.1,386650.883,1649635199999,True
2022-04-11 00:00:00,1649635200000,418.1,419.7,391.2,394.6,856354.224,1649721599999,True
2022-04-12 00:00:00,1649721600000,394.6,417.1,392.4,413.6,729790.918,1649807999999,True
2022-04-13 00:00:00,1649808000000,413.7,424.6,410.3,423.4,630077.277,1649894399999,True
2022-04-14 00:00:00,1649894400000,423.4,426.9,411.3,414.7,464220.208,1649980799999,True
2022-04-15 00:00:00,1649980800000,414.7,420.0,412.5,417.3,331730.773,1650067199999,True
2022-04-16 00:00:00,1650067200000,417.3,419.0,411.6,417.3,237289.02,1650153599999,True
2022-04-17 00:00:00,1650153600000,417.3,418.2,405.5,406.6,302390.726,1650239999999,True
2022-04-18 00:00:00,1650240000000,406.7,418.0,396.2,416.8,628747.772,1650326399999,True
2022-04-19 00:00:00,1650326400000,416.9,424.7,414.6,422.3,567586.931,1650412799999,True
2022-04-20 00:00:00,1650412800000,422.3,431.4,414.9,418.4,677255.09,1650499199999,True
2022-04-21 00:00:00,1650499200000,418.4,426.0,401.2,404.9,771718.154,1650585599999,True
2022-04-22 00:00:00,1650585600000,404.9,413.9,403.3,406.6,563521.049,1650671999999,True
2022-04-23 00:00:00,1650672000000,406.6,408.1,397.3,401.1,339347.45,1650758399999,True
2022-04-24 00:00:00,1650758400000,401.2,405.5,397.1,398.8,322889.805,1650844799999,True
2022-04-25 00:00:00,1650844800000,398.8,405.7,382.3,404.3,849798.678,1650931199999,True
2022-04-26 00:00:00,1650931200000,404.4,407.5,380.8,385.9,629808.812,1651017599999,True
2022-04-27 00:00:00,1651017600000,386.0,394.8,383.3,391.3,567371.495,1651103999999,True
2022-04-28 00:00:00,1651104000000,391.4,408.6,388.5,407.1,946336.334,1651190399999,True
2022-04-29 00:00:00,1651190400000,407.2,410.7,389.7,393.0,694888.526,1651276799999,True
2022-04-30 00:00:00,1651276800000,393.0,399.9,376.3,377.1,574905.822,1651363199999,True
2022-05-01 00:00:00,1651363200000,377.1,391.4,375.5,389.9,564144.673,1651449599999,True
2022-05-02 00:00:00,1651449600000,389.9,392.6,382.1,389.5,454918.112,1651535999999,True
2022-05-03 00:00:00,1651536000000,389.5,392.3,379.8,383.9,388317.42,1651622399999,True
2022-05-04 00:00:00,1651622400000,383.9,403.1,382.7,402.6,599066.682,1651708799999,True
2022-05-05 00:00:00,1651708800000,402.6,413.6,370.7,378.4,1224114.512,1651795199999,True
2022-05-06 00:00:00,1651795200000,378.5,383.3,370.6,379.1,702441.419,1651881599999,True
2022-05-07 00:00:00,1651881600000,379.1,380.6,360.1,365.5,554852.531,1651967999999,True
2022-05-08 00:00:00,1651968000000,365.5,367.0,349.5,355.9,785184.087,1652054399999,True
2022-05-09 00:00:00,1652054400000,355.9,359.3,295.4,296.1,2137566.8702,1652140799999,True
2022-05-10 00:00:00,1652140800000,296.1,332.8,289.0,319.1,2160654.1754,1652227199999,True
2022-05-11 00:00:00,1652227200000,319.1,323.0,260.8,271.5,3387753.9826,1652313599999,True
2022-05-12 00:00:00,1652313600000,271.4,285.0,218.8,269.0,4499625.6033,1652399999999,True
2022-05-13 00:00:00,1652400000000,269.0,313.5,265.4,290.6,1912387.361,1652486399999,True
2022-05-14 00:00:00,1652486400000,290.7,299.5,272.1,296.9,1092874.023,1652572799999,True
2022-05-15 00:00:00,1652572800000,296.9,312.6,285.7,312.4,774709.231,1652659199999,True
2022-05-16 00:00:00,1652659200000,312.4,312.5,290.3,297.2,967622.834,1652745599999,True
2022-05-17 00:00:00,1652745600000,297.3,310.7,295.8,306.2,702265.607,1652831999999,True
2022-05-18 00:00:00,1652832000000,306.2,308.6,286.8,287.7,731091.091,1652918399999,True
2022-05-19 00:00:00,1652918400000,287.8,308.9,286.8,307.1,685238.844,1653004799999,True
2022-05-20 00:00:00,1653004800000,307.1,316.1,294.1,302.2,918118.177,1653091199999,True
2022-05-21 00:00:00,1653091200000,302.3,314.2,299.3,312.4,470778.483,1653177599999,True
2022-05-22 00:00:00,1653177600000,312.5,323.7,311.5,319.4,640675.573,1653263999999,True
2022-05-23 00:00:00,1653264000000,319.3,337.0,315.3,317.2,1016212.871,1653350399999,True
2022-05-24 00:00:00,1653350400000,317.1,330.4,312.1,328.3,1087140.698,1653436799999,True
2022-05-25 00:00:00,1653436800000,328.3,337.9,324.0,325.7,1057736.755,1653523199999,True
2022-05-26 00:00:00,1653523200000,325.7,331.8,296.7,303.0,1539437.598,1653609599999,True
2022-05-27 00:00:00,1653609600000,303.0,309.8,290.6,301.6,1460549.008,1653695999999,True
2022-05-28 00:00:00,1653696000000,301.5,310.5,296.9,307.5,601654.504,1653782399999,True
2022-05-29 00:00:00,1653782400000,307.6,308.2,298.6,305.8,519507.747,1653868799999,True
2022-05-30 00:00:00,1653868800000,305.9,324.0,303.9,321.8,1006928.231,1653955199999,True
2022-05-31 00:00:00,1653955200000,321.8,324.8,313.5,320.9,701746.39,1654041599999,True
2022-06-01 00:00:00,1654041600000,321.0,324.5,297.6,300.4,817984.609,1654127999999,True
2022-06-02 00:00:00,1654128000000,300.5,309.2,298.2,308.3,477670.4,1654214399999,True
2022-06-03 00:00:00,1654214400000,308.4,310.3,293.3,298.6,468996.677,1654300799999,True
2022-06-04 00:00:00,1654300800000,298.6,302.9,294.8,301.3,293533.108,1654387199999,True
2022-06-05 00:00:00,1654387200000,301.4,302.5,295.0,299.1,269695.901,1654473599999,True
2022-06-06 00:00:00,1654473600000,299.1,312.3,288.0,295.1,758590.86,1654559999999,True
2022-06-07 00:00:00,1654560000000,295.1,295.9,273.5,290.3,969784.619,1654646399999,True
2022-06-08 00:00:00,1654646400000,290.3,294.6,283.9,288.5,509510.455,1654732799999,True
2022-06-09 00:00:00,1654732800000,288.5,293.4,286.3,289.9,335495.073,1654819199999,True
2022-06-10 00:00:00,1654819200000,289.9,298.9,283.2,286.4,817523.364,1654905599999,True
2022-06-11 00:00:00,1654905600000,286.4,290.6,265.2,269.9,584351.456,1654991999999,True
2022-06-12 00:00:00,1654992000000,269.9,272.0,251.1,254.8,827755.035,1655078399999,True
2022-06-13 00:00:00,1655078400000,254.8,257.8,213.2,223.0,2377589.4089,1655164799999,True
2022-06-14 00:00:00,1655164800000,222.9,231.4,204.1,223.0,1922025.0844,1655251199999,True
2022-06-15 00:00:00,1655251200000,223.1,234.7,198.4,233.6,2105397.5515,1655337599999,True
2022-06-16 00:00:00,1655337600000,233.6,237.2,207.7,210.2,975592.873,1655423999999,True
2022-06-17 00:00:00,1655424000000,210.3,222.1,207.7,215.8,690834.308,1655510399999,True
2022-06-18 00:00:00,1655510400000,215.8,219.0,183.4,197.0,1404690.4959,1655596799999,True
2022-06-19 00:00:00,1655596800000,197.0,217.0,189.7,215.1,1102166.171,1655683199999,True
2022-06-20 00:00:00,1655683200000,215.1,219.8,204.8,216.5,880400.844,1655769599999,True
2022-06-21 00:00:00,1655769600000,216.5,228.4,213.1,220.1,829003.565,1655855999999,True
2022-06-22 00:00:00,1655856000000,220.2,221.0,211.2,214.4,690466.465,1655942399999,True
2022-06-23 00:00:00,1655942400000,214.4,231.7,214.0,228.9,783796.952,1656028799999,True
2022-06-24 00:00:00,1656028800000,229.0,243.3,228.3,240.2,707275.387,1656115199999,True
2022-06-25 00:00:00,1656115200000,240.3,242.1,229.7,239.7,490948.31,1656201599999,True
2022-06-26 00:00:00,1656201600000,239.7,245.2,233.2,233.9,456762.547,1656287999999,True
2022-06-27 00:00:00,1656288000000,234.0,241.0,230.0,233.8,483616.798,1656374399999,True
2022-06-28 00:00:00,1656374400000,233.9,242.8,225.9,226.9,632626.779,1656460799999,True
2022-06-29 00:00:00,1656460800000,227.0,229.8,215.4,219.7,711780.691,1656547199999,True
2022-06-30 00:00:00,1656547200000,219.7,220.3,205.4,219.6,791526.898,1656633599999,True
2022-07-01 00:00:00,1656633600000,219.6,226.8,213.5,216.9,816261.885,1656719999999,True
2022-07-02 00:00:00,1656720000000,216.9,219.7,213.8,218.3,342712.099,1656806399999,True
2022-07-03 00:00:00,1656806400000,218.4,220.1,213.9,219.2,361103.065,1656892799999,True
2022-07-04 00:00:00,1656892800000,219.2,232.2,214.8,231.5,514662.946,1656979199999,True
2022-07-05 00:00:00,1656979200000,231.6,236.6,222.9,230.8,684927.621,1657065599999,True
2022-07-06 00:00:00,1657065600000,230.8,240.0,229.0,238.6,644951.713,1657151999999,True
2022-07-07 00:00:00,1657152000000,238.6,243.8,230.0,241.4,488193.225,1657238399999,True
2022-07-08 00:00:00,1657238400000,241.4,247.7,237.0,240.7,643936.034,1657324799999,True
2022-07-09 00:00:00,1657324800000,240.7,245.0,240.4,243.3,267778.165,1657411199999,True
2022-07-10 00:00:00,1657411200000,243.3,243.5,231.7,234.7,396712.237,1657497599999,True
2022-07-11 00:00:00,1657497600000,234.7,235.0,225.1,225.6,419335.067,1657583999999,True
2022-07-12 00:00:00,1657584000000,225.7,228.3,220.2,220.6,410220.066,1657670399999,True
2022-07-13 00:00:00,1657670400000,220.6,231.3,216.4,230.5,714589.61,1657756799999,True
2022-07-14 00:00:00,1657756800000,230.5,240.0,227.1,238.5,577524.874,1657843199999,True
2022-07-15 00:00:00,1657843200000,238.6,242.7,235.4,238.5,446513.822,1657929599999,True
2022-07-16 00:00:00,1657929600000,238.6,251.5,233.9,249.8,423399.994,1658015999999,True
2022-07-17 00:00:00,1658016000000,249.8,256.1,246.4,247.8,436448.547,1658102399999,True
2022-07-18 00:00:00,1658102400000,247.8,265.6,247.6,264.1,747067.029,1658188799999,True
2022-07-19 00:00:00,1658188800000,264.1,274.8,255.8,268.6,946386.94,1658275199999,True
2022-07-20 00:00:00,1658275200000,268.6,272.0,256.4,258.2,771496.808,1658361599999,True
2022-07-21 00:00:00,1658361600000,258.3,266.0,250.7,265.6,545140.272,1658447999999,True
2022-07-22 00:00:00,1658448000000,265.6,271.4,261.1,262.4,508542.317,1658534399999,True
2022-07-23 00:00:00,1658534400000,262.5,272.6,252.7,259.2,488326.247,1658620799999,True
2022-07-24 00:00:00,1658620800000,259.2,266.2,257.1,261.4,333902.611,1658707199999,True
2022-07-25 00:00:00,1658707200000,261.4,262.7,243.8,244.6,458768.533,1658793599999,True
2022-07-26 00:00:00,1658793600000,244.7,249.6,239.6,249.4,365533.647,1658879999999,True
2022-07-27 00:00:00,1658880000000,249.5,272.0,247.5,271.6,656773.695,1658966399999,True
2022-07-28 00:00:00,1658966400000,271.6,280.8,263.6,277.2,669832.4,1659052799999,True
2022-07-29 00:00:00,1659052800000,277.2,302.0,274.8,293.6,1077799.221,1659139199999,True
2022-07-30 00:00:00,1659139200000,293.6,300.2,285.1,287.8,683111.103,1659225599999,True
2022-07-31 00:00:00,1659225600000,287.8,297.1,282.1,283.4,564727.273,1659311999999,True
2022-08-01 00:00:00,1659312000000,283.5,290.5,277.9,283.2,493847.804,1659398399999,True
2022-08-02 00:00:00,1659398400000,283.3,291.1,274.2,283.8,627814.081,1659484799999,True
2022-08-03 00:00:00,1659484800000,283.8,305.7,278.2,297.5,685924.62,1659571199999,True
2022-08-04 00:00:00,1659571200000,297.6,313.4,297.2,311.8,808604.152,1659657599999,True
2022-08-05 00:00:00,1659657600000,311.9,321.5,308.1,315.9,641807.573,1659743999999,True
2022-08-06 00:00:00,1659744000000,315.9,322.9,312.6,315.2,394288.536,1659830399999,True
2022-08-07 00:00:00,1659830400000,315.3,325.9,308.2,322.8,415090.183,1659916799999,True
2022-08-08 00:00:00,1659916800000,322.7,334.0,320.8,324.9,580206.607,1660003199999,True
2022-08-09 00:00:00,1660003200000,324.9,328.3,312.4,324.4,500589.395,1660089599999,True
2022-08-10 00:00:00,1660089600000,324.5,336.8,313.6,328.8,831222.11,1660175999999,True
2022-08-11 00:00:00,1660176000000,328.8,334.7,322.0,323.6,549578.328,1660262399999,True
2022-08-12 00:00:00,1660262400000,323.5,328.1,317.7,327.9,384848.843,1660348799999,True
2022-08-13 00:00:00,1660348800000,327.9,333.0,322.8,324.3,405066.252,1660435199999,True
2022-08-14 00:00:00,1660435200000,324.3,331.0,315.8,317.6,378353.918,1660521599999,True
2022-08-15 00:00:00,1660521600000,317.6,327.4,313.6,319.5,455916.278,1660607999999,True
2022-08-16 00:00:00,1660608000000,319.4,322.4,312.0,316.1,370975.919,1660694399999,True
2022-08-17 00:00:00,1660694400000,316.0,324.0,304.2,306.9,504236.732,1660780799999,True
2022-08-18 00:00:00,1660780800000,306.8,311.0,295.8,298.1,409051.886,1660867199999,True
2022-08-19 00:00:00,1660867200000,298.1,298.2,276.2,279.1,870296.511,1660953599999,True
2022-08-20 00:00:00,1660953600000,279.0,289.4,277.0,283.7,513021.106,1661039999999,True
2022-08-21 00:00:00,1661040000000,283.8,304.2,283.4,301.9,528156.209,1661126399999,True
2022-08-22 00:00:00,1661126400000,301.9,304.9,288.8,300.0,638895.985,1661212799999,True
2022-08-23 00:00:00,1661212800000,300.0,301.7,293.8,299.3,403374.952,1661299199999,True
2022-08-24 00:00:00,1661299200000,299.3,300.5,294.3,296.4,344126.265,1661385599999,True
2022-08-25 00:00:00,1661385600000,296.4,307.5,296.0,301.2,398617.06,1661471999999,True
2022-08-26 00:00:00,1661472000000,301.2,302.3,277.2,279.6,594770.355,1661558399999,True
2022-08-27 00:00:00,1661558400000,279.6,284.8,273.3,277.9,412732.716,1661644799999,True
2022-08-28 00:00:00,1661644800000,277.9,284.1,275.6,276.5,312819.026,1661731199999,True
2022-08-29 00:00:00,1661731200000,276.5,286.7,272.3,285.9,481690.832,1661817599999,True
2022-08-30 00:00:00,1661817600000,285.9,292.0,276.1,281.6,436765.765,1661903999999,True
2022-08-31 00:00:00,1661904000000,281.7,290.0,277.7,279.2,388909.545,1661990399999,True
2022-09-01 00:00:00,1661990400000,279.3,280.3,270.7,278.3,415193.212,1662076799999,True
2022-09-02 00:00:00,1662076800000,278.3,283.4,273.7,277.5,321409.948,1662163199999,True
2022-09-03 00:00:00,1662163200000,277.4,278.8,274.2,277.8,148504.883,1662249599999,True
2022-09-04 00:00:00,1662249600000,277.8,280.6,275.0,279.1,193440.808,1662335999999,True
2022-09-05 00:00:00,1662336000000,279.1,282.0,273.4,276.9,258958.149,1662422399999,True
2022-09-06 00:00:00,1662422400000,276.9,286.3,261.0,262.5,640922.531,1662508799999,True
2022-09-07 00:00:00,1662508800000,262.5,280.4,258.6,278.9,431827.218,1662595199999,True
2022-09-08 00:00:00,1662595200000,279.0,282.9,275.4,280.5,385559.749,1662681599999,True
2022-09-09 00:00:00,1662681600000,280.6,295.9,280.0,293.4,541869.409,1662767999999,True
2022-09-10 00:00:00,1662768000000,293.4,298.6,290.3,296.7,328332.542,1662854399999,True
2022-09-11 00:00:00,1662854400000,296.7,298.1,289.7,295.3,261093.945,1662940799999,True
2022-09-12 00:00:00,1662940800000,295.3,300.0,290.8,294.1,408686.168,1663027199999,True
2022-09-13 00:00:00,1663027200000,294.1,298.6,275.4,277.4,578322.33,1663113599999,True
2022-09-14 00:00:00,1663113600000,277.5,282.8,273.3,279.3,424974.985,1663199999999,True
2022-09-15 00:00:00,1663200000000,279.4,280.5,266.3,271.1,520635.261,1663286399999,True
2022-09-16 00:00:00,1663286400000,271.1,276.6,268.5,274.9,311737.818,1663372799999,True
2022-09-17 00:00:00,1663372800000,274.9,279.9,274.7,279.1,189707.951,1663459199999,True
2022-09-18 00:00:00,1663459200000,279.1,280.3,263.1,266.2,327883.908,1663545599999,True
2022-09-19 00:00:00,1663545600000,266.3,273.0,256.7,271.9,508029.19,1663631999999,True
2022-09-20 00:00:00,1663632000000,272.0,273.7,265.2,266.3,335455.454,1663718399999,True
2022-09-21 00:00:00,1663718400000,266.3,276.4,260.3,264.0,535775.821,1663804799999,True
2022-09-22 00:00:00,1663804800000,264.0,276.7,263.5,275.3,339390.821,1663891199999,True
2022-09-23 00:00:00,1663891200000,275.4,277.9,268.3,276.7,363390.805,1663977599999,True
2022-09-24 00:00:00,1663977600000,276.7,285.0,274.2,274.4,324988.432,1664063999999,True
2022-09-25 00:00:00,1664064000000,274.4,280.0,270.9,274.3,220895.598,1664150399999,True
2022-09-26 00:00:00,1664150400000,274.3,276.9,270.8,276.1,267919.665,1664236799999,True
2022-09-27 00:00:00,1664236800000,276.1,286.6,269.2,272.3,406749.835,1664323199999,True
2022-09-28 00:00:00,1664323200000,272.3,283.7,266.3,281.6,357981.397,1664409599999,True
2022-09-29 00:00:00,1664409600000,281.6,285.6,277.1,284.1,301167.344,1664495999999,True
2022-09-30 00:00:00,1664496000000,284.2,289.8,280.5,284.8,391981.587,1664582399999,True
2022-10-01 00:00:00,1664582400000,284.9,285.4,277.7,282.9,196754.497,1664668799999,True
2022-10-02 00:00:00,1664668800000,282.9,287.9,279.4,284.7,200690.251,1664755199999,True
2022-10-03 00:00:00,1664755200000,284.7,289.1,283.1,286.9,275974.883,1664841599999,True
2022-10-04 00:00:00,1664841600000,287.0,298.2,286.3,296.2,321841.165,1664927999999,True
2022-10-05 00:00:00,1664928000000,296.3,296.4,289.2,294.2,221018.685,1665014399999,True
2022-10-06 00:00:00,1665014400000,294.2,298.1,278.6,287.0,450036.833,1665100799999,True
2022-10-07 00:00:00,1665100800000,286.9,287.0,279.1,282.3,354485.961,1665187199999,True
2022-10-08 00:00:00,1665187200000,282.2,282.7,275.4,276.4,183653.119,1665273599999,True
2022-10-09 00:00:00,1665273600000,276.3,279.4,275.1,278.2,171008.247,1665359999999,True
2022-10-10 00:00:00,1665360000000,278.2,279.2,271.3,271.5,216924.869,1665446399999,True
2022-10-11 00:00:00,1665446400000,271.5,274.0,267.2,271.4,222137.683,1665532799999,True
2022-10-12 00:00:00,1665532800000,271.3,272.9,269.2,270.9,167816.904,1665619199999,True
2022-10-13 00:00:00,1665619200000,270.9,273.7,256.8,271.6,540797.212,1665705599999,True
2022-10-14 00:00:00,1665705600000,271.6,276.8,267.6,269.4,298386.918,1665791999999,True
2022-10-15 00:00:00,1665792000000,269.4,271.4,267.4,268.2,144084.716,1665878399999,True
2022-10-16 00:00:00,1665878400000,268.2,273.9,267.9,272.5,185597.074,1665964799999,True
2022-10-17 00:00:00,1665964800000,272.4,275.9,269.8,275.6,187187.58,1666051199999,True
2022-10-18 00:00:00,1666051200000,275.7,276.0,270.1,273.1,195691.117,1666137599999,True
2022-10-19 00:00:00,1666137600000,273.2,273.9,270.3,272.0,153657.96,1666223999999,True
2022-10-20 00:00:00,1666224000000,271.9,273.4,267.3,269.0,166135.496,1666310399999,True
2022-10-21 00:00:00,1666310400000,269.0,271.2,263.4,270.1,195432.212,1666396799999,True
2022-10-22 00:00:00,1666396800000,270.1,271.1,268.4,270.4,84044.883,1666483199999,True
2022-10-23 00:00:00,1666483200000,270.5,276.8,268.7,276.0,134390.843,1666569599999,True
2022-10-24 00:00:00,1666569600000,275.9,277.4,271.6,274.1,154182.094,1666655999999,True
2022-10-25 00:00:00,1666656000000,274.2,289.9,272.0,284.2,387523.125,1666742399999,True
2022-10-26 00:00:00,1666742400000,284.2,292.0,284.1,290.2,316408.936,1666828799999,True
2022-10-27 00:00:00,1666828800000,290.3,293.3,284.7,286.7,315734.808,1666915199999,True
2022-10-28 00:00:00,1666915200000,286.8,301.1,285.7,297.9,416648.243,1667001599999,True
2022-10-29 00:00:00,1667001600000,297.9,308.4,295.6,304.4,553646.125,1667087999999,True
2022-10-30 00:00:00,1667088000000,304.5,318.8,302.3,313.5,538624.403,1667174399999,True
2022-10-31 00:00:00,1667174400000,313.6,337.9,306.5,325.7,1047801.477,1667260799999,True
2022-11-01 00:00:00,1667260800000,325.8,334.6,317.4,323.9,550045.706,1667347199999,True
2022-11-02 00:00:00,1667347200000,323.8,330.0,315.3,320.2,561329.564,1667433599999,True
2022-11-03 00:00:00,1667433600000,320.2,338.7,318.0,329.5,622354.86,1667519999999,True
2022-11-04 00:00:00,1667520000000,329.6,358.9,328.3,354.6,751709.582,1667606399999,True
2022-11-05 00:00:00,1667606400000,354.7,361.3,346.1,349.2,411760.064,1667692799999,True
2022-11-06 00:00:00,1667692800000,349.1,356.0,337.7,337.9,390974.879,1667779199999,True
2022-11-07 00:00:00,1667779200000,337.8,344.4,326.4,337.0,740465.512,1667865599999,True
2022-11-08 00:00:00,1667865600000,337.0,398.3,298.0,327.4,3103916.384,1667951999999,True
2022-11-09 00:00:00,1667952000000,327.4,333.1,260.2,267.3,1901075.899,1668038399999,True
2022-11-10 00:00:00,1668038400000,267.1,313.0,263.2,304.0,1411238.91,1668124799999,True
2022-11-11 00:00:00,1668124800000,304.1,306.0,279.0,290.4,695145.641,1668211199999,True
2022-11-12 00:00:00,1668211200000,290.4,294.5,271.6,282.8,545359.355,1668297599999,True
2022-11-13 00:00:00,1668297600000,282.9,286.5,273.2,276.4,442278.921,1668383999999,True
2022-11-14 00:00:00,1668384000000,276.4,292.0,268.0,279.0,818725.897,1668470399999,True
2022-11-15 00:00:00,1668470400000,279.0,282.4,273.2,277.0,445565.664,1668556799999,True
2022-11-16 00:00:00,1668556800000,277.0,280.2,268.8,271.8,402896.799,1668643199999,True
2022-11-17 00:00:00,1668643200000,271.9,273.5,262.9,267.9,367805.83,1668729599999,True
2022-11-18 00:00:00,1668729600000,268.0,274.8,267.7,274.1,277946.366,1668815999999,True
2022-11-19 00:00:00,1668816000000,274.1,274.6,268.9,272.6,194104.28,1668902399999,True
2022-11-20 00:00:00,1668902400000,272.6,273.8,261.8,264.2,306587.581,1668988799999,True
2022-11-21 00:00:00,1668988800000,264.2,265.3,250.0,253.9,581026.19,1669075199999,True
2022-11-22 00:00:00,1669075200000,254.0,267.8,252.0,266.7,357164.445,1669161599999,True
2022-11-23 00:00:00,1669161600000,266.8,301.8,264.8,298.8,1224050.689,1669247999999,True
2022-11-24 00:00:00,1669248000000,298.9,304.1,293.9,300.2,550792.655,1669334399999,True
2022-11-25 00:00:00,1669334400000,300.3,306.6,294.1,300.8,465733.483,1669420799999,True
2022-11-26 00:00:00,1669420800000,300.8,317.8,299.9,311.4,569578.773,1669507199999,True
2022-11-27 00:00:00,1669507200000,311.4,316.7,306.3,307.6,310095.845,1669593599999,True
2022-11-28 00:00:00,1669593600000,307.7,309.6,286.6,293.5,603763.83,1669679999999,True
2022-11-29 00:00:00,1669680000000,293.5,305.3,289.0,295.4,422502.385,1669766399999,True
2022-11-30 00:00:00,1669766400000,295.4,305.5,292.5,300.6,467009.694,1669852799999,True
2022-12-01 00:00:00,1669852800000,300.6,302.0,290.0,292.3,798867.735,1669939199999,True
2022-12-02 00:00:00,1669939200000,292.3,293.9,285.4,293.4,364102.285,1670025599999,True
2022-12-03 00:00:00,1670025600000,293.4,294.4,289.0,290.4,234377.055,1670111999999,True
2022-12-04 00:00:00,1670112000000,290.4,292.8,287.4,291.8,244356.783,1670198399999,True
2022-12-05 00:00:00,1670198400000,291.8,297.2,286.1,288.4,294958.79,1670284799999,True
2022-12-06 00:00:00,1670284800000,288.5,290.8,286.5,290.2,247911.347,1670371199999,True
2022-12-07 00:00:00,1670371200000,290.2,290.9,281.1,284.2,361435.528,1670457599999,True
2022-12-08 00:00:00,1670457600000,284.2,292.0,282.4,290.4,281655.085,1670543999999,True
2022-12-09 00:00:00,1670544000000,290.4,292.0,284.4,286.0,308418.725,1670630399999,True
2022-12-10 00:00:00,1670630400000,286.1,289.9,285.7,288.2,148922.633,1670716799999,True
2022-12-11 00:00:00,1670716800000,288.2,291.4,283.3,284.4,206340.146,1670803199999,True
2022-12-12 00:00:00,1670803200000,284.5,285.8,271.7,276.1,507509.835,1670889599999,True
2022-12-13 00:00:00,1670889600000,276.1,282.0,255.6,272.2,1309642.684,1670975999999,True
2022-12-14 00:00:00,1670976000000,272.2,278.4,265.5,267.7,580082.911,1671062399999,True
2022-12-15 00:00:00,1671062400000,267.7,268.1,256.5,258.8,350889.164,1671148799999,True
2022-12-16 00:00:00,1671148800000,258.9,264.7,224.7,231.2,876900.031,1671235199999,True
2022-12-17 00:00:00,1671235200000,231.2,245.0,220.0,242.1,788798.493,1671321599999,True
2022-12-18 00:00:00,1671321600000,242.1,254.6,239.5,251.0,526139.427,1671407999999,True
2022-12-19 00:00:00,1671408000000,251.1,253.3,236.8,240.4,408787.202,1671494399999,True
2022-12-20 00:00:00,1671494400000,240.3,253.5,239.1,251.4,320509.026,1671580799999,True
2022-12-21 00:00:00,1671580800000,251.4,251.5,245.2,246.2,195051.385,1671667199999,True
2022-12-22 00:00:00,1671667200000,246.2,248.3,240.1,245.8,246104.196,1671753599999,True
2022-12-23 00:00:00,1671753600000,245.9,248.7,243.7,246.2,175280.013,1671839999999,True
2022-12-24 00:00:00,1671840000000,246.2,246.3,243.4,244.5,96773.731,1671926399999,True
2022-12-25 00:00:00,1671926400000,244.6,245.8,241.4,243.2,125016.877,1672012799999,True
2022-12-26 00:00:00,1672012800000,243.2,244.9,242.0,244.3,117117.968,1672099199999,True
2022-12-27 00:00:00,1672099200000,244.3,248.9,242.1,246.7,196642.12,1672185599999,True
2022-12-28 00:00:00,1672185600000,246.7,247.4,241.5,244.5,208632.342,1672271999999,True
2022-12-29 00:00:00,1672272000000,244.6,246.9,243.3,246.3,161959.266,1672358399999,True
2022-12-30 00:00:00,1672358400000,246.3,246.7,242.7,245.8,128406.533,1672444799999,True
2022-12-31 00:00:00,1672444800000,245.8,248.0,244.8,246.3,134141.311,1672531199999,True
2023-01-01 00:00:00,1672531200000,246.3,246.7,243.4,244.4,109450.117,1672617599999,True
2023-01-02 00:00:00,1672617600000,244.5,247.9,240.7,245.2,173452.9,1672703999999,True
2023-01-03 00:00:00,1672704000000,245.3,247.0,244.4,246.1,115059.991,1672790399999,True
2023-01-04 00:00:00,1672790400000,246.2,261.0,245.6,258.9,370055.082,1672876799999,True
2023-01-05 00:00:00,1672876800000,258.9,259.2,255.2,256.7,145297.963,1672963199999,True
2023-01-06 00:00:00,1672963200000,256.7,260.7,254.2,259.9,199497.076,1673049599999,True
2023-01-07 00:00:00,1673049600000,259.9,263.9,259.4,261.3,115152.77,1673135999999,True
2023-01-08 00:00:00,1673136000000,261.3,276.5,260.1,274.9,237308.89,1673222399999,True
2023-01-09 00:00:00,1673222400000,274.9,283.5,271.3,272.6,437828.428,1673308799999,True
2023-01-10 00:00:00,1673308800000,272.6,278.8,270.2,277.1,259938.562,1673395199999,True
2023-01-11 00:00:00,1673395200000,277.2,287.7,274.1,284.8,266107.304,1673481599999,True
2023-01-12 00:00:00,1673481600000,284.9,288.6,278.5,287.7,391553.641,1673567999999,True
2023-01-13 00:00:00,1673568000000,287.8,296.0,284.9,293.7,313541.811,1673654399999,True
2023-01-14 00:00:00,1673654400000,293.7,314.4,293.1,305.1,706402.087,1673740799999,True
2023-01-15 00:00:00,1673740800000,305.2,306.1,291.8,302.2,288696.868,1673827199999,True
2023-01-16 00:00:00,1673827200000,302.2,308.1,293.1,299.0,350990.993,1673913599999,True
2023-01-17 00:00:00,1673913600000,299.0,305.8,294.9,299.4,279993.876,1673999999999,True
2023-01-18 00:00:00,1674000000000,299.4,305.3,281.1,286.7,621064.665,1674086399999,True
2023-01-19 00:00:00,1674086400000,286.7,295.5,286.1,294.6,215522.146,1674172799999,True
2023-01-20 00:00:00,1674172800000,294.6,305.4,286.6,305.1,423829.136,1674259199999,True
2023-01-21 00:00:00,1674259200000,305.1,309.9,298.4,299.0,508000.024,1674345599999,True
2023-01-22 00:00:00,1674345600000,299.1,311.4,298.5,303.0,388815.192,1674431999999,True
2023-01-23 00:00:00,1674432000000,303.1,307.8,300.8,305.1,301946.005,1674518399999,True
2023-01-24 00:00:00,1674518400000,305.2,323.5,299.2,300.3,629758.279,1674604799999,True
2023-01-25 00:00:00,1674604800000,300.3,314.0,293.4,306.9,447238.539,1674691199999,True
2023-01-26 00:00:00,1674691200000,306.9,309.5,301.6,304.7,342344.705,1674777599999,True
2023-01-27 00:00:00,1674777600000,304.8,310.5,298.8,308.0,271326.79,1674863999999,True
2023-01-28 00:00:00,1674864000000,308.0,313.6,303.6,306.1,229517.8,1674950399999,True
2023-01-29 00:00:00,1674950400000,306.2,320.5,304.8,317.2,430698.673,1675036799999,True
2023-01-30 00:00:00,1675036800000,317.1,320.8,302.0,307.2,413716.212,1675123199999,True
2023-01-31 00:00:00,1675123200000,307.2,314.4,305.3,312.0,278061.958,1675209599999,True
2023-02-01 00:00:00,1675209600000,312.1,319.4,305.6,317.0,390978.523,1675295999999,True
2023-02-02 00:00:00,1675296000000,317.1,334.4,316.3,323.5,587655.881,1675382399999,True
2023-02-03 00:00:00,1675382400000,323.5,335.5,318.3,332.2,579577.162,1675468799999,True
2023-02-04 00:00:00,1675468800000,332.3,334.1,327.0,330.4,212109.626,1675555199999,True
2023-02-05 00:00:00,1675555200000,330.4,337.8,324.0,327.8,396514.711,1675641599999,True
2023-02-06 00:00:00,1675641600000,327.8,331.5,320.7,324.3,290965.0,1675727999999,True
2023-02-07 00:00:00,1675728000000,324.4,333.7,323.2,333.0,265904.833,1675814399999,True
2023-02-08 00:00:00,1675814400000,333.1,335.8,323.6,328.2,286865.867,1675900799999,True
2023-02-09 00:00:00,1675900800000,328.2,329.3,302.0,306.2,564612.572,1675987199999,True
2023-02-10 00:00:00,1675987200000,306.2,309.2,302.5,305.8,295784.976,1676073599999,True
2023-02-11 00:00:00,1676073600000,305.9,311.4,305.1,310.4,154488.761,1676159999999,True
2023-02-12 00:00:00,1676160000000,310.5,321.0,306.0,312.6,291500.27,1676246399999,True
2023-02-13 00:00:00,1676246400000,312.6,315.7,282.8,294.3,1065985.594,1676332799999,True
2023-02-14 00:00:00,1676332800000,294.3,301.7,289.8,296.2,494698.654,1676419199999,True
2023-02-15 00:00:00,1676419200000,296.2,317.7,294.0,317.4,465921.943,1676505599999,True
2023-02-16 00:00:00,1676505600000,317.5,327.8,303.9,304.4,858141.89,1676591999999,True
2023-02-17 00:00:00,1676592000000,304.4,317.5,302.8,313.0,508736.193,1676678399999,True
2023-02-18 00:00:00,1676678400000,313.0,319.2,312.9,316.5,282485.39,1676764799999,True
2023-02-19 00:00:00,1676764800000,316.6,318.9,310.3,311.5,336004.274,1676851199999,True
2023-02-20 00:00:00,1676851200000,311.5,319.8,308.0,315.4,514483.797,1676937599999,True
2023-02-21 00:00:00,1676937600000,315.5,317.4,309.3,311.5,385161.297,1677023999999,True
2023-02-22 00:00:00,1677024000000,311.5,312.9,303.2,312.4,368344.986,1677110399999,True
2023-02-23 00:00:00,1677110400000,312.5,315.3,305.8,308.3,300641.241,1677196799999,True
2023-02-24 00:00:00,1677196800000,308.3,312.1,298.6,302.3,328726.4,1677283199999,True
2023-02-25 00:00:00,1677283200000,302.3,303.0,295.5,302.4,178538.408,1677369599999,True
2023-02-26 00:00:00,1677369600000,302.5,309.8,300.7,308.7,151419.166,1677455999999,True
2023-02-27 00:00:00,1677456000000,308.7,309.4,300.5,304.6,234405.821,1677542399999,True
2023-02-28 00:00:00,1677542400000,304.7,305.7,300.0,301.4,186649.192,1677628799999,True
2023-03-01 00:00:00,1677628800000,301.5,306.4,300.5,302.7,200883.893,1677715199999,True
2023-03-02 00:00:00,1677715200000,302.6,303.8,295.8,299.8,200964.842,1677801599999,True
2023-03-03 00:00:00,1677801600000,299.8,300.0,286.6,290.4,266627.564,1677887999999,True
2023-03-04 00:00:00,1677888000000,290.5,291.5,285.8,289.6,127846.865,1677974399999,True
2023-03-05 00:00:00,1677974400000,289.6,292.8,287.4,288.7,128456.559,1678060799999,True
2023-03-06 00:00:00,1678060800000,288.8,289.7,283.3,287.8,205220.757,1678147199999,True
2023-03-07 00:00:00,1678147200000,287.9,290.5,283.4,289.3,200611.357,1678233599999,True
2023-03-08 00:00:00,1678233600000,289.3,294.3,285.1,287.1,260938.374,1678319999999,True
2023-03-09 00:00:00,1678320000000,287.1,291.4,271.2,277.1,318996.851,1678406399999,True
2023-03-10 00:00:00,1678406400000,277.1,278.1,265.0,277.4,404292.972,1678492799999,True
2023-03-11 00:00:00,1678492800000,277.5,281.8,270.5,276.0,370350.207,1678579199999,True
2023-03-12 00:00:00,1678579200000,276.0,288.8,273.2,288.1,316243.117,1678665599999,True
2023-03-13 00:00:00,1678665600000,288.1,314.1,286.1,307.9,991752.464,1678751999999,True
2023-03-14 00:00:00,1678752000000,307.9,319.5,302.0,308.4,703702.208,1678838399999,True
2023-03-15 00:00:00,1678838400000,308.5,312.7,300.0,306.3,413251.773,1678924799999,True
2023-03-16 00:00:00,1678924800000,306.3,332.8,302.8,329.4,1251303.89,1679011199999,True
2023-03-17 00:00:00,1679011200000,329.4,340.0,325.0,338.9,726737.468,1679097599999,True
2023-03-18 00:00:00,1679097600000,339.0,346.3,328.0,331.0,662698.511,1679183999999,True
2023-03-19 00:00:00,1679184000000,331.1,341.7,330.3,336.7,401972.619,1679270399999,True
2023-03-20 00:00:00,1679270400000,336.7,339.1,331.3,332.5,511504.522,1679356799999,True
2023-03-21 00:00:00,1679356800000,332.5,339.9,327.1,334.4,477443.689,1679443199999,True
2023-03-22 00:00:00,1679443200000,334.5,339.5,316.0,321.1,1286215.777,1679529599999,True
2023-03-23 00:00:00,1679529600000,321.2,332.1,318.9,329.4,383094.591,1679615999999,True
2023-03-24 00:00:00,1679616000000,329.4,330.0,316.9,322.1,307030.002,1679702399999,True
2023-03-25 00:00:00,1679702400000,322.1,324.9,319.0,322.4,317118.332,1679788799999,True
2023-03-26 00:00:00,1679788800000,322.4,329.5,321.7,328.6,204700.193,1679875199999,True
2023-03-27 00:00:00,1679875200000,328.6,329.8,305.9,310.6,578039.555,1679961599999,True
2023-03-28 00:00:00,1679961600000,310.6,315.8,306.8,313.2,329398.424,1680047999999,True
2023-03-29 00:00:00,1680048000000,313.3,319.9,312.4,313.7,327282.226,1680134399999,True
2023-03-30 00:00:00,1680134400000,313.8,320.8,309.1,316.4,496156.738,1680220799999,True
2023-03-31 00:00:00,1680220800000,316.4,319.8,311.8,316.9,266270.064,1680307199999,True
2023-04-01 00:00:00,1680307200000,317.0,319.0,313.0,314.9,185904.183,1680393599999,True
2023-04-02 00:00:00,1680393600000,314.9,316.2,310.7,313.7,149805.667,1680479999999,True
2023-04-03 00:00:00,1680480000000,313.8,314.1,299.5,308.8,450976.973,1680566399999,True
2023-04-04 00:00:00,1680566400000,308.8,312.7,308.2,310.8,305980.475,1680652799999,True
2023-04-05 00:00:00,1680652800000,310.8,316.8,310.2,313.9,320350.363,1680739199999,True
2023-04-06 00:00:00,1680739200000,314.0,315.2,310.6,312.3,232647.147,1680825599999,True
2023-04-07 00:00:00,1680825600000,312.3,312.8,309.7,310.3,179863.362,1680911999999,True
2023-04-08 00:00:00,1680912000000,310.4,312.7,310.1,310.5,165372.944,1680998399999,True
2023-04-09 00:00:00,1680998400000,310.6,313.7,309.5,312.8,163948.725,1681084799999,True
2023-04-10 00:00:00,1681084800000,312.8,318.7,311.5,318.5,271539.24,1681171199999,True
2023-04-11 00:00:00,1681171200000,318.6,333.0,317.8,322.3,661117.672,1681257599999,True
2023-04-12 00:00:00,1681257600000,322.3,323.3,316.7,319.9,354216.724,1681343999999,True
2023-04-13 00:00:00,1681344000000,319.9,325.1,317.7,324.7,348151.945,1681430399999,True
2023-04-14 00:00:00,1681430400000,324.6,335.5,323.2,328.9,679955.061,1681516799999,True
2023-04-15 00:00:00,1681516800000,328.8,336.0,326.9,333.0,418311.143,1681603199999,True
2023-04-16 00:00:00,1681603200000,333.1,350.0,330.1,347.7,632598.777,1681689599999,True
2023-04-17 00:00:00,1681689600000,347.7,350.0,337.5,340.0,556356.468,1681775999999,True
2023-04-18 00:00:00,1681776000000,340.0,346.7,337.0,343.1,391677.437,1681862399999,True
2023-04-19 00:00:00,1681862400000,343.1,343.7,320.1,322.4,537444.082,1681948799999,True
2023-04-20 00:00:00,1681948800000,322.5,326.8,315.3,318.1,367453.933,1682035199999,True
2023-04-21 00:00:00,1682035200000,318.0,334.6,315.3,321.2,910773.894,1682121599999,True
2023-04-22 00:00:00,1682121600000,321.3,333.1,319.9,332.2,381882.032,1682207999999,True
2023-04-23 00:00:00,1682208000000,332.2,332.5,327.4,330.7,384622.154,1682294399999,True
2023-04-24 00:00:00,1682294400000,330.6,334.0,327.7,331.2,442775.294,1682380799999,True
2023-04-25 00:00:00,1682380800000,331.2,340.0,328.6,338.4,436704.883,1682467199999,True
2023-04-26 00:00:00,1682467200000,338.4,345.0,321.5,330.6,679551.584,1682553599999,True
2023-04-27 00:00:00,1682553600000,330.6,336.6,328.2,330.9,482850.957,1682639999999,True
2023-04-28 00:00:00,1682640000000,330.9,330.9,318.7,324.1,991210.156,1682726399999,True
2023-04-29 00:00:00,1682726400000,324.1,325.0,320.6,321.9,226488.689,1682812799999,True
2023-04-30 00:00:00,1682812800000,321.9,338.3,320.4,337.5,711720.726,1682899199999,True
2023-05-01 00:00:00,1682899200000,337.5,339.6,326.1,328.5,719404.912,1682985599999,True
2023-05-02 00:00:00,1682985600000,328.4,328.5,321.4,321.5,437446.281,1683071999999,True
2023-05-03 00:00:00,1683072000000,321.4,327.6,320.4,325.9,608765.389,1683158399999,True
2023-05-04 00:00:00,1683158400000,325.9,327.5,323.2,323.8,195370.268,1683244799999,True
2023-05-05 00:00:00,1683244800000,323.9,329.1,322.8,326.5,284536.108,1683331199999,True
2023-05-06 00:00:00,1683331200000,326.6,328.5,319.5,321.9,275367.716,1683417599999,True
2023-05-07 00:00:00,1683417600000,322.0,325.4,320.4,321.0,203577.219,1683503999999,True
2023-05-08 00:00:00,1683504000000,321.0,322.1,311.1,313.8,379192.119,1683590399999,True
2023-05-09 00:00:00,1683590400000,313.8,315.8,311.2,312.1,260672.045,1683676799999,True
2023-05-10 00:00:00,1683676800000,312.2,316.7,308.0,314.3,360146.811,1683763199999,True
2023-05-11 00:00:00,1683763200000,314.3,314.5,304.4,307.5,291854.667,1683849599999,True
2023-05-12 00:00:00,1683849600000,307.5,309.1,301.2,308.5,327008.927,1683935999999,True
2023-05-13 00:00:00,1683936000000,308.6,311.8,307.5,310.7,151642.554,1684022399999,True
2023-05-14 00:00:00,1684022400000,310.8,314.8,309.5,312.1,192884.821,1684108799999,True
2023-05-15 00:00:00,1684108800000,312.1,316.3,310.5,313.4,202895.171,1684195199999,True
2023-05-16 00:00:00,1684195200000,313.4,314.0,309.3,311.4,182668.214,1684281599999,True
2023-05-17 00:00:00,1684281600000,311.4,314.4,307.0,314.3,221274.514,1684367999999,True
2023-05-18 00:00:00,1684368000000,314.3,314.9,306.1,309.3,236575.286,1684454399999,True
2023-05-19 00:00:00,1684454400000,309.3,311.5,307.5,308.9,191704.812,1684540799999,True
2023-05-20 00:00:00,1684540800000,308.9,312.0,307.8,310.6,104485.905,1684627199999,True
2023-05-21 00:00:00,1684627200000,310.7,311.6,305.7,306.4,143182.429,1684713599999,True
2023-05-22 00:00:00,1684713600000,306.4,311.1,304.4,309.0,222082.435,1684799999999,True
2023-05-23 00:00:00,1684800000000,309.1,315.4,309.0,313.5,225830.19,1684886399999,True
2023-05-24 00:00:00,1684886400000,313.5,313.6,303.6,306.0,292692.62,1684972799999,True
2023-05-25 00:00:00,1684972800000,305.9,306.9,302.2,304.5,287322.502,1685059199999,True
2023-05-26 00:00:00,1685059200000,304.6,308.5,301.4,306.8,398588.895,1685145599999,True
2023-05-27 00:00:00,1685145600000,306.9,307.7,304.0,307.4,144742.086,1685231999999,True
2023-05-28 00:00:00,1685232000000,307.4,314.6,306.7,314.1,257233.179,1685318399999,True
2023-05-29 00:00:00,1685318400000,314.2,317.3,310.4,311.6,461485.115,1685404799999,True
2023-05-30 00:00:00,1685404800000,311.7,314.2,310.8,311.5,291304.59,1685491199999,True
2023-05-31 00:00:00,1685491200000,311.4,311.9,305.0,306.8,437132.418,1685577599999,True
2023-06-01 00:00:00,1685577600000,306.8,307.7,303.1,304.9,255618.722,1685663999999,True
2023-06-02 00:00:00,1685664000000,304.9,308.4,303.1,307.2,300583.675,1685750399999,True
2023-06-03 00:00:00,1685750400000,307.3,308.2,303.0,306.6,158805.926,1685836799999,True
2023-06-04 00:00:00,1685836800000,306.6,307.6,304.5,305.0,187805.427,1685923199999,True
2023-06-05 00:00:00,1685923200000,305.1,305.1,272.0,276.9,1096020.019,1686009599999,True
2023-06-06 00:00:00,1686009600000,277.0,285.8,273.2,281.2,708685.58,1686095999999,True
2023-06-07 00:00:00,1686096000000,281.2,281.8,253.4,259.3,1188263.837,1686182399999,True
2023-06-08 00:00:00,1686182400000,259.3,267.5,257.1,262.0,579854.02,1686268799999,True
2023-06-09 00:00:00,1686268800000,261.9,264.4,255.7,260.5,509660.501,1686355199999,True
2023-06-10 00:00:00,1686355200000,260.6,260.7,228.4,238.7,1603602.202,1686441599999,True
2023-06-11 00:00:00,1686441600000,238.8,239.3,233.4,235.4,402562.359,1686527999999,True
2023-06-12 00:00:00,1686528000000,235.4,239.3,220.4,231.3,1579141.84,1686614399999,True
2023-06-13 00:00:00,1686614400000,231.3,247.0,228.7,244.2,1230681.021,1686700799999,True
2023-06-14 00:00:00,1686700800000,244.1,252.8,232.9,237.9,970411.718,1686787199999,True
2023-06-15 00:00:00,1686787200000,237.9,240.8,230.6,236.4,602141.969,1686873599999,True
2023-06-16 00:00:00,1686873600000,236.5,243.8,232.2,239.3,562586.529,1686959999999,True
2023-06-17 00:00:00,1686960000000,239.4,249.8,237.2,244.5,491313.272,1687046399999,True
2023-06-18 00:00:00,1687046400000,244.5,248.7,242.3,244.1,359878.981,1687132799999,True
2023-06-19 00:00:00,1687132800000,244.1,245.0,238.3,243.1,425074.269,1687219199999,True
2023-06-20 00:00:00,1687219200000,243.0,248.1,238.7,247.7,639069.672,1687305599999,True
2023-06-21 00:00:00,1687305600000,247.8,254.7,245.0,248.8,1006328.557,1687391999999,True
2023-06-22 00:00:00,1687392000000,248.9,257.0,239.4,240.8,1032630.471,1687478399999,True
2023-06-23 00:00:00,1687478400000,240.8,249.8,239.7,244.3,638290.193,1687564799999,True
2023-06-24 00:00:00,1687564800000,244.4,248.7,230.4,236.4,791496.05,1687651199999,True
2023-06-25 00:00:00,1687651200000,236.4,244.0,235.0,238.8,513198.598,1687737599999,True
2023-06-26 00:00:00,1687737600000,238.9,241.3,233.6,236.1,526248.09,1687823999999,True
2023-06-27 00:00:00,1687824000000,236.1,240.8,234.5,237.5,360259.85,1687910399999,True
2023-06-28 00:00:00,1687910400000,237.5,237.6,224.6,230.6,643304.047,1687996799999,True
2023-06-29 00:00:00,1687996800000,230.6,236.7,230.4,233.1,352025.974,1688083199999,True
2023-06-30 00:00:00,1688083200000,233.2,241.7,230.7,240.3,843439.594,1688169599999,True
2023-07-01 00:00:00,1688169600000,240.4,249.0,240.0,247.9,723099.401,1688255999999,True
2023-07-02 00:00:00,1688256000000,247.8,248.5,242.9,246.5,598172.063,1688342399999,True
2023-07-03 00:00:00,1688342400000,246.5,254.7,245.3,246.5,873992.727,1688428799999,True
2023-07-04 00:00:00,1688428800000,246.5,246.9,240.4,242.5,488909.055,1688515199999,True
2023-07-05 00:00:00,1688515200000,242.5,243.9,235.8,238.9,520015.694,1688601599999,True
2023-07-06 00:00:00,1688601600000,239.0,244.5,231.5,232.2,673275.441,1688687999999,True
2023-07-07 00:00:00,1688688000000,232.3,236.2,231.1,235.6,431534.586,1688774399999,True
2023-07-08 00:00:00,1688774400000,235.7,237.6,234.2,236.3,259727.721,1688860799999,True
2023-07-09 00:00:00,1688860800000,236.3,237.0,232.9,234.1,235123.329,1688947199999,True
2023-07-10 00:00:00,1688947200000,234.1,247.0,231.3,246.2,1193826.524,1689033599999,True
2023-07-11 00:00:00,1689033600000,246.2,249.5,244.6,248.6,660141.384,1689119999999,True
2023-07-12 00:00:00,1689120000000,248.6,250.5,242.6,243.9,599390.712,1689206399999,True
2023-07-13 00:00:00,1689206400000,243.9,257.8,242.7,256.1,1037831.391,1689292799999,True
2023-07-14 00:00:00,1689292800000,256.2,261.7,243.4,248.1,1071118.696,1689379199999,True
2023-07-15 00:00:00,1689379200000,248.1,252.5,246.9,251.1,383772.673,1689465599999,True
2023-07-16 00:00:00,1689465600000,251.1,252.1,242.0,242.3,433016.609,1689551999999,True
2023-07-17 00:00:00,1689552000000,242.3,244.9,239.8,244.1,792745.158,1689638399999,True
2023-07-18 00:00:00,1689638400000,244.1,246.7,237.5,240.2,932504.771,1689724799999,True
2023-07-19 00:00:00,1689724800000,240.3,244.1,239.6,240.8,444676.507,1689811199999,True
2023-07-20 00:00:00,1689811200000,240.9,245.0,240.3,242.8,449387.8,1689897599999,True
2023-07-21 00:00:00,1689897600000,242.8,245.4,242.0,243.7,295187.787,1689983999999,True
2023-07-22 00:00:00,1689984000000,243.8,244.9,240.1,241.1,184432.523,1690070399999,True
2023-07-23 00:00:00,1690070400000,241.1,244.0,240.4,242.5,171931.133,1690156799999,True
2023-07-24 00:00:00,1690156800000,242.4,243.1,235.0,238.9,463451.698,1690243199999,True
2023-07-25 00:00:00,1690243200000,238.9,239.8,236.2,237.7,307201.312,1690329599999,True
2023-07-26 00:00:00,1690329600000,237.8,240.4,236.3,239.0,318667.814,1690415999999,True
2023-07-27 00:00:00,1690416000000,239.0,244.5,238.4,240.6,310179.989,1690502399999,True
2023-07-28 00:00:00,1690502400000,240.7,242.9,239.7,241.9,232739.179,1690588799999,True
2023-07-29 00:00:00,1690588800000,241.9,242.9,241.1,242.4,102406.899,1690675199999,True
2023-07-30 00:00:00,1690675200000,242.5,243.8,240.3,242.5,255246.532,1690761599999,True
2023-07-31 00:00:00,1690761600000,242.6,244.5,240.5,241.0,333099.771,1690847999999,True
2023-08-01 00:00:00,1690848000000,241.0,247.8,237.3,247.7,813075.175,1690934399999,True
2023-08-02 00:00:00,1690934400000,247.8,248.8,235.7,240.7,630364.599,1691020799999,True
2023-08-03 00:00:00,1691020800000,240.7,242.8,238.3,241.1,303966.677,1691107199999,True
2023-08-04 00:00:00,1691107200000,241.1,243.4,240.2,241.7,274715.344,1691193599999,True
2023-08-05 00:00:00,1691193600000,241.7,243.3,240.1,243.2,176422.282,1691279999999,True
2023-08-06 00:00:00,1691280000000,243.3,245.5,242.8,243.2,278149.257,1691366399999,True
2023-08-07 00:00:00,1691366400000,243.1,244.9,239.7,242.1,302098.545,1691452799999,True
2023-08-08 00:00:00,1691452800000,242.0,248.0,241.5,245.2,377607.574,1691539199999,True
2023-08-09 00:00:00,1691539200000,245.2,245.5,242.8,243.8,294212.606,1691625599999,True
2023-08-10 00:00:00,1691625600000,243.9,244.1,240.5,241.5,261873.92,1691711999999,True
2023-08-11 00:00:00,1691712000000,241.5,242.3,238.0,239.7,287357.204,1691798399999,True
2023-08-12 00:00:00,1691798400000,239.8,241.4,239.3,240.3,114025.156,1691884799999,True
2023-08-13 00:00:00,1691884800000,240.3,241.8,239.8,240.2,132878.878,1691971199999,True
2023-08-14 00:00:00,1691971200000,240.2,241.5,239.7,240.4,201261.953,1692057599999,True
2023-08-15 00:00:00,1692057600000,240.5,240.8,234.0,236.7,397828.347,1692143999999,True
2023-08-16 00:00:00,1692144000000,236.8,237.4,230.7,232.0,427014.475,1692230399999,True
2023-08-17 00:00:00,1692230400000,232.1,232.4,212.5,218.1,1023773.861,1692316799999,True
2023-08-18 00:00:00,1692316800000,218.1,220.3,213.5,216.1,674545.267,1692403199999,True
2023-08-19 00:00:00,1692403200000,216.0,219.2,213.6,216.8,323294.673,1692489599999,True
2023-08-20 00:00:00,1692489600000,216.9,218.0,215.4,216.5,190457.433,1692575999999,True
2023-08-21 00:00:00,1692576000000,216.6,216.9,206.2,210.4,782096.622,1692662399999,True
2023-08-22 00:00:00,1692662400000,210.4,213.0,203.4,210.9,875925.591,1692748799999,True
2023-08-23 00:00:00,1692748800000,210.9,218.8,210.8,216.6,646096.521,1692835199999,True
2023-08-24 00:00:00,1692835200000,216.7,221.2,215.6,219.0,368866.011,1692921599999,True
2023-08-25 00:00:00,1692921600000,219.0,219.6,213.7,218.4,380692.105,1693007999999,True
2023-08-26 00:00:00,1693008000000,218.5,219.3,216.1,216.5,146835.271,1693094399999,True
2023-08-27 00:00:00,1693094400000,216.4,219.8,215.9,218.4,186853.184,1693180799999,True
2023-08-28 00:00:00,1693180800000,218.4,219.5,215.1,218.8,310319.442,1693267199999,True
2023-08-29 00:00:00,1693267200000,218.8,234.8,217.0,226.9,666199.649,1693353599999,True
2023-08-30 00:00:00,1693353600000,226.9,227.3,221.7,223.8,305094.438,1693439999999,True
2023-08-31 00:00:00,1693440000000,223.8,226.0,214.4,216.7,452017.913,1693526399999,True
2023-09-01 00:00:00,1693526400000,216.7,218.4,211.2,213.7,461833.238,1693612799999,True
2023-09-02 00:00:00,1693612800000,213.7,215.9,213.0,214.4,207729.726,1693699199999,True
2023-09-03 00:00:00,1693699200000,214.4,215.2,213.2,214.4,168458.242,1693785599999,True
2023-09-04 00:00:00,1693785600000,214.4,216.5,213.1,215.2,305315.445,1693871999999,True
2023-09-05 00:00:00,1693872000000,215.3,216.1,213.5,214.6,242764.079,1693958399999,True
2023-09-06 00:00:00,1693958400000,214.6,218.8,211.8,215.2,300823.424,1694044799999,True
2023-09-07 00:00:00,1694044800000,215.2,217.9,213.6,217.1,247735.496,1694131199999,True
2023-09-08 00:00:00,1694131200000,217.1,218.8,213.4,214.7,235244.296,1694217599999,True
2023-09-09 00:00:00,1694217600000,214.7,215.4,214.1,214.1,94752.246,1694303999999,True
2023-09-10 00:00:00,1694304000000,214.2,214.3,211.1,212.4,281482.379,1694390399999,True
2023-09-11 00:00:00,1694390400000,212.4,212.7,203.9,206.1,580093.123,1694476799999,True
2023-09-12 00:00:00,1694476800000,206.2,214.3,204.9,210.7,523734.999,1694563199999,True
2023-09-13 00:00:00,1694563200000,210.8,213.3,209.3,212.5,301454.875,1694649599999,True
2023-09-14 00:00:00,1694649600000,212.5,215.0,211.0,212.2,354022.553,1694735999999,True
2023-09-15 00:00:00,1694736000000,212.2,215.0,210.9,214.1,312856.997,1694822399999,True
2023-09-16 00:00:00,1694822400000,214.1,216.0,213.3,214.9,288697.085,1694908799999,True
2023-09-17 00:00:00,1694908800000,214.9,216.8,213.3,216.5,333002.468,1694995199999,True
2023-09-18 00:00:00,1694995200000,216.4,221.3,214.9,216.0,600156.61,1695081599999,True
2023-09-19 00:00:00,1695081600000,216.0,219.9,215.3,217.2,347261.748,1695167999999,True
2023-09-20 00:00:00,1695168000000,217.2,217.8,213.3,214.4,368825.746,1695254399999,True
2023-09-21 00:00:00,1695254400000,214.3,215.1,209.1,210.8,412312.209,1695340799999,True
2023-09-22 00:00:00,1695340800000,210.8,213.0,209.6,211.1,237677.235,1695427199999,True
2023-09-23 00:00:00,1695427200000,211.1,211.7,209.9,210.5,117618.21,1695513599999,True
2023-09-24 00:00:00,1695513600000,210.4,211.2,206.5,208.3,185179.502,1695599999999,True
2023-09-25 00:00:00,1695600000000,208.3,210.6,206.5,209.9,272401.465,1695686399999,True
2023-09-26 00:00:00,1695686400000,210.0,213.7,209.7,212.6,280709.589,1695772799999,True
2023-09-27 00:00:00,1695772800000,212.6,216.0,210.5,212.0,409367.397,1695859199999,True
2023-09-28 00:00:00,1695859200000,212.1,217.0,211.5,215.0,394085.543,1695945599999,True
2023-09-29 00:00:00,1695945600000,215.0,217.6,214.3,215.2,371923.961,1696031999999,True
2023-09-30 00:00:00,1696032000000,215.2,216.5,214.1,214.6,179075.156,1696118399999,True
2023-10-01 00:00:00,1696118400000,214.6,219.4,213.1,218.2,415044.578,1696204799999,True
2023-10-02 00:00:00,1696204800000,218.2,221.6,213.1,214.6,565949.136,1696291199999,True
2023-10-03 00:00:00,1696291200000,214.6,215.8,212.4,213.5,294511.083,1696377599999,True
2023-10-04 00:00:00,1696377600000,213.5,213.8,210.8,213.4,328882.49,1696463999999,True
2023-10-05 00:00:00,1696464000000,213.4,213.9,210.2,210.6,259374.039,1696550399999,True
2023-10-06 00:00:00,1696550400000,210.7,214.6,210.1,213.4,258866.553,1696636799999,True
2023-10-07 00:00:00,1696636800000,213.4,213.8,211.5,212.3,125590.792,1696723199999,True
2023-10-08 00:00:00,1696723200000,212.2,212.8,208.8,211.4,225258.305,1696809599999,True
2023-10-09 00:00:00,1696809600000,211.3,212.2,202.0,205.8,572318.205,1696895999999,True
2023-10-10 00:00:00,1696896000000,205.9,213.1,205.5,208.6,577725.014,1696982399999,True
2023-10-11 00:00:00,1696982400000,208.6,208.8,204.3,206.6,397200.817,1697068799999,True
2023-10-12 00:00:00,1697068800000,206.6,207.3,202.8,205.1,355516.958,1697155199999,True
2023-10-13 00:00:00,1697155200000,205.1,208.3,204.3,206.1,331300.92,1697241599999,True
2023-10-14 00:00:00,1697241600000,206.1,207.1,205.7,206.5,142741.132,1697327999999,True
2023-10-15 00:00:00,1697328000000,206.5,213.0,206.3,209.7,365630.554,1697414399999,True
2023-10-16 00:00:00,1697414400000,209.8,219.0,209.6,214.6,773179.81,1697500799999,True
2023-10-17 00:00:00,1697500800000,214.7,215.0,209.0,211.4,372808.016,1697587199999,True
2023-10-18 00:00:00,1697587200000,211.4,213.9,209.9,210.2,260942.338,1697673599999,True
2023-10-19 00:00:00,1697673600000,210.3,211.5,208.2,211.2,274491.489,1697759999999,True
2023-10-20 00:00:00,1697760000000,211.2,216.6,210.5,212.1,344927.206,1697846399999,True
2023-10-21 00:00:00,1697846400000,212.1,215.8,211.4,214.2,263182.512,1697932799999,True
2023-10-22 00:00:00,1697932800000,214.2,218.4,213.6,217.8,291845.069,1698019199999,True
2023-10-23 00:00:00,1698019200000,217.8,231.0,216.9,228.5,841393.165,1698105599999,True
2023-10-24 00:00:00,1698105600000,228.6,238.1,221.2,225.2,1011409.17,1698191999999,True
2023-10-25 00:00:00,1698192000000,225.2,229.1,221.5,222.1,624789.777,1698278399999,True
2023-10-26 00:00:00,1698278400000,222.1,228.1,219.2,223.2,726200.668,1698364799999,True
2023-10-27 00:00:00,1698364800000,223.2,231.6,219.9,224.1,970917.489,1698451199999,True
2023-10-28 00:00:00,1698451200000,224.2,228.4,224.1,225.7,347691.437,1698537599999,True
2023-10-29 00:00:00,1698537600000,225.7,228.1,223.6,227.1,269033.796,1698623999999,True
2023-10-30 00:00:00,1698624000000,227.1,229.2,224.6,228.0,397120.276,1698710399999,True
2023-10-31 00:00:00,1698710400000,228.0,229.3,223.9,226.2,465273.268,1698796799999,True
2023-11-01 00:00:00,1698796800000,226.3,229.5,222.3,227.9,578647.208,1698883199999,True
2023-11-02 00:00:00,1698883200000,228.0,233.7,227.5,231.9,829216.687,1698969599999,True
2023-11-03 00:00:00,1698969600000,231.9,232.4,225.6,230.2,501371.786,1699055999999,True
2023-11-04 00:00:00,1699056000000,230.3,238.7,229.3,237.1,391480.947,1699142399999,True
2023-11-05 00:00:00,1699142400000,237.2,245.5,236.1,244.0,613299.473,1699228799999,True
2023-11-06 00:00:00,1699228800000,244.0,256.1,241.5,255.1,844924.324,1699315199999,True
2023-11-07 00:00:00,1699315200000,255.1,255.6,242.1,246.2,865045.808,1699401599999,True
2023-11-08 00:00:00,1699401600000,246.2,248.3,244.0,246.7,500403.192,1699487999999,True
2023-11-09 00:00:00,1699488000000,246.7,255.9,240.0,251.6,1320420.474,1699574399999,True
2023-11-10 00:00:00,1699574400000,251.7,258.0,248.1,251.0,814936.218,1699660799999,True
2023-11-11 00:00:00,1699660800000,251.1,255.2,246.0,251.5,738756.911,1699747199999,True
2023-11-12 00:00:00,1699747200000,251.6,252.0,244.5,247.4,637126.209,1699833599999,True
2023-11-13 00:00:00,1699833600000,247.5,250.2,240.3,241.1,953917.532,1699919999999,True
2023-11-14 00:00:00,1699920000000,241.1,249.4,233.7,242.3,992864.124,1700006399999,True
2023-11-15 00:00:00,1700006400000,242.3,254.5,242.1,253.7,911316.433,1700092799999,True
2023-11-16 00:00:00,1700092800000,253.7,256.0,240.0,242.7,1090149.24,1700179199999,True
2023-11-17 00:00:00,1700179200000,242.7,245.9,238.3,244.9,757117.698,1700265599999,True
2023-11-18 00:00:00,1700265600000,244.9,245.2,238.5,244.8,485737.217,1700351999999,True
2023-11-19 00:00:00,1700352000000,244.8,246.9,241.8,246.4,379101.104,1700438399999,True
2023-11-20 00:00:00,1700438400000,246.5,268.4,238.6,253.1,1523794.58,1700524799999,True
2023-11-21 00:00:00,1700524800000,253.1,271.9,224.0,225.5,4050392.778,1700611199999,True
2023-11-22 00:00:00,1700611200000,225.5,238.5,224.6,236.1,1791363.245,1700697599999,True
2023-11-23 00:00:00,1700697600000,236.2,239.2,230.2,233.8,718114.377,1700783999999,True
2023-11-24 00:00:00,1700784000000,233.8,236.7,231.6,232.7,616904.315,1700870399999,True
2023-11-25 00:00:00,1700870400000,232.8,235.7,232.1,234.4,313338.264,1700956799999,True
2023-11-26 00:00:00,1700956800000,234.5,234.5,227.9,231.7,437624.722,1701043199999,True
2023-11-27 00:00:00,1701043200000,231.8,232.9,222.5,227.2,831147.034,1701129599999,True
2023-11-28 00:00:00,1701129600000,227.3,231.7,224.3,229.6,547422.862,1701215999999,True
2023-11-29 00:00:00,1701216000000,229.6,231.2,226.1,227.3,416529.001,1701302399999,True
2023-11-30 00:00:00,1701302400000,227.3,229.2,225.9,227.6,360874.419,1701388799999,True
2023-12-01 00:00:00,1701388800000,227.6,230.0,227.0,228.5,425879.275,1701475199999,True
2023-12-02 00:00:00,1701475200000,228.5,230.1,224.8,229.0,456196.933,1701561599999,True
2023-12-03 00:00:00,1701561600000,229.1,231.9,225.9,228.1,594689.614,1701647999999,True
2023-12-04 00:00:00,1701648000000,228.1,237.4,224.8,233.5,1475825.971,1701734399999,True
2023-12-05 00:00:00,1701734400000,233.5,234.9,227.9,231.2,861796.38,1701820799999,True
2023-12-06 00:00:00,1701820800000,231.3,234.8,228.6,229.4,858794.132,1701907199999,True
2023-12-07 00:00:00,1701907200000,229.5,234.8,228.3,232.6,793571.247,1701993599999,True
2023-12-08 00:00:00,1701993600000,232.6,240.0,232.2,238.9,764638.52,1702079999999,True
2023-12-09 00:00:00,1702080000000,238.8,245.5,236.3,237.7,838098.223,1702166399999,True
2023-12-10 00:00:00,1702166400000,237.8,241.4,236.8,239.8,433591.534,1702252799999,True
2023-12-11 00:00:00,1702252800000,239.8,248.2,228.0,246.4,2010717.772,1702339199999,True
2023-12-12 00:00:00,1702339200000,246.4,257.3,245.5,254.6,1877670.629,1702425599999,True
2023-12-13 00:00:00,1702425600000,254.6,255.9,244.1,252.0,1149182.339,1702511999999,True
2023-12-14 00:00:00,1702512000000,252.1,254.0,247.7,253.3,818946.787,1702598399999,True
2023-12-15 00:00:00,1702598400000,253.2,253.4,242.6,244.9,655654.892,1702684799999,True
2023-12-16 00:00:00,1702684800000,244.9,248.4,242.7,244.4,444080.33,1702771199999,True
2023-12-17 00:00:00,1702771200000,244.4,244.5,238.8,238.8,464957.446,1702857599999,True
2023-12-18 00:00:00,1702857600000,238.9,241.7,232.0,241.7,876189.244,1702943999999,True
2023-12-19 00:00:00,1702944000000,241.7,254.8,241.3,252.9,1569167.394,1703030399999,True
2023-12-20 00:00:00,1703030400000,252.8,261.9,250.1,260.3,1116951.002,1703116799999,True
2023-12-21 00:00:00,1703116800000,260.4,274.9,256.2,272.1,1286767.653,1703203199999,True
2023-12-22 00:00:00,1703203200000,272.1,276.5,264.9,271.1,967819.921,1703289599999,True
2023-12-23 00:00:00,1703289600000,271.1,272.0,265.6,271.0,408213.412,1703375999999,True
2023-12-24 00:00:00,1703376000000,271.0,272.9,261.9,264.5,572645.135,1703462399999,True
2023-12-25 00:00:00,1703462400000,264.4,268.2,261.5,266.9,469743.423,1703548799999,True
2023-12-26 00:00:00,1703548800000,266.8,303.2,264.0,297.7,2356245.345,1703635199999,True
2023-12-27 00:00:00,1703635200000,297.7,324.4,285.1,324.1,2126454.61,1703721599999,True
2023-12-28 00:00:00,1703721600000,324.0,338.3,320.0,322.6,2249136.219,1703807999999,True
2023-12-29 00:00:00,1703808000000,322.6,325.6,307.0,313.7,1407022.74,1703894399999,True
2023-12-30 00:00:00,1703894400000,313.7,320.8,312.2,317.1,561853.413,1703980799999,True
2023-12-31 00:00:00,1703980800000,317.0,325.5,307.4,311.8,667097.557,1704067199999,True
2024-01-01 00:00:00,1704067200000,311.9,316.0,307.0,313.5,619455.158,1704153599999,True
2024-01-02 00:00:00,1704153600000,313.5,321.3,305.8,312.2,937764.737,1704239999999,True
2024-01-03 00:00:00,1704240000000,312.3,334.3,293.6,315.8,2132158.122,1704326399999,True
2024-01-04 00:00:00,1704326400000,315.9,324.3,310.9,323.7,1133774.957,1704412799999,True
2024-01-05 00:00:00,1704412800000,323.6,327.3,308.6,317.5,1157056.276,1704499199999,True
2024-01-06 00:00:00,1704499200000,317.6,317.6,300.2,307.5,909358.183,1704585599999,True
2024-01-07 00:00:00,1704585600000,307.6,310.0,300.0,302.4,498367.089,1704671999999,True
2024-01-08 00:00:00,1704672000000,302.5,308.1,290.0,303.7,984590.842,1704758399999,True
2024-01-09 00:00:00,1704758400000,303.6,306.8,295.7,301.1,1401490.155,1704844799999,True
2024-01-10 00:00:00,1704844800000,301.1,310.0,288.8,305.8,1032565.477,1704931199999,True
2024-01-11 00:00:00,1704931200000,305.7,316.8,301.4,308.2,1179601.543,1705017599999,True
2024-01-12 00:00:00,1705017600000,308.2,313.0,289.1,296.6,1003340.774,1705103999999,True
2024-01-13 00:00:00,1705104000000,296.7,303.1,290.8,302.2,436784.239,1705190399999,True
2024-01-14 00:00:00,1705190400000,302.2,306.7,298.7,299.5,393054.947,1705276799999,True
2024-01-15 00:00:00,1705276800000,299.4,320.6,299.4,317.5,1704540.89,1705363199999,True
2024-01-16 00:00:00,1705363200000,317.6,319.4,313.0,315.2,951149.445,1705449599999,True
2024-01-17 00:00:00,1705449600000,315.1,316.3,306.8,309.4,1071343.496,1705535999999,True
2024-01-18 00:00:00,1705536000000,309.3,315.6,305.7,313.0,921121.889,1705622399999,True
2024-01-19 00:00:00,1705622400000,313.0,316.2,305.0,314.7,835724.4,1705708799999,True
2024-01-20 00:00:00,1705708800000,314.7,317.3,312.2,317.2,326090.187,1705795199999,True
2024-01-21 00:00:00,1705795200000,317.3,321.7,316.1,318.6,359764.313,1705881599999,True
2024-01-22 00:00:00,1705881600000,318.7,320.3,303.6,305.9,704437.647,1705967999999,True
2024-01-23 00:00:00,1705968000000,305.9,311.7,290.3,298.8,928195.378,1706054399999,True
2024-01-24 00:00:00,1706054400000,298.8,300.7,290.3,293.1,802312.815,1706140799999,True
2024-01-25 00:00:00,1706140800000,293.0,296.7,287.5,292.1,1004156.719,1706227199999,True
2024-01-26 00:00:00,1706227200000,292.1,304.2,290.7,302.2,709942.404,1706313599999,True
2024-01-27 00:00:00,1706313600000,302.2,307.7,301.9,305.6,285357.667,1706399999999,True
2024-01-28 00:00:00,1706400000000,305.7,309.1,303.1,305.3,409403.057,1706486399999,True
2024-01-29 00:00:00,1706486400000,305.3,311.0,304.4,310.7,442799.505,1706572799999,True
2024-01-30 00:00:00,1706572800000,310.7,313.1,306.3,307.6,386375.467,1706659199999,True
2024-01-31 00:00:00,1706659200000,307.7,308.2,298.6,300.5,459007.698,1706745599999,True
2024-02-01 00:00:00,1706745600000,300.5,302.2,296.4,300.2,373269.789,1706831999999,True
2024-02-02 00:00:00,1706832000000,300.2,305.2,299.8,301.4,309501.649,1706918399999,True
2024-02-03 00:00:00,1706918400000,301.4,303.8,299.5,299.7,198730.962,1707004799999,True
2024-02-04 00:00:00,1707004800000,299.6,307.7,298.0,304.7,503405.323,1707091199999,True
2024-02-05 00:00:00,1707091200000,304.7,306.8,299.5,301.2,488672.271,1707177599999,True
2024-02-06 00:00:00,1707177600000,301.2,304.1,300.9,302.7,260762.321,1707263999999,True
2024-02-07 00:00:00,1707264000000,302.8,308.7,300.7,307.3,352421.789,1707350399999,True
2024-02-08 00:00:00,1707350400000,307.4,320.6,307.3,319.2,921496.502,1707436799999,True
2024-02-09 00:00:00,1707436800000,319.2,326.3,317.9,324.0,739178.081,1707523199999,True
2024-02-10 00:00:00,1707523200000,324.0,325.4,318.9,323.0,321477.064,1707609599999,True
2024-02-11 00:00:00,1707609600000,323.0,324.9,320.1,320.7,280308.105,1707695999999,True
2024-02-12 00:00:00,1707696000000,320.6,332.2,315.6,327.8,576734.162,1707782399999,True
2024-02-13 00:00:00,1707782400000,327.9,329.2,318.6,324.7,441545.83,1707868799999,True
2024-02-14 00:00:00,1707868800000,324.6,334.6,323.4,333.9,452466.98,1707955199999,True
2024-02-15 00:00:00,1707955200000,333.9,366.6,333.3,354.2,1361590.403,1708041599999,True
2024-02-16 00:00:00,1708041600000,354.3,366.8,349.1,360.4,1061855.986,1708127999999,True
2024-02-17 00:00:00,1708128000000,360.4,363.7,348.2,352.9,630266.52,1708214399999,True
2024-02-18 00:00:00,1708214400000,352.9,358.1,349.1,349.8,495667.634,1708300799999,True
2024-02-19 00:00:00,1708300800000,349.8,356.2,349.3,351.6,830917.534,1708387199999,True
2024-02-20 00:00:00,1708387200000,351.7,361.6,344.8,354.6,972650.558,1708473599999,True
2024-02-21 00:00:00,1708473600000,354.6,379.3,350.9,379.2,1701415.313,1708559999999,True
2024-02-22 00:00:00,1708560000000,379.2,387.3,373.7,382.6,1409647.481,1708646399999,True
2024-02-23 00:00:00,1708646400000,382.7,385.8,369.0,375.5,1027891.295,1708732799999,True
2024-02-24 00:00:00,1708732800000,375.5,383.3,371.7,381.7,444587.481,1708819199999,True
2024-02-25 00:00:00,1708819200000,381.6,391.0,377.6,388.5,643002.671,1708905599999,True
2024-02-26 00:00:00,1708905600000,388.5,404.9,382.0,401.6,1196262.204,1708991999999,True
2024-02-27 00:00:00,1708992000000,401.5,403.7,389.6,394.6,915873.073,1709078399999,True
2024-02-28 00:00:00,1709078400000,394.6,427.3,394.1,414.6,1348008.995,1709164799999,True
2024-02-29 00:00:00,1709164800000,414.7,419.7,391.1,399.4,1146024.362,1709251199999,True
2024-03-01 00:00:00,1709251200000,399.3,408.6,398.8,407.4,586580.611,1709337599999,True
2024-03-02 00:00:00,1709337600000,407.4,414.8,405.8,410.9,590018.543,1709423999999,True
2024-03-03 00:00:00,1709424000000,410.9,416.8,402.2,414.5,838274.346,1709510399999,True
2024-03-04 00:00:00,1709510400000,414.5,423.8,410.6,418.4,1045414.001,1709596799999,True
2024-03-05 00:00:00,1709596800000,418.5,427.2,356.1,394.1,2073303.79,1709683199999,True
2024-03-06 00:00:00,1709683200000,394.1,434.7,385.6,429.4,1804741.112,1709769599999,True
2024-03-07 00:00:00,1709769600000,429.4,476.8,423.2,474.6,1672134.41,1709855999999,True
2024-03-08 00:00:00,1709856000000,474.6,489.6,462.5,485.8,1660311.361,1709942399999,True
2024-03-09 00:00:00,1709942400000,485.8,493.8,480.7,488.3,852029.241,1710028799999,True
2024-03-10 00:00:00,1710028800000,488.3,537.5,484.8,528.9,1944137.084,1710115199999,True
2024-03-11 00:00:00,1710115200000,528.9,533.8,505.5,523.0,1608146.397,1710201599999,True
2024-03-12 00:00:00,1710201600000,523.0,548.5,519.0,537.5,1924767.687,1710287999999,True
2024-03-13 00:00:00,1710288000000,537.4,633.5,531.7,630.5,2526002.564,1710374399999,True
2024-03-14 00:00:00,1710374400000,630.5,631.5,565.5,603.2,2119540.3,1710460799999,True
2024-03-15 00:00:00,1710460800000,603.2,635.2,540.9,632.7,3066312.788,1710547199999,True
2024-03-16 00:00:00,1710547200000,632.7,645.2,567.2,576.4,1811838.042,1710633599999,True
2024-03-17 00:00:00,1710633600000,576.4,590.5,548.6,571.7,1712920.341,1710719999999,True
2024-03-18 00:00:00,1710720000000,571.7,587.7,540.1,555.4,2284301.814,1710806399999,True
2024-03-19 00:00:00,1710806400000,555.4,560.6,495.8,507.7,2551361.512,1710892799999,True
2024-03-20 00:00:00,1710892800000,507.7,559.0,500.0,556.8,1425296.579,1710979199999,True
2024-03-21 00:00:00,1710979200000,556.7,571.0,540.6,553.8,953921.372,1711065599999,True
2024-03-22 00:00:00,1711065600000,553.8,588.1,535.5,553.8,1181298.51,1711151999999,True
2024-03-23 00:00:00,1711152000000,553.8,567.7,543.4,551.9,608753.329,1711238399999,True
2024-03-24 00:00:00,1711238400000,551.9,573.0,548.7,567.7,442930.35,1711324799999,True
2024-03-25 00:00:00,1711324800000,567.8,598.0,564.4,587.0,802695.512,1711411199999,True
2024-03-26 00:00:00,1711411200000,587.1,597.0,571.9,580.4,569324.079,1711497599999,True
2024-03-27 00:00:00,1711497600000,580.4,585.6,560.3,574.3,531668.402,1711583999999,True
2024-03-28 00:00:00,1711584000000,574.2,591.7,574.1,583.4,503901.624,1711670399999,True
2024-03-29 00:00:00,1711670400000,583.4,620.0,582.1,612.5,1042401.169,1711756799999,True
2024-03-30 00:00:00,1711756800000,612.5,612.9,596.9,600.7,501020.148,1711843199999,True
2024-03-31 00:00:00,1711843200000,600.7,608.8,600.4,606.7,325136.967,1711929599999,True
2024-04-01 00:00:00,1711929600000,606.7,607.7,568.7,575.8,723114.09,1712015999999,True
2024-04-02 00:00:00,1712016000000,575.8,578.2,546.3,551.4,998260.814,1712102399999,True
2024-04-03 00:00:00,1712102400000,551.4,567.9,539.0,561.5,683925.233,1712188799999,True
2024-04-04 00:00:00,1712188800000,561.6,597.6,560.8,585.5,879640.68,1712275199999,True
2024-04-05 00:00:00,1712275200000,585.4,591.5,564.4,577.8,634206.619,1712361599999,True
2024-04-06 00:00:00,1712361600000,577.8,591.3,575.1,585.4,226975.996,1712447999999,True
2024-04-07 00:00:00,1712448000000,585.5,591.1,578.0,583.9,263849.216,1712534399999,True
2024-04-08 00:00:00,1712534400000,583.8,601.1,577.7,586.4,483568.312,1712620799999,True
2024-04-09 00:00:00,1712620800000,586.3,590.3,571.2,580.5,596275.792,1712707199999,True
2024-04-10 00:00:00,1712707200000,580.4,610.6,573.4,609.7,816050.7,1712793599999,True
2024-04-11 00:00:00,1712793600000,609.7,618.4,592.0,604.6,579678.194,1712879999999,True
2024-04-12 00:00:00,1712880000000,604.6,634.5,571.0,595.6,1517722.658,1712966399999,True
2024-04-13 00:00:00,1712966400000,595.6,600.2,508.0,553.1,1761628.473,1713052799999,True
2024-04-14 00:00:00,1713052800000,553.0,576.0,536.1,566.4,965488.003,1713139199999,True
2024-04-15 00:00:00,1713139200000,566.4,585.5,544.7,552.7,698443.303,1713225599999,True
2024-04-16 00:00:00,1713225600000,552.7,554.2,522.8,537.6,623668.813,1713311999999,True
2024-04-17 00:00:00,1713312000000,537.5,547.9,512.6,534.1,657909.358,1713398399999,True
2024-04-18 00:00:00,1713398400000,534.0,555.9,527.0,552.1,589697.296,1713484799999,True
2024-04-19 00:00:00,1713484800000,552.0,564.3,524.0,554.0,545504.183,1713571199999,True
2024-04-20 00:00:00,1713571200000,554.1,574.3,548.8,570.9,242132.859,1713657599999,True
2024-04-21 00:00:00,1713657600000,570.9,582.6,566.3,579.6,277755.724,1713743999999,True
2024-04-22 00:00:00,1713744000000,579.6,608.7,578.4,604.5,522892.157,1713830399999,True
2024-04-23 00:00:00,1713830400000,604.4,618.3,598.7,606.2,556883.344,1713916799999,True
2024-04-24 00:00:00,1713916800000,606.2,618.5,592.6,608.8,656953.677,1714003199999,True
2024-04-25 00:00:00,1714003200000,608.8,617.9,600.7,613.2,453745.517,1714089599999,True
2024-04-26 00:00:00,1714089600000,613.3,615.0,597.0,598.0,302119.884,1714175999999,True
2024-04-27 00:00:00,1714176000000,598.0,599.7,585.0,596.2,268783.912,1714262399999,True
2024-04-28 00:00:00,1714262400000,596.2,609.0,596.2,600.2,258059.431,1714348799999,True
2024-04-29 00:00:00,1714348800000,600.2,602.8,581.3,592.8,330474.005,1714435199999,True
2024-04-30 00:00:00,1714435200000,592.8,604.3,555.7,578.4,766513.446,1714521599999,True
2024-05-01 00:00:00,1714521600000,578.4,580.4,536.7,561.8,669027.318,1714607999999,True
2024-05-02 00:00:00,1714608000000,561.8,565.9,539.5,560.5,359794.315,1714694399999,True
2024-05-03 00:00:00,1714694400000,560.5,590.0,558.9,587.0,342906.433,1714780799999,True
2024-05-04 00:00:00,1714780800000,587.0,593.6,582.5,585.7,197129.251,1714867199999,True
2024-05-05 00:00:00,1714867200000,585.7,595.0,579.3,592.0,180458.236,1714953599999,True
2024-05-06 00:00:00,1714953600000,592.0,602.3,583.1,588.2,278669.005,1715039999999,True
2024-05-07 00:00:00,1715040000000,588.2,600.4,576.0,576.5,289488.709,1715126399999,True
2024-05-08 00:00:00,1715126400000,576.5,590.0,574.4,588.6,297016.617,1715212799999,True
2024-05-09 00:00:00,1715212800000,588.6,605.8,586.3,596.8,464857.601,1715299199999,True
2024-05-10 00:00:00,1715299200000,596.8,597.0,581.5,585.6,296215.516,1715385599999,True
2024-05-11 00:00:00,1715385600000,585.7,594.5,580.8,592.2,210698.305,1715471999999,True
2024-05-12 00:00:00,1715472000000,592.2,600.1,587.3,594.8,191190.562,1715558399999,True
2024-05-13 00:00:00,1715558400000,594.8,598.4,585.2,591.7,389810.286,1715644799999,True
2024-05-14 00:00:00,1715644800000,591.7,593.1,562.0,567.1,453308.316,1715731199999,True
2024-05-15 00:00:00,1715731200000,567.1,587.3,560.0,581.0,402812.993,1715817599999,True
2024-05-16 00:00:00,1715817600000,581.0,586.6,565.1,569.2,411937.056,1715903999999,True
2024-05-17 00:00:00,1715904000000,569.2,584.5,568.6,580.9,236919.616,1715990399999,True
2024-05-18 00:00:00,1715990400000,580.9,581.9,574.2,580.3,168074.711,1716076799999,True
2024-05-19 00:00:00,1716076800000,580.3,581.9,571.3,574.5,142157.485,1716163199999,True
2024-05-20 00:00:00,1716163200000,574.6,602.0,568.8,599.6,469252.806,1716249599999,True
2024-05-21 00:00:00,1716249600000,599.6,631.4,593.3,618.5,1023559.613,1716335999999,True
2024-05-22 00:00:00,1716336000000,618.5,626.3,610.1,614.8,404848.487,1716422399999,True
2024-05-23 00:00:00,1716422400000,614.8,617.5,580.0,599.3,607671.947,1716508799999,True
2024-05-24 00:00:00,1716508800000,599.4,605.5,588.3,600.3,251965.176,1716595199999,True
2024-05-25 00:00:00,1716595200000,600.3,606.7,599.5,602.4,121538.958,1716681599999,True
2024-05-26 00:00:00,1716681600000,602.3,605.4,598.0,600.2,122983.66,1716767999999,True
2024-05-27 00:00:00,1716768000000,600.3,614.4,599.6,603.9,229302.377,1716854399999,True
2024-05-28 00:00:00,1716854400000,603.9,606.0,593.8,601.7,284862.985,1716940799999,True
2024-05-29 00:00:00,1716940800000,601.7,603.6,593.1,595.7,212706.254,1717027199999,True
2024-05-30 00:00:00,1717027200000,595.7,602.2,586.5,595.1,225452.344,1717113599999,True
2024-05-31 00:00:00,1717113600000,595.1,599.0,590.0,593.7,168608.054,1717199999999,True
2024-06-01 00:00:00,1717200000000,593.8,608.4,593.1,601.9,156464.894,1717286399999,True
2024-06-02 00:00:00,1717286400000,601.9,606.0,596.0,602.9,198299.996,1717372799999,True
2024-06-03 00:00:00,1717372800000,602.8,638.8,601.2,626.4,654161.467,1717459199999,True
2024-06-04 00:00:00,1717459200000,626.4,688.2,624.8,685.7,736322.6803,1717545599999,True
2024-06-05 00:00:00,1717545600000,685.7,716.0,684.7,698.8,673820.5652,1717631999999,True
2024-06-06 00:00:00,1717632000000,698.8,721.8,692.0,711.2,544042.9592,1717718399999,True
2024-06-07 00:00:00,1717718400000,711.1,712.0,658.9,684.0,594753.99,1717804799999,True
2024-06-08 00:00:00,1717804800000,684.0,694.9,677.9,682.7,216849.473,1717891199999,True
2024-06-09 00:00:00,1717891200000,682.7,684.8,670.3,673.0,173565.78,1717977599999,True
2024-06-10 00:00:00,1717977600000,673.1,674.8,613.3,625.1,692122.616,1718063999999,True
2024-06-11 00:00:00,1718064000000,625.1,629.0,595.8,602.5,640655.92,1718150399999,True
2024-06-12 00:00:00,1718150400000,602.5,635.4,591.3,619.4,454148.661,1718236799999,True
2024-06-13 00:00:00,1718236800000,619.4,619.9,595.6,599.8,313465.472,1718323199999,True
2024-06-14 00:00:00,1718323200000,599.8,612.5,590.0,603.3,279802.085,1718409599999,True
2024-06-15 00:00:00,1718409600000,603.3,609.7,601.3,608.2,122650.197,1718495999999,True
2024-06-16 00:00:00,1718496000000,608.2,611.8,601.1,610.8,104827.154,1718582399999,True
2024-06-17 00:00:00,1718582400000,610.9,612.6,591.4,604.3,235509.028,1718668799999,True
2024-06-18 00:00:00,1718668800000,604.3,605.2,575.0,588.6,459142.573,1718755199999,True
2024-06-19 00:00:00,1718755200000,588.6,605.9,586.6,599.3,260529.062,1718841599999,True
2024-06-20 00:00:00,1718841600000,599.3,608.0,584.6,587.7,289498.772,1718927999999,True
2024-06-21 00:00:00,1718928000000,587.7,589.3,577.8,586.1,191182.614,1719014399999,True
2024-06-22 00:00:00,1719014400000,586.2,591.4,581.0,591.1,100439.584,1719100799999,True
2024-06-23 00:00:00,1719100800000,591.1,593.2,576.0,577.5,141025.834,1719187199999,True
2024-06-24 00:00:00,1719187200000,577.5,582.0,551.2,568.1,356915.248,1719273599999,True
2024-06-25 00:00:00,1719273600000,568.1,580.0,566.4,578.2,177300.699,1719359999999,True
2024-06-26 00:00:00,1719360000000,578.3,584.7,567.4,573.0,154770.344,1719446399999,True
2024-06-27 00:00:00,1719446400000,573.1,584.7,566.4,581.7,199582.231,1719532799999,True
2024-06-28 00:00:00,1719532800000,581.8,585.3,565.6,567.4,210308.565,1719619199999,True
2024-06-29 00:00:00,1719619200000,567.4,573.9,566.9,570.0,99951.169,1719705599999,True
2024-06-30 00:00:00,1719705600000,570.0,585.3,568.3,582.2,169894.148,1719791999999,True
2024-07-01 00:00:00,1719792000000,582.3,588.3,576.2,576.9,188481.951,1719878399999,True
2024-07-02 00:00:00,1719878400000,576.9,582.0,573.9,580.1,144561.934,1719964799999,True
2024-07-03 00:00:00,1719964800000,580.1,581.0,550.5,556.7,288318.808,1720051199999,True
2024-07-04 00:00:00,1720051200000,556.7,558.1,511.6,513.6,511359.494,1720137599999,True
2024-07-05 00:00:00,1720137600000,513.5,516.1,454.8,497.7,992708.164,1720223999999,True
2024-07-06 00:00:00,1720224000000,497.8,530.7,496.0,526.0,226597.141,1720310399999,True
2024-07-07 00:00:00,1720310400000,526.0,526.6,488.4,490.7,279027.459,1720396799999,True
2024-07-08 00:00:00,1720396800000,490.7,524.2,471.0,510.6,580970.096,1720483199999,True
2024-07-09 00:00:00,1720483200000,510.5,520.8,506.5,516.9,203358.601,1720569599999,True
2024-07-10 00:00:00,1720569600000,516.9,529.4,511.3,524.7,205460.208,1720655999999,True
2024-07-11 00:00:00,1720656000000,524.7,545.1,520.1,524.8,262788.577,1720742399999,True
2024-07-12 00:00:00,1720742400000,524.9,537.5,517.0,533.8,207870.778,1720828799999,True
2024-07-13 00:00:00,1720828800000,533.9,539.4,527.3,532.4,161128.431,1720915199999,True
2024-07-14 00:00:00,1720915200000,532.5,547.7,531.2,544.8,148566.273,1721001599999,True
2024-07-15 00:00:00,1721001600000,544.9,586.8,543.8,585.3,335372.772,1721087999999,True
2024-07-16 00:00:00,1721088000000,585.3,587.5,554.4,576.2,347825.03,1721174399999,True
2024-07-17 00:00:00,1721174400000,576.3,584.0,564.3,568.9,198271.205,1721260799999,True
2024-07-18 00:00:00,1721260800000,568.9,579.6,561.6,571.9,153121.784,1721347199999,True
2024-07-19 00:00:00,1721347200000,572.0,598.7,565.0,593.4,331877.529,1721433599999,True
2024-07-20 00:00:00,1721433600000,593.4,597.9,586.7,593.1,144679.404,1721519999999,True
2024-07-21 00:00:00,1721520000000,593.2,603.4,581.5,602.5,243931.763,1721606399999,True
2024-07-22 00:00:00,1721606400000,602.5,605.6,580.3,587.2,212452.69,1721692799999,True
2024-07-23 00:00:00,1721692800000,587.3,593.5,577.2,581.9,214355.311,1721779199999,True
2024-07-24 00:00:00,1721779200000,582.0,589.1,570.4,574.9,160535.208,1721865599999,True
2024-07-25 00:00:00,1721865600000,574.9,576.6,553.1,570.6,286997.522,1721951999999,True
2024-07-26 00:00:00,1721952000000,570.7,582.8,570.2,580.9,155492.92,1722038399999,True
2024-07-27 00:00:00,1722038400000,580.9,592.8,572.6,581.6,184468.855,1722124799999,True
2024-07-28 00:00:00,1722124800000,581.6,584.9,574.5,583.9,92606.642,1722211199999,True
2024-07-29 00:00:00,1722211200000,583.9,598.0,572.2,574.3,213824.089,1722297599999,True
2024-07-30 00:00:00,1722297600000,574.3,588.3,566.6,588.2,165024.413,1722383999999,True
2024-07-31 00:00:00,1722384000000,588.1,592.9,574.7,576.5,194701.723,1722470399999,True
2024-08-01 00:00:00,1722470400000,576.5,578.0,553.7,575.1,280418.865,1722556799999,True
2024-08-02 00:00:00,1722556800000,575.2,577.6,540.2,542.9,283605.001,1722643199999,True
2024-08-03 00:00:00,1722643200000,542.9,545.3,521.3,529.6,245777.525,1722729599999,True
2024-08-04 00:00:00,1722729600000,529.7,532.2,486.5,496.9,390238.285,1722815999999,True
2024-08-05 00:00:00,1722816000000,496.9,499.9,400.0,464.2,2114679.75,1722902399999,True
2024-08-06 00:00:00,1722902400000,464.3,494.4,463.5,484.8,458815.007,1722988799999,True
2024-08-07 00:00:00,1722988800000,484.9,497.7,468.1,475.0,322182.487,1723075199999,True
2024-08-08 00:00:00,1723075200000,475.0,521.7,467.5,517.1,286744.608,1723161599999,True
2024-08-09 00:00:00,1723161600000,517.2,518.4,498.7,508.7,195125.106,1723247999999,True
2024-08-10 00:00:00,1723248000000,508.7,525.4,507.2,523.1,126212.238,1723334399999,True
2024-08-11 00:00:00,1723334400000,523.2,535.8,502.3,503.4,206038.714,1723420799999,True
2024-08-12 00:00:00,1723420800000,503.5,524.0,499.2,518.2,285951.347,1723507199999,True
2024-08-13 00:00:00,1723507200000,518.3,527.0,513.1,524.2,255029.497,1723593599999,True
2024-08-14 00:00:00,1723593600000,524.2,531.9,515.4,523.4,220850.011,1723679999999,True
2024-08-15 00:00:00,1723680000000,523.4,533.9,510.0,519.2,229628.306,1723766399999,True
2024-08-16 00:00:00,1723766400000,519.2,524.5,509.9,519.7,174036.141,1723852799999,True
2024-08-17 00:00:00,1723852800000,519.7,547.7,518.3,541.6,196365.586,1723939199999,True
2024-08-18 00:00:00,1723939200000,541.7,542.6,530.8,531.2,148890.018,1724025599999,True
2024-08-19 00:00:00,1724025600000,531.3,560.7,529.1,558.4,233275.352,1724111999999,True
2024-08-20 00:00:00,1724112000000,558.5,574.9,558.2,569.4,422053.693,1724198399999,True
2024-08-21 00:00:00,1724198400000,569.4,575.1,546.1,570.1,345601.77,1724284799999,True
2024-08-22 00:00:00,1724284800000,570.2,590.0,559.7,582.9,365020.284,1724371199999,True
2024-08-23 00:00:00,1724371200000,583.0,600.6,574.3,591.7,387772.663,1724457599999,True
2024-08-24 00:00:00,1724457600000,591.7,592.4,574.6,580.5,325168.897,1724543999999,True
2024-08-25 00:00:00,1724544000000,580.5,583.9,569.0,573.9,195984.559,1724630399999,True
2024-08-26 00:00:00,1724630400000,573.9,575.6,546.7,548.2,280985.576,1724716799999,True
2024-08-27 00:00:00,1724716800000,548.3,558.3,520.5,533.3,298073.974,1724803199999,True
2024-08-28 00:00:00,1724803200000,533.3,546.8,522.4,537.0,269794.777,1724889599999,True
2024-08-29 00:00:00,1724889600000,537.0,545.5,530.9,536.4,166187.113,1724975999999,True
2024-08-30 00:00:00,1724976000000,536.4,543.4,522.0,535.2,197825.895,1725062399999,True
2024-08-31 00:00:00,1725062400000,535.2,541.5,531.1,532.9,95954.072,1725148799999,True
2024-09-01 00:00:00,1725148800000,532.9,533.2,507.7,512.4,203698.867,1725235199999,True
2024-09-02 00:00:00,1725235200000,512.3,530.2,501.5,526.3,262984.426,1725321599999,True
2024-09-03 00:00:00,1725321600000,526.4,538.4,517.9,518.7,224481.65,1725407999999,True
2024-09-04 00:00:00,1725408000000,518.8,523.7,495.8,507.6,435892.306,1725494399999,True
2024-09-05 00:00:00,1725494400000,507.6,512.9,496.7,502.4,177237.32,1725580799999,True
2024-09-06 00:00:00,1725580800000,502.4,509.9,471.3,487.2,357704.727,1725667199999,True
2024-09-07 00:00:00,1725667200000,487.3,499.5,482.9,493.5,140367.312,1725753599999,True
2024-09-08 00:00:00,1725753600000,493.6,506.9,490.7,503.1,135677.173,1725839999999,True
2024-09-09 00:00:00,1725840000000,503.2,525.7,501.7,518.7,207528.54,1725926399999,True
2024-09-10 00:00:00,1725926400000,518.7,524.3,509.2,517.0,161417.812,1726012799999,True
2024-09-11 00:00:00,1726012800000,517.0,535.4,506.5,530.1,204079.602,1726099199999,True
2024-09-12 00:00:00,1726099200000,530.2,548.7,530.0,544.5,273877.8,1726185599999,True
2024-09-13 00:00:00,1726185600000,544.6,559.7,538.7,556.4,276743.273,1726271999999,True
2024-09-14 00:00:00,1726272000000,556.4,559.2,547.5,553.3,138432.964,1726358399999,True
2024-09-15 00:00:00,1726358400000,553.4,561.9,546.0,553.4,205254.79,1726444799999,True
2024-09-16 00:00:00,1726444800000,553.4,555.2,527.0,533.7,267953.69,1726531199999,True
2024-09-17 00:00:00,1726531200000,533.7,552.7,529.0,546.2,195288.36,1726617599999,True
2024-09-18 00:00:00,1726617600000,546.2,559.7,536.8,559.5,201182.985,1726703999999,True
2024-09-19 00:00:00,1726704000000,559.5,572.2,553.0,567.0,308427.742,1726790399999,True
2024-09-20 00:00:00,1726790400000,566.9,577.1,555.0,569.0,257077.709,1726876799999,True
2024-09-21 00:00:00,1726876800000,569.1,590.0,566.4,588.6,208752.23,1726963199999,True
2024-09-22 00:00:00,1726963200000,588.7,594.6,576.4,588.7,202978.791,1727049599999,True
2024-09-23 00:00:00,1727049600000,588.7,616.0,583.4,604.5,376010.207,1727135999999,True
2024-09-24 00:00:00,1727136000000,604.5,613.4,598.5,605.9,261622.131,1727222399999,True
2024-09-25 00:00:00,1727222400000,605.8,608.3,584.2,587.4,220793.948,1727308799999,True
2024-09-26 00:00:00,1727308800000,587.5,609.0,580.8,596.3,334337.474,1727395199999,True
2024-09-27 00:00:00,1727395200000,596.3,614.7,596.0,606.8,356901.64,1727481599999,True
2024-09-28 00:00:00,1727481600000,606.9,618.6,594.5,601.1,262593.381,1727567999999,True
2024-09-29 00:00:00,1727568000000,601.1,602.8,592.4,595.6,160103.084,1727654399999,True
2024-09-30 00:00:00,1727654400000,595.6,595.8,563.5,567.4,324086.737,1727740799999,True
2024-10-01 00:00:00,1727740800000,567.4,583.1,536.8,547.3,476372.945,1727827199999,True
2024-10-02 00:00:00,1727827200000,547.2,558.3,535.4,542.5,282193.663,1727913599999,True
2024-10-03 00:00:00,1727913600000,542.5,550.8,534.3,544.8,220702.342,1727999999999,True
2024-10-04 00:00:00,1728000000000,544.8,557.8,541.8,555.3,186169.628,1728086399999,True
2024-10-05 00:00:00,1728086400000,555.3,565.2,551.6,563.0,124906.382,1728172799999,True
2024-10-06 00:00:00,1728172800000,563.0,571.9,561.1,570.3,106787.34,1728259199999,True
2024-10-07 00:00:00,1728259200000,570.4,581.8,563.5,564.3,213046.676,1728345599999,True
2024-10-08 00:00:00,1728345600000,564.4,586.8,559.5,580.8,286276.177,1728431999999,True
2024-10-09 00:00:00,1728432000000,580.8,586.0,566.2,570.7,324396.054,1728518399999,True
2024-10-10 00:00:00,1728518400000,570.8,572.9,551.5,563.9,178198.309,1728604799999,True
2024-10-11 00:00:00,1728604800000,563.8,577.5,560.1,573.6,185095.358,1728691199999,True
2024-10-12 00:00:00,1728691200000,573.7,579.2,573.6,576.6,135773.959,1728777599999,True
2024-10-13 00:00:00,1728777600000,576.6,578.5,564.9,572.2,118779.976,1728863999999,True
2024-10-14 00:00:00,1728864000000,572.3,592.3,558.9,589.1,252803.176,1728950399999,True
2024-10-15 00:00:00,1728950400000,589.0,599.9,577.7,594.5,324305.897,1729036799999,True
2024-10-16 00:00:00,1729036800000,594.6,605.5,589.7,600.9,259951.129,1729123199999,True
2024-10-17 00:00:00,1729123200000,601.0,606.3,585.1,592.9,194199.416,1729209599999,True
2024-10-18 00:00:00,1729209600000,592.9,602.4,591.8,599.2,136743.669,1729295999999,True
2024-10-19 00:00:00,1729296000000,599.3,601.4,595.4,597.7,78940.239,1729382399999,True
2024-10-20 00:00:00,1729382400000,597.8,607.3,593.1,605.9,123572.057,1729468799999,True
2024-10-21 00:00:00,1729468800000,605.9,611.8,591.5,598.8,275880.778,1729555199999,True
2024-10-22 00:00:00,1729555200000,598.8,609.0,587.0,593.8,203756.934,1729641599999,True
2024-10-23 00:00:00,1729641600000,593.8,595.0,573.0,584.9,225698.465,1729727999999,True
2024-10-24 00:00:00,1729728000000,584.9,598.0,583.3,594.5,145781.537,1729814399999,True
2024-10-25 00:00:00,1729814400000,594.5,597.6,565.8,575.3,254214.693,1729900799999,True
2024-10-26 00:00:00,1729900800000,575.3,587.1,571.6,583.4,119987.437,1729987199999,True
2024-10-27 00:00:00,1729987200000,583.4,591.0,581.7,589.2,94455.099,1730073599999,True
2024-10-28 00:00:00,1730073600000,589.3,604.6,585.5,601.1,189815.882,1730159999999,True
2024-10-29 00:00:00,1730160000000,601.1,612.2,599.9,606.3,301555.357,1730246399999,True
2024-10-30 00:00:00,1730246400000,606.3,606.7,594.1,595.6,186706.281,1730332799999,True
2024-10-31 00:00:00,1730332800000,595.5,596.5,571.1,576.6,279156.175,1730419199999,True
2024-11-01 00:00:00,1730419200000,576.5,585.5,567.7,573.1,242255.184,1730505599999,True
2024-11-02 00:00:00,1730505600000,573.1,577.2,562.4,568.6,143716.603,1730591999999,True
2024-11-03 00:00:00,1730592000000,568.6,569.3,547.0,557.7,217508.468,1730678399999,True
2024-11-04 00:00:00,1730678400000,557.7,564.8,543.6,552.5,264951.833,1730764799999,True
2024-11-05 00:00:00,1730764800000,552.51,572.8,551.22,563.21,211437.753,1730851199999,True
2024-11-06 00:00:00,1730851200000,563.21,595.0,563.0,592.22,535934.927,1730937599999,True
2024-11-07 00:00:00,1730937600000,592.22,611.2,587.01,598.26,377600.506,1731023999999,True
2024-11-08 00:00:00,1731024000000,598.27,605.9,588.1,597.82,318752.718,1731110399999,True
2024-11-09 00:00:00,1731110400000,597.82,638.0,597.51,624.66,772172.655,1731196799999,True
2024-11-10 00:00:00,1731196800000,624.67,644.2,611.62,627.33,812783.747,1731283199999,True
2024-11-11 00:00:00,1731283200000,627.34,665.54,613.0,659.63,1006384.738,1731369599999,True
2024-11-12 00:00:00,1731369600000,659.63,667.4,610.0,625.33,1166459.013,1731455999999,True
2024-11-13 00:00:00,1731456000000,625.42,638.06,598.6,620.68,1034672.114,1731542399999,True
2024-11-14 00:00:00,1731542400000,620.68,660.4,610.5,622.3,1060649.7,1731628799999,True
2024-11-15 00:00:00,1731628800000,622.3,628.3,603.4,619.37,654908.221,1731715199999,True
2024-11-16 00:00:00,1731715200000,619.37,633.7,617.5,622.69,447887.923,1731801599999,True
2024-11-17 00:00:00,1731801600000,622.69,647.6,605.2,618.9,595820.376,1731887999999,True
2024-11-18 00:00:00,1731888000000,618.93,630.91,612.1,618.93,483382.136,1731974399999,True
2024-11-19 00:00:00,1731974400000,618.93,621.41,605.21,615.5,420441.21,1732060799999,True
2024-11-20 00:00:00,1732060800000,615.49,620.78,600.0,605.39,411142.628,1732147199999,True
2024-11-21 00:00:00,1732147200000,605.39,629.37,593.05,621.86,647295.158,1732233599999,True
2024-11-22 00:00:00,1732233600000,621.86,639.64,615.05,633.0,582665.923,1732319999999,True
2024-11-23 00:00:00,1732320000000,633.0,680.0,631.1,650.42,1071184.972,1732406399999,True
2024-11-24 00:00:00,1732406400000,650.42,687.75,637.08,659.65,914571.368,1732492799999,True
2024-11-25 00:00:00,1732492800000,659.65,676.79,626.43,636.2,783511.29,1732579199999,True
2024-11-26 00:00:00,1732579200000,636.16,645.57,600.02,613.51,814621.938,1732665599999,True
2024-11-27 00:00:00,1732665600000,613.5,646.75,607.79,644.14,629623.885,1732751999999,True
2024-11-28 00:00:00,1732752000000,644.15,664.68,639.79,653.83,684789.628,1732838399999,True
2024-11-29 00:00:00,1732838400000,653.84,663.8,648.42,654.67,429893.73,1732924799999,True
2024-11-30 00:00:00,1732924800000,654.67,677.2,648.0,653.43,545812.569,1733011199999,True
2024-12-01 00:00:00,1733011200000,653.44,664.17,645.16,655.99,434417.253,1733097599999,True
2024-12-02 00:00:00,1733097600000,656.0,667.2,627.99,647.82,771630.192,1733183999999,True
2024-12-03 00:00:00,1733184000000,647.83,750.01,622.85,734.64,1575647.798,1733270399999,True
2024-12-04 00:00:00,1733270400000,734.64,793.86,720.0,739.53,2092976.428,1733356799999,True
2024-12-05 00:00:00,1733356800000,739.54,739.9,690.0,717.1,1159099.388,1733443199999,True
2024-12-06 00:00:00,1733443200000,717.1,745.93,705.06,730.22,747138.475,1733529599999,True
2024-12-07 00:00:00,1733529600000,730.22,761.0,729.69,749.72,445276.173,1733615999999,True
2024-12-08 00:00:00,1733616000000,749.71,757.26,727.47,742.0,343120.564,1733702399999,True
2024-12-09 00:00:00,1733702400000,742.0,742.5,642.0,689.19,1068109.724,1733788799999,True
2024-12-10 00:00:00,1733788800000,689.2,704.92,649.13,676.8,984801.75,1733875199999,True
2024-12-11 00:00:00,1733875200000,676.8,713.0,658.54,711.21,526819.302,1733961599999,True
2024-12-12 00:00:00,1733961600000,711.2,725.61,699.36,705.77,576876.965,1734047999999,True
2024-12-13 00:00:00,1734048000000,705.77,729.88,696.8,725.72,548598.294,1734134399999,True
2024-12-14 00:00:00,1734134400000,725.73,732.11,705.01,715.79,341929.145,1734220799999,True
2024-12-15 00:00:00,1734220800000,715.8,724.08,702.66,718.87,282457.795,1734307199999,True
2024-12-16 00:00:00,1734307200000,718.87,730.0,704.16,720.58,483844.553,1734393599999,True
2024-12-17 00:00:00,1734393600000,720.58,737.37,712.24,717.69,502868.872,1734479999999,True
2024-12-18 00:00:00,1734480000000,717.7,722.0,681.0,686.38,726576.022,1734566399999,True
2024-12-19 00:00:00,1734566400000,686.39,705.57,648.63,665.62,840266.48,1734652799999,True
2024-12-20 00:00:00,1734652800000,665.61,680.58,618.69,678.6,982349.406,1734739199999,True
2024-12-21 00:00:00,1734739200000,678.6,693.39,652.0,663.49,529437.789,1734825599999,True
2024-12-22 00:00:00,1734825600000,663.5,669.71,639.37,649.77,333704.376,1734911999999,True
2024-12-23 00:00:00,1734912000000,649.77,698.5,638.1,694.16,606364.091,1734998399999,True
2024-12-24 00:00:00,1734998400000,694.16,699.0,682.68,696.9,386936.217,1735084799999,True
2024-12-25 00:00:00,1735084800000,696.89,713.28,695.94,702.72,232510.25,1735171199999,True
2024-12-26 00:00:00,1735171200000,702.71,719.99,683.0,689.4,381100.002,1735257599999,True
2024-12-27 00:00:00,1735257600000,689.4,718.88,685.73,691.85,347156.043,1735343999999,True
2024-12-28 00:00:00,1735344000000,691.86,731.24,691.3,722.13,344251.861,1735430399999,True
2024-12-29 00:00:00,1735430400000,722.13,724.7,690.0,694.71,241528.144,1735516799999,True
2024-12-30 00:00:00,1735516800000,694.71,712.2,687.75,705.36,297267.103,1735603199999,True
2024-12-31 00:00:00,1735603200000,705.35,714.99,698.48,702.3,235464.832,1735689599999,True
2025-01-01 00:00:00,1735689600000,702.31,711.5,700.3,707.84,135703.339,1735775999999,True
2025-01-02 00:00:00,1735776000000,707.84,715.8,698.04,706.25,292533.811,1735862399999,True
2025-01-03 00:00:00,1735862400000,706.24,715.69,697.03,714.88,291701.675,1735948799999,True
2025-01-04 00:00:00,1735948800000,714.87,721.84,707.82,713.41,167274.262,1736035199999,True
2025-01-05 00:00:00,1736035200000,713.41,713.93,702.51,709.29,115144.345,1736121599999,True
2025-01-06 00:00:00,1736121600000,709.29,745.29,705.91,729.42,357347.859,1736207999999,True
2025-01-07 00:00:00,1736208000000,729.42,733.33,691.2,698.01,436096.682,1736294399999,True
2025-01-08 00:00:00,1736294400000,698.0,707.46,674.72,696.03,427277.957,1736380799999,True
2025-01-09 00:00:00,1736380800000,696.03,701.72,675.12,685.48,331906.578,1736467199999,True
2025-01-10 00:00:00,1736467200000,685.47,700.69,683.18,693.21,234590.487,1736553599999,True
2025-01-11 00:00:00,1736553600000,693.21,701.47,690.39,696.7,87734.79,1736639999999,True
2025-01-12 00:00:00,1736640000000,696.71,698.63,689.8,693.34,78211.295,1736726399999,True
2025-01-13 00:00:00,1736726400000,693.35,700.0,660.0,688.64,386629.943,1736812799999,True
2025-01-14 00:00:00,1736812800000,688.64,699.97,686.3,698.89,159723.609,1736899199999,True
2025-01-15 00:00:00,1736899200000,698.89,715.0,688.45,714.59,282718.752,1736985599999,True
2025-01-16 00:00:00,1736985600000,714.59,717.5,700.5,708.1,268104.726,1737071999999,True
2025-01-17 00:00:00,1737072000000,708.1,729.97,708.1,721.76,289751.278,1737158399999,True
2025-01-18 00:00:00,1737158400000,721.76,723.32,695.0,709.52,370480.456,1737244799999,True
2025-01-19 00:00:00,1737244800000,709.52,714.6,676.0,683.19,712985.298,1737331199999,True
2025-01-20 00:00:00,1737331200000,683.2,709.38,671.0,682.51,668236.487,1737417599999,True
2025-01-21 00:00:00,1737417600000,682.51,697.0,675.01,692.21,294203.471,1737503999999,True
2025-01-22 00:00:00,1737504000000,692.21,704.13,689.93,695.52,218410.233,1737590399999,True
2025-01-23 00:00:00,1737590400000,695.52,697.65,680.26,689.74,331191.456,1737676799999,True
2025-01-24 00:00:00,1737676800000,689.73,691.31,678.75,680.45,280584.305,1737763199999,True
2025-01-25 00:00:00,1737763200000,680.45,689.56,677.68,686.4,140203.276,1737849599999,True
2025-01-26 00:00:00,1737849600000,686.4,690.82,664.64,667.37,195887.168,1737935999999,True
2025-01-27 00:00:00,1737936000000,667.36,680.53,637.79,679.74,486667.795,1738022399999,True
2025-01-28 00:00:00,1738022400000,679.75,682.88,659.4,661.29,202591.474,1738108799999,True
2025-01-29 00:00:00,1738108800000,661.28,680.01,659.37,667.97,255536.138,1738195199999,True
2025-01-30 00:00:00,1738195200000,667.97,682.99,666.0,677.53,145419.421,1738281599999,True
2025-01-31 00:00:00,1738281600000,677.53,689.44,673.5,677.47,190707.861,1738367999999,True
2025-02-01 00:00:00,1738368000000,677.48,681.56,650.73,652.94,177371.372,1738454399999,True
2025-02-02 00:00:00,1738454400000,652.94,663.22,600.0,617.8,506728.603,1738540799999,True
2025-02-03 00:00:00,1738540800000,617.8,619.19,500.0,617.21,1340856.885,1738627199999,True
2025-02-04 00:00:00,1738627200000,617.21,619.24,557.88,572.69,549571.473,1738713599999,True
2025-02-05 00:00:00,1738713600000,572.69,580.0,561.22,569.55,227055.225,1738799999999,True
2025-02-06 00:00:00,1738800000000,569.55,589.99,568.87,571.72,334342.953,1738886399999,True
2025-02-07 00:00:00,1738886400000,571.71,589.9,570.58,577.71,222673.88,1738972799999,True
2025-02-08 00:00:00,1738972800000,577.7,633.73,573.62,612.39,490805.546,1739059199999,True
2025-02-09 00:00:00,1739059200000,612.39,648.13,602.4,615.81,774091.071,1739145599999,True
2025-02-10 00:00:00,1739145600000,615.81,622.42,596.24,618.65,360129.038,1739231999999,True
2025-02-11 00:00:00,1739232000000,618.65,646.94,615.08,642.11,488539.291,1739318399999,True
2025-02-12 00:00:00,1739318400000,642.12,705.48,626.88,696.93,822216.623,1739404799999,True
2025-02-13 00:00:00,1739404800000,696.92,732.0,658.28,664.72,1766921.695,1739491199999,True
2025-02-14 00:00:00,1739491200000,664.73,684.86,652.0,659.71,650460.875,1739577599999,True
2025-02-15 00:00:00,1739577600000,659.72,671.43,653.46,662.21,255950.897,1739663999999,True
2025-02-16 00:00:00,1739664000000,662.21,686.04,653.11,673.1,362205.963,1739750399999,True
2025-02-17 00:00:00,1739750400000,673.1,682.29,657.99,667.51,323350.276,1739836799999,True
2025-02-18 00:00:00,1739836800000,667.52,668.3,629.65,648.18,366356.988,1739923199999,True
2025-02-19 00:00:00,1739923200000,648.19,664.44,636.99,653.38,352798.243,1740009599999,True
2025-02-20 00:00:00,1740009600000,653.38,659.03,645.88,656.36,215894.368,1740095999999,True
2025-02-21 00:00:00,1740096000000,656.36,668.5,635.0,647.47,317327.155,1740182399999,True
2025-02-22 00:00:00,1740182400000,647.47,679.9,645.21,668.57,297923.184,1740268799999,True
2025-02-23 00:00:00,1740268800000,668.57,671.1,648.49,658.42,166658.013,1740355199999,True
2025-02-24 00:00:00,1740355200000,658.41,659.56,610.6,614.2,360147.153,1740441599999,True
2025-02-25 00:00:00,1740441600000,614.19,628.7,586.0,623.49,647434.612,1740527999999,True
2025-02-26 00:00:00,1740528000000,623.49,632.14,594.07,611.57,428035.431,1740614399999,True
2025-02-27 00:00:00,1740614400000,611.57,619.77,595.84,605.41,295518.116,1740700799999,True
2025-02-28 00:00:00,1740700800000,605.41,606.33,559.71,588.07,600999.319,1740787199999,True
2025-03-01 00:00:00,1740787200000,588.07,609.48,586.4,607.93,292254.356,1740873599999,True
2025-03-02 00:00:00,1740873600000,607.94,635.01,601.5,623.94,469069.23,1740959999999,True
2025-03-03 00:00:00,1740960000000,623.94,624.36,567.5,576.1,497949.879,1741046399999,True
2025-03-04 00:00:00,1741046400000,576.09,588.75,546.83,584.01,488869.851,1741132799999,True
2025-03-05 00:00:00,1741132800000,584.01,606.06,580.57,598.24,206205.988,1741219199999,True
2025-03-06 00:00:00,1741219200000,598.25,612.9,589.2,596.5,223701.39,1741305599999,True
2025-03-07 00:00:00,1741305600000,596.49,610.2,577.23,594.77,289363.933,1741391999999,True
2025-03-08 00:00:00,1741392000000,594.77,602.77,590.11,593.1,117220.631,1741478399999,True
2025-03-09 00:00:00,1741478400000,593.1,593.1,550.2,554.65,246382.904,1741564799999,True
2025-03-10 00:00:00,1741564800000,554.65,573.4,523.01,531.49,410154.62,1741651199999,True
2025-03-11 00:00:00,1741651200000,531.49,566.0,507.0,551.61,691870.521,1741737599999,True
2025-03-12 00:00:00,1741737600000,551.61,574.95,544.63,569.87,367224.211,1741823999999,True
2025-03-13 00:00:00,1741824000000,569.87,613.71,567.99,579.8,647497.028,1741910399999,True
2025-03-14 00:00:00,1741910400000,579.8,589.81,576.61,587.76,213012.082,1741996799999,True
2025-03-15 00:00:00,1741996800000,587.76,619.96,587.49,619.83,254324.009,1742083199999,True
2025-03-16 00:00:00,1742083200000,619.82,622.8,593.06,602.2,255774.316,1742169599999,True
2025-03-17 00:00:00,1742169600000,602.21,643.72,602.04,631.69,591668.184,1742255999999,True
2025-03-18 00:00:00,1742256000000,631.68,643.33,620.28,627.81,443437.833,1742342399999,True
2025-03-19 00:00:00,1742342400000,627.81,628.2,604.36,618.7,399993.645,1742428799999,True
2025-03-20 00:00:00,1742428800000,618.71,637.75,616.55,630.47,578472.125,1742515199999,True
2025-03-21 00:00:00,1742515200000,630.47,637.8,624.92,635.17,262205.569,1742601599999,True
2025-03-22 00:00:00,1742601600000,635.16,636.1,623.79,627.01,140206.083,1742687999999,True
2025-03-23 00:00:00,1742688000000,627.01,629.14,619.5,623.79,155602.578,1742774399999,True
2025-03-24 00:00:00,1742774400000,623.8,639.5,618.0,637.08,307575.991,1742860799999,True
2025-03-25 00:00:00,1742860800000,637.08,644.88,627.05,629.82,554571.557,1742947199999,True
2025-03-26 00:00:00,1742947200000,629.82,634.01,615.3,617.99,222093.835,1743033599999,True
2025-03-27 00:00:00,1743033600000,618.0,642.5,617.2,637.36,743401.847,1743119999999,True
2025-03-28 00:00:00,1743120000000,637.36,637.51,616.0,619.81,317817.16,1743206399999,True
2025-03-29 00:00:00,1743206400000,619.81,623.84,596.97,602.99,254422.261,1743292799999,True
2025-03-30 00:00:00,1743292800000,603.0,613.37,593.58,602.2,195649.405,1743379199999,True
2025-03-31 00:00:00,1743379200000,602.2,608.89,587.26,604.81,254764.269,1743465599999,True
2025-04-01 00:00:00,1743465600000,604.81,618.54,604.46,611.13,565603.069,1743551999999,True
2025-04-02 00:00:00,1743552000000,611.12,614.0,584.85,590.68,399507.957,1743638399999,True
2025-04-03 00:00:00,1743638400000,590.67,610.58,578.46,592.67,507928.514,1743724799999,True
2025-04-04 00:00:00,1743724800000,592.68,600.0,585.0,597.71,177145.405,1743811199999,True
2025-04-05 00:00:00,1743811200000,597.71,599.0,588.71,593.13,85938.079,1743897599999,True
2025-04-06 00:00:00,1743897600000,593.13,593.78,544.17,555.54,332256.265,1743983999999,True
2025-04-07 00:00:00,1743984000000,555.55,567.6,520.0,554.6,727293.86,1744070399999,True
2025-04-08 00:00:00,1744070400000,554.6,566.0,547.64,553.72,212191.86,1744156799999,True
2025-04-09 00:00:00,1744156800000,553.72,585.97,534.3,582.32,378370.127,1744243199999,True
2025-04-10 00:00:00,1744243200000,582.32,583.58,566.17,578.03,369219.863,1744329599999,True
2025-04-11 00:00:00,1744329600000,578.03,590.36,575.7,585.93,174700.72,1744415999999,True
2025-04-12 00:00:00,1744416000000,585.93,600.48,584.0,597.29,151268.708,1744502399999,True
2025-04-13 00:00:00,1744502400000,597.3,598.67,580.32,584.28,144896.285,1744588799999,True
2025-04-14 00:00:00,1744588800000,584.29,593.1,583.14,584.54,153827.795,1744675199999,True
2025-04-15 00:00:00,1744675200000,584.53,590.84,579.38,579.52,141640.579,1744761599999,True
2025-04-16 00:00:00,1744761600000,579.52,587.0,576.0,582.8,174537.948,1744847999999,True
2025-04-17 00:00:00,1744848000000,582.8,592.97,581.0,590.49,151848.259,1744934399999,True
2025-04-18 00:00:00,1744934400000,590.5,596.08,587.08,591.71,191575.748,1745020799999,True
2025-04-19 00:00:00,1745020800000,591.7,594.49,587.7,591.73,96609.003,1745107199999,True
2025-04-20 00:00:00,1745107200000,591.74,595.23,587.5,592.77,115343.598,1745193599999,True
2025-04-21 00:00:00,1745193600000,592.77,608.52,592.53,597.34,171926.422,1745279999999,True
2025-04-22 00:00:00,1745280000000,597.32,619.9,595.0,618.51,285468.164,1745366399999,True
2025-04-23 00:00:00,1745366400000,618.5,619.99,601.38,605.71,314125.448,1745452799999,True
2025-04-24 00:00:00,1745452800000,605.72,606.78,592.59,601.55,204214.28,1745539199999,True
2025-04-25 00:00:00,1745539200000,601.56,610.35,597.2,599.91,257426.554,1745625599999,True
2025-04-26 00:00:00,1745625600000,599.9,609.25,599.34,607.23,137533.142,1745711999999,True
2025-04-27 00:00:00,1745712000000,607.23,608.68,597.0,603.46,121784.476,1745798399999,True
2025-04-28 00:00:00,1745798400000,603.46,608.27,598.2,606.16,143778.008,1745884799999,True
2025-04-29 00:00:00,1745884800000,606.16,610.75,598.1,601.0,236809.997,1745971199999,True
2025-04-30 00:00:00,1745971200000,601.0,604.44,591.42,599.88,210580.664,1746057599999,True
2025-05-01 00:00:00,1746057600000,599.88,605.28,598.14,599.63,156229.229,1746143999999,True
2025-05-02 00:00:00,1746144000000,599.64,603.61,595.12,600.69,141344.865,1746230399999,True
2025-05-03 00:00:00,1746230400000,600.69,601.2,595.23,599.36,100770.294,1746316799999,True
2025-05-04 00:00:00,1746316800000,599.36,600.49,584.7,586.03,143960.835,1746403199999,True
2025-05-05 00:00:00,1746403200000,586.02,599.98,583.55,597.61,201100.589,1746489599999,True
2025-05-06 00:00:00,1746489600000,597.61,603.18,593.23,602.57,214613.107,1746575999999,True
2025-05-07 00:00:00,1746576000000,602.57,609.07,597.89,602.7,194088.591,1746662399999,True
2025-05-08 00:00:00,1746662400000,602.7,629.33,600.8,629.17,384267.525,1746748799999,True
2025-05-09 00:00:00,1746748800000,629.17,671.15,623.12,666.29,480734.869,1746835199999,True
2025-05-10 00:00:00,1746835200000,666.29,678.95,648.83,663.9,444595.43,1746921599999,True
2025-05-11 00:00:00,1746921600000,663.9,668.49,647.83,651.15,319998.959,1747007999999,True
2025-05-12 00:00:00,1747008000000,651.15,693.0,647.31,660.07,586386.945,1747094399999,True
2025-05-13 00:00:00,1747094400000,660.08,672.0,640.66,664.13,416309.75,1747180799999,True
2025-05-14 00:00:00,1747180800000,664.12,667.33,647.15,652.47,290029.994,1747267199999,True
2025-05-15 00:00:00,1747267200000,652.47,661.0,642.29,651.88,313560.813,1747353599999,True
2025-05-16 00:00:00,1747353600000,651.88,659.97,644.0,646.76,200793.607,1747439999999,True
2025-05-17 00:00:00,1747440000000,646.76,646.9,635.05,639.51,141777.711,1747526399999,True
2025-05-18 00:00:00,1747526400000,639.5,655.19,634.39,651.53,189475.296,1747612799999,True
2025-05-19 00:00:00,1747612800000,651.54,653.53,633.51,649.62,210901.52,1747699199999,True
2025-05-20 00:00:00,1747699200000,649.62,653.75,640.14,650.0,169584.291,1747785599999,True
2025-05-21 00:00:00,1747785600000,650.0,678.0,648.49,673.31,470531.895,1747871999999,True
2025-05-22 00:00:00,1747872000000,673.31,690.02,673.0,686.57,390007.996,1747958399999,True
2025-05-23 00:00:00,1747958400000,686.57,691.35,652.19,656.98,343668.707,1748044799999,True
2025-05-24 00:00:00,1748044800000,656.99,677.47,655.4,668.01,165142.039,1748131199999,True
2025-05-25 00:00:00,1748131200000,668.0,671.67,657.1,669.44,169208.322,1748217599999,True
2025-05-26 00:00:00,1748217600000,669.45,678.33,668.22,674.29,180148.252,1748303999999,True
2025-05-27 00:00:00,1748304000000,674.3,697.73,666.56,686.91,326163.491,1748390399999,True
2025-05-28 00:00:00,1748390400000,686.9,689.22,680.04,686.89,211875.743,1748476799999,True
2025-05-29 00:00:00,1748476800000,686.89,691.24,673.33,675.02,260985.136,1748563199999,True
2025-05-30 00:00:00,1748563200000,675.02,678.5,653.22,655.36,218723.509,1748649599999,True
2025-05-31 00:00:00,1748649600000,655.36,661.42,645.04,658.01,158379.39,1748735999999,True
2025-06-01 00:00:00,1748736000000,658.01,662.48,647.58,660.77,131807.448,1748822399999,True
2025-06-02 00:00:00,1748822400000,660.77,667.0,650.05,665.93,143785.605,1748908799999,True
2025-06-03 00:00:00,1748908800000,665.93,673.43,657.11,661.59,158377.459,1748995199999,True
2025-06-04 00:00:00,1748995200000,661.6,671.76,660.84,663.23,124473.802,1749081599999,True
2025-06-05 00:00:00,1749081600000,663.24,670.92,625.44,633.32,271543.149,1749167999999,True
2025-06-06 00:00:00,1749168000000,633.33,651.51,629.38,642.7,169535.957,1749254399999,True
2025-06-07 00:00:00,1749254400000,642.71,653.81,639.69,650.82,90666.37,1749340799999,True
2025-06-08 00:00:00,1749340800000,650.82,656.39,646.49,652.0,72300.314,1749427199999,True
2025-06-09 00:00:00,1749427200000,652.0,667.74,648.01,665.58,127272.158,1749513599999,True
2025-06-10 00:00:00,1749513600000,665.58,674.0,657.26,673.51,176645.056,1749599999999,True
2025-06-11 00:00:00,1749600000000,673.51,674.8,662.2,667.43,177934.085,1749686399999,True
2025-06-12 00:00:00,1749686400000,667.42,669.93,651.91,654.75,152793.975,1749772799999,True
2025-06-13 00:00:00,1749772800000,654.76,659.42,639.01,655.35,223303.917,1749859199999,True
2025-06-14 00:00:00,1749859200000,655.35,655.36,639.0,645.61,93690.143,1749945599999,True
2025-06-15 00:00:00,1749945600000,645.61,652.0,642.77,648.19,79324.646,1750031999999,True
2025-06-16 00:00:00,1750032000000,648.19,659.46,646.26,650.74,124203.787,1750118399999,True
2025-06-17 00:00:00,1750118400000,650.74,659.0,640.11,648.08,182982.263,1750204799999,True
2025-06-18 00:00:00,1750204800000,648.09,654.31,637.35,644.77,143725.674,1750291199999,True
2025-06-19 00:00:00,1750291200000,644.77,646.5,638.66,644.65,80404.985,1750377599999,True
2025-06-20 00:00:00,1750377600000,644.65,651.02,638.0,641.61,143279.622,1750463999999,True
2025-06-21 00:00:00,1750464000000,641.61,644.84,621.94,628.97,143508.116,1750550399999,True
2025-06-22 00:00:00,1750550400000,628.98,635.51,601.25,615.81,243515.033,1750636799999,True
2025-06-23 00:00:00,1750636800000,615.81,642.79,615.05,640.49,219674.329,1750723199999,True
2025-06-24 00:00:00,1750723200000,640.5,644.09,636.17,643.53,131607.231,1750809599999,True
2025-06-25 00:00:00,1750809600000,643.53,652.64,641.85,646.07,169433.154,1750895999999,True
2025-06-26 00:00:00,1750896000000,646.06,650.0,641.12,642.3,103057.286,1750982399999,True
2025-06-27 00:00:00,1750982400000,642.3,648.44,639.16,645.71,81302.955,1751068799999,True
2025-06-28 00:00:00,1751068800000,645.72,649.18,644.25,648.6,57714.965,1751155199999,True
2025-06-29 00:00:00,1751155200000,648.61,656.0,646.72,654.9,73235.796,1751241599999,True
2025-06-30 00:00:00,1751241600000,654.9,660.0,651.17,656.9,110702.196,1751327999999,True
2025-07-01 00:00:00,1751328000000,656.9,659.1,644.0,646.33,85803.055,1751414399999,True
2025-07-02 00:00:00,1751414400000,646.34,664.85,643.71,659.71,112807.955,1751500799999,True
2025-07-03 00:00:00,1751500800000,659.7,664.57,656.7,663.59,99001.436,1751587199999,True
2025-07-04 00:00:00,1751587200000,663.58,664.17,650.21,653.6,89027.412,1751673599999,True
2025-07-05 00:00:00,1751673600000,653.6,656.75,652.0,656.16,51648.289,1751759999999,True
2025-07-06 00:00:00,1751760000000,656.17,664.99,653.54,663.13,82399.119,1751846399999,True
2025-07-07 00:00:00,1751846400000,663.13,663.5,656.77,661.06,83232.984,1751932799999,True
2025-07-08 00:00:00,1751932800000,661.06,662.6,657.36,660.63,86374.042,1752019199999,True
2025-07-09 00:00:00,1752019200000,660.63,671.5,659.05,668.68,123551.595,1752105599999,True
2025-07-10 00:00:00,1752105600000,668.69,687.7,667.25,685.8,214967.536,1752191999999,True
2025-07-11 00:00:00,1752192000000,685.8,697.24,682.83,689.99,268353.904,1752278399999,True
2025-07-12 00:00:00,1752278400000,689.98,697.0,679.63,685.86,134785.185,1752364799999,True
2025-07-13 00:00:00,1752364800000,685.86,694.12,685.12,692.0,84925.723,1752451199999,True
2025-07-14 00:00:00,1752451200000,692.01,707.54,686.05,689.12,253634.996,1752537599999,True
2025-07-15 00:00:00,1752537600000,689.13,693.21,675.3,689.92,188962.491,1752623999999,True
2025-07-16 00:00:00,1752624000000,689.93,715.56,685.2,708.61,238334.938,1752710399999,True
2025-07-17 00:00:00,1752710400000,708.61,727.85,706.14,720.65,409572.675,1752796799999,True
2025-07-18 00:00:00,1752796800000,720.64,765.56,718.73,729.92,556430.085,1752883199999,True
2025-07-19 00:00:00,1752883200000,729.92,742.5,718.76,733.2,188095.81,1752969599999,True
2025-07-20 00:00:00,1752969600000,733.2,761.29,731.5,756.82,253255.203,1753055999999,True
2025-07-21 00:00:00,1753056000000,756.82,781.99,746.06,766.22,338419.952,1753142399999,True
2025-07-22 00:00:00,1753142400000,766.22,788.35,745.0,786.68,359074.056,1753228799999,True
2025-07-23 00:00:00,1753228800000,786.69,809.84,752.47,776.74,709087.1566,1753315199999,True
2025-07-24 00:00:00,1753315200000,776.74,786.16,742.62,770.74,363436.737,1753401599999,True
2025-07-25 00:00:00,1753401600000,770.74,786.0,752.22,785.45,284068.121,1753487999999,True
2025-07-26 00:00:00,1753488000000,785.44,798.0,778.28,793.29,128764.391,1753574399999,True
2025-07-27 00:00:00,1753574400000,793.3,847.12,791.04,844.0,397296.2555,1753660799999,True
2025-07-28 00:00:00,1753660800000,844.0,861.1,820.64,824.07,517734.6912,1753747199999,True
2025-07-29 00:00:00,1753747200000,824.07,835.06,800.12,805.1,427366.132,1753833599999,True
2025-07-30 00:00:00,1753833600000,805.11,811.64,766.21,793.51,369598.736,1753919999999,True
2025-07-31 00:00:00,1753920000000,793.51,814.8,781.38,783.14,335026.145,1754006399999,True
2025-08-01 00:00:00,1754006400000,783.13,795.4,744.69,757.08,393831.558,1754092799999,True
2025-08-02 00:00:00,1754092800000,757.08,770.11,732.36,736.42,209282.992,1754179199999,True
2025-08-03 00:00:00,1754179200000,736.43,755.53,730.01,751.21,142700.965,1754265599999,True
2025-08-04 00:00:00,1754265600000,751.21,770.0,750.47,768.63,171505.406,1754351999999,True
2025-08-05 00:00:00,1754352000000,768.62,769.79,745.11,755.13,179458.96,1754438399999,True
2025-08-06 00:00:00,1754438400000,755.13,774.84,746.26,769.55,163684.71,1754524799999,True
2025-08-07 00:00:00,1754524800000,769.55,788.68,764.17,788.67,188106.802,1754611199999,True
2025-08-08 00:00:00,1754611200000,788.67,798.5,780.74,793.5,195309.718,1754697599999,True
2025-08-09 00:00:00,1754697600000,793.5,819.44,792.81,798.83,202384.753,1754783999999,True
2025-08-10 00:00:00,1754784000000,798.83,815.5,793.68,807.22,162735.303,1754870399999,True
2025-08-11 00:00:00,1754870400000,807.22,827.59,792.0,805.09,316220.572,1754956799999,True
2025-08-12 00:00:00,1754956800000,805.09,839.9,797.73,832.47,268762.259,1755043199999,True
2025-08-13 00:00:00,1755043200000,832.48,858.89,828.23,848.01,395861.313,1755129599999,True
2025-08-14 00:00:00,1755129600000,848.02,869.4,820.6,840.42,592656.9793,1755215999999,True
2025-08-15 00:00:00,1755216000000,840.42,853.53,812.57,827.81,252091.108,1755302399999,True
2025-08-16 00:00:00,1755302400000,827.8,839.79,825.06,838.71,114512.1,1755388799999,True
2025-08-17 00:00:00,1755388800000,838.71,864.0,838.04,855.38,164953.856,1755475199999,True
2025-08-18 00:00:00,1755475200000,855.38,858.51,825.0,846.99,233741.603,1755561599999,True
2025-08-19 00:00:00,1755561600000,847.0,851.95,823.0,824.11,211802.026,1755647999999,True
2025-08-20 00:00:00,1755648000000,824.1,881.02,818.57,869.05,392159.8615,1755734399999,True
2025-08-21 00:00:00,1755734400000,869.05,883.86,833.46,839.49,277889.676,1755820799999,True
2025-08-22 00:00:00,1755820800000,839.49,900.71,839.23,900.21,430842.5317,1755907199999,True
2025-08-23 00:00:00,1755907200000,900.2,900.21,875.55,880.42,209279.872,1755993599999,True
2025-08-24 00:00:00,1755993600000,880.42,886.66,859.34,876.51,289492.317,1756079999999,True
2025-08-25 00:00:00,1756080000000,876.51,880.75,832.76,839.32,320570.155,1756166399999,True
2025-08-26 00:00:00,1756166400000,839.32,868.0,829.59,863.7,194882.089,1756252799999,True
2025-08-27 00:00:00,1756252800000,863.7,867.1,852.9,855.18,135243.457,1756339199999,True
2025-08-28 00:00:00,1756339200000,855.18,881.36,850.85,873.47,232414.922,1756425599999,True
2025-08-29 00:00:00,1756425600000,873.48,878.0,850.19,862.3,180524.219,1756511999999,True
2025-08-30 00:00:00,1756512000000,862.3,864.0,851.61,862.0,101039.981,1756598399999,True
2025-08-31 00:00:00,1756598400000,862.0,867.7,857.0,857.65,94241.193,1756684799999,True
2025-09-01 00:00:00,1756684800000,857.66,869.15,840.0,845.68,254185.715,1756771199999,True
2025-09-02 00:00:00,1756771200000,845.68,856.68,840.71,851.8,164333.169,1756857599999,True
2025-09-03 00:00:00,1756857600000,851.8,864.06,848.91,854.76,116453.022,1756943999999,True
2025-09-04 00:00:00,1756944000000,854.76,856.72,841.1,843.63,108195.902,1757030399999,True
2025-09-05 00:00:00,1757030400000,843.62,857.73,842.22,850.14,120856.951,1757116799999,True
2025-09-06 00:00:00,1757116800000,850.14,865.0,849.55,860.85,144234.054,1757203199999,True
2025-09-07 00:00:00,1757203200000,860.86,884.05,860.55,880.05,136538.058,1757289599999,True
2025-09-08 00:00:00,1757289600000,880.05,885.85,870.01,878.08,177574.781,1757375999999,True
2025-09-09 00:00:00,1757376000000,878.08,884.83,871.38,880.01,150610.03,1757462399999,True
2025-09-10 00:00:00,1757462400000,880.0,907.38,877.04,893.77,306830.178,1757548799999,True
2025-09-11 00:00:00,1757548800000,893.77,904.53,888.38,902.77,179913.182,1757635199999,True
2025-09-12 00:00:00,1757635200000,902.77,929.9,901.41,924.8,240267.9372,1757721599999,True
2025-09-13 00:00:00,1757721600000,924.81,943.86,922.11,933.68,251751.2324,1757807999999,True
2025-09-14 00:00:00,1757808000000,933.68,944.95,921.91,926.51,159814.975,1757894399999,True
2025-09-15 00:00:00,1757894400000,926.51,935.72,910.64,919.68,175249.087,1757980799999,True
2025-09-16 00:00:00,1757980800000,919.68,959.0,916.66,955.65,284918.8385,1758067199999,True
2025-09-17 00:00:00,1758067200000,955.65,995.44,946.1,989.98,362193.1958,1758153599999,True
2025-09-18 00:00:00,1758153600000,989.97,1006.88,979.48,981.04,402672.5617,1758239999999,True
2025-09-19 00:00:00,1758240000000,981.05,1002.99,973.9,984.1,333582.761,1758326399999,True
2025-09-20 00:00:00,1758326400000,984.1,1048.0,982.9,1043.77,380966.0766,1758412799999,True
2025-09-21 00:00:00,1758412800000,1043.77,1083.47,1039.2,1047.8,464411.2823,1758499199999,True
2025-09-22 00:00:00,1758499200000,1047.8,1050.55,976.89,992.9,588730.396,1758585599999,True
2025-09-23 00:00:00,1758585600000,992.9,1027.37,962.38,1015.98,420071.07,1758671999999,True
2025-09-24 00:00:00,1758672000000,1015.98,1034.5,991.46,1018.49,363049.882,1758758399999,True
2025-09-25 00:00:00,1758758400000,1018.49,1019.9,939.55,945.9,635121.254,1758844799999,True
2025-09-26 00:00:00,1758844800000,945.9,966.23,932.01,960.8,384757.514,1758931199999,True
2025-09-27 00:00:00,1758931200000,960.81,985.79,955.56,968.45,245246.415,1759017599999,True
2025-09-28 00:00:00,1759017600000,968.46,993.65,962.68,993.01,188486.48,1759103999999,True
2025-09-29 00:00:00,1759104000000,993.01,1036.0,991.12,1029.79,291982.5,1759190399999,True
2025-09-30 00:00:00,1759190400000,1029.79,1034.01,992.93,1008.51,258830.971,1759276799999,True
2025-10-01 00:00:00,1759276800000,1008.51,1036.2,1003.35,1026.5,269007.811,1759363199999,True
2025-10-02 00:00:00,1759363200000,1026.5,1099.22,1022.01,1090.22,380679.445,1759449599999,True
2025-10-03 00:00:00,1759449600000,1090.22,1192.42,1083.84,1189.4,744996.7206,1759535999999,True
2025-10-04 00:00:00,1759536000000,1189.4,1190.47,1134.93,1150.75,337438.509,1759622399999,True
2025-10-05 00:00:00,1759622400000,1150.75,1189.0,1143.14,1167.38,306730.178,1759708799999,True
2025-10-06 00:00:00,1759708800000,1167.38,1239.94,1161.85,1223.19,587477.5601,1759795199999,True
2025-10-07 00:00:00,1759795200000,1223.17,1349.99,1204.61,1304.43,1351678.4887,1759881599999,True
2025-10-08 00:00:00,1759881600000,1304.43,1334.19,1264.32,1307.4,826555.123,1759967999999,True
2025-10-09 00:00:00,1759968000000,1307.4,1320.0,1224.38,1255.35,925627.604,1760054399999,True
2025-10-10 00:00:00,1760054400000,1255.35,1278.52,860.11,1102.47,1505025.673,1760140799999,True
2025-10-11 00:00:00,1760140800000,1102.57,1182.76,1073.0,1135.07,1050905.245,1760227199999,True
2025-10-12 00:00:00,1760227200000,1135.07,1319.8,1107.43,1302.65,1205248.016,1760313599999,True
2025-10-13 00:00:00,1760313600000,1302.65,1375.11,1251.28,1294.55,1483076.9719,1760399999999,True
2025-10-14 00:00:00,1760400000000,1294.54,1318.26,1143.01,1208.52,1398659.782,1760486399999,True
2025-10-15 00:00:00,1760486400000,1208.55,1222.76,1148.92,1162.57,707327.747,1760572799999,True
2025-10-16 00:00:00,1760572800000,1162.57,1195.0,1122.31,1144.83,716826.497,1760659199999,True
2025-10-17 00:00:00,1760659200000,1144.83,1156.3,1021.0,1071.15,1066221.771,1760745599999,True
2025-10-18 00:00:00,1760745600000,1071.15,1131.05,1069.41,1092.43,419996.517,1760831999999,True
2025-10-19 00:00:00,1760832000000,1092.42,1133.76,1068.04,1109.88,409987.572,1760918399999,True
2025-10-20 00:00:00,1760918400000,1109.88,1143.2,1088.19,1100.19,481311.055,1761004799999,True
2025-10-21 00:00:00,1761004800000,1100.2,1114.53,1052.46,1057.16,541524.501,1761091199999,True
2025-10-22 00:00:00,1761091200000,1057.16,1083.8,1053.25,1071.82,397249.062,1761177599999,True
2025-10-23 00:00:00,1761177600000,1071.83,1161.9,1071.83,1126.72,774946.718,1761263999999,True
2025-10-24 00:00:00,1761264000000,1126.71,1144.17,1097.39,1109.01,342712.642,1761350399999,True
2025-10-25 00:00:00,1761350400000,1109.0,1120.89,1100.96,1116.53,162716.583,1761436799999,True
2025-10-26 00:00:00,1761436800000,1116.53,1143.35,1114.48,1138.19,240939.545,1761523199999,True
2025-10-27 00:00:00,1761523200000,1138.19,1182.6,1131.44,1138.88,494467.695,1761609599999,True
2025-10-28 00:00:00,1761609600000,1138.88,1148.94,1074.0,1103.45,351579.17,1761695999999,True
2025-10-29 00:00:00,1761696000000,1103.45,1121.35,1082.59,1107.7,459713.496,1761782399999,True
2025-10-30 00:00:00,1761782400000,1107.7,1129.55,1043.48,1079.05,508291.657,1761868799999,True
2025-10-31 00:00:00,1761868800000,1079.06,1104.93,1071.43,1088.9,537669.646,1761955199999,True
2025-11-01 00:00:00,1761955200000,1088.9,1096.93,1081.8,1094.53,163493.548,1762041599999,True
2025-11-02 00:00:00,1762041600000,1094.54,1094.92,1071.74,1083.25,132402.548,1762127999999,True
2025-11-03 00:00:00,1762128000000,1083.25,1087.24,960.18,993.54,685198.885,1762214399999,True
2025-11-04 00:00:00,1762214400000,993.54,1002.12,880.8,936.77,985275.518,1762300799999,True
2025-11-05 00:00:00,1762300800000,936.79,969.27,900.39,959.33,526144.027,1762387199999,True
2025-11-06 00:00:00,1762387200000,959.32,965.23,925.07,950.4,312622.425,1762473599999,True
2025-11-07 00:00:00,1762473600000,950.4,995.6,925.7,991.15,452713.504,1762559999999,True
2025-11-08 00:00:00,1762560000000,991.14,1007.41,980.05,991.03,301705.689,1762646399999,True
2025-11-09 00:00:00,1762646400000,991.01,1007.16,975.84,996.63,256660.748,1762732799999,True
2025-11-10 00:00:00,1762732800000,996.63,1019.56,976.22,991.98,281128.796,1762819199999,True
2025-11-11 00:00:00,1762819200000,991.99,1008.6,956.08,958.08,283951.869,1762905599999,True
2025-11-12 00:00:00,1762905600000,958.08,978.61,937.9,952.86,216987.116,1762991999999,True
2025-11-13 00:00:00,1762992000000,952.87,972.2,905.72,927.15,334345.078,1763078399999,True
2025-11-14 00:00:00,1763078400000,927.15,934.04,887.88,915.25,438193.008,1763164799999,True
2025-11-15 00:00:00,1763164800000,915.26,945.22,914.91,932.28,161984.705,1763251199999,True
2025-11-16 00:00:00,1763251200000,932.27,949.77,908.16,926.56,252157.877,1763337599999,True
2025-11-17 00:00:00,1763337600000,926.59,939.55,891.72,907.36,332891.856,1763423999999,True
2025-11-18 00:00:00,1763424000000,907.36,939.99,884.4,932.79,357275.458,1763510399999,True
2025-11-19 00:00:00,1763510400000,932.79,941.06,872.38,897.77,296358.274,1763596799999,True
2025-11-20 00:00:00,1763596800000,897.78,917.0,865.57,866.51,301802.981,1763683199999,True
2025-11-21 00:00:00,1763683200000,866.51,877.33,790.79,830.46,654486.049,1763769599999,True
2025-11-22 00:00:00,1763769600000,830.47,842.93,813.77,833.78,167225.62,1763855999999,True
2025-11-23 00:00:00,1763856000000,833.78,855.46,833.28,843.6,167524.177,1763942399999,True
2025-11-24 00:00:00,1763942400000,843.6,876.3,830.01,864.92,248464.802,1764028799999,True
2025-11-25 00:00:00,1764028800000,864.9,867.66,837.47,862.57,158750.859,1764115199999,True
2025-11-26 00:00:00,1764115200000,862.58,897.25,851.72,891.78,159649.392,1764201599999,True
2025-11-27 00:00:00,1764201600000,891.77,904.86,883.8,895.74,141249.084,1764287999999,True
2025-11-28 00:00:00,1764288000000,895.75,906.5,876.15,887.19,174843.677,1764374399999,True
2025-11-29 00:00:00,1764374400000,887.2,889.0,868.25,872.9,80059.932,1764460799999,True
2025-11-30 00:00:00,1764460800000,872.9,899.75,869.56,875.31,106230.587,1764547199999,True
2025-12-01 00:00:00,1764547200000,875.3,877.12,801.7,826.61,342746.385,1764633599999,True
2025-12-02 00:00:00,1764633600000,826.6,885.0,820.46,876.61,233149.68,1764719999999,True
2025-12-03 00:00:00,1764720000000,876.6,922.63,873.6,920.76,227309.929,1764806399999,True
2025-12-04 00:00:00,1764806400000,920.77,928.24,886.79,899.92,165779.563,1764892799999,True
2025-12-05 00:00:00,1764892800000,899.92,907.92,870.18,883.57,137493.999,1764979199999,True
2025-12-06 00:00:00,1764979200000,883.57,897.9,878.01,890.38,81289.981,1765065599999,True
2025-12-07 00:00:00,1765065600000,890.38,906.0,870.23,894.37,131888.814,1765151999999,True
2025-12-08 00:00:00,1765152000000,894.38,913.29,888.93,897.12,121354.06,1765238399999,True
2025-12-09 00:00:00,1765238400000,897.13,928.0,881.78,897.3,209645.573,1765324799999,True
2025-12-10 00:00:00,1765324800000,897.3,915.0,884.27,893.43,186333.021,1765411199999,True
2025-12-11 00:00:00,1765411200000,893.43,894.7,859.54,885.91,182476.864,1765497599999,True
2025-12-12 00:00:00,1765497600000,885.92,896.07,870.58,881.58,110640.466,1765583999999,True
2025-12-13 00:00:00,1765584000000,881.59,904.22,880.32,896.82,92401.054,1765670399999,True
2025-12-14 00:00:00,1765670400000,896.82,899.5,870.11,877.27,110914.028,1765756799999,True
2025-12-15 00:00:00,1765756800000,877.27,895.42,840.75,858.6,210867.871,1765843199999,True
2025-12-16 00:00:00,1765843200000,858.61,878.44,847.0,875.63,240835.336,1765929599999,True
2025-12-17 00:00:00,1765929600000,875.64,876.16,833.39,843.07,378073.209,1766015999999,True
2025-12-18 00:00:00,1766016000000,843.07,853.49,818.39,830.07,432024.878,1766102399999,True
2025-12-19 00:00:00,1766102400000,830.08,862.33,822.38,856.17,1227346.957,1766188799999,True
2025-12-20 00:00:00,1766188800000,856.17,859.7,850.9,854.17,57015.132,1766275199999,True
2025-12-21 00:00:00,1766275200000,854.17,859.91,845.5,858.64,69986.817,1766361599999,True
2025-12-22 00:00:00,1766361600000,858.63,871.0,850.85,858.66,147275.988,1766447999999,True
2025-12-23 00:00:00,1766448000000,858.67,861.46,838.24,844.3,103894.874,1766534399999,True
2025-12-24 00:00:00,1766534400000,844.3,850.0,835.21,846.58,84917.781,1766620799999,True
2025-12-25 00:00:00,1766620800000,846.57,847.99,826.81,829.64,72777.087,1766707199999,True
2025-12-26 00:00:00,1766707200000,829.63,847.16,821.21,834.72,120232.786,1766793599999,True
2025-12-27 00:00:00,1766793600000,834.72,846.54,834.0,845.04,89882.366,1766879999999,True
2025-12-28 00:00:00,1766880000000,845.05,867.22,839.2,859.32,91601.986,1766966399999,True
2025-12-29 00:00:00,1766966400000,859.32,872.12,846.0,852.46,127151.447,1767052799999,True
2025-12-30 00:00:00,1767052800000,852.46,864.05,848.7,861.65,73233.047,1767139199999,True
2025-12-31 00:00:00,1767139200000,861.66,877.29,857.69,864.3,149994.618,1767225599999,True
2026-01-01 00:00:00,1767225600000,864.31,874.51,856.14,864.39,80713.662,1767311999999,True
2026-01-02 00:00:00,1767312000000,864.4,891.14,859.64,881.25,129071.742,1767398399999,True
2026-01-03 00:00:00,1767398400000,881.25,884.24,868.65,878.63,79965.205,1767484799999,True
2026-01-04 00:00:00,1767484800000,878.64,902.85,878.47,895.43,118687.107,1767571199999,True
2026-01-05 00:00:00,1767571200000,895.43,916.55,890.59,910.31,140352.785,1767657599999,True
2026-01-06 00:00:00,1767657600000,910.31,923.93,891.66,917.64,166897.189,1767743999999,True
2026-01-07 00:00:00,1767744000000,917.64,920.27,892.64,900.3,148651.79,1767830399999,True
2026-01-08 00:00:00,1767830400000,900.31,905.0,875.1,892.26,134522.755,1767916799999,True
2026-01-09 00:00:00,1767916800000,892.27,901.06,885.28,896.86,81581.367,1768003199999,True
2026-01-10 00:00:00,1768003200000,896.87,915.91,896.81,907.93,124912.493,1768089599999,True
2026-01-11 00:00:00,1768089600000,907.93,917.33,898.75,904.32,98621.081,1768175999999,True
2026-01-12 00:00:00,1768176000000,904.32,910.81,894.0,905.78,108522.173,1768262399999,True
2026-01-13 00:00:00,1768262400000,905.79,952.96,902.25,943.73,311914.997,1768348799999,True
2026-01-14 00:00:00,1768348800000,943.73,954.68,928.5,948.47,183208.698,1768435199999,True
2026-01-15 00:00:00,1768435200000,948.48,948.85,924.05,931.2,131201.468,1768521599999,True
2026-01-16 00:00:00,1768521600000,931.21,939.43,923.69,938.16,77470.383,1768607999999,True
2026-01-17 00:00:00,1768608000000,938.17,959.52,935.5,947.12,86187.331,1768694399999,True
2026-01-18 00:00:00,1768694400000,947.11,953.33,931.7,932.51,76848.25,1768780799999,True
2026-01-19 00:00:00,1768780800000,932.51,932.51,901.0,923.6,209440.56,1768867199999,True
2026-01-20 00:00:00,1768867200000,923.6,933.13,884.0,884.2,163760.229,1768953599999,True
2026-01-21 00:00:00,1768953600000,884.19,893.69,864.54,883.36,201618.221,1769039999999,True
2026-01-22 00:00:00,1769040000000,883.35,897.58,878.18,888.06,98786.472,1769126399999,True
2026-01-23 00:00:00,1769126400000,888.06,904.99,883.1,891.63,96135.61,1769212799999,True
2026-01-24 00:00:00,1769212800000,891.62,894.24,886.53,887.17,51272.563,1769299199999,True
2026-01-25 00:00:00,1769299200000,887.18,887.75,856.0,866.02,120780.226,1769385599999,True
2026-01-26 00:00:00,1769385600000,866.02,881.44,864.91,879.41,102700.704,1769471999999,True
2026-01-27 00:00:00,1769472000000,879.41,901.22,876.2,898.36,138529.639,1769558399999,True
2026-01-28 00:00:00,1769558400000,898.35,909.43,894.41,902.91,110273.24,1769644799999,True
2026-01-29 00:00:00,1769644800000,902.92,906.67,852.81,868.69,270228.686,1769731199999,True
2026-01-30 00:00:00,1769731200000,868.69,869.77,831.83,858.81,295951.354,1769817599999,True
2026-01-31 00:00:00,1769817600000,858.81,860.85,750.0,781.38,407306.151,1769903999999,True
2026-02-01 00:00:00,1769904000000,781.39,789.72,739.63,758.54,259125.52,1769990399999,True
2026-02-02 00:00:00,1769990400000,758.54,781.58,728.44,773.94,306663.484,1770076799999,True
2026-02-03 00:00:00,1770076800000,773.94,783.57,736.08,754.78,243948.823,1770163199999,True
2026-02-04 00:00:00,1770163200000,754.78,765.33,687.3,697.27,424472.167,1770249599999,True
2026-02-05 00:00:00,1770249600000,697.27,703.0,602.17,608.3,799178.67,1770335999999,True
2026-02-06 00:00:00,1770336000000,608.3,669.65,570.06,657.21,593322.593,1770422399999,True
2026-02-07 00:00:00,1770422400000,657.21,663.88,630.83,647.0,217520.601,1770508799999,True
2026-02-08 00:00:00,1770508800000,647.01,653.0,632.3,639.93,124172.092,1770595199999,True
2026-02-09 00:00:00,1770595200000,639.93,646.15,616.01,636.39,148751.241,1770681599999,True
2026-02-10 00:00:00,1770681600000,636.38,642.0,613.8,619.85,153549.27,1770767999999,True
2026-02-11 00:00:00,1770768000000,619.85,624.14,587.14,608.11,236351.539,1770854399999,True
2026-02-12 00:00:00,1770854400000,608.11,620.87,600.6,614.29,121298.457,1770940799999,True
2026-02-13 00:00:00,1770940800000,614.29,622.81,592.49,618.94,211419.814,1771027199999,True
2026-02-14 00:00:00,1771027200000,618.93,637.24,615.7,632.77,113845.924,1771113599999,True
2026-02-15 00:00:00,1771113600000,632.77,642.49,608.82,615.16,132426.591,1771199999999,True
2026-02-16 00:00:00,1771200000000,615.17,631.24,604.49,627.19,105660.883,1771286399999,True
2026-02-17 00:00:00,1771286400000,627.19,631.86,609.3,617.74,91934.084,1771372799999,True
2026-02-18 00:00:00,1771372800000,617.76,626.57,601.3,604.8,97256.01,1771459199999,True
2026-02-19 00:00:00,1771459200000,604.8,614.8,596.0,607.83,109354.363,1771545599999,True
2026-02-20 00:00:00,1771545600000,607.82,629.74,601.23,625.91,159590.806,1771631999999,True
2026-02-21 00:00:00,1771632000000,625.9,634.8,624.0,625.61,81656.565,1771718399999,True
2026-02-22 00:00:00,1771718400000,625.61,626.87,610.02,614.8,68568.879,1771804799999,True
2026-02-23 00:00:00,1771804800000,614.8,616.0,583.13,596.41,245062.961,1771891199999,True
2026-02-24 00:00:00,1771891200000,596.4,602.9,577.06,583.6,168285.85,1771977599999,True
2026-02-25 00:00:00,1771977600000,583.61,640.55,581.51,629.42,221645.31,1772063999999,True
2026-02-26 00:00:00,1772064000000,629.42,633.83,614.2,625.74,126675.344,1772150399999,True
2026-02-27 00:00:00,1772150400000,625.74,633.65,605.25,614.03,128167.72,1772236799999,True
2026-02-28 00:00:00,1772236800000,614.03,621.49,588.64,617.14,172105.1,1772323199999,True
2026-03-01 00:00:00,1772323200000,617.14,632.16,610.89,617.96,169960.927,1772409599999,True
2026-03-02 00:00:00,1772409600000,617.96,652.87,612.96,637.79,202581.15,1772495999999,True
2026-03-03 00:00:00,1772496000000,637.79,643.29,621.0,633.56,150191.056,1772582399999,True
2026-03-04 00:00:00,1772582400000,633.57,666.16,626.2,657.99,199919.683,1772668799999,True
2026-03-05 00:00:00,1772668800000,658.0,665.42,646.14,647.85,128037.624,1772755199999,True
2026-03-06 00:00:00,1772755200000,647.85,651.62,624.77,627.31,115031.736,1772841599999,True
2026-03-07 00:00:00,1772841600000,627.31,630.19,617.8,620.26,63118.814,1772927999999,True
2026-03-08 00:00:00,1772928000000,620.27,624.27,607.86,611.98,81939.554,1773014399999,True
2026-03-09 00:00:00,1773014400000,611.99,643.0,611.01,634.64,121341.376,1773100799999,True
2026-03-10 00:00:00,1773100800000,634.64,652.36,634.38,642.0,100783.446,1773187199999,True
2026-03-11 00:00:00,1773187200000,642.01,656.29,635.02,651.46,120145.814,1773273599999,True
2026-03-12 00:00:00,1773273600000,651.47,657.7,641.63,651.72,101534.056,1773359999999,True
2026-03-13 00:00:00,1773360000000,651.72,679.0,650.34,655.73,231981.0,1773446399999,True
2026-03-14 00:00:00,1773446400000,655.72,658.27,650.11,657.7,55240.265,1773532799999,True
2026-03-15 00:00:00,1773532800000,657.7,679.0,654.46,673.77,92999.094,1773619199999,True
2026-03-16 00:00:00,1773619200000,673.77,687.82,670.13,679.71,226915.256,1773705599999,True
2026-03-17 00:00:00,1773705600000,679.7,686.53,663.4,668.61,147117.033,1773791999999,True
2026-03-18 00:00:00,1773792000000,668.62,676.47,644.43,652.27,144505.186,1773878399999,True
2026-03-19 00:00:00,1773878400000,652.28,656.4,633.32,639.15,117679.658,1773964799999,True
2026-03-20 00:00:00,1773964800000,639.16,647.65,636.38,642.11,96688.002,1774051199999,True
2026-03-21 00:00:00,1774051200000,642.11,646.38,627.76,630.7,54236.699,1774137599999,True
2026-03-22 00:00:00,1774137600000,630.7,637.7,622.16,626.41,102353.579,1774223999999,True
2026-03-23 00:00:00,1774224000000,626.41,650.85,620.33,639.11,257556.874,1774310399999,True
2026-03-24 00:00:00,1774310400000,639.12,640.17,626.99,638.3,101174.299,1774396799999,True
2026-03-25 00:00:00,1774396800000,638.31,652.8,637.5,647.66,117518.94,1774483199999,True
2026-03-26 00:00:00,1774483200000,647.67,648.47,623.01,628.86,94718.073,1774569599999,True
2026-03-27 00:00:00,1774569600000,628.86,631.87,605.86,613.95,131734.63,1774655999999,True
2026-03-28 00:00:00,1774656000000,613.95,619.0,609.9,611.08,70087.882,1774742399999,True
2026-03-29 00:00:00,1774742400000,611.08,615.3,596.42,606.09,83411.719,1774828799999,True
2026-03-30 00:00:00,1774828800000,606.09,621.4,605.09,609.29,122880.083,1774915199999,True
2026-03-31 00:00:00,1774915200000,609.29,619.77,598.82,617.43,139130.615,1775001599999,True
2026-04-01 00:00:00,1775001600000,617.42,621.9,609.58,610.81,126557.565,1775087999999,True
2026-04-02 00:00:00,1775088000000,610.81,613.6,570.31,583.52,297618.319,1775174399999,True
2026-04-03 00:00:00,1775174400000,583.52,590.31,581.93,588.31,76506.375,1775260799999,True
2026-04-04 00:00:00,1775260800000,588.32,596.58,587.1,593.36,59665.434,1775347199999,True
2026-04-05 00:00:00,1775347200000,593.36,604.06,587.13,601.5,78031.95,1775433599999,True
2026-04-06 00:00:00,1775433600000,601.5,610.29,596.25,600.11,104959.549,1775519999999,True
2026-04-07 00:00:00,1775520000000,600.1,624.85,592.2,620.1,163526.892,1775606399999,True
2026-04-08 00:00:00,1775606400000,620.11,621.46,599.45,601.16,162114.686,1775692799999,True
2026-04-09 00:00:00,1775692800000,601.15,612.1,596.94,603.03,107305.176,1775779199999,True
2026-04-10 00:00:00,1775779200000,603.03,610.34,597.4,605.54,104265.932,1775865599999,True
2026-04-11 00:00:00,1775865600000,605.54,614.12,603.4,607.05,94267.47,1775951999999,True
2026-04-12 00:00:00,1775952000000,607.06,607.44,589.1,592.19,103774.251,1776038399999,True
2026-04-13 00:00:00,1776038400000,592.19,617.97,591.6,614.71,138504.5,1776124799999,True
2026-04-14 00:00:00,1776124800000,614.71,625.38,610.86,613.75,173382.031,1776211199999,True
2026-04-15 00:00:00,1776211200000,613.75,627.64,610.45,622.59,114943.22,1776297599999,True
2026-04-16 00:00:00,1776297600000,622.58,637.4,614.89,635.77,131546.701,1776383999999,True
2026-04-17 00:00:00,1776384000000,635.77,645.67,626.66,643.12,153486.838,1776470399999,True
2026-04-18 00:00:00,1776470400000,643.12,648.79,628.03,629.9,119665.359,1776556799999,True
2026-04-19 00:00:00,1776556800000,629.9,630.43,615.0,616.06,100590.742,1776643199999,True
2026-04-20 00:00:00,1776643200000,616.07,632.08,615.97,629.26,92147.711,1776729599999,True
2026-04-21 00:00:00,1776729600000,629.26,640.7,625.0,631.72,105373.239,1776815999999,True
2026-04-22 00:00:00,1776816000000,631.73,654.19,631.19,637.47,134986.339,1776902399999,True
2026-04-23 00:00:00,1776902400000,637.47,640.38,631.0,638.54,98409.256,1776988799999,True
2026-04-24 00:00:00,1776988800000,638.55,640.49,632.04,636.21,70625.818,1777075199999,True
2026-04-25 00:00:00,1777075200000,636.21,638.5,627.15,628.53,58918.337,1777161599999,True
2026-04-26 00:00:00,1777161600000,628.52,638.06,627.0,635.76,54446.34,1777247999999,True
2026-04-27 00:00:00,1777248000000,635.77,639.81,618.38,626.83,103945.488,1777334399999,True
2026-04-28 00:00:00,1777334400000,626.83,627.58,619.0,624.55,62347.742,1777420799999,True
2026-04-29 00:00:00,1777420800000,624.56,629.61,610.26,617.39,101813.172,1777507199999,True
2026-04-30 00:00:00,1777507200000,617.39,620.53,613.47,615.38,78612.445,1777593599999,True
2026-05-01 00:00:00,1777593600000,615.38,622.84,613.79,615.34,88053.74,1777679999999,True
2026-05-02 00:00:00,1777680000000,615.34,621.81,614.15,618.03,51973.994,1777766399999,True
2026-05-03 00:00:00,1777766400000,618.03,622.27,615.09,617.27,72850.13,1777852799999,True
2026-05-04 00:00:00,1777852800000,617.28,639.0,615.61,622.63,206649.001,1777939199999,True
2026-05-05 00:00:00,1777939200000,622.64,635.0,622.58,630.42,147021.795,1778025599999,True
2026-05-06 00:00:00,1778025600000,630.41,664.26,628.97,647.74,241695.256,1778111999999,True
2026-05-07 00:00:00,1778112000000,647.74,653.49,633.68,637.02,144173.809,1778198399999,True
2026-05-08 00:00:00,1778198400000,637.02,651.53,634.76,649.36,107752.676,1778284799999,True
2026-05-09 00:00:00,1778284800000,649.37,656.0,646.23,649.75,98352.892,1778371199999,True
2026-05-10 00:00:00,1778371200000,649.76,666.66,644.84,663.55,119277.217,1778457599999,True
2026-05-11 00:00:00,1778457600000,663.56,673.0,649.46,670.6,183665.245,1778543999999,True
2026-05-12 00:00:00,1778544000000,670.6,671.47,650.49,664.95,161617.089,1778630399999,True
2026-05-13 00:00:00,1778630400000,664.95,685.68,663.77,671.68,226062.768,1778716799999,True
2026-05-14 00:00:00,1778716800000,671.68,687.66,665.42,678.27,159800.03,1778803199999,True
2026-05-15 00:00:00,1778803200000,678.28,689.98,669.16,672.38,166504.371,1778889599999,True
2026-05-16 00:00:00,1778889600000,672.37,674.92,650.7,656.2,129778.336,1778975999999,True
2026-05-17 00:00:00,1778976000000,656.2,657.6,640.01,649.48,95811.952,1779062399999,True
2026-05-18 00:00:00,1779062400000,649.48,649.7,634.3,643.53,126181.22,1779148799999,True
2026-05-19 00:00:00,1779148800000,643.53,647.19,636.1,640.02,80953.937,1779235199999,True
2026-05-20 00:00:00,1779235200000,640.03,651.77,637.52,649.5,82942.653,1779321599999,True
2026-05-21 00:00:00,1779321600000,649.5,659.82,646.33,658.58,103055.678,1779407999999,True
2026-05-22 00:00:00,1779408000000,658.58,664.2,648.31,650.44,123907.62,1779494399999,True
2026-05-23 00:00:00,1779494400000,650.45,663.93,635.29,656.26,113009.638,1779580799999,True
2026-05-24 00:00:00,1779580800000,656.26,662.6,649.68,656.57,73668.177,1779667199999,True
2026-05-25 00:00:00,1779667200000,656.58,673.07,655.76,663.15,114244.753,1779753599999,True
2026-05-26 00:00:00,1779753600000,663.15,668.01,653.45,656.43,122333.282,1779839999999,True
2026-05-27 00:00:00,1779840000000,656.43,659.9,646.57,648.84,101737.594,1779926399999,True
2026-05-28 00:00:00,1779926400000,648.83,649.38,628.22,638.24,145257.685,1780012799999,True
2026-05-29 00:00:00,1780012800000,638.23,645.0,630.86,643.1,115255.263,1780099199999,True
2026-05-30 00:00:00,1780099200000,643.11,729.0,642.66,718.74,566380.966,1780185599999,True
2026-05-31 00:00:00,1780185600000,718.74,745.74,703.0,710.55,380165.732,1780271999999,True
2026-06-01 00:00:00,1780272000000,710.54,729.57,674.07,693.1,533342.526,1780358399999,True
2026-06-02 00:00:00,1780358400000,693.1,695.51,642.47,650.69,310137.34,1780444799999,True
2026-06-03 00:00:00,1780444800000,650.7,657.51,616.21,620.63,300913.443,1780531199999,True
2026-06-04 00:00:00,1780531200000,620.63,624.57,588.1,604.53,401431.765,1780617599999,True
2026-06-05 00:00:00,1780617600000,604.5,608.0,556.46,572.22,534838.035,1780703999999,True
2026-06-06 00:00:00,1780704000000,572.17,584.43,559.68,574.53,226190.523,1780790399999,True
2026-06-07 00:00:00,1780790400000,574.54,610.54,573.6,604.44,192844.362,1780876799999,True
2026-06-08 00:00:00,1780876800000,604.44,610.44,591.55,601.86,121475.506,1780963199999,True
2026-06-09 00:00:00,1780963200000,601.86,605.68,583.84,593.44,134636.725,1781049599999,True
2026-06-10 00:00:00,1781049600000,593.44,598.52,580.68,586.53,114846.002,1781135999999,True
2026-06-11 00:00:00,1781136000000,586.51,607.33,586.51,605.76,115805.929,1781222399999,True
2026-06-12 00:00:00,1781222400000,605.77,613.39,596.58,603.83,105336.327,1781308799999,True
2026-06-13 00:00:00,1781308800000,603.84,612.33,599.33,609.65,73491.153,1781395199999,True
2026-06-14 00:00:00,1781395200000,609.66,617.24,602.79,616.79,122027.611,1781481599999,True
2026-06-15 00:00:00,1781481600000,616.79,632.9,612.66,617.87,170537.642,1781567999999,True
2026-06-16 00:00:00,1781568000000,617.87,619.5,601.33,604.94,192189.417,1781654399999,True
2026-06-17 00:00:00,1781654400000,604.94,612.5,595.11,601.63,169384.189,1781740799999,True
2026-06-18 00:00:00,1781740800000,601.63,604.31,573.0,578.48,151568.812,1781827199999,True
2026-06-19 00:00:00,1781827200000,578.48,583.29,570.82,581.42,94343.191,1781913599999,True
2026-06-20 00:00:00,1781913600000,581.41,589.43,580.12,588.03,84540.17,1781999999999,True
2026-06-21 00:00:00,1782000000000,588.03,592.56,583.6,584.23,63361.252,1782086399999,True
2026-06-22 00:00:00,1782086400000,584.23,602.31,584.07,590.15,105431.63,1782172799999,True
2026-06-23 00:00:00,1782172800000,590.14,592.83,570.57,578.08,108854.882,1782259199999,True
2026-06-24 00:00:00,1782259200000,578.09,582.21,546.6,564.67,160907.998,1782345599999,True
2026-06-25 00:00:00,1782345600000,564.66,572.72,540.6,560.62,156267.916,1782431999999,True
2026-06-26 00:00:00,1782432000000,560.63,570.34,550.37,567.64,186203.407,1782518399999,True
2026-06-27 00:00:00,1782518400000,567.65,568.66,554.53,557.2,81411.91,1782604799999,True
2026-06-28 00:00:00,1782604800000,557.19,558.89,545.62,551.07,76867.857,1782691199999,True
2026-06-29 00:00:00,1782691200000,551.07,563.16,546.17,559.52,105794.124,1782777599999,True
2026-06-30 00:00:00,1782777600000,559.51,560.4,543.68,546.52,106315.52,1782863999999,True
