date,open_time,open,high,low,close,volume,close_time,is_closed
2021-01-01 00:00:00,1609459200000,0.3358,0.4321,0.331,0.3978,103497436.76,1609545599999,True
2021-01-02 00:00:00,1609545600000,0.3981,0.4633,0.3796,0.4075,121915106.19,1609631999999,True
2021-01-03 00:00:00,1609632000000,0.4075,0.4381,0.3981,0.4253,66908535.56,1609718399999,True
2021-01-04 00:00:00,1609718400000,0.4255,0.4615,0.3673,0.4463,69298274.5,1609804799999,True
2021-01-05 00:00:00,1609804800000,0.4465,0.496,0.4021,0.4794,97442555.3,1609891199999,True
2021-01-06 00:00:00,1609891200000,0.4793,0.5301,0.4572,0.5111,81831008.76,1609977599999,True
2021-01-07 00:00:00,1609977600000,0.5117,0.5209,0.43,0.4611,67780542.37,1610063999999,True
2021-01-08 00:00:00,1610064000000,0.4611,0.4881,0.4099,0.455,54840029.55,1610150399999,True
2021-01-09 00:00:00,1610150400000,0.4554,0.4944,0.4355,0.4847,47068340.75,1610236799999,True
2021-01-10 00:00:00,1610236800000,0.4848,0.5145,0.415,0.4578,62177806.27,1610323199999,True
2021-01-11 00:00:00,1610323200000,0.4578,0.4602,0.3715,0.4171,57861491.42,1610409599999,True
2021-01-12 00:00:00,1610409600000,0.4174,0.4301,0.39,0.3991,39345146.69,1610495999999,True
2021-01-13 00:00:00,1610496000000,0.3989,0.4526,0.3804,0.4501,33756154.17,1610582399999,True
2021-01-14 00:00:00,1610582400000,0.4502,0.4672,0.4295,0.4559,28669032.2,1610668799999,True
2021-01-15 00:00:00,1610668800000,0.4564,0.4989,0.4241,0.4864,62773154.7,1610755199999,True
2021-01-16 00:00:00,1610755200000,0.4869,0.55,0.4838,0.5183,67642819.03,1610841599999,True
2021-01-17 00:00:00,1610841600000,0.5185,0.5888,0.4819,0.5859,61471228.87,1610927999999,True
2021-01-18 00:00:00,1610928000000,0.5869,0.608,0.5406,0.5668,48169545.05,1611014399999,True
2021-01-19 00:00:00,1611014400000,0.5668,0.5741,0.515,0.5213,35071539.01,1611100799999,True
2021-01-20 00:00:00,1611100800000,0.5213,0.5499,0.4836,0.5472,39674017.3,1611187199999,True
2021-01-21 00:00:00,1611187200000,0.5477,0.5499,0.4473,0.461,41102792.25,1611273599999,True
2021-01-22 00:00:00,1611273600000,0.4616,0.5387,0.4288,0.5088,37462256.44,1611359999999,True
2021-01-23 00:00:00,1611360000000,0.5084,0.5711,0.5016,0.5561,40745060.54,1611446399999,True
2021-01-24 00:00:00,1611446400000,0.5562,0.5838,0.5473,0.5623,35657336.87,1611532799999,True
2021-01-25 00:00:00,1611532800000,0.5621,0.6446,0.55,0.556,56997115.25,1611619199999,True
2021-01-26 00:00:00,1611619200000,0.5559,0.62,0.535,0.601,36806446.38,1611705599999,True
2021-01-27 00:00:00,1611705600000,0.6009,0.6017,0.525,0.541,36970785.17,1611791999999,True
2021-01-28 00:00:00,1611792000000,0.5414,0.5802,0.5257,0.5586,39738370.3,1611878399999,True
2021-01-29 00:00:00,1611878400000,0.5585,0.6851,0.5461,0.6362,67696029.4,1611964799999,True
2021-01-30 00:00:00,1611964800000,0.6368,0.7036,0.6135,0.6653,64045619.18,1612051199999,True
2021-01-31 00:00:00,1612051200000,0.6649,0.703,0.6208,0.6516,49701249.22,1612137599999,True
2021-02-01 00:00:00,1612137600000,0.6524,0.6675,0.6159,0.6442,41334111.25,1612223999999,True
2021-02-02 00:00:00,1612224000000,0.6442,0.6733,0.6243,0.6507,31296868.96,1612310399999,True
2021-02-03 00:00:00,1612310400000,0.6507,0.7519,0.6474,0.7454,44763287.93,1612396799999,True
2021-02-04 00:00:00,1612396800000,0.7449,0.76,0.67,0.7057,50705381.49,1612483199999,True
2021-02-05 00:00:00,1612483200000,0.7055,0.89,0.6981,0.8338,70511516.93,1612569599999,True
2021-02-06 00:00:00,1612569600000,0.8335,0.8642,0.7347,0.8092,57230633.78,1612655999999,True
2021-02-07 00:00:00,1612656000000,0.8098,0.8765,0.768,0.8448,55163037.53,1612742399999,True
2021-02-08 00:00:00,1612742400000,0.8449,1.095,0.8395,1.0028,112093011.971,1612828799999,True
2021-02-09 00:00:00,1612828800000,1.0031,1.0813,0.9572,1.029,73061998.89,1612915199999,True
2021-02-10 00:00:00,1612915200000,1.029,1.0494,0.9168,1.0312,60461063.11,1613001599999,True
2021-02-11 00:00:00,1613001600000,1.031,1.306,1.031,1.238,99429749.915,1613087999999,True
2021-02-12 00:00:00,1613088000000,1.238,1.84,1.175,1.7178,147129037.488,1613174399999,True
2021-02-13 00:00:00,1613174400000,1.718,1.7988,1.3507,1.6716,98301837.82,1613260799999,True
2021-02-14 00:00:00,1613260800000,1.6717,1.69,1.4029,1.4706,50986700.13,1613347199999,True
2021-02-15 00:00:00,1613347200000,1.4691,1.546,1.2,1.3558,77479052.66,1613433599999,True
2021-02-16 00:00:00,1613433600000,1.3573,1.469,1.2645,1.3127,52759498.52,1613519999999,True
2021-02-17 00:00:00,1613520000000,1.3125,1.4236,1.1984,1.3662,63389014.6,1613606399999,True
2021-02-18 00:00:00,1613606400000,1.3681,1.46,1.35,1.3965,60639191.47,1613692799999,True
2021-02-19 00:00:00,1613692800000,1.3977,1.43,1.3006,1.371,54489930.31,1613779199999,True
2021-02-20 00:00:00,1613779200000,1.371,1.5,1.2249,1.3101,86240170.14,1613865599999,True
2021-02-21 00:00:00,1613865600000,1.3101,1.3563,1.2608,1.3055,39201008.11,1613951999999,True
2021-02-22 00:00:00,1613952000000,1.3063,1.319,0.9378,1.143,85744510.67,1614038399999,True
2021-02-23 00:00:00,1614038400000,1.1433,1.1508,0.8321,1.0051,102894588.04,1614124799999,True
2021-02-24 00:00:00,1614124800000,1.0066,1.186,0.9522,1.06,65829502.93,1614211199999,True
2021-02-25 00:00:00,1614211200000,1.06,1.1514,0.9692,0.9812,66045513.42,1614297599999,True
2021-02-26 00:00:00,1614297600000,0.9814,1.0536,0.8964,0.9725,56729259.58,1614383999999,True
2021-02-27 00:00:00,1614384000000,0.9733,1.2,0.9721,1.0988,62482194.78,1614470399999,True
2021-02-28 00:00:00,1614470400000,1.0984,1.1328,0.9414,1.0218,71160035.41,1614556799999,True
2021-03-01 00:00:00,1614556800000,1.0231,1.1103,1.005,1.0893,53496156.13,1614643199999,True
2021-03-02 00:00:00,1614643200000,1.0902,1.1686,1.0373,1.0825,75204385.83,1614729599999,True
2021-03-03 00:00:00,1614729600000,1.0826,1.233,1.057,1.1787,92858594.38,1614815999999,True
2021-03-04 00:00:00,1614816000000,1.1802,1.25,1.05,1.0895,72611337.87,1614902399999,True
2021-03-05 00:00:00,1614902400000,1.0899,1.0966,1.0038,1.0526,52383967.94,1614988799999,True
2021-03-06 00:00:00,1614988800000,1.0529,1.0709,1.0031,1.0494,32162364.88,1615075199999,True
2021-03-07 00:00:00,1615075200000,1.0503,1.138,1.0495,1.1069,40279928.16,1615161599999,True
2021-03-08 00:00:00,1615161600000,1.1067,1.1685,1.06,1.157,48294184.03,1615247999999,True
2021-03-09 00:00:00,1615248000000,1.1565,1.186,1.1164,1.1808,54028141.43,1615334399999,True
2021-03-10 00:00:00,1615334400000,1.1811,1.2312,1.0771,1.1078,56842649.16,1615420799999,True
2021-03-11 00:00:00,1615420800000,1.1093,1.1249,1.048,1.0838,39568719.72,1615507199999,True
2021-03-12 00:00:00,1615507200000,1.083,1.157,1.0265,1.0501,65497523.16,1615593599999,True
2021-03-13 00:00:00,1615593600000,1.0506,1.1732,1.0132,1.1392,54990630.46,1615679999999,True
2021-03-14 00:00:00,1615680000000,1.1392,1.1721,1.0875,1.1168,55603010.49,1615766399999,True
2021-03-15 00:00:00,1615766400000,1.1172,1.35,1.1104,1.1943,164320571.01,1615852799999,True
2021-03-16 00:00:00,1615852800000,1.1943,1.2499,1.1201,1.2007,76959471.66,1615939199999,True
2021-03-17 00:00:00,1615939200000,1.2021,1.2985,1.1531,1.2886,49293271.04,1616025599999,True
2021-03-18 00:00:00,1616025600000,1.2886,1.384,1.237,1.257,62719910.21,1616111999999,True
2021-03-19 00:00:00,1616112000000,1.2563,1.3115,1.2107,1.2493,28999087.83,1616198399999,True
2021-03-20 00:00:00,1616198400000,1.2488,1.3145,1.2,1.2097,30741261.51,1616284799999,True
2021-03-21 00:00:00,1616284800000,1.2089,1.2356,1.1505,1.1794,28554412.81,1616371199999,True
2021-03-22 00:00:00,1616371200000,1.1791,1.2287,1.073,1.1014,37689032.25,1616457599999,True
2021-03-23 00:00:00,1616457600000,1.1022,1.1584,1.0553,1.1102,32536947.24,1616543999999,True
2021-03-24 00:00:00,1616544000000,1.1105,1.1849,0.9822,1.0274,46021369.96,1616630399999,True
2021-03-25 00:00:00,1616630400000,1.027,1.0777,0.9758,1.0424,50986557.05,1616716799999,True
2021-03-26 00:00:00,1616716800000,1.0424,1.1249,1.0392,1.1174,28367784.63,1616803199999,True
2021-03-27 00:00:00,1616803200000,1.117,1.2178,1.0913,1.1597,53517074.74,1616889599999,True
2021-03-28 00:00:00,1616889600000,1.1598,1.2688,1.1451,1.2354,50280348.68,1616975999999,True
2021-03-29 00:00:00,1616976000000,1.2354,1.4521,1.2167,1.4019,64439697.13,1617062399999,True
2021-03-30 00:00:00,1617062400000,1.4019,1.4298,1.3001,1.3245,48502965.88,1617148799999,True
2021-03-31 00:00:00,1617148800000,1.3244,1.3724,1.2426,1.3667,41808872.39,1617235199999,True
2021-04-01 00:00:00,1617235200000,1.3655,1.4,1.2916,1.3215,34933539.82,1617321599999,True
2021-04-02 00:00:00,1617321600000,1.3219,1.3692,1.3026,1.3589,28961305.87,1617407999999,True
2021-04-03 00:00:00,1617408000000,1.3581,1.47,1.2579,1.2622,61626197.09,1617494399999,True
2021-04-04 00:00:00,1617494400000,1.2623,1.3494,1.2327,1.3094,33103163.48,1617580799999,True
2021-04-05 00:00:00,1617580800000,1.3095,1.43,1.271,1.4013,44979680.04,1617667199999,True
2021-04-06 00:00:00,1617667200000,1.4016,1.4887,1.347,1.3984,53788452.04,1617753599999,True
2021-04-07 00:00:00,1617753600000,1.3985,1.4823,1.2495,1.3024,63024693.78,1617839999999,True
2021-04-08 00:00:00,1617840000000,1.3035,1.3843,1.2903,1.3508,29223051.82,1617926399999,True
2021-04-09 00:00:00,1617926400000,1.3508,1.4287,1.3187,1.3936,37068523.15,1618012799999,True
2021-04-10 00:00:00,1618012800000,1.3936,1.4772,1.3539,1.3901,42519519.5,1618099199999,True
2021-04-11 00:00:00,1618099200000,1.3904,1.5461,1.3578,1.5212,46533319.73,1618185599999,True
2021-04-12 00:00:00,1618185600000,1.5214,1.5975,1.4284,1.482,56320387.54,1618271999999,True
2021-04-13 00:00:00,1618272000000,1.4821,1.5548,1.4165,1.5156,45048822.83,1618358399999,True
2021-04-14 00:00:00,1618358400000,1.5152,1.5284,1.3817,1.4631,43363718.55,1618444799999,True
2021-04-15 00:00:00,1618444800000,1.4632,1.6233,1.4457,1.5686,45169904.4,1618531199999,True
2021-04-16 00:00:00,1618531200000,1.5687,1.5993,1.4011,1.5044,42028773.4,1618617599999,True
2021-04-17 00:00:00,1618617600000,1.5043,1.7999,1.5042,1.6998,107016656.58,1618703999999,True
2021-04-18 00:00:00,1618704000000,1.6998,1.7184,1.2116,1.4573,93183256.67,1618790399999,True
2021-04-19 00:00:00,1618790400000,1.4572,1.53,1.2812,1.2923,67559331.43,1618876799999,True
2021-04-20 00:00:00,1618876800000,1.2916,1.35,1.16,1.2907,55700942.74,1618963199999,True
2021-04-21 00:00:00,1618963200000,1.29,1.3449,1.1891,1.2104,63234115.22,1619049599999,True
2021-04-22 00:00:00,1619049600000,1.211,1.3251,1.1269,1.1618,60031368.84,1619135999999,True
2021-04-23 00:00:00,1619136000000,1.1618,1.1945,0.913,1.1667,84882770.11,1619222399999,True
2021-04-24 00:00:00,1619222400000,1.1667,1.1713,1.077,1.0884,27297319.92,1619308799999,True
2021-04-25 00:00:00,1619308800000,1.0884,1.1932,1.0478,1.0939,26813606.24,1619395199999,True
2021-04-26 00:00:00,1619395200000,1.0946,1.2484,1.0823,1.2364,43331058.96,1619481599999,True
2021-04-27 00:00:00,1619481600000,1.2359,1.3325,1.2226,1.3097,41846178.55,1619567999999,True
2021-04-28 00:00:00,1619568000000,1.3093,1.3364,1.2093,1.288,32658509.67,1619654399999,True
2021-04-29 00:00:00,1619654400000,1.2888,1.382,1.2424,1.3222,43686975.83,1619740799999,True
2021-04-30 00:00:00,1619740800000,1.3222,1.4461,1.2947,1.4029,44385214.4,1619827199999,True
2021-05-01 00:00:00,1619827200000,1.4029,1.42,1.3477,1.3934,26941499.74,1619913599999,True
2021-05-02 00:00:00,1619913600000,1.3933,1.4135,1.3205,1.3877,28935955.19,1619999999999,True
2021-05-03 00:00:00,1620000000000,1.3877,1.4747,1.3871,1.4346,30865267.07,1620086399999,True
2021-05-04 00:00:00,1620086400000,1.4362,1.445,1.2721,1.2742,42901870.73,1620172799999,True
2021-05-05 00:00:00,1620172800000,1.2741,1.4533,1.2541,1.4425,32738167.36,1620259199999,True
2021-05-06 00:00:00,1620259200000,1.4419,1.5792,1.4129,1.5444,64557373.8,1620345599999,True
2021-05-07 00:00:00,1620345600000,1.5444,1.6965,1.471,1.5769,65135937.22,1620431999999,True
2021-05-08 00:00:00,1620432000000,1.5775,1.6244,1.488,1.5182,33259498.39,1620518399999,True
2021-05-09 00:00:00,1620518400000,1.5182,1.53,1.4261,1.5151,32906775.52,1620604799999,True
2021-05-10 00:00:00,1620604800000,1.5152,1.5561,1.3054,1.3707,37404899.93,1620691199999,True
2021-05-11 00:00:00,1620691200000,1.3704,1.4776,1.323,1.474,29157905.15,1620777599999,True
2021-05-12 00:00:00,1620777600000,1.474,1.4997,1.2396,1.2734,41345401.83,1620863999999,True
2021-05-13 00:00:00,1620864000000,1.2732,1.453,1.201,1.3526,58295062.52,1620950399999,True
2021-05-14 00:00:00,1620950400000,1.3528,1.49,1.3229,1.4775,38997654.08,1621036799999,True
2021-05-15 00:00:00,1621036800000,1.4772,1.537,1.373,1.3888,54344627.65,1621123199999,True
2021-05-16 00:00:00,1621123200000,1.3884,1.54,1.3318,1.3956,52071682.45,1621209599999,True
2021-05-17 00:00:00,1621209600000,1.396,1.4126,1.256,1.2842,39031598.92,1621295999999,True
2021-05-18 00:00:00,1621296000000,1.2854,1.393,1.2567,1.365,30186993.39,1621382399999,True
2021-05-19 00:00:00,1621382400000,1.3658,1.388,0.7561,0.9309,111653363.05,1621468799999,True
2021-05-20 00:00:00,1621468800000,0.9329,1.12,0.8377,1.1089,64554630.71,1621555199999,True
2021-05-21 00:00:00,1621555200000,1.1086,1.1472,0.8441,0.9736,50329798.21,1621641599999,True
2021-05-22 00:00:00,1621641600000,0.9735,1.0153,0.8552,0.9739,38750541.91,1621727999999,True
2021-05-23 00:00:00,1621728000000,0.9739,1.0405,0.6774,0.8178,65498680.99,1621814399999,True
2021-05-24 00:00:00,1621814400000,0.8169,1.0063,0.8005,0.9811,32235991.16,1621900799999,True
2021-05-25 00:00:00,1621900800000,0.9813,1.0179,0.8672,0.9754,36972077.69,1621987199999,True
2021-05-26 00:00:00,1621987200000,0.9757,1.0593,0.9538,1.0237,35451063.14,1622073599999,True
2021-05-27 00:00:00,1622073600000,1.0235,1.0333,0.9356,0.9752,23181140.83,1622159999999,True
2021-05-28 00:00:00,1622160000000,0.9756,0.987,0.8458,0.8999,29097745.82,1622246399999,True
2021-05-29 00:00:00,1622246400000,0.9006,0.9306,0.7904,0.8315,21248486.75,1622332799999,True
2021-05-30 00:00:00,1622332800000,0.8319,0.8946,0.7784,0.8491,19187675.92,1622419199999,True
2021-05-31 00:00:00,1622419200000,0.8491,0.9385,0.8139,0.9359,23377949.57,1622505599999,True
2021-06-01 00:00:00,1622505600000,0.9356,0.9515,0.876,0.8952,20571318.46,1622591999999,True
2021-06-02 00:00:00,1622592000000,0.8951,1.0708,0.8725,1.0187,34348783.01,1622678399999,True
2021-06-03 00:00:00,1622678400000,1.0189,1.1537,1.0049,1.1113,34622258.52,1622764799999,True
2021-06-04 00:00:00,1622764800000,1.1119,1.133,0.9719,1.0284,30312792.76,1622851199999,True
2021-06-05 00:00:00,1622851200000,1.0274,1.0942,0.947,0.9763,24711755.92,1622937599999,True
2021-06-06 00:00:00,1622937600000,0.9752,1.0253,0.9642,1.0247,14186891.49,1623023999999,True
2021-06-07 00:00:00,1623024000000,1.0248,1.089,0.9469,0.9633,20579526.56,1623110399999,True
2021-06-08 00:00:00,1623110400000,0.9632,0.9766,0.856,0.9406,26800573.26,1623196799999,True
2021-06-09 00:00:00,1623196800000,0.9403,1.1523,0.9076,1.0415,68702978.3,1623283199999,True
2021-06-10 00:00:00,1623283200000,1.041,1.0522,0.9741,1.0496,36549059.74,1623369599999,True
2021-06-11 00:00:00,1623369600000,1.0488,1.0819,0.9566,0.9732,39320033.71,1623455999999,True
2021-06-12 00:00:00,1623456000000,0.9729,1.0198,0.9105,0.991,23426336.5,1623542399999,True
2021-06-13 00:00:00,1623542400000,0.9907,1.0662,0.9626,1.0406,18843798.88,1623628799999,True
2021-06-14 00:00:00,1623628800000,1.0411,1.0865,1.0241,1.0552,20055900.79,1623715199999,True
2021-06-15 00:00:00,1623715200000,1.0557,1.0937,1.0229,1.0323,19892856.17,1623801599999,True
2021-06-16 00:00:00,1623801600000,1.0324,1.057,0.998,1.0178,15850200.16,1623887999999,True
2021-06-17 00:00:00,1623888000000,1.0178,1.0848,1.0128,1.0646,19738793.88,1623974399999,True
2021-06-18 00:00:00,1623974400000,1.0646,1.0924,0.9599,0.992,20249014.79,1624060799999,True
2021-06-19 00:00:00,1624060800000,0.9918,0.992,0.934,0.934,16974573.76,1624147199999,True
2021-06-20 00:00:00,1624147200000,0.935,0.9527,0.878,0.9339,19487672.69,1624233599999,True
2021-06-21 00:00:00,1624233600000,0.9342,0.9416,0.7505,0.7539,38568300.57,1624319999999,True
2021-06-22 00:00:00,1624320000000,0.7536,0.8553,0.6712,0.7436,58396503.62,1624406399999,True
2021-06-23 00:00:00,1624406400000,0.7434,0.8708,0.713,0.8323,35395187.77,1624492799999,True
2021-06-24 00:00:00,1624492800000,0.8327,0.8947,0.796,0.8743,16670371.31,1624579199999,True
2021-06-25 00:00:00,1624579200000,0.8746,0.8988,0.7781,0.7904,23275845.25,1624665599999,True
2021-06-26 00:00:00,1624665600000,0.7908,0.8259,0.7603,0.8094,20398020.3,1624751999999,True
2021-06-27 00:00:00,1624752000000,0.8089,0.849,0.771,0.8358,17215147.44,1624838399999,True
2021-06-28 00:00:00,1624838400000,0.836,0.8646,0.8218,0.8426,16809517.34,1624924799999,True
2021-06-29 00:00:00,1624924800000,0.8425,0.9241,0.839,0.8889,18054385.86,1625011199999,True
2021-06-30 00:00:00,1625011200000,0.8883,0.9124,0.833,0.8833,15547037.92,1625097599999,True
2021-07-01 00:00:00,1625097600000,0.8836,0.8839,0.8104,0.834,14216317.3,1625183999999,True
2021-07-02 00:00:00,1625184000000,0.833,0.8459,0.7989,0.8456,9905766.21,1625270399999,True
2021-07-03 00:00:00,1625270400000,0.8457,0.885,0.8337,0.8764,7593790.39,1625356799999,True
2021-07-04 00:00:00,1625356800000,0.8761,0.9142,0.8562,0.88,7600902.36,1625443199999,True
2021-07-05 00:00:00,1625443200000,0.8793,0.8921,0.8386,0.8728,10676768.51,1625529599999,True
2021-07-06 00:00:00,1625529600000,0.8731,0.9336,0.8715,0.9132,15437352.09,1625615999999,True
2021-07-07 00:00:00,1625616000000,0.9129,0.9408,0.9015,0.9062,12482528.75,1625702399999,True
2021-07-08 00:00:00,1625702400000,0.906,0.9076,0.8474,0.8683,13542386.8,1625788799999,True
2021-07-09 00:00:00,1625788800000,0.8676,0.9336,0.8288,0.9058,19120633.52,1625875199999,True
2021-07-10 00:00:00,1625875200000,0.9059,0.9225,0.8662,0.8918,9079190.96,1625961599999,True
2021-07-11 00:00:00,1625961600000,0.8922,0.9185,0.8848,0.8952,7161488.41,1626047999999,True
2021-07-12 00:00:00,1626048000000,0.8953,0.9044,0.8504,0.8675,8082545.18,1626134399999,True
2021-07-13 00:00:00,1626134400000,0.8672,0.8973,0.8487,0.8753,9496720.42,1626220799999,True
2021-07-14 00:00:00,1626220800000,0.8748,0.881,0.8218,0.8587,11958303.4,1626307199999,True
2021-07-15 00:00:00,1626307200000,0.8585,0.8792,0.82,0.8347,9883519.86,1626393599999,True
2021-07-16 00:00:00,1626393600000,0.8348,0.8513,0.7732,0.7842,15193894.31,1626479999999,True
2021-07-17 00:00:00,1626480000000,0.7843,0.8067,0.7717,0.7843,10709935.78,1626566399999,True
2021-07-18 00:00:00,1626566400000,0.7836,0.8137,0.7746,0.7981,8872525.42,1626652799999,True
2021-07-19 00:00:00,1626652800000,0.7984,0.8087,0.7473,0.7505,10143048.26,1626739199999,True
2021-07-20 00:00:00,1626739200000,0.7507,0.7657,0.676,0.6961,20985312.95,1626825599999,True
2021-07-21 00:00:00,1626825600000,0.6963,0.7829,0.6817,0.7701,16155479.42,1626911999999,True
2021-07-22 00:00:00,1626912000000,0.7702,0.7995,0.7538,0.7961,13625897.64,1626998399999,True
2021-07-23 00:00:00,1626998400000,0.7965,0.8165,0.7704,0.8078,12525368.77,1627084799999,True
2021-07-24 00:00:00,1627084800000,0.8082,0.846,0.8034,0.8262,13230184.51,1627171199999,True
2021-07-25 00:00:00,1627171200000,0.8262,0.9074,0.7958,0.8905,19061475.13,1627257599999,True
2021-07-26 00:00:00,1627257600000,0.8901,0.9339,0.84,0.8476,28792705.42,1627343999999,True
2021-07-27 00:00:00,1627344000000,0.8472,0.8721,0.8173,0.8569,14430348.85,1627430399999,True
2021-07-28 00:00:00,1627430400000,0.8571,0.8716,0.8275,0.8481,14614749.45,1627516799999,True
2021-07-29 00:00:00,1627516800000,0.8481,0.8566,0.8246,0.8462,9705626.31,1627603199999,True
2021-07-30 00:00:00,1627603200000,0.8463,0.8559,0.8077,0.8529,14784376.82,1627689599999,True
2021-07-31 00:00:00,1627689600000,0.8529,0.8587,0.8211,0.8395,17882669.05,1627775999999,True
2021-08-01 00:00:00,1627776000000,0.8391,0.8767,0.8027,0.8117,20942639.61,1627862399999,True
2021-08-02 00:00:00,1627862400000,0.8117,0.84,0.8003,0.8167,13009547.08,1627948799999,True
2021-08-03 00:00:00,1627948800000,0.8162,0.8373,0.79,0.8187,13508877.15,1628035199999,True
2021-08-04 00:00:00,1628035200000,0.8187,0.8412,0.802,0.8282,16732921.36,1628121599999,True
2021-08-05 00:00:00,1628121600000,0.8278,0.8593,0.81,0.8507,23221831.6,1628207999999,True
2021-08-06 00:00:00,1628208000000,0.8505,0.869,0.8227,0.8551,22009970.01,1628294399999,True
2021-08-07 00:00:00,1628294400000,0.8554,0.8961,0.8436,0.8755,37472621.78,1628380799999,True
2021-08-08 00:00:00,1628380800000,0.8755,0.8859,0.8167,0.8253,27360762.71,1628467199999,True
2021-08-09 00:00:00,1628467200000,0.8256,0.8713,0.8044,0.855,24691559.35,1628553599999,True
2021-08-10 00:00:00,1628553600000,0.8547,0.9092,0.8385,0.8829,34467615.49,1628639999999,True
2021-08-11 00:00:00,1628640000000,0.8831,0.97,0.8778,0.9116,59378720.08,1628726399999,True
2021-08-12 00:00:00,1628726400000,0.9117,0.9649,0.8534,0.8841,57858791.37,1628812799999,True
2021-08-13 00:00:00,1628812800000,0.884,0.9562,0.8712,0.9544,36995866.27,1628899199999,True
2021-08-14 00:00:00,1628899200000,0.9549,0.9818,0.9098,0.932,49297000.31,1628985599999,True
2021-08-15 00:00:00,1628985600000,0.9325,1.0241,0.9244,0.9951,58435655.24,1629071999999,True
2021-08-16 00:00:00,1629072000000,0.9947,1.0353,0.9366,0.9461,53225603.22,1629158399999,True
2021-08-17 00:00:00,1629158400000,0.9456,0.9926,0.88,0.8835,48471884.18,1629244799999,True
2021-08-18 00:00:00,1629244800000,0.8842,0.9643,0.8474,0.9224,46506731.59,1629331199999,True
2021-08-19 00:00:00,1629331200000,0.9225,1.073,0.912,1.0441,87684139.56,1629417599999,True
2021-08-20 00:00:00,1629417600000,1.0444,1.1543,1.0395,1.1385,69978750.54,1629503999999,True
2021-08-21 00:00:00,1629504000000,1.1372,1.2222,1.0921,1.1488,60191628.46,1629590399999,True
2021-08-22 00:00:00,1629590400000,1.1489,1.2444,1.1181,1.157,42470528.04,1629676799999,True
2021-08-23 00:00:00,1629676800000,1.1573,1.1901,1.1088,1.1587,34230095.25,1629763199999,True
2021-08-24 00:00:00,1629763200000,1.159,1.16,1.0151,1.0368,44097790.4,1629849599999,True
2021-08-25 00:00:00,1629849600000,1.0368,1.0804,1.0004,1.0651,29788902.6,1629935999999,True
2021-08-26 00:00:00,1629936000000,1.0642,1.0755,0.9702,0.9887,27696436.22,1630022399999,True
2021-08-27 00:00:00,1630022400000,0.9881,1.0662,0.9593,1.065,27333899.46,1630108799999,True
2021-08-28 00:00:00,1630108800000,1.065,1.0751,1.0226,1.0388,19510444.09,1630195199999,True
2021-08-29 00:00:00,1630195200000,1.0389,1.0666,0.9991,1.0217,24639385.0,1630281599999,True
2021-08-30 00:00:00,1630281600000,1.0217,1.0977,0.9764,1.0207,34656685.35,1630367999999,True
2021-08-31 00:00:00,1630368000000,1.0201,1.1721,1.0027,1.1134,63948645.29,1630454399999,True
2021-09-01 00:00:00,1630454400000,1.1135,1.1849,1.0789,1.1614,43230208.66,1630540799999,True
2021-09-02 00:00:00,1630540800000,1.1615,1.1789,1.1213,1.1421,23461669.0,1630627199999,True
2021-09-03 00:00:00,1630627200000,1.1423,1.27,1.1085,1.2178,61734288.8,1630713599999,True
2021-09-04 00:00:00,1630713600000,1.2175,1.24,1.1887,1.2079,28514256.0,1630799999999,True
2021-09-05 00:00:00,1630800000000,1.2081,1.35,1.1817,1.3147,49054347.36,1630886399999,True
2021-09-06 00:00:00,1630886400000,1.3146,1.4874,1.2904,1.4579,69726925.29,1630972799999,True
2021-09-07 00:00:00,1630972800000,1.458,1.5167,1.0199,1.2774,113768791.48,1631059199999,True
2021-09-08 00:00:00,1631059200000,1.2773,1.966,1.2332,1.9163,411415946.399,1631145599999,True
2021-09-09 00:00:00,1631145600000,1.9152,2.4903,1.902,2.3036,425690635.844,1631231999999,True
2021-09-10 00:00:00,1631232000000,2.3021,2.4283,1.8432,2.0126,282534277.0,1631318399999,True
2021-09-11 00:00:00,1631318400000,2.0118,2.29,1.9607,1.9943,194425030.0,1631404799999,True
2021-09-12 00:00:00,1631404800000,1.9947,2.48,1.9,2.3793,222384280.0,1631491199999,True
2021-09-13 00:00:00,1631491200000,2.378,2.5574,1.97,2.1652,257411002.1,1631577599999,True
2021-09-14 00:00:00,1631577600000,2.1645,2.2727,1.9792,2.0396,114017816.0,1631663999999,True
2021-09-15 00:00:00,1631664000000,2.0395,2.092,1.9928,2.015,68445134.0,1631750399999,True
2021-09-16 00:00:00,1631750400000,2.0144,2.2258,1.862,2.0378,145130730.0,1631836799999,True
2021-09-17 00:00:00,1631836800000,2.0377,2.16,1.8871,1.9236,90207802.0,1631923199999,True
2021-09-18 00:00:00,1631923200000,1.9237,2.1289,1.8949,2.0722,81645600.0,1632009599999,True
2021-09-19 00:00:00,1632009600000,2.0721,2.1573,1.94,1.9729,76556905.0,1632095999999,True
2021-09-20 00:00:00,1632096000000,1.9733,1.9765,1.5464,1.6736,144435752.0,1632182399999,True
2021-09-21 00:00:00,1632182400000,1.6731,1.825,1.5187,1.5763,95673108.0,1632268799999,True
2021-09-22 00:00:00,1632268800000,1.576,1.897,1.5451,1.8457,84526602.0,1632355199999,True
2021-09-23 00:00:00,1632355200000,1.8443,2.0538,1.7882,2.0031,99537811.0,1632441599999,True
2021-09-24 00:00:00,1632441600000,2.0031,2.007,1.6823,1.7864,108353320.0,1632527999999,True
2021-09-25 00:00:00,1632528000000,1.7865,1.8168,1.692,1.731,56529944.0,1632614399999,True
2021-09-26 00:00:00,1632614400000,1.7303,1.7817,1.5665,1.775,72229907.0,1632700799999,True
2021-09-27 00:00:00,1632700800000,1.7743,1.859,1.6681,1.6733,76499918.0,1632787199999,True
2021-09-28 00:00:00,1632787200000,1.674,1.7201,1.5529,1.5649,62639409.0,1632873599999,True
2021-09-29 00:00:00,1632873600000,1.5641,1.7498,1.55,1.6067,63200438.0,1632959999999,True
2021-09-30 00:00:00,1632960000000,1.6067,1.6622,1.5721,1.6273,46431391.0,1633046399999,True
2021-10-01 00:00:00,1633046400000,1.6274,1.814,1.5954,1.7736,65502304.0,1633132799999,True
2021-10-02 00:00:00,1633132800000,1.7725,1.8849,1.711,1.7692,59503487.0,1633219199999,True
2021-10-03 00:00:00,1633219200000,1.7704,1.9991,1.7309,1.9833,81133600.0,1633305599999,True
2021-10-04 00:00:00,1633305600000,1.9839,2.0935,1.885,1.9394,132027396.0,1633391999999,True
2021-10-05 00:00:00,1633392000000,1.9389,2.0629,1.9191,1.951,59555333.0,1633478399999,True
2021-10-06 00:00:00,1633478400000,1.9516,1.9887,1.7759,1.8141,76601394.0,1633564799999,True
2021-10-07 00:00:00,1633564800000,1.8141,1.9393,1.7507,1.8902,70049989.0,1633651199999,True
2021-10-08 00:00:00,1633651200000,1.8909,2.0,1.8766,1.898,66072438.0,1633737599999,True
2021-10-09 00:00:00,1633737600000,1.8988,1.95,1.86,1.8927,30861234.0,1633823999999,True
2021-10-10 00:00:00,1633824000000,1.8933,1.8933,1.7584,1.765,28336707.0,1633910399999,True
2021-10-11 00:00:00,1633910400000,1.765,1.8336,1.6784,1.7158,30350425.0,1633996799999,True
2021-10-12 00:00:00,1633996800000,1.7161,1.76,1.5997,1.7474,44512758.0,1634083199999,True
2021-10-13 00:00:00,1634083200000,1.7471,1.845,1.6859,1.837,29125547.0,1634169599999,True
2021-10-14 00:00:00,1634169600000,1.8369,1.8824,1.7776,1.8106,32749178.0,1634255999999,True
2021-10-15 00:00:00,1634256000000,1.8107,1.8109,1.7271,1.7543,31342009.0,1634342399999,True
2021-10-16 00:00:00,1634342400000,1.7544,1.85,1.7347,1.7983,37815059.0,1634428799999,True
2021-10-17 00:00:00,1634428800000,1.7988,1.8929,1.724,1.7692,42183099.0,1634515199999,True
2021-10-18 00:00:00,1634515200000,1.7693,1.7881,1.6943,1.7369,20548443.0,1634601599999,True
2021-10-19 00:00:00,1634601600000,1.7366,1.7689,1.6856,1.7105,21496531.0,1634687999999,True
2021-10-20 00:00:00,1634688000000,1.7105,1.8229,1.6863,1.791,29074074.0,1634774399999,True
2021-10-21 00:00:00,1634774400000,1.7914,1.8849,1.7013,1.7845,54346617.0,1634860799999,True
2021-10-22 00:00:00,1634860800000,1.7836,1.9413,1.7713,1.8609,62694242.0,1634947199999,True
2021-10-23 00:00:00,1634947200000,1.861,1.9428,1.846,1.9076,37807947.0,1635033599999,True
2021-10-24 00:00:00,1635033600000,1.9077,1.9199,1.7802,1.8151,30010316.0,1635119999999,True
2021-10-25 00:00:00,1635120000000,1.8152,2.075,1.8071,2.0496,63775171.0,1635206399999,True
2021-10-26 00:00:00,1635206400000,2.0494,2.1,1.9471,2.0445,62903283.0,1635292799999,True
2021-10-27 00:00:00,1635292800000,2.0434,2.0884,1.69,1.7948,83909882.0,1635379199999,True
2021-10-28 00:00:00,1635379200000,1.7932,1.8803,1.7501,1.8447,54284530.0,1635465599999,True
2021-10-29 00:00:00,1635465600000,1.844,1.918,1.8345,1.8756,38285174.0,1635551999999,True
2021-10-30 00:00:00,1635552000000,1.8761,1.8782,1.7722,1.8199,23948805.0,1635638399999,True
2021-10-31 00:00:00,1635638400000,1.8209,1.8562,1.754,1.8284,32469714.0,1635724799999,True
2021-11-01 00:00:00,1635724800000,1.8281,1.867,1.7765,1.8322,26280705.0,1635811199999,True
2021-11-02 00:00:00,1635811200000,1.8329,1.9125,1.8301,1.8647,30408300.0,1635897599999,True
2021-11-03 00:00:00,1635897600000,1.8647,1.9836,1.818,1.9342,46887650.0,1635983999999,True
2021-11-04 00:00:00,1635984000000,1.9342,1.9625,1.8187,1.8587,29086864.0,1636070399999,True
2021-11-05 00:00:00,1636070400000,1.8586,1.9139,1.8285,1.8421,22420371.0,1636156799999,True
2021-11-06 00:00:00,1636156800000,1.8424,1.8661,1.7773,1.8362,17041991.0,1636243199999,True
2021-11-07 00:00:00,1636243200000,1.8359,1.87,1.8193,1.8664,15574711.0,1636329599999,True
2021-11-08 00:00:00,1636329600000,1.8663,2.09,1.8352,2.0468,62851768.0,1636415999999,True
2021-11-09 00:00:00,1636416000000,2.0464,2.0566,1.9292,1.9461,38832143.0,1636502399999,True
2021-11-10 00:00:00,1636502400000,1.9455,2.2935,1.83,1.9321,129908674.0,1636588799999,True
2021-11-11 00:00:00,1636588800000,1.9319,2.0621,1.872,2.02,61945049.0,1636675199999,True
2021-11-12 00:00:00,1636675200000,2.0201,2.363,2.0025,2.1452,179772290.0,1636761599999,True
2021-11-13 00:00:00,1636761600000,2.1441,2.1628,2.0318,2.0743,46007264.0,1636847999999,True
2021-11-14 00:00:00,1636848000000,2.074,2.1087,1.9185,1.9845,52677349.0,1636934399999,True
2021-11-15 00:00:00,1636934400000,1.9844,2.0095,1.8563,1.8911,52164268.0,1637020799999,True
2021-11-16 00:00:00,1637020800000,1.8912,1.8912,1.5607,1.7229,94911065.0,1637107199999,True
2021-11-17 00:00:00,1637107200000,1.7211,1.761,1.5952,1.6588,60452454.0,1637193599999,True
2021-11-18 00:00:00,1637193600000,1.6585,2.99,1.6471,1.8499,514030822.804,1637279999999,True
2021-11-19 00:00:00,1637280000000,1.8498,1.9076,1.7508,1.878,70265015.0,1637366399999,True
2021-11-20 00:00:00,1637366400000,1.8785,1.9054,1.7575,1.8384,40883687.0,1637452799999,True
2021-11-21 00:00:00,1637452800000,1.8377,1.8925,1.7822,1.8281,42655372.0,1637539199999,True
2021-11-22 00:00:00,1637539200000,1.8281,1.838,1.7131,1.7384,43317588.0,1637625599999,True
2021-11-23 00:00:00,1637625600000,1.7381,1.85,1.6971,1.8357,42291825.0,1637711999999,True
2021-11-24 00:00:00,1637712000000,1.8356,1.8733,1.72,1.7416,45782554.0,1637798399999,True
2021-11-25 00:00:00,1637798400000,1.7416,1.8441,1.725,1.8214,41187816.0,1637884799999,True
2021-11-26 00:00:00,1637884800000,1.8214,1.8242,1.5829,1.6045,59819201.0,1637971199999,True
2021-11-27 00:00:00,1637971200000,1.6044,1.7242,1.6002,1.6742,39983287.0,1638057599999,True
2021-11-28 00:00:00,1638057600000,1.6748,1.7152,1.57,1.7125,34972976.0,1638143999999,True
2021-11-29 00:00:00,1638144000000,1.712,1.8327,1.6917,1.7725,46330252.0,1638230399999,True
2021-11-30 00:00:00,1638230400000,1.7715,1.88,1.7295,1.8119,57996248.0,1638316799999,True
2021-12-01 00:00:00,1638316800000,1.812,2.0259,1.8007,1.9609,79153407.0,1638403199999,True
2021-12-02 00:00:00,1638403200000,1.9608,2.0431,1.8483,1.8869,61315598.0,1638489599999,True
2021-12-03 00:00:00,1638489600000,1.8877,1.9422,1.6918,1.7468,47203596.0,1638575999999,True
2021-12-04 00:00:00,1638576000000,1.7466,1.7527,1.3238,1.6491,93370242.0,1638662399999,True
2021-12-05 00:00:00,1638662400000,1.6491,1.765,1.5853,1.765,84567923.0,1638748799999,True
2021-12-06 00:00:00,1638748800000,1.7648,1.8666,1.6132,1.7629,110472308.0,1638835199999,True
2021-12-07 00:00:00,1638835200000,1.7621,1.8109,1.6642,1.6852,40437823.0,1638921599999,True
2021-12-08 00:00:00,1638921600000,1.685,1.7019,1.5906,1.7015,25884932.0,1639007999999,True
2021-12-09 00:00:00,1639008000000,1.701,1.7135,1.5431,1.548,32555446.0,1639094399999,True
2021-12-10 00:00:00,1639094400000,1.548,1.5997,1.4559,1.459,27195979.0,1639180799999,True
2021-12-11 00:00:00,1639180800000,1.4587,1.5768,1.43,1.5279,25023027.0,1639267199999,True
2021-12-12 00:00:00,1639267200000,1.5284,1.5654,1.5084,1.5392,16794202.0,1639353599999,True
2021-12-13 00:00:00,1639353600000,1.539,1.5586,1.3183,1.3223,37351297.0,1639439999999,True
2021-12-14 00:00:00,1639440000000,1.3219,1.3932,1.3092,1.3803,26335006.0,1639526399999,True
2021-12-15 00:00:00,1639526400000,1.3801,1.4546,1.303,1.4262,28398439.0,1639612799999,True
2021-12-16 00:00:00,1639612800000,1.4262,1.4671,1.3833,1.3878,18305062.0,1639699199999,True
2021-12-17 00:00:00,1639699200000,1.3875,1.4035,1.3173,1.3468,18697796.0,1639785599999,True
2021-12-18 00:00:00,1639785600000,1.347,1.3987,1.3252,1.3781,15483767.0,1639871999999,True
2021-12-19 00:00:00,1639872000000,1.3781,1.4351,1.3523,1.3556,17054492.0,1639958399999,True
2021-12-20 00:00:00,1639958400000,1.3562,1.3568,1.2565,1.2964,25974151.0,1640044799999,True
2021-12-21 00:00:00,1640044800000,1.2966,1.3644,1.2903,1.3573,26694265.0,1640131199999,True
2021-12-22 00:00:00,1640131200000,1.3573,1.4168,1.3425,1.3642,29932451.0,1640217599999,True
2021-12-23 00:00:00,1640217600000,1.3642,1.4884,1.3437,1.4698,31950957.0,1640303999999,True
2021-12-24 00:00:00,1640304000000,1.4698,1.65,1.4458,1.5754,47617400.0,1640390399999,True
2021-12-25 00:00:00,1640390400000,1.5748,1.5994,1.5309,1.5751,22999107.0,1640476799999,True
2021-12-26 00:00:00,1640476800000,1.5745,1.6433,1.5445,1.6064,34733555.0,1640563199999,True
2021-12-27 00:00:00,1640563200000,1.6073,1.7249,1.5797,1.6625,32130632.0,1640649599999,True
2021-12-28 00:00:00,1640649600000,1.663,1.6639,1.45,1.4654,41136791.0,1640735999999,True
2021-12-29 00:00:00,1640736000000,1.4661,1.6442,1.4062,1.5827,44785855.0,1640822399999,True
2021-12-30 00:00:00,1640822400000,1.5827,1.7657,1.5205,1.7302,70697205.0,1640908799999,True
2021-12-31 00:00:00,1640908800000,1.7302,1.7883,1.6281,1.6591,48715404.0,1640995199999,True
2022-01-01 00:00:00,1640995200000,1.6585,1.77,1.6303,1.7414,22952248.0,1641081599999,True
2022-01-02 00:00:00,1641081600000,1.7415,1.7846,1.66,1.6734,26531427.0,1641167999999,True
2022-01-03 00:00:00,1641168000000,1.6731,1.8357,1.626,1.7949,57145005.0,1641254399999,True
2022-01-04 00:00:00,1641254400000,1.7949,1.8451,1.658,1.6725,62763916.0,1641340799999,True
2022-01-05 00:00:00,1641340800000,1.6724,1.8026,1.447,1.5554,64252612.0,1641427199999,True
2022-01-06 00:00:00,1641427200000,1.5557,1.6055,1.4829,1.5633,47101470.0,1641513599999,True
2022-01-07 00:00:00,1641513600000,1.5628,1.5696,1.393,1.4458,52703019.0,1641599999999,True
2022-01-08 00:00:00,1641600000000,1.4459,1.4697,1.3148,1.385,30163813.0,1641686399999,True
2022-01-09 00:00:00,1641686400000,1.3844,1.4412,1.3679,1.4004,18468767.0,1641772799999,True
2022-01-10 00:00:00,1641772800000,1.4003,1.45,1.3,1.3623,37319202.0,1641859199999,True
2022-01-11 00:00:00,1641859200000,1.3619,1.4532,1.3485,1.446,32570545.0,1641945599999,True
2022-01-12 00:00:00,1641945600000,1.4456,1.5042,1.4376,1.4991,34774351.0,1642031999999,True
2022-01-13 00:00:00,1642032000000,1.4986,1.5011,1.3406,1.3615,42932502.0,1642118399999,True
2022-01-14 00:00:00,1642118400000,1.3613,1.4111,1.3227,1.3817,31869731.0,1642204799999,True
2022-01-15 00:00:00,1642204800000,1.3815,1.415,1.3573,1.3785,18151129.0,1642291199999,True
2022-01-16 00:00:00,1642291200000,1.3775,1.4489,1.3658,1.429,24196453.0,1642377599999,True
2022-01-17 00:00:00,1642377600000,1.4293,1.4439,1.3371,1.3413,31352809.0,1642463999999,True
2022-01-18 00:00:00,1642464000000,1.3413,1.3618,1.2767,1.3169,30134537.0,1642550399999,True
2022-01-19 00:00:00,1642550400000,1.3171,1.3224,1.2211,1.2655,35192413.0,1642636799999,True
2022-01-20 00:00:00,1642636800000,1.265,1.3268,1.1543,1.1616,35436319.0,1642723199999,True
2022-01-21 00:00:00,1642723200000,1.161,1.1968,0.999,1.0307,80371227.0,1642809599999,True
2022-01-22 00:00:00,1642809600000,1.0305,1.0617,0.7957,0.9514,125204441.12,1642895999999,True
2022-01-23 00:00:00,1642896000000,0.9506,1.0055,0.9242,0.989,53267491.0,1642982399999,True
2022-01-24 00:00:00,1642982400000,0.9885,0.9892,0.817,0.9125,53757972.0,1643068799999,True
2022-01-25 00:00:00,1643068800000,0.9125,0.95,0.867,0.9224,36769853.0,1643155199999,True
2022-01-26 00:00:00,1643155200000,0.9223,0.9955,0.8923,0.9231,53867719.0,1643241599999,True
2022-01-27 00:00:00,1643241600000,0.9227,0.9565,0.8752,0.9361,46329195.0,1643327999999,True
2022-01-28 00:00:00,1643328000000,0.9364,0.9854,0.9204,0.9584,41535435.0,1643414399999,True
2022-01-29 00:00:00,1643414400000,0.9584,1.0075,0.9546,0.969,30400776.0,1643500799999,True
2022-01-30 00:00:00,1643500800000,0.969,0.9896,0.9283,0.9447,24857482.0,1643587199999,True
2022-01-31 00:00:00,1643587200000,0.9448,0.9708,0.9029,0.9499,30053013.0,1643673599999,True
2022-02-01 00:00:00,1643673600000,0.9499,0.992,0.9466,0.9663,26072464.0,1643759999999,True
2022-02-02 00:00:00,1643760000000,0.9663,1.03,0.9213,0.9227,47633350.0,1643846399999,True
2022-02-03 00:00:00,1643846400000,0.9228,0.9406,0.9008,0.9357,31808657.0,1643932799999,True
2022-02-04 00:00:00,1643932800000,0.9353,1.0,0.9263,0.9973,33856720.0,1644019199999,True
2022-02-05 00:00:00,1644019200000,0.9978,1.0449,0.9812,1.0015,31899615.0,1644105599999,True
2022-02-06 00:00:00,1644105600000,1.0017,1.031,0.9709,1.0247,29169725.0,1644191999999,True
2022-02-07 00:00:00,1644192000000,1.0247,1.0986,0.9983,1.07,57314859.0,1644278399999,True
2022-02-08 00:00:00,1644278400000,1.0709,1.102,0.987,1.0235,50377249.0,1644364799999,True
2022-02-09 00:00:00,1644364800000,1.0234,1.05,0.9961,1.0363,32927033.0,1644451199999,True
2022-02-10 00:00:00,1644451200000,1.0366,1.0495,0.9736,0.9813,42407794.0,1644537599999,True
2022-02-11 00:00:00,1644537600000,0.9813,0.996,0.8964,0.9161,32617526.0,1644623999999,True
2022-02-12 00:00:00,1644624000000,0.9161,0.9402,0.8883,0.9187,21044369.0,1644710399999,True
2022-02-13 00:00:00,1644710400000,0.9188,0.9345,0.8818,0.8965,17684695.0,1644796799999,True
2022-02-14 00:00:00,1644796800000,0.8965,0.91,0.8714,0.8992,18574382.0,1644883199999,True
2022-02-15 00:00:00,1644883200000,0.8995,0.9756,0.8985,0.969,24422127.0,1644969599999,True
2022-02-16 00:00:00,1644969600000,0.9696,1.0079,0.9528,0.9779,39766020.0,1645055999999,True
2022-02-17 00:00:00,1645056000000,0.9774,0.9884,0.8875,0.8972,27348283.0,1645142399999,True
2022-02-18 00:00:00,1645142400000,0.8979,0.9271,0.8733,0.8941,17325087.0,1645228799999,True
2022-02-19 00:00:00,1645228800000,0.894,0.9176,0.8705,0.8994,14645272.0,1645315199999,True
2022-02-20 00:00:00,1645315200000,0.8992,0.9006,0.8319,0.8451,17645067.0,1645401599999,True
2022-02-21 00:00:00,1645401600000,0.8447,0.8786,0.7793,0.7847,35446895.0,1645487999999,True
2022-02-22 00:00:00,1645488000000,0.7846,0.82,0.7581,0.8107,38065106.63,1645574399999,True
2022-02-23 00:00:00,1645574400000,0.8105,0.8807,0.7816,0.785,35888139.0,1645660799999,True
2022-02-24 00:00:00,1645660800000,0.7852,0.7963,0.688,0.7772,69785867.31,1645747199999,True
2022-02-25 00:00:00,1645747200000,0.7771,0.8417,0.7676,0.8301,32051676.0,1645833599999,True
2022-02-26 00:00:00,1645833600000,0.8302,0.8819,0.8184,0.8592,30901498.0,1645919999999,True
2022-02-27 00:00:00,1645920000000,0.8592,0.863,0.7817,0.7978,30849584.0,1646006399999,True
2022-02-28 00:00:00,1646006400000,0.7979,0.8693,0.7846,0.8681,39295402.0,1646092799999,True
2022-03-01 00:00:00,1646092800000,0.8676,0.8952,0.8363,0.8565,56468544.0,1646179199999,True
2022-03-02 00:00:00,1646179200000,0.8564,0.8596,0.8072,0.8199,54416082.0,1646265599999,True
2022-03-03 00:00:00,1646265600000,0.8198,0.8516,0.7869,0.7966,56349768.0,1646351999999,True
2022-03-04 00:00:00,1646352000000,0.7965,0.8103,0.752,0.7599,41991984.0,1646438399999,True
2022-03-05 00:00:00,1646438400000,0.76,0.7773,0.7418,0.7735,27981858.0,1646524799999,True
2022-03-06 00:00:00,1646524800000,0.7736,0.7821,0.7429,0.7465,27657944.0,1646611199999,True
2022-03-07 00:00:00,1646611200000,0.7465,0.7727,0.7199,0.7279,33703880.0,1646697599999,True
2022-03-08 00:00:00,1646697600000,0.7279,0.7594,0.7249,0.7399,21125893.0,1646783999999,True
2022-03-09 00:00:00,1646784000000,0.74,0.7808,0.739,0.7671,22912638.0,1646870399999,True
2022-03-10 00:00:00,1646870400000,0.7671,0.7812,0.7224,0.7309,22785698.0,1646956799999,True
2022-03-11 00:00:00,1646956800000,0.7312,0.7323,0.6992,0.7014,21686428.0,1647043199999,True
2022-03-12 00:00:00,1647043200000,0.7016,0.7248,0.7008,0.7052,10779753.0,1647129599999,True
2022-03-13 00:00:00,1647129600000,0.705,0.7168,0.675,0.6807,12186092.0,1647215999999,True
2022-03-14 00:00:00,1647216000000,0.6808,0.7148,0.6736,0.7063,23839247.0,1647302399999,True
2022-03-15 00:00:00,1647302400000,0.7063,0.7277,0.6779,0.7159,28980871.0,1647388799999,True
2022-03-16 00:00:00,1647388800000,0.7158,0.7387,0.6961,0.7365,33929244.0,1647475199999,True
2022-03-17 00:00:00,1647475200000,0.7365,0.761,0.7212,0.7418,31904706.0,1647561599999,True
2022-03-18 00:00:00,1647561600000,0.7419,0.7655,0.7255,0.7548,37467392.0,1647647999999,True
2022-03-19 00:00:00,1647648000000,0.7549,0.7805,0.7517,0.7649,33709486.0,1647734399999,True
2022-03-20 00:00:00,1647734400000,0.7648,0.777,0.7339,0.7414,25659158.0,1647820799999,True
2022-03-21 00:00:00,1647820800000,0.7413,0.8291,0.73,0.8276,68222926.0,1647907199999,True
2022-03-22 00:00:00,1647907200000,0.8277,0.852,0.8031,0.8267,54702957.0,1647993599999,True
2022-03-23 00:00:00,1647993600000,0.8268,0.839,0.8042,0.8388,30339005.0,1648079999999,True
2022-03-24 00:00:00,1648080000000,0.8388,0.908,0.8212,0.8911,46497264.0,1648166399999,True
2022-03-25 00:00:00,1648166400000,0.8908,0.9499,0.8822,0.8887,61414552.0,1648252799999,True
2022-03-26 00:00:00,1648252800000,0.8887,0.92,0.8753,0.9116,24603765.0,1648339199999,True
2022-03-27 00:00:00,1648339200000,0.9116,0.9498,0.895,0.9493,24198146.0,1648425599999,True
2022-03-28 00:00:00,1648425600000,0.9492,0.9739,0.8922,0.9068,37338627.0,1648511999999,True
2022-03-29 00:00:00,1648512000000,0.9071,0.9638,0.8981,0.923,39064270.0,1648598399999,True
2022-03-30 00:00:00,1648598400000,0.9228,0.9557,0.8814,0.9266,43231856.0,1648684799999,True
2022-03-31 00:00:00,1648684800000,0.9268,0.9886,0.9096,0.9293,52408387.0,1648771199999,True
2022-04-01 00:00:00,1648771200000,0.9293,0.9624,0.8887,0.9391,38982195.0,1648857599999,True
2022-04-02 00:00:00,1648857600000,0.9393,0.977,0.8965,0.9068,48615895.0,1648943999999,True
2022-04-03 00:00:00,1648944000000,0.9066,0.9478,0.888,0.9353,28740792.0,1649030399999,True
2022-04-04 00:00:00,1649030400000,0.9354,0.9368,0.85,0.8827,42136651.0,1649116799999,True
2022-04-05 00:00:00,1649116800000,0.8824,0.9004,0.8307,0.8345,35442205.0,1649203199999,True
2022-04-06 00:00:00,1649203200000,0.8348,0.8373,0.765,0.7661,48875684.0,1649289599999,True
2022-04-07 00:00:00,1649289600000,0.7658,0.809,0.7504,0.7993,29187454.0,1649375999999,True
2022-04-08 00:00:00,1649376000000,0.7991,0.8097,0.7513,0.7595,25302339.0,1649462399999,True
2022-04-09 00:00:00,1649462400000,0.7588,0.7896,0.7576,0.788,16582407.0,1649548799999,True
2022-04-10 00:00:00,1649548800000,0.7881,0.79,0.7463,0.7503,14941731.0,1649635199999,True
2022-04-11 00:00:00,1649635200000,0.7503,0.7609,0.6813,0.6936,32285112.0,1649721599999,True
2022-04-12 00:00:00,1649721600000,0.6934,0.7447,0.6854,0.7258,31169176.0,1649807999999,True
2022-04-13 00:00:00,1649808000000,0.7258,0.748,0.7136,0.7461,31073552.0,1649894399999,True
2022-04-14 00:00:00,1649894400000,0.7461,0.7613,0.715,0.7267,25291305.0,1649980799999,True
2022-04-15 00:00:00,1649980800000,0.7267,0.7431,0.7212,0.7393,20936877.0,1650067199999,True
2022-04-16 00:00:00,1650067200000,0.7393,0.7514,0.7276,0.7432,15606184.0,1650153599999,True
2022-04-17 00:00:00,1650153600000,0.7433,0.7457,0.706,0.7105,18920485.0,1650239999999,True
2022-04-18 00:00:00,1650240000000,0.7104,0.7405,0.6878,0.7365,33765836.0,1650326399999,True
2022-04-19 00:00:00,1650326400000,0.7365,0.7633,0.7285,0.7589,31037097.0,1650412799999,True
2022-04-20 00:00:00,1650412800000,0.7591,0.7712,0.7294,0.7415,26816689.0,1650499199999,True
2022-04-21 00:00:00,1650499200000,0.7415,0.7744,0.7084,0.7184,30344411.0,1650585599999,True
2022-04-22 00:00:00,1650585600000,0.7185,0.7316,0.7113,0.7191,20881215.0,1650671999999,True
2022-04-23 00:00:00,1650672000000,0.7191,0.7237,0.7037,0.7074,16364047.0,1650758399999,True
2022-04-24 00:00:00,1650758400000,0.7073,0.7144,0.6967,0.7011,12789033.0,1650844799999,True
2022-04-25 00:00:00,1650844800000,0.7009,0.706,0.6554,0.703,40977137.92,1650931199999,True
2022-04-26 00:00:00,1650931200000,0.7031,0.728,0.6427,0.656,37548574.94,1651017599999,True
2022-04-27 00:00:00,1651017600000,0.656,0.6785,0.6488,0.6712,27728502.0,1651103999999,True
2022-04-28 00:00:00,1651104000000,0.6713,0.7158,0.6609,0.6982,42287624.0,1651190399999,True
2022-04-29 00:00:00,1651190400000,0.6984,0.7099,0.6192,0.6381,43316295.98,1651276799999,True
2022-04-30 00:00:00,1651276800000,0.638,0.6396,0.5373,0.5673,37752138.7,1651363199999,True
2022-05-01 00:00:00,1651363200000,0.5672,0.6051,0.564,0.6016,39309711.0,1651449599999,True
2022-05-02 00:00:00,1651449600000,0.6014,0.6484,0.58,0.6161,45665627.0,1651535999999,True
2022-05-03 00:00:00,1651536000000,0.6159,0.743,0.6109,0.671,172302198.0,1651622399999,True
2022-05-04 00:00:00,1651622400000,0.6708,0.719,0.6532,0.7157,104533672.0,1651708799999,True
2022-05-05 00:00:00,1651708800000,0.7159,0.731,0.6142,0.634,70791981.0,1651795199999,True
2022-05-06 00:00:00,1651795200000,0.6338,0.725,0.6255,0.6973,115860871.0,1651881599999,True
2022-05-07 00:00:00,1651881600000,0.6973,0.775,0.6723,0.7487,149618343.0,1651967999999,True
2022-05-08 00:00:00,1651968000000,0.7487,0.7862,0.7075,0.7292,147492538.0,1652054399999,True
2022-05-09 00:00:00,1652054400000,0.7294,0.7555,0.5651,0.5746,153129527.0,1652140799999,True
2022-05-10 00:00:00,1652140800000,0.5737,0.6608,0.5517,0.5852,165548448.0,1652227199999,True
2022-05-11 00:00:00,1652227200000,0.5848,0.607,0.4034,0.4504,241579174.72,1652313599999,True
2022-05-12 00:00:00,1652313600000,0.451,0.481,0.3572,0.4232,204067701.25,1652399999999,True
2022-05-13 00:00:00,1652400000000,0.4241,0.509,0.4148,0.4435,101243097.0,1652486399999,True
2022-05-14 00:00:00,1652486400000,0.4435,0.474,0.4181,0.4635,69160967.0,1652572799999,True
2022-05-15 00:00:00,1652572800000,0.4636,0.494,0.444,0.4906,38615772.0,1652659199999,True
2022-05-16 00:00:00,1652659200000,0.4905,0.4905,0.4377,0.4603,55700503.0,1652745599999,True
2022-05-17 00:00:00,1652745600000,0.4604,0.5087,0.4593,0.495,49493595.0,1652831999999,True
2022-05-18 00:00:00,1652832000000,0.495,0.5043,0.4312,0.4334,46630616.0,1652918399999,True
2022-05-19 00:00:00,1652918400000,0.4336,0.464,0.4211,0.4516,50933703.0,1653004799999,True
2022-05-20 00:00:00,1653004800000,0.4515,0.4593,0.4199,0.4335,48439159.0,1653091199999,True
2022-05-21 00:00:00,1653091200000,0.4332,0.4439,0.4214,0.435,37238043.0,1653177599999,True
2022-05-22 00:00:00,1653177600000,0.435,0.4495,0.4238,0.4427,39441576.0,1653263999999,True
2022-05-23 00:00:00,1653264000000,0.4426,0.4527,0.4106,0.4171,49830883.0,1653350399999,True
2022-05-24 00:00:00,1653350400000,0.4172,0.4223,0.3907,0.4191,41324277.0,1653436799999,True
2022-05-25 00:00:00,1653436800000,0.419,0.4222,0.3988,0.4057,41739825.0,1653523199999,True
2022-05-26 00:00:00,1653523200000,0.4058,0.4127,0.3664,0.3794,60180181.0,1653609599999,True
2022-05-27 00:00:00,1653609600000,0.3794,0.3847,0.3555,0.3606,56176978.0,1653695999999,True
2022-05-28 00:00:00,1653696000000,0.3606,0.3744,0.3549,0.3674,44718711.0,1653782399999,True
2022-05-29 00:00:00,1653782400000,0.3673,0.38,0.3527,0.3788,39721294.0,1653868799999,True
2022-05-30 00:00:00,1653868800000,0.3789,0.4238,0.3763,0.4201,54462784.0,1653955199999,True
2022-05-31 00:00:00,1653955200000,0.4201,0.4255,0.3954,0.4113,58909848.0,1654041599999,True
2022-06-01 00:00:00,1654041600000,0.4112,0.4287,0.3743,0.385,69193996.0,1654127999999,True
2022-06-02 00:00:00,1654128000000,0.3849,0.3971,0.3766,0.3947,34843886.0,1654214399999,True
2022-06-03 00:00:00,1654214400000,0.3948,0.3972,0.3713,0.3811,31207050.0,1654300799999,True
2022-06-04 00:00:00,1654300800000,0.381,0.3904,0.367,0.3883,21203500.0,1654387199999,True
2022-06-05 00:00:00,1654387200000,0.3881,0.4032,0.3791,0.3918,32132243.0,1654473599999,True
2022-06-06 00:00:00,1654473600000,0.3919,0.4247,0.3908,0.4128,33806485.0,1654559999999,True
2022-06-07 00:00:00,1654560000000,0.4126,0.4135,0.3766,0.3989,33290027.0,1654646399999,True
2022-06-08 00:00:00,1654646400000,0.399,0.4316,0.3986,0.4165,50514639.0,1654732799999,True
2022-06-09 00:00:00,1654732800000,0.4168,0.4183,0.4,0.4042,25294070.0,1654819199999,True
2022-06-10 00:00:00,1654819200000,0.4043,0.4049,0.3628,0.3689,42855751.0,1654905599999,True
2022-06-11 00:00:00,1654905600000,0.3689,0.3799,0.3382,0.3506,38694246.0,1654991999999,True
2022-06-12 00:00:00,1654992000000,0.3505,0.3519,0.3237,0.3248,42832653.0,1655078399999,True
2022-06-13 00:00:00,1655078400000,0.3244,0.3295,0.2879,0.3039,115411090.75,1655164799999,True
2022-06-14 00:00:00,1655164800000,0.304,0.311,0.2821,0.3086,94138951.0,1655251199999,True
2022-06-15 00:00:00,1655251200000,0.3086,0.3983,0.2783,0.3402,127342395.0,1655337599999,True
2022-06-16 00:00:00,1655337600000,0.3403,0.3448,0.2958,0.302,73989009.0,1655423999999,True
2022-06-17 00:00:00,1655424000000,0.3021,0.3181,0.2988,0.3102,41537309.0,1655510399999,True
2022-06-18 00:00:00,1655510400000,0.3102,0.3149,0.2751,0.2959,62017145.0,1655596799999,True
2022-06-19 00:00:00,1655596800000,0.2959,0.3194,0.2846,0.3146,55927909.0,1655683199999,True
2022-06-20 00:00:00,1655683200000,0.3145,0.327,0.3012,0.3186,43502316.0,1655769599999,True
2022-06-21 00:00:00,1655769600000,0.3185,0.3442,0.3145,0.3257,44107119.0,1655855999999,True
2022-06-22 00:00:00,1655856000000,0.3257,0.332,0.312,0.3138,36120903.0,1655942399999,True
2022-06-23 00:00:00,1655942400000,0.3138,0.3378,0.312,0.3361,31109121.0,1656028799999,True
2022-06-24 00:00:00,1656028800000,0.3361,0.3585,0.3346,0.3497,37126123.0,1656115199999,True
2022-06-25 00:00:00,1656115200000,0.3497,0.3574,0.3348,0.3515,30284166.0,1656201599999,True
2022-06-26 00:00:00,1656201600000,0.3519,0.3604,0.3313,0.3321,26667075.0,1656287999999,True
2022-06-27 00:00:00,1656288000000,0.3319,0.3466,0.3248,0.3311,27184860.0,1656374399999,True
2022-06-28 00:00:00,1656374400000,0.3311,0.3376,0.3105,0.3126,29951272.0,1656460799999,True
2022-06-29 00:00:00,1656460800000,0.3127,0.317,0.295,0.3017,45922030.0,1656547199999,True
2022-06-30 00:00:00,1656547200000,0.3018,0.3174,0.2837,0.3147,63403479.0,1656633599999,True
2022-07-01 00:00:00,1656633600000,0.3148,0.3239,0.2994,0.3066,52139085.0,1656719999999,True
2022-07-02 00:00:00,1656720000000,0.3065,0.312,0.2989,0.3076,39577636.0,1656806399999,True
2022-07-03 00:00:00,1656806400000,0.3076,0.3155,0.3011,0.3096,23535490.0,1656892799999,True
2022-07-04 00:00:00,1656892800000,0.3096,0.3211,0.2999,0.3196,31432233.0,1656979199999,True
2022-07-05 00:00:00,1656979200000,0.3197,0.323,0.3012,0.3078,29966506.0,1657065599999,True
2022-07-06 00:00:00,1657065600000,0.3078,0.3132,0.3019,0.3108,29748252.0,1657151999999,True
2022-07-07 00:00:00,1657152000000,0.3109,0.3256,0.31,0.3224,34557306.0,1657238399999,True
2022-07-08 00:00:00,1657238400000,0.3224,0.3286,0.3096,0.3141,34790596.0,1657324799999,True
2022-07-09 00:00:00,1657324800000,0.3141,0.3242,0.314,0.3214,23761450.0,1657411199999,True
2022-07-10 00:00:00,1657411200000,0.3215,0.323,0.3058,0.3101,24894545.0,1657497599999,True
2022-07-11 00:00:00,1657497600000,0.3104,0.3105,0.2965,0.297,25984217.0,1657583999999,True
2022-07-12 00:00:00,1657584000000,0.2971,0.3046,0.2916,0.2926,23515987.0,1657670399999,True
2022-07-13 00:00:00,1657670400000,0.2925,0.3112,0.2898,0.31,35872400.0,1657756799999,True
2022-07-14 00:00:00,1657756800000,0.31,0.3329,0.3012,0.3296,47603300.0,1657843199999,True
2022-07-15 00:00:00,1657843200000,0.3299,0.3328,0.3206,0.3275,40805908.0,1657929599999,True
2022-07-16 00:00:00,1657929600000,0.3275,0.3457,0.3247,0.3405,44246344.0,1658015999999,True
2022-07-17 00:00:00,1658016000000,0.3405,0.3438,0.3326,0.3365,36415648.0,1658102399999,True
2022-07-18 00:00:00,1658102400000,0.3365,0.3691,0.3361,0.3595,52800159.0,1658188799999,True
2022-07-19 00:00:00,1658188800000,0.3595,0.3786,0.3462,0.372,54178511.0,1658275199999,True
2022-07-20 00:00:00,1658275200000,0.372,0.3775,0.3413,0.3446,55675553.0,1658361599999,True
2022-07-21 00:00:00,1658361600000,0.3446,0.3517,0.3328,0.3492,41849733.0,1658447999999,True
2022-07-22 00:00:00,1658448000000,0.3491,0.3577,0.3331,0.3375,34655996.0,1658534399999,True
2022-07-23 00:00:00,1658534400000,0.3375,0.3443,0.3257,0.3348,28019345.0,1658620799999,True
2022-07-24 00:00:00,1658620800000,0.335,0.3481,0.3344,0.3402,23147881.0,1658707199999,True
2022-07-25 00:00:00,1658707200000,0.3403,0.3436,0.3113,0.3119,30414302.0,1658793599999,True
2022-07-26 00:00:00,1658793600000,0.3119,0.3128,0.3011,0.3113,25180863.0,1658879999999,True
2022-07-27 00:00:00,1658880000000,0.3112,0.3291,0.3054,0.3288,36487328.0,1658966399999,True
2022-07-28 00:00:00,1658966400000,0.3288,0.3426,0.3189,0.3365,40470446.0,1659052799999,True
2022-07-29 00:00:00,1659052800000,0.3364,0.3453,0.3252,0.3369,56503804.0,1659139199999,True
2022-07-30 00:00:00,1659139200000,0.3367,0.3549,0.3291,0.3377,56948673.0,1659225599999,True
2022-07-31 00:00:00,1659225600000,0.3378,0.356,0.3303,0.3361,48931076.0,1659311999999,True
2022-08-01 00:00:00,1659312000000,0.336,0.3445,0.3302,0.3425,44523623.0,1659398399999,True
2022-08-02 00:00:00,1659398400000,0.3425,0.3482,0.32,0.3266,43484809.0,1659484799999,True
2022-08-03 00:00:00,1659484800000,0.3266,0.3393,0.3175,0.3266,36063947.0,1659571199999,True
2022-08-04 00:00:00,1659571200000,0.3265,0.3421,0.3255,0.3363,38994524.0,1659657599999,True
2022-08-05 00:00:00,1659657600000,0.3364,0.3599,0.3342,0.3586,38398268.0,1659743999999,True
2022-08-06 00:00:00,1659744000000,0.3586,0.3596,0.3465,0.3491,29127361.0,1659830399999,True
2022-08-07 00:00:00,1659830400000,0.349,0.3663,0.3423,0.3559,34513071.0,1659916799999,True
2022-08-08 00:00:00,1659916800000,0.3558,0.3725,0.3534,0.3629,36957468.0,1660003199999,True
2022-08-09 00:00:00,1660003200000,0.3628,0.3768,0.3402,0.3453,37871643.0,1660089599999,True
2022-08-10 00:00:00,1660089600000,0.3452,0.3659,0.3352,0.3642,42056045.0,1660175999999,True
2022-08-11 00:00:00,1660176000000,0.3643,0.371,0.3587,0.3611,34603777.0,1660262399999,True
2022-08-12 00:00:00,1660262400000,0.3611,0.3661,0.3524,0.3652,28212156.0,1660348799999,True
2022-08-13 00:00:00,1660348800000,0.3654,0.3748,0.3642,0.3683,27307410.0,1660435199999,True
2022-08-14 00:00:00,1660435200000,0.3686,0.3838,0.3578,0.3639,38064682.0,1660521599999,True
2022-08-15 00:00:00,1660521600000,0.3642,0.3758,0.3501,0.3576,30760173.0,1660607999999,True
2022-08-16 00:00:00,1660608000000,0.3575,0.3604,0.3491,0.3527,23068956.0,1660694399999,True
2022-08-17 00:00:00,1660694400000,0.3528,0.3649,0.3374,0.3405,33497666.0,1660780799999,True
2022-08-18 00:00:00,1660780800000,0.3408,0.3478,0.3254,0.3336,26341184.0,1660867199999,True
2022-08-19 00:00:00,1660867200000,0.3336,0.334,0.3001,0.3029,56054685.0,1660953599999,True
2022-08-20 00:00:00,1660953600000,0.3028,0.3128,0.2937,0.3002,37102657.0,1661039999999,True
2022-08-21 00:00:00,1661040000000,0.3002,0.3092,0.2973,0.3063,29232069.0,1661126399999,True
2022-08-22 00:00:00,1661126400000,0.3064,0.3068,0.2901,0.303,33809567.0,1661212799999,True
2022-08-23 00:00:00,1661212800000,0.303,0.3098,0.2929,0.3075,27554131.0,1661299199999,True
2022-08-24 00:00:00,1661299200000,0.3076,0.3094,0.2984,0.3022,27166655.0,1661385599999,True
2022-08-25 00:00:00,1661385600000,0.3021,0.3103,0.2991,0.3071,28593818.0,1661471999999,True
2022-08-26 00:00:00,1661472000000,0.3071,0.3082,0.2795,0.2828,48477828.0,1661558399999,True
2022-08-27 00:00:00,1661558400000,0.2828,0.2907,0.2788,0.2888,26750539.0,1661644799999,True
2022-08-28 00:00:00,1661644800000,0.2887,0.2954,0.2811,0.2824,19903969.0,1661731199999,True
2022-08-29 00:00:00,1661731200000,0.2825,0.2994,0.2798,0.298,22989796.0,1661817599999,True
2022-08-30 00:00:00,1661817600000,0.2979,0.3023,0.284,0.2916,21840802.0,1661903999999,True
2022-08-31 00:00:00,1661904000000,0.2917,0.3012,0.2873,0.2885,19273126.0,1661990399999,True
2022-09-01 00:00:00,1661990400000,0.2885,0.2937,0.2833,0.2936,16352281.0,1662076799999,True
2022-09-02 00:00:00,1662076800000,0.2936,0.3072,0.29,0.3023,23740914.0,1662163199999,True
2022-09-03 00:00:00,1662163200000,0.3023,0.3036,0.2953,0.3032,13901544.0,1662249599999,True
2022-09-04 00:00:00,1662249600000,0.3032,0.319,0.303,0.3126,32008949.0,1662335999999,True
2022-09-05 00:00:00,1662336000000,0.3125,0.3146,0.2971,0.3045,18384109.0,1662422399999,True
2022-09-06 00:00:00,1662422400000,0.3046,0.3098,0.2806,0.2852,39026594.0,1662508799999,True
2022-09-07 00:00:00,1662508800000,0.2852,0.3018,0.2812,0.2989,39330337.0,1662595199999,True
2022-09-08 00:00:00,1662595200000,0.2991,0.3084,0.2929,0.3077,28034703.0,1662681599999,True
2022-09-09 00:00:00,1662681600000,0.3078,0.3264,0.3073,0.3244,45442250.0,1662767999999,True
2022-09-10 00:00:00,1662768000000,0.3245,0.3278,0.3173,0.3219,29320253.0,1662854399999,True
2022-09-11 00:00:00,1662854400000,0.322,0.3309,0.3164,0.3266,32796554.0,1662940799999,True
2022-09-12 00:00:00,1662940800000,0.3264,0.3329,0.3168,0.3236,36062999.0,1663027199999,True
2022-09-13 00:00:00,1663027200000,0.3236,0.3238,0.2944,0.2965,49786945.0,1663113599999,True
2022-09-14 00:00:00,1663113600000,0.2965,0.3049,0.2949,0.303,23498609.0,1663199999999,True
2022-09-15 00:00:00,1663200000000,0.3029,0.3029,0.2889,0.2949,30273590.0,1663286399999,True
2022-09-16 00:00:00,1663286400000,0.2949,0.3007,0.2902,0.2979,26418283.0,1663372799999,True
2022-09-17 00:00:00,1663372800000,0.2978,0.3114,0.2976,0.311,14795514.0,1663459199999,True
2022-09-18 00:00:00,1663459200000,0.311,0.318,0.2893,0.293,35235420.0,1663545599999,True
2022-09-19 00:00:00,1663545600000,0.293,0.3248,0.2913,0.3171,85240089.0,1663631999999,True
2022-09-20 00:00:00,1663632000000,0.3172,0.347,0.3169,0.3297,114047647.0,1663718399999,True
2022-09-21 00:00:00,1663718400000,0.3299,0.3406,0.3081,0.3352,88425441.0,1663804799999,True
2022-09-22 00:00:00,1663804800000,0.3352,0.4071,0.3284,0.3699,151470762.0,1663891199999,True
2022-09-23 00:00:00,1663891200000,0.37,0.41,0.3632,0.3991,153032710.0,1663977599999,True
2022-09-24 00:00:00,1663977600000,0.3991,0.4045,0.3698,0.3853,83359376.0,1664063999999,True
2022-09-25 00:00:00,1664064000000,0.3854,0.4014,0.3778,0.3882,88867988.0,1664150399999,True
2022-09-26 00:00:00,1664150400000,0.3882,0.3923,0.357,0.3686,75688320.0,1664236799999,True
2022-09-27 00:00:00,1664236800000,0.3686,0.3756,0.3374,0.3521,71183063.0,1664323199999,True
2022-09-28 00:00:00,1664323200000,0.3521,0.3566,0.3317,0.3494,67484864.0,1664409599999,True
2022-09-29 00:00:00,1664409600000,0.3495,0.3642,0.3328,0.3549,69125272.0,1664495999999,True
2022-09-30 00:00:00,1664496000000,0.3549,0.3665,0.3466,0.3535,70916847.0,1664582399999,True
2022-10-01 00:00:00,1664582400000,0.3535,0.3684,0.3523,0.3548,38552373.0,1664668799999,True
2022-10-02 00:00:00,1664668800000,0.3549,0.3724,0.3516,0.3543,45551518.0,1664755199999,True
2022-10-03 00:00:00,1664755200000,0.3544,0.3613,0.3432,0.3544,44818912.0,1664841599999,True
2022-10-04 00:00:00,1664841600000,0.3543,0.36,0.3496,0.3577,31282103.0,1664927999999,True
2022-10-05 00:00:00,1664928000000,0.3577,0.3603,0.3442,0.3538,31515369.0,1665014399999,True
2022-10-06 00:00:00,1665014400000,0.3537,0.359,0.3468,0.3491,30862879.0,1665100799999,True
2022-10-07 00:00:00,1665100800000,0.349,0.3501,0.3358,0.3416,32447041.0,1665187199999,True
2022-10-08 00:00:00,1665187200000,0.3415,0.3415,0.3306,0.3348,23564424.0,1665273599999,True
2022-10-09 00:00:00,1665273600000,0.3347,0.3399,0.3303,0.3389,22286833.0,1665359999999,True
2022-10-10 00:00:00,1665360000000,0.3387,0.3401,0.3191,0.3194,30889264.0,1665446399999,True
2022-10-11 00:00:00,1665446400000,0.3194,0.3239,0.3082,0.3178,35994755.0,1665532799999,True
2022-10-12 00:00:00,1665532800000,0.3178,0.3213,0.3112,0.3135,21084386.0,1665619199999,True
2022-10-13 00:00:00,1665619200000,0.3134,0.3241,0.2863,0.3196,60752040.0,1665705599999,True
2022-10-14 00:00:00,1665705600000,0.3195,0.3296,0.3125,0.3174,29528679.0,1665791999999,True
2022-10-15 00:00:00,1665792000000,0.3174,0.3259,0.3122,0.3189,21839184.0,1665878399999,True
2022-10-16 00:00:00,1665878400000,0.3187,0.3278,0.3182,0.3225,19658756.0,1665964799999,True
2022-10-17 00:00:00,1665964800000,0.3224,0.332,0.3178,0.3302,23122622.0,1666051199999,True
2022-10-18 00:00:00,1666051200000,0.3302,0.3329,0.3152,0.3194,28837010.0,1666137599999,True
2022-10-19 00:00:00,1666137600000,0.3194,0.3206,0.3036,0.3076,21951440.0,1666223999999,True
2022-10-20 00:00:00,1666224000000,0.3075,0.3152,0.3027,0.3066,22051175.0,1666310399999,True
2022-10-21 00:00:00,1666310400000,0.3065,0.3136,0.2956,0.3131,23515571.0,1666396799999,True
2022-10-22 00:00:00,1666396800000,0.3131,0.3147,0.3089,0.3137,11520586.0,1666483199999,True
2022-10-23 00:00:00,1666483200000,0.3138,0.3169,0.3067,0.3158,14662410.0,1666569599999,True
2022-10-24 00:00:00,1666569600000,0.3159,0.3166,0.3053,0.3147,21401678.0,1666655999999,True
2022-10-25 00:00:00,1666656000000,0.3149,0.3395,0.3132,0.3312,54779644.0,1666742399999,True
2022-10-26 00:00:00,1666742400000,0.3312,0.344,0.3288,0.3391,44334420.0,1666828799999,True
2022-10-27 00:00:00,1666828800000,0.3392,0.3444,0.3247,0.3258,38253840.0,1666915199999,True
2022-10-28 00:00:00,1666915200000,0.3258,0.3379,0.3195,0.333,29697044.0,1667001599999,True
2022-10-29 00:00:00,1667001600000,0.333,0.346,0.333,0.3396,34091510.0,1667087999999,True
2022-10-30 00:00:00,1667088000000,0.3396,0.3665,0.3355,0.3592,69444560.0,1667174399999,True
2022-10-31 00:00:00,1667174400000,0.3591,0.3809,0.3514,0.3586,67145967.0,1667260799999,True
2022-11-01 00:00:00,1667260800000,0.3587,0.3705,0.3457,0.3601,46934466.0,1667347199999,True
2022-11-02 00:00:00,1667347200000,0.3601,0.3661,0.3434,0.3616,72716522.0,1667433599999,True
2022-11-03 00:00:00,1667433600000,0.3617,0.3851,0.3599,0.3697,96380202.0,1667519999999,True
2022-11-04 00:00:00,1667520000000,0.3697,0.43,0.3653,0.4152,132600753.0,1667606399999,True
2022-11-05 00:00:00,1667606400000,0.4153,0.4537,0.4032,0.4239,143900629.0,1667692799999,True
2022-11-06 00:00:00,1667692800000,0.424,0.4491,0.4015,0.4025,115179664.0,1667779199999,True
2022-11-07 00:00:00,1667779200000,0.4025,0.449,0.3961,0.4193,156995483.0,1667865599999,True
2022-11-08 00:00:00,1667865600000,0.4192,0.4203,0.2825,0.3334,326320353.0,1667951999999,True
2022-11-09 00:00:00,1667952000000,0.3332,0.3358,0.2512,0.2656,177926058.0,1668038399999,True
2022-11-10 00:00:00,1668038400000,0.2656,0.3378,0.262,0.3209,143740360.0,1668124799999,True
2022-11-11 00:00:00,1668124800000,0.3208,0.3303,0.2817,0.3029,110946915.0,1668211199999,True
2022-11-12 00:00:00,1668211200000,0.3031,0.3036,0.2707,0.2739,71758868.0,1668297599999,True
2022-11-13 00:00:00,1668297600000,0.2739,0.2781,0.255,0.262,86402839.0,1668383999999,True
2022-11-14 00:00:00,1668384000000,0.262,0.2677,0.237,0.2616,107613195.66,1668470399999,True
2022-11-15 00:00:00,1668470400000,0.2616,0.2919,0.2568,0.2814,106200564.0,1668556799999,True
2022-11-16 00:00:00,1668556800000,0.2816,0.2984,0.2639,0.2758,123832826.0,1668643199999,True
2022-11-17 00:00:00,1668643200000,0.2758,0.2799,0.2575,0.2677,70973139.0,1668729599999,True
2022-11-18 00:00:00,1668729600000,0.2678,0.2992,0.2672,0.2982,131848133.0,1668815999999,True
2022-11-19 00:00:00,1668816000000,0.2981,0.3127,0.2885,0.2982,189890500.0,1668902399999,True
2022-11-20 00:00:00,1668902400000,0.2982,0.2994,0.2533,0.2563,153417492.0,1668988799999,True
2022-11-21 00:00:00,1668988800000,0.2564,0.2572,0.2376,0.2447,104330906.0,1669075199999,True
2022-11-22 00:00:00,1669075200000,0.2448,0.2487,0.2258,0.2414,88735229.0,1669161599999,True
2022-11-23 00:00:00,1669161600000,0.2415,0.2476,0.2357,0.2473,57878033.0,1669247999999,True
2022-11-24 00:00:00,1669248000000,0.2473,0.2494,0.2378,0.2424,43901918.0,1669334399999,True
2022-11-25 00:00:00,1669334400000,0.2424,0.246,0.2337,0.2437,41638566.0,1669420799999,True
2022-11-26 00:00:00,1669420800000,0.2436,0.2475,0.2374,0.2409,32481559.0,1669507199999,True
2022-11-27 00:00:00,1669507200000,0.2409,0.2494,0.239,0.2403,32366178.0,1669593599999,True
2022-11-28 00:00:00,1669593600000,0.2403,0.2418,0.2266,0.2359,42778620.0,1669679999999,True
2022-11-29 00:00:00,1669680000000,0.2359,0.2427,0.2336,0.2408,29913253.0,1669766399999,True
2022-11-30 00:00:00,1669766400000,0.2406,0.2499,0.237,0.2477,46647458.0,1669852799999,True
2022-12-01 00:00:00,1669852800000,0.2476,0.2484,0.2385,0.2409,29004652.0,1669939199999,True
2022-12-02 00:00:00,1669939200000,0.241,0.2461,0.2353,0.2441,38454303.0,1670025599999,True
2022-12-03 00:00:00,1670025600000,0.2441,0.2461,0.2362,0.2375,34490639.0,1670111999999,True
2022-12-04 00:00:00,1670112000000,0.2375,0.2408,0.2367,0.2393,23636444.0,1670198399999,True
2022-12-05 00:00:00,1670198400000,0.2394,0.247,0.2333,0.2364,44821167.0,1670284799999,True
2022-12-06 00:00:00,1670284800000,0.2364,0.237,0.2313,0.2339,24348410.0,1670371199999,True
2022-12-07 00:00:00,1670371200000,0.2339,0.2346,0.2171,0.221,46905069.0,1670457599999,True
2022-12-08 00:00:00,1670457600000,0.2211,0.2266,0.2176,0.2244,33372855.0,1670543999999,True
2022-12-09 00:00:00,1670544000000,0.2244,0.2262,0.22,0.2258,29948940.0,1670630399999,True
2022-12-10 00:00:00,1670630400000,0.2258,0.2306,0.2249,0.2268,24904157.0,1670716799999,True
2022-12-11 00:00:00,1670716800000,0.2269,0.2301,0.2203,0.2225,20791118.0,1670803199999,True
2022-12-12 00:00:00,1670803200000,0.2225,0.2225,0.2125,0.2184,35264106.0,1670889599999,True
2022-12-13 00:00:00,1670889600000,0.2183,0.2258,0.2095,0.2239,39283675.41,1670975999999,True
2022-12-14 00:00:00,1670976000000,0.2238,0.2263,0.218,0.2207,30888460.0,1671062399999,True
2022-12-15 00:00:00,1671062400000,0.2208,0.2287,0.2096,0.2102,70613070.0,1671148799999,True
2022-12-16 00:00:00,1671148800000,0.2101,0.2129,0.1804,0.1849,82948575.0,1671235199999,True
2022-12-17 00:00:00,1671235200000,0.185,0.1954,0.1802,0.1945,56122629.0,1671321599999,True
2022-12-18 00:00:00,1671321600000,0.1946,0.1953,0.1869,0.1881,42677222.0,1671407999999,True
2022-12-19 00:00:00,1671408000000,0.1882,0.1912,0.1683,0.1742,61715194.15,1671494399999,True
2022-12-20 00:00:00,1671494400000,0.1742,0.1817,0.1738,0.1787,41960483.0,1671580799999,True
2022-12-21 00:00:00,1671580800000,0.1787,0.1806,0.1691,0.1706,44093082.0,1671667199999,True
2022-12-22 00:00:00,1671667200000,0.1705,0.172,0.1647,0.1719,44016673.0,1671753599999,True
2022-12-23 00:00:00,1671753600000,0.172,0.1736,0.1687,0.1698,29443377.0,1671839999999,True
2022-12-24 00:00:00,1671840000000,0.1698,0.1708,0.1674,0.1677,13416765.0,1671926399999,True
2022-12-25 00:00:00,1671926400000,0.1677,0.1682,0.1623,0.1655,24970461.0,1672012799999,True
2022-12-26 00:00:00,1672012800000,0.1656,0.1717,0.1648,0.1715,28777985.0,1672099199999,True
2022-12-27 00:00:00,1672099200000,0.1715,0.1722,0.1644,0.1701,23186014.0,1672185599999,True
2022-12-28 00:00:00,1672185600000,0.1701,0.1705,0.1607,0.167,42019204.0,1672271999999,True
2022-12-29 00:00:00,1672272000000,0.167,0.1678,0.1606,0.1648,35184163.0,1672358399999,True
2022-12-30 00:00:00,1672358400000,0.1647,0.1692,0.1598,0.1691,36523863.0,1672444799999,True
2022-12-31 00:00:00,1672444800000,0.1691,0.1747,0.1672,0.1725,44150516.0,1672531199999,True
2023-01-01 00:00:00,1672531200000,0.1725,0.1791,0.1712,0.1773,33825753.0,1672617599999,True
2023-01-02 00:00:00,1672617600000,0.1773,0.1831,0.1731,0.1809,35586899.0,1672703999999,True
2023-01-03 00:00:00,1672704000000,0.1809,0.1854,0.1798,0.1843,33604789.0,1672790399999,True
2023-01-04 00:00:00,1672790400000,0.1842,0.1916,0.183,0.1869,46753241.0,1672876799999,True
2023-01-05 00:00:00,1672876800000,0.1868,0.1909,0.1816,0.1835,31717423.0,1672963199999,True
2023-01-06 00:00:00,1672963200000,0.1835,0.1899,0.1804,0.189,38523039.0,1673049599999,True
2023-01-07 00:00:00,1673049600000,0.1892,0.1954,0.1878,0.1939,31885678.0,1673135999999,True
2023-01-08 00:00:00,1673136000000,0.1939,0.2006,0.1908,0.1993,29504431.0,1673222399999,True
2023-01-09 00:00:00,1673222400000,0.1993,0.2083,0.198,0.1997,57249475.0,1673308799999,True
2023-01-10 00:00:00,1673308800000,0.1997,0.2053,0.1967,0.2037,39672964.0,1673395199999,True
2023-01-11 00:00:00,1673395200000,0.2038,0.2109,0.1965,0.2102,42168097.0,1673481599999,True
2023-01-12 00:00:00,1673481600000,0.2101,0.2133,0.2019,0.2124,64052137.0,1673567999999,True
2023-01-13 00:00:00,1673568000000,0.2124,0.2226,0.2076,0.2207,49255747.0,1673654399999,True
2023-01-14 00:00:00,1673654400000,0.2207,0.2395,0.2136,0.2292,96866956.0,1673740799999,True
2023-01-15 00:00:00,1673740800000,0.229,0.2407,0.223,0.2405,68332857.0,1673827199999,True
2023-01-16 00:00:00,1673827200000,0.2405,0.2418,0.2241,0.2341,62170533.0,1673913599999,True
2023-01-17 00:00:00,1673913600000,0.2341,0.2365,0.2273,0.2283,41539127.0,1673999999999,True
2023-01-18 00:00:00,1674000000000,0.2283,0.2327,0.2076,0.2087,79351770.0,1674086399999,True
2023-01-19 00:00:00,1674086400000,0.2086,0.2184,0.208,0.2171,39355291.0,1674172799999,True
2023-01-20 00:00:00,1674172800000,0.2172,0.2401,0.2156,0.2392,52436482.0,1674259199999,True
2023-01-21 00:00:00,1674259200000,0.2392,0.2455,0.2308,0.2388,60786989.0,1674345599999,True
2023-01-22 00:00:00,1674345600000,0.2388,0.2549,0.2352,0.2458,68440331.0,1674431999999,True
2023-01-23 00:00:00,1674432000000,0.2458,0.254,0.2442,0.2496,61725251.0,1674518399999,True
2023-01-24 00:00:00,1674518400000,0.2496,0.26,0.2329,0.2364,64558673.0,1674604799999,True
2023-01-25 00:00:00,1674604800000,0.2363,0.2493,0.2288,0.2443,55048567.0,1674691199999,True
2023-01-26 00:00:00,1674691200000,0.2446,0.249,0.2383,0.2452,41536091.0,1674777599999,True
2023-01-27 00:00:00,1674777600000,0.2453,0.2596,0.2383,0.2545,49765971.0,1674863999999,True
2023-01-28 00:00:00,1674864000000,0.2547,0.2644,0.2494,0.2572,45130002.0,1674950399999,True
2023-01-29 00:00:00,1674950400000,0.2573,0.2646,0.2538,0.2616,40553929.0,1675036799999,True
2023-01-30 00:00:00,1675036800000,0.2616,0.2624,0.2352,0.2393,54848747.0,1675123199999,True
2023-01-31 00:00:00,1675123200000,0.2393,0.244,0.235,0.2414,38677261.0,1675209599999,True
2023-02-01 00:00:00,1675209600000,0.2415,0.2519,0.2309,0.2509,54740153.0,1675295999999,True
2023-02-02 00:00:00,1675296000000,0.251,0.2683,0.251,0.2551,58270208.0,1675382399999,True
2023-02-03 00:00:00,1675382400000,0.2552,0.2736,0.2505,0.271,71143863.0,1675468799999,True
2023-02-04 00:00:00,1675468800000,0.271,0.2742,0.2651,0.2671,40603346.0,1675555199999,True
2023-02-05 00:00:00,1675555200000,0.2671,0.27,0.2507,0.257,41748843.0,1675641599999,True
2023-02-06 00:00:00,1675641600000,0.257,0.2635,0.2535,0.2546,31804919.0,1675727999999,True
2023-02-07 00:00:00,1675728000000,0.2546,0.2862,0.2535,0.2801,93670506.0,1675814399999,True
2023-02-08 00:00:00,1675814400000,0.28,0.2995,0.2746,0.2899,98100560.0,1675900799999,True
2023-02-09 00:00:00,1675900800000,0.29,0.2905,0.2452,0.2548,96922348.0,1675987199999,True
2023-02-10 00:00:00,1675987200000,0.2549,0.2636,0.2485,0.251,60213456.0,1676073599999,True
2023-02-11 00:00:00,1676073600000,0.251,0.2571,0.2476,0.2566,34960902.0,1676159999999,True
2023-02-12 00:00:00,1676160000000,0.2567,0.2595,0.2421,0.2474,35048469.0,1676246399999,True
2023-02-13 00:00:00,1676246400000,0.2476,0.2484,0.2329,0.2432,46588579.0,1676332799999,True
2023-02-14 00:00:00,1676332800000,0.2432,0.2556,0.2341,0.2533,47320246.0,1676419199999,True
2023-02-15 00:00:00,1676419200000,0.2533,0.2741,0.2507,0.2722,52268566.0,1676505599999,True
2023-02-16 00:00:00,1676505600000,0.2722,0.2843,0.2565,0.2575,76601247.0,1676591999999,True
2023-02-17 00:00:00,1676592000000,0.2575,0.2754,0.2569,0.2712,47338098.0,1676678399999,True
2023-02-18 00:00:00,1676678400000,0.2711,0.2779,0.2682,0.2729,32456383.0,1676764799999,True
2023-02-19 00:00:00,1676764800000,0.2728,0.2829,0.2671,0.2777,53546987.0,1676851199999,True
2023-02-20 00:00:00,1676851200000,0.2777,0.2914,0.2685,0.285,63862555.0,1676937599999,True
2023-02-21 00:00:00,1676937600000,0.285,0.2938,0.2734,0.2788,53963041.0,1677023999999,True
2023-02-22 00:00:00,1677024000000,0.2789,0.2799,0.2618,0.2714,47188972.0,1677110399999,True
2023-02-23 00:00:00,1677110400000,0.2714,0.2791,0.2643,0.2685,40836432.0,1677196799999,True
2023-02-24 00:00:00,1677196800000,0.2684,0.2698,0.2506,0.2566,36989934.0,1677283199999,True
2023-02-25 00:00:00,1677283200000,0.2565,0.2576,0.2439,0.2505,24855653.0,1677369599999,True
2023-02-26 00:00:00,1677369600000,0.2504,0.2558,0.2481,0.2553,18313443.0,1677455999999,True
2023-02-27 00:00:00,1677456000000,0.2551,0.2614,0.2496,0.2548,23345571.0,1677542399999,True
2023-02-28 00:00:00,1677542400000,0.2548,0.2556,0.242,0.2444,25163304.0,1677628799999,True
2023-03-01 00:00:00,1677628800000,0.2445,0.2541,0.2426,0.2507,22821165.0,1677715199999,True
2023-03-02 00:00:00,1677715200000,0.2507,0.2517,0.2394,0.242,25119896.0,1677801599999,True
2023-03-03 00:00:00,1677801600000,0.2419,0.2421,0.2214,0.2331,41088016.0,1677887999999,True
2023-03-04 00:00:00,1677888000000,0.2331,0.2338,0.2206,0.2245,16648258.0,1677974399999,True
2023-03-05 00:00:00,1677974400000,0.2245,0.2309,0.2227,0.2257,18073948.0,1678060799999,True
2023-03-06 00:00:00,1678060800000,0.2257,0.2308,0.2189,0.2251,31304492.0,1678147199999,True
2023-03-07 00:00:00,1678147200000,0.2251,0.2279,0.2125,0.2172,34738482.0,1678233599999,True
2023-03-08 00:00:00,1678233600000,0.2172,0.218,0.1983,0.2017,35448454.0,1678319999999,True
2023-03-09 00:00:00,1678320000000,0.2016,0.2073,0.1868,0.1934,50357508.0,1678406399999,True
2023-03-10 00:00:00,1678406400000,0.1933,0.195,0.1845,0.1883,77288236.0,1678492799999,True
2023-03-11 00:00:00,1678492800000,0.1883,0.1938,0.1785,0.1872,57566791.0,1678579199999,True
2023-03-12 00:00:00,1678579200000,0.1872,0.2024,0.1813,0.2011,52323007.0,1678665599999,True
2023-03-13 00:00:00,1678665600000,0.2012,0.216,0.1938,0.2122,78370278.0,1678751999999,True
2023-03-14 00:00:00,1678752000000,0.2122,0.2295,0.2051,0.2222,75327396.0,1678838399999,True
2023-03-15 00:00:00,1678838400000,0.2221,0.2257,0.1983,0.2039,61282863.0,1678924799999,True
2023-03-16 00:00:00,1678924800000,0.2038,0.2101,0.2007,0.2084,31062539.0,1679011199999,True
2023-03-17 00:00:00,1679011200000,0.2084,0.2274,0.2061,0.2264,40428562.0,1679097599999,True
2023-03-18 00:00:00,1679097600000,0.2264,0.2297,0.2136,0.2145,49336150.0,1679183999999,True
2023-03-19 00:00:00,1679184000000,0.2145,0.2245,0.2144,0.2197,36710760.0,1679270399999,True
2023-03-20 00:00:00,1679270400000,0.2198,0.2245,0.2071,0.2094,54008478.0,1679356799999,True
2023-03-21 00:00:00,1679356800000,0.2095,0.226,0.2043,0.223,50454684.0,1679443199999,True
2023-03-22 00:00:00,1679443200000,0.223,0.2411,0.2083,0.2134,137762151.0,1679529599999,True
2023-03-23 00:00:00,1679529600000,0.2134,0.2231,0.2108,0.2194,49216764.0,1679615999999,True
2023-03-24 00:00:00,1679616000000,0.2194,0.2204,0.206,0.2088,38202253.0,1679702399999,True
2023-03-25 00:00:00,1679702400000,0.2089,0.2114,0.2022,0.2063,24886681.0,1679788799999,True
2023-03-26 00:00:00,1679788800000,0.2063,0.2118,0.2051,0.2105,16155048.0,1679875199999,True
2023-03-27 00:00:00,1679875200000,0.2105,0.211,0.1957,0.2,35281059.0,1679961599999,True
2023-03-28 00:00:00,1679961600000,0.1999,0.2044,0.1969,0.2018,35364052.0,1680047999999,True
2023-03-29 00:00:00,1680048000000,0.2018,0.2389,0.2018,0.2353,179837620.0,1680134399999,True
2023-03-30 00:00:00,1680134400000,0.2353,0.24,0.221,0.2247,81372444.0,1680220799999,True
2023-03-31 00:00:00,1680220800000,0.2247,0.2282,0.2179,0.226,47045520.0,1680307199999,True
2023-04-01 00:00:00,1680307200000,0.2259,0.2281,0.219,0.2231,26344422.0,1680393599999,True
2023-04-02 00:00:00,1680393600000,0.2232,0.2247,0.2111,0.2139,29510266.0,1680479999999,True
2023-04-03 00:00:00,1680480000000,0.214,0.2194,0.2068,0.2143,41640819.0,1680566399999,True
2023-04-04 00:00:00,1680566400000,0.2144,0.2211,0.2117,0.2178,29809110.0,1680652799999,True
2023-04-05 00:00:00,1680652800000,0.2179,0.224,0.215,0.2229,39486288.0,1680739199999,True
2023-04-06 00:00:00,1680739200000,0.2228,0.2233,0.2154,0.218,28211465.0,1680825599999,True
2023-04-07 00:00:00,1680825600000,0.2179,0.2199,0.2128,0.2189,22212399.0,1680911999999,True
2023-04-08 00:00:00,1680912000000,0.219,0.2212,0.214,0.216,22774179.0,1680998399999,True
2023-04-09 00:00:00,1680998400000,0.216,0.2184,0.213,0.2164,19352638.0,1681084799999,True
2023-04-10 00:00:00,1681084800000,0.2164,0.2215,0.2124,0.221,25447827.0,1681171199999,True
2023-04-11 00:00:00,1681171200000,0.221,0.2237,0.2181,0.22,32229933.0,1681257599999,True
2023-04-12 00:00:00,1681257600000,0.2199,0.2206,0.2113,0.215,35122839.0,1681343999999,True
2023-04-13 00:00:00,1681344000000,0.2151,0.2228,0.213,0.2212,38220834.0,1681430399999,True
2023-04-14 00:00:00,1681430400000,0.2212,0.2321,0.22,0.2273,64815365.0,1681516799999,True
2023-04-15 00:00:00,1681516800000,0.2272,0.2333,0.2235,0.2314,40173152.0,1681603199999,True
2023-04-16 00:00:00,1681603200000,0.2314,0.2352,0.2256,0.2345,33928545.0,1681689599999,True
2023-04-17 00:00:00,1681689600000,0.2344,0.2353,0.2191,0.221,84428222.0,1681775999999,True
2023-04-18 00:00:00,1681776000000,0.221,0.226,0.2175,0.2223,62662963.0,1681862399999,True
2023-04-19 00:00:00,1681862400000,0.2223,0.2225,0.196,0.1991,83227086.0,1681948799999,True
2023-04-20 00:00:00,1681948800000,0.199,0.2003,0.188,0.1905,98157054.0,1682035199999,True
2023-04-21 00:00:00,1682035200000,0.1904,0.1914,0.1814,0.1853,57044330.0,1682121599999,True
2023-04-22 00:00:00,1682121600000,0.1853,0.1905,0.1847,0.1898,26642828.0,1682207999999,True
2023-04-23 00:00:00,1682208000000,0.1898,0.19,0.1822,0.1881,24711836.0,1682294399999,True
2023-04-24 00:00:00,1682294400000,0.1881,0.1903,0.1816,0.1853,23834132.0,1682380799999,True
2023-04-25 00:00:00,1682380800000,0.1853,0.189,0.1795,0.1877,37049004.0,1682467199999,True
2023-04-26 00:00:00,1682467200000,0.1877,0.1931,0.1715,0.181,55200029.0,1682553599999,True
2023-04-27 00:00:00,1682553600000,0.181,0.1853,0.1796,0.184,30360821.0,1682639999999,True
2023-04-28 00:00:00,1682640000000,0.184,0.1849,0.18,0.1836,20476690.0,1682726399999,True
2023-04-29 00:00:00,1682726400000,0.1836,0.1858,0.1818,0.1836,18026367.0,1682812799999,True
2023-04-30 00:00:00,1682812800000,0.1836,0.1848,0.1793,0.1801,18586561.0,1682899199999,True
2023-05-01 00:00:00,1682899200000,0.1803,0.1815,0.1746,0.1774,23230157.0,1682985599999,True
2023-05-02 00:00:00,1682985600000,0.1774,0.1795,0.1742,0.1788,17149618.0,1683071999999,True
2023-05-03 00:00:00,1683072000000,0.1788,0.1821,0.1743,0.181,23462981.0,1683158399999,True
2023-05-04 00:00:00,1683158400000,0.181,0.1813,0.1752,0.177,22703967.0,1683244799999,True
2023-05-05 00:00:00,1683244800000,0.1769,0.1832,0.1768,0.1812,29724373.0,1683331199999,True
2023-05-06 00:00:00,1683331200000,0.1812,0.183,0.172,0.1752,24088285.0,1683417599999,True
2023-05-07 00:00:00,1683417600000,0.1751,0.1756,0.173,0.1732,13931730.0,1683503999999,True
2023-05-08 00:00:00,1683504000000,0.1733,0.174,0.158,0.1641,51504111.0,1683590399999,True
2023-05-09 00:00:00,1683590400000,0.1642,0.167,0.163,0.1649,21669172.0,1683676799999,True
2023-05-10 00:00:00,1683676800000,0.1649,0.1708,0.1605,0.1688,39316591.0,1683763199999,True
2023-05-11 00:00:00,1683763200000,0.1687,0.169,0.1587,0.1623,30654626.0,1683849599999,True
2023-05-12 00:00:00,1683849600000,0.1624,0.1648,0.1573,0.1647,33119151.0,1683935999999,True
2023-05-13 00:00:00,1683936000000,0.1646,0.1649,0.1611,0.1622,14667533.0,1684022399999,True
2023-05-14 00:00:00,1684022400000,0.1622,0.1655,0.1607,0.1629,15771641.0,1684108799999,True
2023-05-15 00:00:00,1684108800000,0.163,0.1687,0.1608,0.1669,24295445.0,1684195199999,True
2023-05-16 00:00:00,1684195200000,0.1668,0.1709,0.1647,0.1693,28339164.0,1684281599999,True
2023-05-17 00:00:00,1684281600000,0.1694,0.1739,0.1662,0.1722,38172578.0,1684367999999,True
2023-05-18 00:00:00,1684368000000,0.1723,0.1725,0.163,0.1651,33864507.0,1684454399999,True
2023-05-19 00:00:00,1684454400000,0.1651,0.1675,0.1646,0.1648,22105921.0,1684540799999,True
2023-05-20 00:00:00,1684540800000,0.1649,0.1656,0.1637,0.1645,16017111.0,1684627199999,True
2023-05-21 00:00:00,1684627200000,0.1645,0.1648,0.1603,0.1616,15839336.0,1684713599999,True
2023-05-22 00:00:00,1684713600000,0.1616,0.1625,0.1591,0.1612,17136842.0,1684799999999,True
2023-05-23 00:00:00,1684800000000,0.1613,0.1649,0.1609,0.1623,17260260.0,1684886399999,True
2023-05-24 00:00:00,1684886400000,0.1624,0.1626,0.1538,0.1543,39127999.0,1684972799999,True
2023-05-25 00:00:00,1684972800000,0.1544,0.155,0.1495,0.1502,46721334.0,1685059199999,True
2023-05-26 00:00:00,1685059200000,0.1502,0.1511,0.1471,0.1499,27863028.0,1685145599999,True
2023-05-27 00:00:00,1685145600000,0.1498,0.1518,0.1487,0.1505,21337838.0,1685231999999,True
2023-05-28 00:00:00,1685232000000,0.1504,0.154,0.1501,0.1531,29452362.0,1685318399999,True
2023-05-29 00:00:00,1685318400000,0.153,0.1544,0.1505,0.1515,28394015.0,1685404799999,True
2023-05-30 00:00:00,1685404800000,0.1515,0.1526,0.1488,0.1514,35345111.0,1685491199999,True
2023-05-31 00:00:00,1685491200000,0.1514,0.1526,0.1454,0.1477,31548102.0,1685577599999,True
2023-06-01 00:00:00,1685577600000,0.1478,0.1489,0.1446,0.1482,24153959.0,1685663999999,True
2023-06-02 00:00:00,1685664000000,0.1482,0.1525,0.1467,0.1516,23110072.0,1685750399999,True
2023-06-03 00:00:00,1685750400000,0.1516,0.1522,0.1499,0.1508,13158512.0,1685836799999,True
2023-06-04 00:00:00,1685836800000,0.1507,0.1537,0.1498,0.1517,15954756.0,1685923199999,True
2023-06-05 00:00:00,1685923200000,0.1517,0.1521,0.131,0.1377,68092791.0,1686009599999,True
2023-06-06 00:00:00,1686009600000,0.1377,0.1385,0.1333,0.1373,48901894.0,1686095999999,True
2023-06-07 00:00:00,1686096000000,0.1373,0.1373,0.124,0.1249,50513360.0,1686182399999,True
2023-06-08 00:00:00,1686182400000,0.125,0.1257,0.1209,0.1233,61459490.0,1686268799999,True
2023-06-09 00:00:00,1686268800000,0.1233,0.1263,0.1217,0.1238,34203529.0,1686355199999,True
2023-06-10 00:00:00,1686355200000,0.1239,0.1239,0.0901,0.1109,140770626.0,1686441599999,True
2023-06-11 00:00:00,1686441600000,0.1109,0.1131,0.107,0.1107,33560679.0,1686527999999,True
2023-06-12 00:00:00,1686528000000,0.1106,0.1134,0.1076,0.1127,37523395.0,1686614399999,True
2023-06-13 00:00:00,1686614400000,0.1127,0.117,0.1113,0.1129,34673276.0,1686700799999,True
2023-06-14 00:00:00,1686700800000,0.113,0.1191,0.1104,0.1129,45841191.0,1686787199999,True
2023-06-15 00:00:00,1686787200000,0.1129,0.1161,0.1076,0.1122,62207712.0,1686873599999,True
2023-06-16 00:00:00,1686873600000,0.1122,0.1178,0.1093,0.116,31240972.0,1686959999999,True
2023-06-17 00:00:00,1686960000000,0.116,0.123,0.1153,0.1184,34142624.0,1687046399999,True
2023-06-18 00:00:00,1687046400000,0.1185,0.1192,0.1142,0.115,24178383.0,1687132799999,True
2023-06-19 00:00:00,1687132800000,0.115,0.1176,0.1136,0.1165,25084572.0,1687219199999,True
2023-06-20 00:00:00,1687219200000,0.1166,0.122,0.1134,0.1214,24871528.0,1687305599999,True
2023-06-21 00:00:00,1687305600000,0.1214,0.127,0.1211,0.1258,41814490.0,1687391999999,True
2023-06-22 00:00:00,1687392000000,0.1258,0.129,0.1236,0.1248,37603097.0,1687478399999,True
2023-06-23 00:00:00,1687478400000,0.1249,0.139,0.1245,0.1351,37706286.0,1687564799999,True
2023-06-24 00:00:00,1687564800000,0.1352,0.1358,0.1307,0.1328,30507833.0,1687651199999,True
2023-06-25 00:00:00,1687651200000,0.1329,0.141,0.1324,0.137,31657801.0,1687737599999,True
2023-06-26 00:00:00,1687737600000,0.1371,0.14,0.1283,0.1294,58105241.0,1687823999999,True
2023-06-27 00:00:00,1687824000000,0.1293,0.1304,0.1267,0.1272,49546797.0,1687910399999,True
2023-06-28 00:00:00,1687910400000,0.1272,0.1273,0.1142,0.1186,64721977.0,1687996799999,True
2023-06-29 00:00:00,1687996800000,0.1186,0.1241,0.1181,0.1201,39867758.0,1688083199999,True
2023-06-30 00:00:00,1688083200000,0.1201,0.1247,0.1135,0.1217,65554502.0,1688169599999,True
2023-07-01 00:00:00,1688169600000,0.1217,0.128,0.1191,0.128,57890947.0,1688255999999,True
2023-07-02 00:00:00,1688256000000,0.1279,0.1281,0.1208,0.1236,63449221.0,1688342399999,True
2023-07-03 00:00:00,1688342400000,0.1237,0.1305,0.1221,0.1283,72754360.0,1688428799999,True
2023-07-04 00:00:00,1688428800000,0.1284,0.1285,0.1231,0.1241,41789946.0,1688515199999,True
2023-07-05 00:00:00,1688515200000,0.1241,0.1253,0.1177,0.1198,43157705.0,1688601599999,True
2023-07-06 00:00:00,1688601600000,0.1198,0.1229,0.1129,0.113,45290562.0,1688687999999,True
2023-07-07 00:00:00,1688688000000,0.113,0.1146,0.1113,0.1123,41057745.0,1688774399999,True
2023-07-08 00:00:00,1688774400000,0.1124,0.1133,0.1095,0.1116,30596046.0,1688860799999,True
2023-07-09 00:00:00,1688860800000,0.1115,0.113,0.1101,0.1105,29895328.0,1688947199999,True
2023-07-10 00:00:00,1688947200000,0.1105,0.1125,0.1071,0.11,48499249.0,1689033599999,True
2023-07-11 00:00:00,1689033600000,0.11,0.1115,0.1056,0.1087,63719758.0,1689119999999,True
2023-07-12 00:00:00,1689120000000,0.1087,0.1111,0.1053,0.1058,55622216.0,1689206399999,True
2023-07-13 00:00:00,1689206400000,0.1058,0.1222,0.1027,0.1219,208602007.0,1689292799999,True
2023-07-14 00:00:00,1689292800000,0.1219,0.1236,0.1097,0.1133,199485553.0,1689379199999,True
2023-07-15 00:00:00,1689379200000,0.1134,0.1155,0.1114,0.1137,49811817.0,1689465599999,True
2023-07-16 00:00:00,1689465600000,0.1137,0.1215,0.1112,0.1157,93139198.0,1689551999999,True
2023-07-17 00:00:00,1689552000000,0.1156,0.1265,0.1144,0.1203,172708639.0,1689638399999,True
2023-07-18 00:00:00,1689638400000,0.1204,0.1206,0.1114,0.114,87146745.0,1689724799999,True
2023-07-19 00:00:00,1689724800000,0.114,0.1162,0.1117,0.1138,69830802.0,1689811199999,True
2023-07-20 00:00:00,1689811200000,0.1138,0.1184,0.1125,0.1151,69535365.0,1689897599999,True
2023-07-21 00:00:00,1689897600000,0.1151,0.1165,0.1132,0.1154,47795680.0,1689983999999,True
2023-07-22 00:00:00,1689984000000,0.1155,0.117,0.1132,0.1145,38489218.0,1690070399999,True
2023-07-23 00:00:00,1690070400000,0.1145,0.1175,0.1134,0.1158,33606635.0,1690156799999,True
2023-07-24 00:00:00,1690156800000,0.1159,0.1162,0.1069,0.1098,59283279.0,1690243199999,True
2023-07-25 00:00:00,1690243200000,0.1098,0.1103,0.1084,0.11,29707197.0,1690329599999,True
2023-07-26 00:00:00,1690329600000,0.1099,0.1125,0.1079,0.1108,38654529.0,1690415999999,True
2023-07-27 00:00:00,1690416000000,0.1109,0.1128,0.1091,0.11,32334880.0,1690502399999,True
2023-07-28 00:00:00,1690502400000,0.1099,0.1114,0.108,0.1105,53026557.0,1690588799999,True
2023-07-29 00:00:00,1690588800000,0.1104,0.1118,0.1096,0.1114,24946131.0,1690675199999,True
2023-07-30 00:00:00,1690675200000,0.1114,0.1126,0.1074,0.1095,35807628.0,1690761599999,True
2023-07-31 00:00:00,1690761600000,0.1095,0.1111,0.108,0.1098,82051861.0,1690847999999,True
2023-08-01 00:00:00,1690848000000,0.1098,0.1112,0.105,0.1109,76474403.0,1690934399999,True
2023-08-02 00:00:00,1690934400000,0.111,0.1112,0.1056,0.1069,67242462.0,1691020799999,True
2023-08-03 00:00:00,1691020800000,0.1069,0.1082,0.1056,0.1063,29228914.0,1691107199999,True
2023-08-04 00:00:00,1691107200000,0.1063,0.1078,0.1045,0.106,23927582.0,1691193599999,True
2023-08-05 00:00:00,1691193600000,0.106,0.107,0.1046,0.1065,19663726.0,1691279999999,True
2023-08-06 00:00:00,1691280000000,0.1066,0.1105,0.1062,0.1098,36944430.0,1691366399999,True
2023-08-07 00:00:00,1691366400000,0.1098,0.1125,0.1072,0.112,74093424.0,1691452799999,True
2023-08-08 00:00:00,1691452800000,0.112,0.1191,0.1117,0.1132,143427684.0,1691539199999,True
2023-08-09 00:00:00,1691539200000,0.1132,0.1146,0.1113,0.113,47659376.0,1691625599999,True
2023-08-10 00:00:00,1691625600000,0.113,0.1135,0.1112,0.1125,33926462.0,1691711999999,True
2023-08-11 00:00:00,1691712000000,0.1125,0.1137,0.1112,0.1123,22056353.0,1691798399999,True
2023-08-12 00:00:00,1691798400000,0.1122,0.1161,0.1117,0.1157,31256414.0,1691884799999,True
2023-08-13 00:00:00,1691884800000,0.1158,0.1178,0.1131,0.1169,53282482.0,1691971199999,True
2023-08-14 00:00:00,1691971200000,0.1168,0.1188,0.1144,0.115,44704423.0,1692057599999,True
2023-08-15 00:00:00,1692057600000,0.115,0.1152,0.1049,0.1083,70324330.0,1692143999999,True
2023-08-16 00:00:00,1692144000000,0.1084,0.1085,0.0994,0.1028,89289428.0,1692230399999,True
2023-08-17 00:00:00,1692230400000,0.1027,0.1042,0.082,0.093,113161910.0,1692316799999,True
2023-08-18 00:00:00,1692316800000,0.0931,0.0971,0.0923,0.0954,68943525.0,1692403199999,True
2023-08-19 00:00:00,1692403200000,0.0953,0.0982,0.0947,0.0967,36443124.0,1692489599999,True
2023-08-20 00:00:00,1692489600000,0.0967,0.0977,0.0959,0.0972,23175647.0,1692575999999,True
2023-08-21 00:00:00,1692576000000,0.0972,0.0973,0.0931,0.0963,31123302.0,1692662399999,True
2023-08-22 00:00:00,1692662400000,0.0964,0.0973,0.0923,0.0973,38492033.0,1692748799999,True
2023-08-23 00:00:00,1692748800000,0.0973,0.0999,0.096,0.0987,34681493.0,1692835199999,True
2023-08-24 00:00:00,1692835200000,0.0987,0.099,0.0951,0.0975,26925064.0,1692921599999,True
2023-08-25 00:00:00,1692921600000,0.0975,0.0978,0.0952,0.0968,31527328.0,1693007999999,True
2023-08-26 00:00:00,1693008000000,0.0969,0.097,0.0952,0.0954,18054687.0,1693094399999,True
2023-08-27 00:00:00,1693094400000,0.0954,0.0961,0.0945,0.0953,21342738.0,1693180799999,True
2023-08-28 00:00:00,1693180800000,0.0952,0.0978,0.0924,0.0973,29065684.0,1693267199999,True
2023-08-29 00:00:00,1693267200000,0.0972,0.102,0.0949,0.1006,47281902.0,1693353599999,True
2023-08-30 00:00:00,1693353600000,0.1006,0.1008,0.0958,0.0969,32941660.0,1693439999999,True
2023-08-31 00:00:00,1693440000000,0.0969,0.0969,0.0908,0.0931,73145848.0,1693526399999,True
2023-09-01 00:00:00,1693526400000,0.0932,0.0952,0.0901,0.0921,92707491.0,1693612799999,True
2023-09-02 00:00:00,1693612800000,0.092,0.0945,0.0916,0.0944,19085260.0,1693699199999,True
2023-09-03 00:00:00,1693699200000,0.0943,0.095,0.0929,0.0945,21435817.0,1693785599999,True
2023-09-04 00:00:00,1693785600000,0.0945,0.0964,0.0924,0.094,25307804.0,1693871999999,True
2023-09-05 00:00:00,1693872000000,0.094,0.0944,0.0929,0.0942,24326188.0,1693958399999,True
2023-09-06 00:00:00,1693958400000,0.0942,0.0949,0.091,0.0942,30687477.0,1694044799999,True
2023-09-07 00:00:00,1694044800000,0.0941,0.0981,0.0935,0.0979,50387413.0,1694131199999,True
2023-09-08 00:00:00,1694131200000,0.0979,0.0986,0.0943,0.0963,33068026.0,1694217599999,True
2023-09-09 00:00:00,1694217600000,0.0963,0.0968,0.0939,0.0941,18358067.0,1694303999999,True
2023-09-10 00:00:00,1694304000000,0.0941,0.0942,0.0887,0.0921,57006314.0,1694390399999,True
2023-09-11 00:00:00,1694390400000,0.0921,0.0924,0.0873,0.0887,44477183.0,1694476799999,True
2023-09-12 00:00:00,1694476800000,0.0886,0.0927,0.0883,0.0895,28427092.0,1694563199999,True
2023-09-13 00:00:00,1694563200000,0.0895,0.092,0.0889,0.0909,32309277.0,1694649599999,True
2023-09-14 00:00:00,1694649600000,0.0909,0.094,0.0905,0.0934,34708620.0,1694735999999,True
2023-09-15 00:00:00,1694736000000,0.0934,0.097,0.093,0.0964,33216401.0,1694822399999,True
2023-09-16 00:00:00,1694822400000,0.0964,0.0981,0.0952,0.0976,28564110.0,1694908799999,True
2023-09-17 00:00:00,1694908800000,0.0975,0.0976,0.0935,0.095,24734387.0,1694995199999,True
2023-09-18 00:00:00,1694995200000,0.0949,0.0985,0.0939,0.0964,33492505.0,1695081599999,True
2023-09-19 00:00:00,1695081600000,0.0963,0.098,0.0953,0.0972,28764310.0,1695167999999,True
2023-09-20 00:00:00,1695168000000,0.0971,0.1004,0.0937,0.1003,71390006.0,1695254399999,True
2023-09-21 00:00:00,1695254400000,0.1003,0.1039,0.0967,0.0973,85679687.0,1695340799999,True
2023-09-22 00:00:00,1695340800000,0.0974,0.1026,0.096,0.102,58123599.0,1695427199999,True
2023-09-23 00:00:00,1695427200000,0.1019,0.1031,0.0995,0.1006,34205500.0,1695513599999,True
2023-09-24 00:00:00,1695513600000,0.1006,0.103,0.0999,0.1012,31853803.0,1695599999999,True
2023-09-25 00:00:00,1695600000000,0.1011,0.102,0.0972,0.0977,43136732.0,1695686399999,True
2023-09-26 00:00:00,1695686400000,0.0976,0.0991,0.0941,0.0955,34976758.0,1695772799999,True
2023-09-27 00:00:00,1695772800000,0.0955,0.0971,0.0937,0.0957,34123186.0,1695859199999,True
2023-09-28 00:00:00,1695859200000,0.0958,0.0984,0.0954,0.0975,28920931.0,1695945599999,True
2023-09-29 00:00:00,1695945600000,0.0975,0.1025,0.097,0.1015,40021043.0,1696031999999,True
2023-09-30 00:00:00,1696032000000,0.1015,0.1055,0.1007,0.1033,36664978.0,1696118399999,True
2023-10-01 00:00:00,1696118400000,0.1033,0.1077,0.1027,0.1063,36984471.0,1696204799999,True
2023-10-02 00:00:00,1696204800000,0.1064,0.1065,0.1,0.1013,38443696.0,1696291199999,True
2023-10-03 00:00:00,1696291200000,0.1012,0.1031,0.1002,0.1012,24827115.0,1696377599999,True
2023-10-04 00:00:00,1696377600000,0.1011,0.1014,0.0972,0.0993,42048552.0,1696463999999,True
2023-10-05 00:00:00,1696464000000,0.0993,0.1011,0.0976,0.1002,27331213.0,1696550399999,True
2023-10-06 00:00:00,1696550400000,0.1003,0.1018,0.098,0.1007,25220301.0,1696636799999,True
2023-10-07 00:00:00,1696636800000,0.1008,0.1013,0.0995,0.1,12490500.0,1696723199999,True
2023-10-08 00:00:00,1696723200000,0.0999,0.1032,0.0992,0.1013,33833220.0,1696809599999,True
2023-10-09 00:00:00,1696809600000,0.1012,0.1014,0.0945,0.0965,32946170.0,1696895999999,True
2023-10-10 00:00:00,1696896000000,0.0966,0.0971,0.0943,0.0951,19452910.0,1696982399999,True
2023-10-11 00:00:00,1696982400000,0.0952,0.0956,0.0931,0.0951,23004547.0,1697068799999,True
2023-10-12 00:00:00,1697068800000,0.095,0.0955,0.0929,0.0936,18327784.0,1697155199999,True
2023-10-13 00:00:00,1697155200000,0.0936,0.0968,0.0935,0.0951,17830897.0,1697241599999,True
2023-10-14 00:00:00,1697241600000,0.0951,0.096,0.0945,0.0953,23273746.0,1697327999999,True
2023-10-15 00:00:00,1697328000000,0.0953,0.0961,0.0942,0.0943,33435559.0,1697414399999,True
2023-10-16 00:00:00,1697414400000,0.0944,0.0984,0.0938,0.0948,59453810.0,1697500799999,True
2023-10-17 00:00:00,1697500800000,0.0948,0.0951,0.0906,0.0914,63137611.0,1697587199999,True
2023-10-18 00:00:00,1697587200000,0.0914,0.0924,0.0898,0.0899,48953906.0,1697673599999,True
2023-10-19 00:00:00,1697673600000,0.0899,0.0904,0.0877,0.0897,46280944.0,1697759999999,True
2023-10-20 00:00:00,1697760000000,0.0897,0.0927,0.089,0.0913,60973729.0,1697846399999,True
2023-10-21 00:00:00,1697846400000,0.0912,0.0943,0.0909,0.0942,52499254.0,1697932799999,True
2023-10-22 00:00:00,1697932800000,0.0941,0.095,0.092,0.0943,42331263.0,1698019199999,True
2023-10-23 00:00:00,1698019200000,0.0943,0.099,0.093,0.0983,100848078.0,1698105599999,True
2023-10-24 00:00:00,1698105600000,0.0983,0.1028,0.0961,0.1008,146702125.0,1698191999999,True
2023-10-25 00:00:00,1698192000000,0.1007,0.1033,0.0983,0.1009,86927243.0,1698278399999,True
2023-10-26 00:00:00,1698278400000,0.1009,0.1037,0.0977,0.1012,87023723.0,1698364799999,True
2023-10-27 00:00:00,1698364800000,0.1012,0.1016,0.0981,0.0992,49130668.0,1698451199999,True
2023-10-28 00:00:00,1698451200000,0.0992,0.1025,0.099,0.1017,42438769.0,1698537599999,True
2023-10-29 00:00:00,1698537600000,0.1017,0.1072,0.1002,0.1065,62147225.0,1698623999999,True
2023-10-30 00:00:00,1698624000000,0.1066,0.1125,0.1049,0.1121,111360679.0,1698710399999,True
2023-10-31 00:00:00,1698710400000,0.1121,0.1138,0.1054,0.1093,94820097.0,1698796799999,True
2023-11-01 00:00:00,1698796800000,0.1093,0.1157,0.1066,0.1144,92490810.0,1698883199999,True
2023-11-02 00:00:00,1698883200000,0.1144,0.1153,0.1083,0.1113,101767140.0,1698969599999,True
2023-11-03 00:00:00,1698969600000,0.1112,0.1134,0.1069,0.1115,79220598.0,1699055999999,True
2023-11-04 00:00:00,1699056000000,0.1114,0.1157,0.1099,0.1149,75210805.0,1699142399999,True
2023-11-05 00:00:00,1699142400000,0.1149,0.1233,0.1143,0.1212,129640616.0,1699228799999,True
2023-11-06 00:00:00,1699228800000,0.1213,0.1299,0.1189,0.1291,90361814.0,1699315199999,True
2023-11-07 00:00:00,1699315200000,0.129,0.13,0.1183,0.1235,77285228.0,1699401599999,True
2023-11-08 00:00:00,1699401600000,0.1235,0.1282,0.1224,0.127,50520433.0,1699487999999,True
2023-11-09 00:00:00,1699488000000,0.127,0.1318,0.1068,0.1238,134661721.0,1699574399999,True
2023-11-10 00:00:00,1699574400000,0.1238,0.1283,0.1195,0.128,87658831.0,1699660799999,True
2023-11-11 00:00:00,1699660800000,0.1281,0.1363,0.1244,0.1335,99335414.0,1699747199999,True
2023-11-12 00:00:00,1699747200000,0.1335,0.1484,0.1278,0.1461,148846934.0,1699833599999,True
2023-11-13 00:00:00,1699833600000,0.146,0.1476,0.1323,0.1333,113204678.0,1699919999999,True
2023-11-14 00:00:00,1699920000000,0.1333,0.1365,0.1225,0.1291,92972826.0,1700006399999,True
2023-11-15 00:00:00,1700006400000,0.129,0.1453,0.1285,0.1422,95549364.0,1700092799999,True
2023-11-16 00:00:00,1700092800000,0.1422,0.1472,0.1325,0.1357,112805544.0,1700179199999,True
2023-11-17 00:00:00,1700179200000,0.1356,0.1399,0.128,0.136,68978514.0,1700265599999,True
2023-11-18 00:00:00,1700265600000,0.136,0.136,0.1261,0.1345,42367563.0,1700351999999,True
2023-11-19 00:00:00,1700352000000,0.1345,0.1425,0.1305,0.1406,39419661.0,1700438399999,True
2023-11-20 00:00:00,1700438400000,0.1406,0.1507,0.1379,0.1414,120658600.0,1700524799999,True
2023-11-21 00:00:00,1700524800000,0.1414,0.1427,0.1234,0.1234,126878162.0,1700611199999,True
2023-11-22 00:00:00,1700611200000,0.1234,0.1348,0.123,0.1323,63108664.0,1700697599999,True
2023-11-23 00:00:00,1700697600000,0.1324,0.1343,0.1281,0.1306,40045818.0,1700783999999,True
2023-11-24 00:00:00,1700784000000,0.1306,0.1353,0.1303,0.1335,40136244.0,1700870399999,True
2023-11-25 00:00:00,1700870400000,0.1336,0.1418,0.1326,0.1404,46070571.0,1700956799999,True
2023-11-26 00:00:00,1700956800000,0.1405,0.1409,0.1331,0.1361,44351158.0,1701043199999,True
2023-11-27 00:00:00,1701043200000,0.1361,0.1386,0.1291,0.1317,41040033.0,1701129599999,True
2023-11-28 00:00:00,1701129600000,0.1317,0.1351,0.1285,0.133,38544816.0,1701215999999,True
2023-11-29 00:00:00,1701216000000,0.133,0.1345,0.1301,0.1341,50408965.0,1701302399999,True
2023-11-30 00:00:00,1701302400000,0.1341,0.14,0.1312,0.1338,71975159.0,1701388799999,True
2023-12-01 00:00:00,1701388800000,0.1338,0.1395,0.1329,0.1394,53821284.0,1701475199999,True
2023-12-02 00:00:00,1701475200000,0.1394,0.1484,0.1386,0.1479,71716222.0,1701561599999,True
2023-12-03 00:00:00,1701561600000,0.1479,0.155,0.1466,0.1513,89474136.0,1701647999999,True
2023-12-04 00:00:00,1701648000000,0.1512,0.16,0.1459,0.1534,102887374.0,1701734399999,True
2023-12-05 00:00:00,1701734400000,0.1534,0.155,0.1495,0.1537,60774775.0,1701820799999,True
2023-12-06 00:00:00,1701820800000,0.1537,0.1579,0.1504,0.1528,68886663.0,1701907199999,True
2023-12-07 00:00:00,1701907200000,0.1529,0.1649,0.1526,0.1638,101510504.0,1701993599999,True
2023-12-08 00:00:00,1701993600000,0.1638,0.1857,0.1624,0.1843,133061434.0,1702079999999,True
2023-12-09 00:00:00,1702080000000,0.1843,0.2231,0.1837,0.1995,329560257.0,1702166399999,True
2023-12-10 00:00:00,1702166400000,0.1994,0.205,0.1889,0.2015,93586290.0,1702252799999,True
2023-12-11 00:00:00,1702252800000,0.2014,0.2094,0.167,0.2026,162322259.0,1702339199999,True
2023-12-12 00:00:00,1702339200000,0.2027,0.215,0.1932,0.1981,135039598.0,1702425599999,True
2023-12-13 00:00:00,1702425600000,0.1981,0.2042,0.1843,0.2009,103763759.0,1702511999999,True
2023-12-14 00:00:00,1702512000000,0.201,0.2179,0.1963,0.2163,119588869.0,1702598399999,True
2023-12-15 00:00:00,1702598400000,0.2163,0.2169,0.1943,0.1961,79394175.0,1702684799999,True
2023-12-16 00:00:00,1702684800000,0.1962,0.2042,0.1932,0.1982,54962470.0,1702771199999,True
2023-12-17 00:00:00,1702771200000,0.1982,0.2009,0.1893,0.1904,43352594.0,1702857599999,True
2023-12-18 00:00:00,1702857600000,0.1904,0.196,0.1767,0.1955,65133521.0,1702943999999,True
2023-12-19 00:00:00,1702944000000,0.1955,0.2052,0.1905,0.1923,65246204.0,1703030399999,True
2023-12-20 00:00:00,1703030400000,0.1922,0.2038,0.1888,0.1983,64026562.0,1703116799999,True
2023-12-21 00:00:00,1703116800000,0.1983,0.2305,0.1946,0.2239,133953273.0,1703203199999,True
2023-12-22 00:00:00,1703203200000,0.2238,0.2532,0.2237,0.2396,259685275.0,1703289599999,True
2023-12-23 00:00:00,1703289600000,0.2397,0.2432,0.2281,0.2354,87441777.0,1703375999999,True
2023-12-24 00:00:00,1703376000000,0.2353,0.2478,0.2247,0.2307,100677907.0,1703462399999,True
2023-12-25 00:00:00,1703462400000,0.2306,0.2396,0.2269,0.2383,62735254.0,1703548799999,True
2023-12-26 00:00:00,1703548800000,0.2383,0.2426,0.216,0.235,83316576.0,1703635199999,True
2023-12-27 00:00:00,1703635200000,0.2351,0.2355,0.2229,0.2288,54850428.0,1703721599999,True
2023-12-28 00:00:00,1703721600000,0.2287,0.2384,0.2211,0.2339,79267238.0,1703807999999,True
2023-12-29 00:00:00,1703808000000,0.2339,0.2433,0.2201,0.2267,90670321.0,1703894399999,True
2023-12-30 00:00:00,1703894400000,0.2267,0.2278,0.2182,0.2211,41056033.0,1703980799999,True
2023-12-31 00:00:00,1703980800000,0.2211,0.2328,0.2185,0.2229,40402340.0,1704067199999,True
2024-01-01 00:00:00,1704067200000,0.2228,0.2397,0.2197,0.2387,41149558.0,1704153599999,True
2024-01-02 00:00:00,1704153600000,0.2387,0.2446,0.224,0.2268,72793088.0,1704239999999,True
2024-01-03 00:00:00,1704240000000,0.2269,0.2307,0.1648,0.2047,139477355.0,1704326399999,True
2024-01-04 00:00:00,1704326400000,0.2046,0.2101,0.1977,0.2073,59201132.0,1704412799999,True
2024-01-05 00:00:00,1704412800000,0.2074,0.208,0.1876,0.1965,60260316.0,1704499199999,True
2024-01-06 00:00:00,1704499200000,0.1966,0.1968,0.1788,0.1897,42459449.0,1704585599999,True
2024-01-07 00:00:00,1704585600000,0.1898,0.194,0.1761,0.1782,35362478.0,1704671999999,True
2024-01-08 00:00:00,1704672000000,0.1782,0.2006,0.1636,0.1949,119233123.0,1704758399999,True
2024-01-09 00:00:00,1704758400000,0.1949,0.2032,0.1795,0.1857,84764998.0,1704844799999,True
2024-01-10 00:00:00,1704844800000,0.1857,0.2049,0.1781,0.1994,71780234.0,1704931199999,True
2024-01-11 00:00:00,1704931200000,0.1995,0.2072,0.195,0.2026,74828231.0,1705017599999,True
2024-01-12 00:00:00,1705017600000,0.2025,0.2044,0.1802,0.1866,56331107.0,1705103999999,True
2024-01-13 00:00:00,1705104000000,0.1867,0.1918,0.1804,0.1892,29958259.0,1705190399999,True
2024-01-14 00:00:00,1705190400000,0.1892,0.1929,0.183,0.1837,29015824.0,1705276799999,True
2024-01-15 00:00:00,1705276800000,0.1838,0.191,0.1834,0.1884,28680288.0,1705363199999,True
2024-01-16 00:00:00,1705363200000,0.1885,0.1975,0.1871,0.1959,52262515.0,1705449599999,True
2024-01-17 00:00:00,1705449600000,0.1959,0.1989,0.1886,0.1911,33111125.0,1705535999999,True
2024-01-18 00:00:00,1705536000000,0.1911,0.1936,0.1759,0.179,37318382.0,1705622399999,True
2024-01-19 00:00:00,1705622400000,0.179,0.1795,0.1673,0.1732,56468909.0,1705708799999,True
2024-01-20 00:00:00,1705708800000,0.1732,0.1741,0.1699,0.1721,32716566.0,1705795199999,True
2024-01-21 00:00:00,1705795200000,0.172,0.1746,0.1698,0.1701,33995701.0,1705881599999,True
2024-01-22 00:00:00,1705881600000,0.1701,0.172,0.1592,0.1613,44220986.0,1705967999999,True
2024-01-23 00:00:00,1705968000000,0.1613,0.1655,0.1486,0.1601,59635736.0,1706054399999,True
2024-01-24 00:00:00,1706054400000,0.1601,0.1645,0.158,0.1634,25619952.0,1706140799999,True
2024-01-25 00:00:00,1706140800000,0.1634,0.1639,0.1584,0.1611,26606632.0,1706227199999,True
2024-01-26 00:00:00,1706227200000,0.161,0.1691,0.1596,0.1665,52728708.0,1706313599999,True
2024-01-27 00:00:00,1706313600000,0.1666,0.1685,0.164,0.1675,28314293.0,1706399999999,True
2024-01-28 00:00:00,1706400000000,0.1675,0.169,0.1619,0.1642,32487137.0,1706486399999,True
2024-01-29 00:00:00,1706486400000,0.1642,0.1695,0.1624,0.1689,38669520.0,1706572799999,True
2024-01-30 00:00:00,1706572800000,0.1689,0.1711,0.1633,0.1645,38136527.0,1706659199999,True
2024-01-31 00:00:00,1706659200000,0.1645,0.1652,0.1573,0.1592,36686274.0,1706745599999,True
2024-02-01 00:00:00,1706745600000,0.1592,0.1608,0.1549,0.1588,26427618.0,1706831999999,True
2024-02-02 00:00:00,1706832000000,0.1588,0.1644,0.1583,0.1609,38387146.0,1706918399999,True
2024-02-03 00:00:00,1706918400000,0.161,0.1685,0.1609,0.1657,29930658.0,1707004799999,True
2024-02-04 00:00:00,1707004800000,0.1657,0.1657,0.1582,0.1588,20487209.0,1707091199999,True
2024-02-05 00:00:00,1707091200000,0.1588,0.1624,0.1559,0.16,19907294.0,1707177599999,True
2024-02-06 00:00:00,1707177600000,0.1599,0.1625,0.1575,0.1622,27312841.0,1707263999999,True
2024-02-07 00:00:00,1707264000000,0.1623,0.1689,0.1602,0.1681,31226565.0,1707350399999,True
2024-02-08 00:00:00,1707350400000,0.1682,0.171,0.1663,0.1689,32675460.0,1707436799999,True
2024-02-09 00:00:00,1707436800000,0.169,0.1757,0.1685,0.1743,50245022.0,1707523199999,True
2024-02-10 00:00:00,1707523200000,0.1743,0.1779,0.1708,0.1754,35203866.0,1707609599999,True
2024-02-11 00:00:00,1707609600000,0.1754,0.1805,0.1721,0.1801,40983577.0,1707695999999,True
2024-02-12 00:00:00,1707696000000,0.1801,0.1839,0.1732,0.1829,81352107.0,1707782399999,True
2024-02-13 00:00:00,1707782400000,0.183,0.1854,0.173,0.1777,67583606.0,1707868799999,True
2024-02-14 00:00:00,1707868800000,0.1778,0.1846,0.1744,0.1835,45039601.0,1707955199999,True
2024-02-15 00:00:00,1707955200000,0.1836,0.1918,0.1826,0.1873,56088670.0,1708041599999,True
2024-02-16 00:00:00,1708041600000,0.1873,0.1974,0.1863,0.1942,68447058.0,1708127999999,True
2024-02-17 00:00:00,1708128000000,0.1943,0.1944,0.1834,0.1904,32707774.0,1708214399999,True
2024-02-18 00:00:00,1708214400000,0.1904,0.1973,0.1895,0.1964,32779945.0,1708300799999,True
2024-02-19 00:00:00,1708300800000,0.1964,0.2043,0.1959,0.2036,57528679.0,1708387199999,True
2024-02-20 00:00:00,1708387200000,0.2036,0.2042,0.1889,0.1963,62229188.0,1708473599999,True
2024-02-21 00:00:00,1708473600000,0.1963,0.1973,0.1815,0.189,48139581.0,1708559999999,True
2024-02-22 00:00:00,1708560000000,0.189,0.1944,0.1841,0.1888,32272699.0,1708646399999,True
2024-02-23 00:00:00,1708646400000,0.1889,0.1906,0.182,0.1854,34442550.0,1708732799999,True
2024-02-24 00:00:00,1708732800000,0.1855,0.1977,0.1816,0.1972,42874390.0,1708819199999,True
2024-02-25 00:00:00,1708819200000,0.1972,0.2113,0.1937,0.2078,89186614.0,1708905599999,True
2024-02-26 00:00:00,1708905600000,0.2078,0.2127,0.1963,0.2121,65564655.0,1708991999999,True
2024-02-27 00:00:00,1708992000000,0.2122,0.2123,0.2016,0.2083,69936861.0,1709078399999,True
2024-02-28 00:00:00,1709078400000,0.2084,0.2242,0.1921,0.2106,121828491.0,1709164799999,True
2024-02-29 00:00:00,1709164800000,0.2106,0.2318,0.2049,0.2118,106659484.0,1709251199999,True
2024-03-01 00:00:00,1709251200000,0.2119,0.2287,0.2119,0.2281,71120380.0,1709337599999,True
2024-03-02 00:00:00,1709337600000,0.2283,0.248,0.2252,0.248,118500896.0,1709423999999,True
2024-03-03 00:00:00,1709424000000,0.2479,0.2574,0.2206,0.2511,136688939.0,1709510399999,True
2024-03-04 00:00:00,1709510400000,0.2512,0.2653,0.2421,0.2506,149509283.0,1709596799999,True
2024-03-05 00:00:00,1709596800000,0.2506,0.2588,0.2,0.2314,210461881.0,1709683199999,True
2024-03-06 00:00:00,1709683200000,0.2313,0.2624,0.2206,0.2592,125329674.0,1709769599999,True
2024-03-07 00:00:00,1709769600000,0.2592,0.2848,0.2582,0.2799,199606470.0,1709855999999,True
2024-03-08 00:00:00,1709856000000,0.28,0.2815,0.2581,0.2713,105423532.0,1709942399999,True
2024-03-09 00:00:00,1709942400000,0.2712,0.2772,0.2654,0.2692,73025808.0,1710028799999,True
2024-03-10 00:00:00,1710028800000,0.2692,0.2737,0.2554,0.2628,70774127.0,1710115199999,True
2024-03-11 00:00:00,1710115200000,0.2628,0.3022,0.2494,0.2918,210258284.0,1710201599999,True
2024-03-12 00:00:00,1710201600000,0.2919,0.3199,0.275,0.3178,202269950.0,1710287999999,True
2024-03-13 00:00:00,1710288000000,0.3177,0.3299,0.305,0.3187,157047646.0,1710374399999,True
2024-03-14 00:00:00,1710374400000,0.3186,0.3209,0.2907,0.3118,131096846.0,1710460799999,True
2024-03-15 00:00:00,1710460800000,0.3119,0.3215,0.271,0.2992,144693570.0,1710547199999,True
2024-03-16 00:00:00,1710547200000,0.2992,0.311,0.2608,0.2673,117826760.0,1710633599999,True
2024-03-17 00:00:00,1710633600000,0.2674,0.2809,0.2517,0.2754,100248030.0,1710719999999,True
2024-03-18 00:00:00,1710720000000,0.2754,0.2754,0.2459,0.2516,107654323.0,1710806399999,True
2024-03-19 00:00:00,1710806400000,0.2516,0.2532,0.2189,0.2303,159047188.0,1710892799999,True
2024-03-20 00:00:00,1710892800000,0.2302,0.2523,0.2184,0.2506,84925580.0,1710979199999,True
2024-03-21 00:00:00,1710979200000,0.2505,0.2562,0.2423,0.2487,66721331.0,1711065599999,True
2024-03-22 00:00:00,1711065600000,0.2487,0.2547,0.2338,0.2412,56344771.0,1711151999999,True
2024-03-23 00:00:00,1711152000000,0.2412,0.2559,0.2366,0.2484,40496925.0,1711238399999,True
2024-03-24 00:00:00,1711238400000,0.2483,0.2585,0.2476,0.2562,47252860.0,1711324799999,True
2024-03-25 00:00:00,1711324800000,0.2563,0.2732,0.2529,0.268,74668178.0,1711411199999,True
2024-03-26 00:00:00,1711411200000,0.268,0.2864,0.267,0.2799,85279670.0,1711497599999,True
2024-03-27 00:00:00,1711497600000,0.2799,0.2903,0.2662,0.2708,88229756.0,1711583999999,True
2024-03-28 00:00:00,1711584000000,0.2708,0.2755,0.2623,0.2728,54954899.0,1711670399999,True
2024-03-29 00:00:00,1711670400000,0.2728,0.2831,0.2639,0.2687,80065896.0,1711756799999,True
2024-03-30 00:00:00,1711756800000,0.2686,0.2709,0.2589,0.2602,41494748.0,1711843199999,True
2024-03-31 00:00:00,1711843200000,0.2602,0.2681,0.2593,0.268,27143591.0,1711929599999,True
2024-04-01 00:00:00,1711929600000,0.2679,0.27,0.2445,0.2513,61982409.0,1712015999999,True
2024-04-02 00:00:00,1712016000000,0.2513,0.2513,0.2302,0.2343,63332415.0,1712102399999,True
2024-04-03 00:00:00,1712102400000,0.2341,0.2444,0.2261,0.2321,46922280.0,1712188799999,True
2024-04-04 00:00:00,1712188800000,0.232,0.2418,0.2252,0.2371,45887142.0,1712275199999,True
2024-04-05 00:00:00,1712275200000,0.2372,0.2381,0.2213,0.2294,55120508.0,1712361599999,True
2024-04-06 00:00:00,1712361600000,0.2295,0.2361,0.2279,0.2336,17724296.0,1712447999999,True
2024-04-07 00:00:00,1712448000000,0.2337,0.2374,0.232,0.2352,27018742.0,1712534399999,True
2024-04-08 00:00:00,1712534400000,0.2352,0.2481,0.2304,0.2453,45995751.0,1712620799999,True
2024-04-09 00:00:00,1712620800000,0.2453,0.246,0.2308,0.2319,45995722.0,1712707199999,True
2024-04-10 00:00:00,1712707200000,0.2317,0.2331,0.2177,0.2305,51546851.0,1712793599999,True
2024-04-11 00:00:00,1712793600000,0.2306,0.2348,0.2266,0.2277,32001093.0,1712879999999,True
2024-04-12 00:00:00,1712880000000,0.2276,0.2325,0.171,0.1936,135395992.0,1712966399999,True
2024-04-13 00:00:00,1712966400000,0.1936,0.1936,0.1459,0.1679,223388685.0,1713052799999,True
2024-04-14 00:00:00,1713052800000,0.1678,0.1819,0.1617,0.1794,105462787.0,1713139199999,True
2024-04-15 00:00:00,1713139200000,0.1793,0.188,0.1642,0.1703,85085730.0,1713225599999,True
2024-04-16 00:00:00,1713225600000,0.1703,0.1805,0.1646,0.1744,70563096.0,1713311999999,True
2024-04-17 00:00:00,1713312000000,0.1744,0.1761,0.1618,0.1685,57186174.0,1713398399999,True
2024-04-18 00:00:00,1713398400000,0.1686,0.1764,0.1628,0.1746,34186056.0,1713484799999,True
2024-04-19 00:00:00,1713484800000,0.1746,0.1793,0.1593,0.1748,69121838.0,1713571199999,True
2024-04-20 00:00:00,1713571200000,0.1748,0.1919,0.1726,0.1916,36456871.0,1713657599999,True
2024-04-21 00:00:00,1713657600000,0.1917,0.1926,0.1831,0.1874,27242715.0,1713743999999,True
2024-04-22 00:00:00,1713744000000,0.1874,0.1981,0.1866,0.1951,32523794.0,1713830399999,True
2024-04-23 00:00:00,1713830400000,0.1952,0.1967,0.1897,0.1936,42788494.0,1713916799999,True
2024-04-24 00:00:00,1713916800000,0.1936,0.2644,0.1931,0.2113,422545623.0,1714003199999,True
2024-04-25 00:00:00,1714003200000,0.2113,0.2127,0.1966,0.2,117441324.0,1714089599999,True
2024-04-26 00:00:00,1714089600000,0.2,0.2143,0.1925,0.1978,113027998.0,1714175999999,True
2024-04-27 00:00:00,1714176000000,0.1981,0.2029,0.1884,0.1983,75857129.0,1714262399999,True
2024-04-28 00:00:00,1714262400000,0.1984,0.2014,0.1919,0.1928,36457207.0,1714348799999,True
2024-04-29 00:00:00,1714348800000,0.1928,0.1948,0.1841,0.1906,59396551.0,1714435199999,True
2024-04-30 00:00:00,1714435200000,0.1905,0.1927,0.1702,0.1781,69021223.0,1714521599999,True
2024-05-01 00:00:00,1714521600000,0.178,0.1834,0.1655,0.1807,81285741.0,1714607999999,True
2024-05-02 00:00:00,1714608000000,0.1807,0.1842,0.1749,0.1812,34447536.0,1714694399999,True
2024-05-03 00:00:00,1714694400000,0.1812,0.1945,0.1797,0.192,38880592.0,1714780799999,True
2024-05-04 00:00:00,1714780800000,0.192,0.1965,0.1898,0.1927,28123958.0,1714867199999,True
2024-05-05 00:00:00,1714867200000,0.1927,0.2002,0.1909,0.1964,33833168.0,1714953599999,True
2024-05-06 00:00:00,1714953600000,0.1965,0.2027,0.1925,0.1938,48649574.0,1715039999999,True
2024-05-07 00:00:00,1715040000000,0.1938,0.1985,0.1903,0.1907,37233633.0,1715126399999,True
2024-05-08 00:00:00,1715126400000,0.1906,0.1943,0.1855,0.1871,40450003.0,1715212799999,True
2024-05-09 00:00:00,1715212800000,0.1871,0.1946,0.1841,0.1934,26093492.0,1715299199999,True
2024-05-10 00:00:00,1715299200000,0.1935,0.1945,0.1816,0.1833,34893864.0,1715385599999,True
2024-05-11 00:00:00,1715385600000,0.1834,0.1856,0.1783,0.1789,20883654.0,1715471999999,True
2024-05-12 00:00:00,1715472000000,0.1789,0.1814,0.1757,0.1768,20129994.0,1715558399999,True
2024-05-13 00:00:00,1715558400000,0.1768,0.1808,0.1698,0.1777,36018739.0,1715644799999,True
2024-05-14 00:00:00,1715644800000,0.1777,0.1785,0.1706,0.1713,30333208.0,1715731199999,True
2024-05-15 00:00:00,1715731200000,0.1713,0.1834,0.1699,0.1799,60913024.0,1715817599999,True
2024-05-16 00:00:00,1715817600000,0.1798,0.1816,0.17,0.1741,82039882.0,1715903999999,True
2024-05-17 00:00:00,1715904000000,0.1741,0.185,0.1725,0.1829,42931766.0,1715990399999,True
2024-05-18 00:00:00,1715990400000,0.1829,0.1868,0.1821,0.1828,33725516.0,1716076799999,True
2024-05-19 00:00:00,1716076800000,0.1829,0.183,0.1747,0.1749,36830667.0,1716163199999,True
2024-05-20 00:00:00,1716163200000,0.175,0.1888,0.1726,0.1886,62079756.0,1716249599999,True
2024-05-21 00:00:00,1716249600000,0.1886,0.1965,0.1855,0.1884,80290763.0,1716335999999,True
2024-05-22 00:00:00,1716336000000,0.1884,0.1895,0.1824,0.1857,37753111.0,1716422399999,True
2024-05-23 00:00:00,1716422400000,0.1856,0.1878,0.1722,0.1817,80627869.0,1716508799999,True
2024-05-24 00:00:00,1716508800000,0.1815,0.189,0.1776,0.1886,39083494.0,1716595199999,True
2024-05-25 00:00:00,1716595200000,0.1886,0.1959,0.1885,0.1935,36885363.0,1716681599999,True
2024-05-26 00:00:00,1716681600000,0.1933,0.1942,0.1872,0.1895,27766043.0,1716767999999,True
2024-05-27 00:00:00,1716768000000,0.1895,0.1999,0.1892,0.1967,36527657.0,1716854399999,True
2024-05-28 00:00:00,1716854400000,0.1967,0.1976,0.1893,0.1941,41362990.0,1716940799999,True
2024-05-29 00:00:00,1716940800000,0.1942,0.1959,0.1891,0.1894,32994105.0,1717027199999,True
2024-05-30 00:00:00,1717027200000,0.1895,0.1949,0.1862,0.1897,31808840.0,1717113599999,True
2024-05-31 00:00:00,1717113600000,0.1898,0.191,0.1853,0.1881,25325701.0,1717199999999,True
2024-06-01 00:00:00,1717200000000,0.1882,0.1896,0.186,0.1881,12695922.0,1717286399999,True
2024-06-02 00:00:00,1717286400000,0.1881,0.1897,0.182,0.1823,21753815.0,1717372799999,True
2024-06-03 00:00:00,1717372800000,0.1823,0.1892,0.1808,0.1837,24374445.0,1717459199999,True
2024-06-04 00:00:00,1717459200000,0.1837,0.187,0.1791,0.186,25304927.0,1717545599999,True
2024-06-05 00:00:00,1717545600000,0.1861,0.19,0.1857,0.1887,23699176.0,1717631999999,True
2024-06-06 00:00:00,1717632000000,0.1888,0.1889,0.183,0.1857,25699068.0,1717718399999,True
2024-06-07 00:00:00,1717718400000,0.1857,0.1933,0.16,0.1749,84481122.0,1717804799999,True
2024-06-08 00:00:00,1717804800000,0.1748,0.1766,0.1635,0.166,45246750.0,1717891199999,True
2024-06-09 00:00:00,1717891200000,0.1659,0.1714,0.1654,0.1704,20641648.0,1717977599999,True
2024-06-10 00:00:00,1717977600000,0.1704,0.1721,0.1657,0.1666,32686871.0,1718063999999,True
2024-06-11 00:00:00,1718064000000,0.1665,0.1685,0.1552,0.1589,58029917.0,1718150399999,True
2024-06-12 00:00:00,1718150400000,0.1589,0.1698,0.1551,0.166,44944330.0,1718236799999,True
2024-06-13 00:00:00,1718236800000,0.166,0.167,0.1555,0.1559,31671736.0,1718323199999,True
2024-06-14 00:00:00,1718323200000,0.1559,0.1593,0.1473,0.1512,52212803.0,1718409599999,True
2024-06-15 00:00:00,1718409600000,0.1513,0.155,0.1498,0.1524,22209992.0,1718495999999,True
2024-06-16 00:00:00,1718496000000,0.1525,0.1563,0.1499,0.1557,22064281.0,1718582399999,True
2024-06-17 00:00:00,1718582400000,0.1558,0.1567,0.1402,0.1451,52171685.0,1718668799999,True
2024-06-18 00:00:00,1718668800000,0.1451,0.1456,0.1263,0.1338,93014314.0,1718755199999,True
2024-06-19 00:00:00,1718755200000,0.1338,0.1412,0.1323,0.1387,38817456.0,1718841599999,True
2024-06-20 00:00:00,1718841600000,0.1387,0.1465,0.1378,0.1382,39426930.0,1718927999999,True
2024-06-21 00:00:00,1718928000000,0.1382,0.1425,0.1364,0.1393,38374490.0,1719014399999,True
2024-06-22 00:00:00,1719014400000,0.1392,0.1392,0.1336,0.1339,34263293.0,1719100799999,True
2024-06-23 00:00:00,1719100800000,0.1339,0.1367,0.1306,0.1324,23633893.0,1719187199999,True
2024-06-24 00:00:00,1719187200000,0.1324,0.1355,0.1253,0.1352,55192726.0,1719273599999,True
2024-06-25 00:00:00,1719273600000,0.1353,0.143,0.1342,0.1411,30484768.0,1719359999999,True
2024-06-26 00:00:00,1719360000000,0.1411,0.1429,0.1391,0.1408,26480114.0,1719446399999,True
2024-06-27 00:00:00,1719446400000,0.1409,0.1444,0.1374,0.1428,26772299.0,1719532799999,True
2024-06-28 00:00:00,1719532800000,0.1428,0.1453,0.1395,0.1397,28715279.0,1719619199999,True
2024-06-29 00:00:00,1719619200000,0.1398,0.1427,0.1381,0.1393,16040639.0,1719705599999,True
2024-06-30 00:00:00,1719705600000,0.1393,0.145,0.1369,0.1445,22842499.0,1719791999999,True
2024-07-01 00:00:00,1719792000000,0.1446,0.1491,0.1438,0.1471,24355799.0,1719878399999,True
2024-07-02 00:00:00,1719878400000,0.1471,0.1514,0.1466,0.1502,22891903.0,1719964799999,True
2024-07-03 00:00:00,1719964800000,0.1502,0.1512,0.1412,0.1426,26314417.0,1720051199999,True
2024-07-04 00:00:00,1720051200000,0.1427,0.1431,0.131,0.1313,47239726.0,1720137599999,True
2024-07-05 00:00:00,1720137600000,0.1312,0.1336,0.1146,0.1307,123324980.0,1720223999999,True
2024-07-06 00:00:00,1720224000000,0.1308,0.1394,0.1288,0.1386,32122159.0,1720310399999,True
2024-07-07 00:00:00,1720310400000,0.1386,0.1388,0.1256,0.1266,27745497.0,1720396799999,True
2024-07-08 00:00:00,1720396800000,0.1267,0.1375,0.1215,0.1333,61058704.0,1720483199999,True
2024-07-09 00:00:00,1720483200000,0.1333,0.1411,0.1325,0.1397,21759516.0,1720569599999,True
2024-07-10 00:00:00,1720569600000,0.1396,0.1418,0.1367,0.1394,20442835.0,1720655999999,True
2024-07-11 00:00:00,1720656000000,0.1395,0.1432,0.1366,0.1372,22230088.0,1720742399999,True
2024-07-12 00:00:00,1720742400000,0.1372,0.1388,0.1339,0.1381,18838481.0,1720828799999,True
2024-07-13 00:00:00,1720828800000,0.1382,0.1448,0.1378,0.1433,19941384.0,1720915199999,True
2024-07-14 00:00:00,1720915200000,0.1433,0.1536,0.1433,0.152,22039636.0,1721001599999,True
2024-07-15 00:00:00,1721001600000,0.152,0.1598,0.152,0.1577,35298896.0,1721087999999,True
2024-07-16 00:00:00,1721088000000,0.1577,0.1623,0.1529,0.1585,37120401.0,1721174399999,True
2024-07-17 00:00:00,1721174400000,0.1585,0.1625,0.1544,0.1545,24687034.0,1721260799999,True
2024-07-18 00:00:00,1721260800000,0.1545,0.1576,0.1492,0.1518,22771675.0,1721347199999,True
2024-07-19 00:00:00,1721347200000,0.1519,0.1596,0.1495,0.1577,28240941.0,1721433599999,True
2024-07-20 00:00:00,1721433600000,0.1577,0.1613,0.1564,0.1581,23888379.0,1721519999999,True
2024-07-21 00:00:00,1721520000000,0.1582,0.1609,0.1508,0.1592,27058903.0,1721606399999,True
2024-07-22 00:00:00,1721606400000,0.1593,0.1598,0.1508,0.151,23482666.0,1721692799999,True
2024-07-23 00:00:00,1721692800000,0.1511,0.1526,0.1419,0.1435,33238403.0,1721779199999,True
2024-07-24 00:00:00,1721779200000,0.1434,0.1467,0.1389,0.1397,21455523.0,1721865599999,True
2024-07-25 00:00:00,1721865600000,0.1396,0.14,0.1327,0.1371,30026611.0,1721951999999,True
2024-07-26 00:00:00,1721952000000,0.1371,0.143,0.1364,0.1425,21211672.0,1722038399999,True
2024-07-27 00:00:00,1722038400000,0.1425,0.1461,0.1402,0.1428,20433688.0,1722124799999,True
2024-07-28 00:00:00,1722124800000,0.1428,0.1432,0.1374,0.1393,15603999.0,1722211199999,True
2024-07-29 00:00:00,1722211200000,0.1393,0.1449,0.1385,0.1389,25587598.0,1722297599999,True
2024-07-30 00:00:00,1722297600000,0.1389,0.1428,0.1355,0.1375,20802754.0,1722383999999,True
2024-07-31 00:00:00,1722384000000,0.1375,0.1421,0.1354,0.1357,29768362.0,1722470399999,True
2024-08-01 00:00:00,1722470400000,0.1357,0.137,0.1253,0.1349,39498771.0,1722556799999,True
2024-08-02 00:00:00,1722556800000,0.1348,0.1358,0.1232,0.1241,43946576.0,1722643199999,True
2024-08-03 00:00:00,1722643200000,0.1242,0.1266,0.1166,0.1204,40432268.0,1722729599999,True
2024-08-04 00:00:00,1722729600000,0.1205,0.1225,0.11,0.1147,51769992.0,1722815999999,True
2024-08-05 00:00:00,1722816000000,0.1146,0.1157,0.0938,0.1101,220668996.0,1722902399999,True
2024-08-06 00:00:00,1722902400000,0.1101,0.1163,0.1092,0.1126,61908212.0,1722988799999,True
2024-08-07 00:00:00,1722988800000,0.1126,0.1174,0.1083,0.1098,44674042.0,1723075199999,True
2024-08-08 00:00:00,1723075200000,0.1098,0.1228,0.1076,0.1222,39092124.0,1723161599999,True
2024-08-09 00:00:00,1723161600000,0.1222,0.1222,0.1178,0.1201,27140851.0,1723247999999,True
2024-08-10 00:00:00,1723248000000,0.1201,0.1226,0.118,0.1209,14834013.0,1723334399999,True
2024-08-11 00:00:00,1723334400000,0.1209,0.1242,0.1148,0.1152,25121573.0,1723420799999,True
2024-08-12 00:00:00,1723420800000,0.1152,0.1207,0.1142,0.1196,28983410.0,1723507199999,True
2024-08-13 00:00:00,1723507200000,0.1197,0.1217,0.1156,0.1213,26067414.0,1723593599999,True
2024-08-14 00:00:00,1723593600000,0.1213,0.1223,0.1169,0.1195,20042727.0,1723679999999,True
2024-08-15 00:00:00,1723680000000,0.1195,0.122,0.1147,0.1155,28852011.0,1723766399999,True
2024-08-16 00:00:00,1723766400000,0.1156,0.1204,0.1133,0.1156,40267728.0,1723852799999,True
2024-08-17 00:00:00,1723852800000,0.1156,0.1188,0.1147,0.1186,17114927.0,1723939199999,True
2024-08-18 00:00:00,1723939200000,0.1186,0.1208,0.1168,0.1188,23008878.0,1724025599999,True
2024-08-19 00:00:00,1724025600000,0.1188,0.1248,0.1171,0.1237,27423276.0,1724111999999,True
2024-08-20 00:00:00,1724112000000,0.1238,0.13,0.1232,0.1279,39783159.0,1724198399999,True
2024-08-21 00:00:00,1724198400000,0.1278,0.1379,0.1265,0.1346,38125393.0,1724284799999,True
2024-08-22 00:00:00,1724284800000,0.1346,0.1371,0.134,0.1358,19615850.0,1724371199999,True
2024-08-23 00:00:00,1724371200000,0.1357,0.1453,0.1351,0.1441,33573267.0,1724457599999,True
2024-08-24 00:00:00,1724457600000,0.1442,0.1485,0.1418,0.1465,29379509.0,1724543999999,True
2024-08-25 00:00:00,1724544000000,0.1465,0.1468,0.1409,0.1415,23747860.0,1724630399999,True
2024-08-26 00:00:00,1724630400000,0.1416,0.143,0.134,0.1346,24672417.0,1724716799999,True
2024-08-27 00:00:00,1724716800000,0.1345,0.1365,0.1254,0.1283,27921348.0,1724803199999,True
2024-08-28 00:00:00,1724803200000,0.1282,0.1314,0.1249,0.127,40658070.0,1724889599999,True
2024-08-29 00:00:00,1724889600000,0.1269,0.1328,0.1249,0.1267,22733501.0,1724975999999,True
2024-08-30 00:00:00,1724976000000,0.1266,0.1293,0.1216,0.1284,26740468.0,1725062399999,True
2024-08-31 00:00:00,1725062400000,0.1283,0.1292,0.1231,0.1233,19155267.0,1725148799999,True
2024-09-01 00:00:00,1725148800000,0.1232,0.1235,0.1174,0.1184,27332036.0,1725235199999,True
2024-09-02 00:00:00,1725235200000,0.1184,0.1261,0.1179,0.1257,27918721.0,1725321599999,True
2024-09-03 00:00:00,1725321600000,0.1256,0.1271,0.1191,0.1194,26097807.0,1725407999999,True
2024-09-04 00:00:00,1725408000000,0.1193,0.1246,0.114,0.1224,41938146.0,1725494399999,True
2024-09-05 00:00:00,1725494400000,0.1225,0.1225,0.1159,0.1176,29351512.0,1725580799999,True
2024-09-06 00:00:00,1725580800000,0.1176,0.1212,0.1114,0.1164,53986864.0,1725667199999,True
2024-09-07 00:00:00,1725667200000,0.1163,0.1226,0.1153,0.1208,31264994.0,1725753599999,True
2024-09-08 00:00:00,1725753600000,0.1208,0.1269,0.1201,0.125,39513152.0,1725839999999,True
2024-09-09 00:00:00,1725840000000,0.1251,0.1294,0.1239,0.1279,30919367.0,1725926399999,True
2024-09-10 00:00:00,1725926400000,0.1279,0.1297,0.1258,0.1296,23184691.0,1726012799999,True
2024-09-11 00:00:00,1726012800000,0.1296,0.1297,0.1224,0.1269,27746145.0,1726099199999,True
2024-09-12 00:00:00,1726099200000,0.1269,0.1305,0.1264,0.1301,18961908.0,1726185599999,True
2024-09-13 00:00:00,1726185600000,0.1301,0.1337,0.127,0.1332,25082068.0,1726271999999,True
2024-09-14 00:00:00,1726272000000,0.1332,0.1337,0.1303,0.1311,19995050.0,1726358399999,True
2024-09-15 00:00:00,1726358400000,0.1312,0.1317,0.1256,0.1261,21110512.0,1726444799999,True
2024-09-16 00:00:00,1726444800000,0.1262,0.1281,0.1222,0.1236,31675528.0,1726531199999,True
2024-09-17 00:00:00,1726531200000,0.1237,0.1276,0.1221,0.1241,29098372.0,1726617599999,True
2024-09-18 00:00:00,1726617600000,0.1241,0.1278,0.1192,0.1278,38501912.0,1726703999999,True
2024-09-19 00:00:00,1726704000000,0.1278,0.1335,0.1278,0.1315,32672220.0,1726790399999,True
2024-09-20 00:00:00,1726790400000,0.1315,0.1354,0.1302,0.1329,32280968.0,1726876799999,True
2024-09-21 00:00:00,1726876800000,0.1329,0.1365,0.1318,0.1364,18969755.0,1726963199999,True
2024-09-22 00:00:00,1726963200000,0.1364,0.1366,0.1295,0.1322,19160069.0,1727049599999,True
2024-09-23 00:00:00,1727049600000,0.1322,0.1356,0.1297,0.1343,30971292.0,1727135999999,True
2024-09-24 00:00:00,1727136000000,0.1343,0.1397,0.1312,0.1384,31604541.0,1727222399999,True
2024-09-25 00:00:00,1727222400000,0.1384,0.1424,0.1366,0.1373,36351028.0,1727308799999,True
2024-09-26 00:00:00,1727308800000,0.1373,0.1442,0.1345,0.1437,34843107.0,1727395199999,True
2024-09-27 00:00:00,1727395200000,0.1436,0.1472,0.1429,0.1441,34304556.0,1727481599999,True
2024-09-28 00:00:00,1727481600000,0.1442,0.1452,0.1389,0.1413,25862547.0,1727567999999,True
2024-09-29 00:00:00,1727568000000,0.1414,0.1436,0.1387,0.1411,23726123.0,1727654399999,True
2024-09-30 00:00:00,1727654400000,0.1412,0.1415,0.1332,0.1341,36752258.0,1727740799999,True
2024-10-01 00:00:00,1727740800000,0.1341,0.1373,0.1211,0.1248,65502293.0,1727827199999,True
2024-10-02 00:00:00,1727827200000,0.1246,0.1286,0.1194,0.121,48096509.0,1727913599999,True
2024-10-03 00:00:00,1727913600000,0.1211,0.1245,0.1182,0.1222,54184857.0,1727999999999,True
2024-10-04 00:00:00,1728000000000,0.1222,0.1281,0.1213,0.126,44209352.0,1728086399999,True
2024-10-05 00:00:00,1728086400000,0.1261,0.1278,0.1235,0.1258,19450311.0,1728172799999,True
2024-10-06 00:00:00,1728172800000,0.1258,0.1281,0.1247,0.1269,19656203.0,1728259199999,True
2024-10-07 00:00:00,1728259200000,0.127,0.1298,0.1243,0.1244,41174536.0,1728345599999,True
2024-10-08 00:00:00,1728345600000,0.1244,0.1264,0.1202,0.1214,41250251.0,1728431999999,True
2024-10-09 00:00:00,1728432000000,0.1214,0.1242,0.1178,0.1188,40018808.0,1728518399999,True
2024-10-10 00:00:00,1728518400000,0.1188,0.1207,0.1156,0.1185,38149214.0,1728604799999,True
2024-10-11 00:00:00,1728604800000,0.1185,0.1224,0.1179,0.1214,26953814.0,1728691199999,True
2024-10-12 00:00:00,1728691200000,0.1214,0.1242,0.1205,0.1218,20386478.0,1728777599999,True
2024-10-13 00:00:00,1728777600000,0.1218,0.1229,0.1188,0.1208,23780532.0,1728863999999,True
2024-10-14 00:00:00,1728864000000,0.1209,0.1274,0.1196,0.1268,37372884.0,1728950399999,True
2024-10-15 00:00:00,1728950400000,0.1268,0.1287,0.1224,0.1259,56061050.0,1729036799999,True
2024-10-16 00:00:00,1729036800000,0.1259,0.1261,0.1223,0.123,37125123.0,1729123199999,True
2024-10-17 00:00:00,1729123200000,0.1229,0.124,0.1174,0.1199,43688734.0,1729209599999,True
2024-10-18 00:00:00,1729209600000,0.1198,0.1239,0.1195,0.1232,28573641.0,1729295999999,True
2024-10-19 00:00:00,1729296000000,0.1233,0.1267,0.1215,0.1234,23331666.0,1729382399999,True
2024-10-20 00:00:00,1729382400000,0.1234,0.1308,0.1217,0.1304,34827564.0,1729468799999,True
2024-10-21 00:00:00,1729468800000,0.1304,0.1317,0.1248,0.1255,43115628.0,1729555199999,True
2024-10-22 00:00:00,1729555200000,0.1256,0.1284,0.1224,0.1244,40334864.0,1729641599999,True
2024-10-23 00:00:00,1729641600000,0.1244,0.1246,0.1177,0.1213,34478385.0,1729727999999,True
2024-10-24 00:00:00,1729728000000,0.1213,0.1232,0.1196,0.1222,26196923.0,1729814399999,True
2024-10-25 00:00:00,1729814400000,0.1221,0.1225,0.1101,0.1144,52066787.0,1729900799999,True
2024-10-26 00:00:00,1729900800000,0.1144,0.1155,0.1113,0.1145,43404825.0,1729987199999,True
2024-10-27 00:00:00,1729987200000,0.1146,0.1171,0.1139,0.1159,19578930.0,1730073599999,True
2024-10-28 00:00:00,1730073600000,0.116,0.1196,0.1131,0.1183,37852243.0,1730159999999,True
2024-10-29 00:00:00,1730160000000,0.1184,0.1245,0.1184,0.1239,38147839.0,1730246399999,True
2024-10-30 00:00:00,1730246400000,0.1239,0.1241,0.1202,0.1206,33312270.0,1730332799999,True
2024-10-31 00:00:00,1730332800000,0.1207,0.1212,0.1134,0.1144,39422828.0,1730419199999,True
2024-11-01 00:00:00,1730419200000,0.1144,0.1176,0.1121,0.1146,40088643.0,1730505599999,True
2024-11-02 00:00:00,1730505600000,0.1147,0.1172,0.113,0.1138,27120098.0,1730591999999,True
2024-11-03 00:00:00,1730592000000,0.1138,0.1142,0.1057,0.1095,67276912.0,1730678399999,True
2024-11-04 00:00:00,1730678400000,0.1096,0.1117,0.1057,0.1094,58005668.0,1730764799999,True
2024-11-05 00:00:00,1730764800000,0.1093,0.1155,0.1092,0.1142,49107090.0,1730851199999,True
2024-11-06 00:00:00,1730851200000,0.1142,0.1223,0.1141,0.1217,72497200.0,1730937599999,True
2024-11-07 00:00:00,1730937600000,0.1218,0.125,0.1198,0.1226,61962862.0,1731023999999,True
2024-11-08 00:00:00,1731024000000,0.1227,0.1316,0.1205,0.1311,84188323.0,1731110399999,True
2024-11-09 00:00:00,1731110400000,0.1311,0.1341,0.1282,0.1338,50267290.0,1731196799999,True
2024-11-10 00:00:00,1731196800000,0.1338,0.1507,0.1331,0.1454,149195615.0,1731283199999,True
2024-11-11 00:00:00,1731283200000,0.1454,0.1597,0.1415,0.1594,117098517.0,1731369599999,True
2024-11-12 00:00:00,1731369600000,0.1594,0.1636,0.1443,0.1541,175505768.0,1731455999999,True
2024-11-13 00:00:00,1731456000000,0.1541,0.1559,0.1393,0.1455,128821907.0,1731542399999,True
2024-11-14 00:00:00,1731542400000,0.1455,0.1556,0.1412,0.1457,103735326.0,1731628799999,True
2024-11-15 00:00:00,1731628800000,0.1456,0.1914,0.1452,0.1856,478225858.0,1731715199999,True
2024-11-16 00:00:00,1731715200000,0.1855,0.2193,0.1824,0.1965,435904843.0,1731801599999,True
2024-11-17 00:00:00,1731801600000,0.1966,0.2,0.1792,0.1838,128208080.0,1731887999999,True
2024-11-18 00:00:00,1731888000000,0.1838,0.2317,0.1816,0.2159,421710946.0,1731974399999,True
2024-11-19 00:00:00,1731974400000,0.216,0.2383,0.2046,0.2234,262914934.0,1732060799999,True
2024-11-20 00:00:00,1732060800000,0.2233,0.2285,0.208,0.211,141401681.0,1732147199999,True
2024-11-21 00:00:00,1732147200000,0.211,0.2222,0.2027,0.2142,146934382.0,1732233599999,True
2024-11-22 00:00:00,1732233600000,0.2143,0.2644,0.2142,0.2586,282238693.0,1732319999999,True
2024-11-23 00:00:00,1732320000000,0.2587,0.321,0.2583,0.2937,528628538.0,1732406399999,True
2024-11-24 00:00:00,1732406400000,0.2936,0.329,0.2556,0.2841,316679635.0,1732492799999,True
2024-11-25 00:00:00,1732492800000,0.2841,0.2933,0.2562,0.2596,184645050.0,1732579199999,True
2024-11-26 00:00:00,1732579200000,0.2596,0.299,0.2508,0.2977,237784663.0,1732665599999,True
2024-11-27 00:00:00,1732665600000,0.2977,0.3102,0.2866,0.293,219933763.0,1732751999999,True
2024-11-28 00:00:00,1732752000000,0.293,0.33,0.2826,0.3226,145736826.0,1732838399999,True
2024-11-29 00:00:00,1732838400000,0.3227,0.4722,0.3183,0.4417,735360257.0,1732924799999,True
2024-11-30 00:00:00,1732924800000,0.4417,0.4844,0.3978,0.4437,587631050.0,1733011199999,True
2024-12-01 00:00:00,1733011200000,0.4439,0.5242,0.4234,0.4858,485840124.0,1733097599999,True
2024-12-02 00:00:00,1733097600000,0.4857,0.555,0.4561,0.504,571863907.0,1733183999999,True
2024-12-03 00:00:00,1733184000000,0.504,0.6139,0.5039,0.5061,605988576.0,1733270399999,True
2024-12-04 00:00:00,1733270400000,0.5061,0.54,0.4661,0.4783,303478694.0,1733356799999,True
2024-12-05 00:00:00,1733356800000,0.4784,0.494,0.4356,0.4494,283366663.0,1733443199999,True
2024-12-06 00:00:00,1733443200000,0.4493,0.5152,0.4301,0.4987,262294453.0,1733529599999,True
2024-12-07 00:00:00,1733529600000,0.4988,0.5295,0.4661,0.5091,264889172.0,1733615999999,True
2024-12-08 00:00:00,1733616000000,0.5092,0.5222,0.4843,0.4969,132852250.0,1733702399999,True
2024-12-09 00:00:00,1733702400000,0.4969,0.4975,0.3473,0.416,295397899.0,1733788799999,True
2024-12-10 00:00:00,1733788800000,0.4159,0.4343,0.3707,0.4236,341334579.0,1733875199999,True
2024-12-11 00:00:00,1733875200000,0.4236,0.4652,0.4008,0.4523,173134876.0,1733961599999,True
2024-12-12 00:00:00,1733961600000,0.4522,0.4786,0.42,0.4281,216703353.0,1734047999999,True
2024-12-13 00:00:00,1734048000000,0.4281,0.4558,0.4152,0.4376,117066612.0,1734134399999,True
2024-12-14 00:00:00,1734134400000,0.4376,0.4376,0.407,0.421,71031339.0,1734220799999,True
2024-12-15 00:00:00,1734220800000,0.4211,0.4354,0.4067,0.4322,83563472.0,1734307199999,True
2024-12-16 00:00:00,1734307200000,0.4321,0.4372,0.4015,0.413,108824260.0,1734393599999,True
2024-12-17 00:00:00,1734393600000,0.413,0.4436,0.4038,0.413,158513502.0,1734479999999,True
2024-12-18 00:00:00,1734480000000,0.4132,0.4154,0.3613,0.3674,151918891.0,1734566399999,True
2024-12-19 00:00:00,1734566400000,0.3673,0.3833,0.3208,0.3324,199017093.0,1734652799999,True
2024-12-20 00:00:00,1734652800000,0.3325,0.3565,0.2827,0.3479,234311280.0,1734739199999,True
2024-12-21 00:00:00,1734739200000,0.3479,0.3756,0.3239,0.3284,116979517.0,1734825599999,True
2024-12-22 00:00:00,1734825600000,0.3285,0.357,0.3166,0.3476,123813775.0,1734911999999,True
2024-12-23 00:00:00,1734912000000,0.3476,0.3795,0.3346,0.3763,153001098.0,1734998399999,True
2024-12-24 00:00:00,1734998400000,0.3763,0.4139,0.3624,0.3963,141227574.0,1735084799999,True
2024-12-25 00:00:00,1735084800000,0.3963,0.4014,0.3776,0.381,51808935.0,1735171199999,True
2024-12-26 00:00:00,1735171200000,0.381,0.3841,0.344,0.3465,67766578.0,1735257599999,True
2024-12-27 00:00:00,1735257600000,0.3464,0.3697,0.3292,0.3331,100053959.0,1735343999999,True
2024-12-28 00:00:00,1735344000000,0.3332,0.3516,0.328,0.3451,58943514.0,1735430399999,True
2024-12-29 00:00:00,1735430400000,0.3452,0.3499,0.3221,0.3253,54635595.0,1735516799999,True
2024-12-30 00:00:00,1735516800000,0.3254,0.35,0.3108,0.3284,90086659.0,1735603199999,True
2024-12-31 00:00:00,1735603200000,0.3284,0.354,0.3168,0.3345,101760452.0,1735689599999,True
2025-01-01 00:00:00,1735689600000,0.3345,0.3862,0.3273,0.377,111674536.0,1735775999999,True
2025-01-02 00:00:00,1735776000000,0.377,0.4097,0.3768,0.3923,136461547.0,1735862399999,True
2025-01-03 00:00:00,1735862400000,0.3924,0.4272,0.3924,0.4192,129465499.0,1735948799999,True
2025-01-04 00:00:00,1735948800000,0.4191,0.4317,0.4053,0.4101,79393342.0,1736035199999,True
2025-01-05 00:00:00,1736035200000,0.4101,0.4161,0.3953,0.4052,71435442.0,1736121599999,True
2025-01-06 00:00:00,1736121600000,0.4052,0.4317,0.3965,0.4149,90420718.0,1736207999999,True
2025-01-07 00:00:00,1736208000000,0.4148,0.426,0.3711,0.3726,134530257.0,1736294399999,True
2025-01-08 00:00:00,1736294400000,0.3726,0.3824,0.3394,0.3591,130279578.0,1736380799999,True
2025-01-09 00:00:00,1736380800000,0.3591,0.3637,0.3354,0.3418,90730696.0,1736467199999,True
2025-01-10 00:00:00,1736467200000,0.3419,0.3853,0.3383,0.3725,133975493.0,1736553599999,True
2025-01-11 00:00:00,1736553600000,0.3726,0.3861,0.3584,0.3781,60910338.0,1736639999999,True
2025-01-12 00:00:00,1736640000000,0.3781,0.3799,0.3533,0.3602,46698479.0,1736726399999,True
2025-01-13 00:00:00,1736726400000,0.3602,0.374,0.3235,0.3493,120217248.0,1736812799999,True
2025-01-14 00:00:00,1736812800000,0.3493,0.3779,0.3453,0.3726,68882332.0,1736899199999,True
2025-01-15 00:00:00,1736899200000,0.3727,0.4499,0.3697,0.4446,227160654.0,1736985599999,True
2025-01-16 00:00:00,1736985600000,0.4446,0.4847,0.4257,0.4643,242206748.0,1737071999999,True
2025-01-17 00:00:00,1737072000000,0.4644,0.4967,0.4625,0.4686,156721703.0,1737158399999,True
2025-01-18 00:00:00,1737158400000,0.4687,0.4751,0.4335,0.4452,126872543.0,1737244799999,True
2025-01-19 00:00:00,1737244800000,0.4452,0.4584,0.3879,0.3979,203431450.0,1737331199999,True
2025-01-20 00:00:00,1737331200000,0.3979,0.48,0.3836,0.4302,279711644.0,1737417599999,True
2025-01-21 00:00:00,1737417600000,0.4303,0.4455,0.4058,0.4241,126641918.0,1737503999999,True
2025-01-22 00:00:00,1737504000000,0.4242,0.4321,0.403,0.4056,92194855.0,1737590399999,True
2025-01-23 00:00:00,1737590400000,0.4055,0.4233,0.3895,0.4101,99498060.0,1737676799999,True
2025-01-24 00:00:00,1737676800000,0.4102,0.4269,0.3921,0.4001,76763337.0,1737763199999,True
2025-01-25 00:00:00,1737763200000,0.4,0.4096,0.3935,0.4033,50510231.0,1737849599999,True
2025-01-26 00:00:00,1737849600000,0.4034,0.419,0.3812,0.3815,56526579.0,1737935999999,True
2025-01-27 00:00:00,1737936000000,0.3816,0.3889,0.3446,0.3867,165555430.0,1738022399999,True
2025-01-28 00:00:00,1738022400000,0.3868,0.3918,0.3575,0.3628,66629912.0,1738108799999,True
2025-01-29 00:00:00,1738108800000,0.3628,0.3858,0.3536,0.3693,77915145.0,1738195199999,True
2025-01-30 00:00:00,1738195200000,0.3694,0.3963,0.3653,0.3875,68384772.0,1738281599999,True
2025-01-31 00:00:00,1738281600000,0.3876,0.4021,0.374,0.3792,67094756.0,1738367999999,True
2025-02-01 00:00:00,1738368000000,0.3792,0.3859,0.3445,0.3477,57278810.0,1738454399999,True
2025-02-02 00:00:00,1738454400000,0.3476,0.3564,0.2808,0.2997,174258924.0,1738540799999,True
2025-02-03 00:00:00,1738540800000,0.2998,0.3188,0.2191,0.3129,401689133.0,1738627199999,True
2025-02-04 00:00:00,1738627200000,0.3128,0.3169,0.2782,0.2909,149937916.0,1738713599999,True
2025-02-05 00:00:00,1738713600000,0.2909,0.2995,0.2779,0.2814,89637942.0,1738799999999,True
2025-02-06 00:00:00,1738800000000,0.2815,0.2977,0.2636,0.2668,92751961.0,1738886399999,True
2025-02-07 00:00:00,1738886400000,0.2668,0.2952,0.2604,0.2696,90463295.0,1738972799999,True
2025-02-08 00:00:00,1738972800000,0.2696,0.2781,0.2641,0.2759,46226914.0,1739059199999,True
2025-02-09 00:00:00,1739059200000,0.2759,0.2886,0.2583,0.275,64836468.0,1739145599999,True
2025-02-10 00:00:00,1739145600000,0.275,0.2979,0.2684,0.2902,72494286.0,1739231999999,True
2025-02-11 00:00:00,1739232000000,0.2902,0.3136,0.2824,0.286,79496467.0,1739318399999,True
2025-02-12 00:00:00,1739318400000,0.286,0.3056,0.2757,0.3025,114767672.0,1739404799999,True
2025-02-13 00:00:00,1739404800000,0.3025,0.3075,0.285,0.2934,72606163.0,1739491199999,True
2025-02-14 00:00:00,1739491200000,0.2935,0.3088,0.2904,0.2964,72905391.0,1739577599999,True
2025-02-15 00:00:00,1739577600000,0.2964,0.3029,0.281,0.2843,40556853.0,1739663999999,True
2025-02-16 00:00:00,1739664000000,0.2844,0.2855,0.2732,0.2751,35680141.0,1739750399999,True
2025-02-17 00:00:00,1739750400000,0.2752,0.2839,0.2658,0.2701,47330609.0,1739836799999,True
2025-02-18 00:00:00,1739836800000,0.2701,0.272,0.2448,0.2575,66662228.0,1739923199999,True
2025-02-19 00:00:00,1739923200000,0.2575,0.2645,0.2517,0.2614,34568281.0,1740009599999,True
2025-02-20 00:00:00,1740009600000,0.2614,0.2723,0.26,0.2711,52872341.0,1740095999999,True
2025-02-21 00:00:00,1740096000000,0.2711,0.29,0.2551,0.2638,76123857.0,1740182399999,True
2025-02-22 00:00:00,1740182400000,0.2639,0.2722,0.2618,0.2662,42447597.0,1740268799999,True
2025-02-23 00:00:00,1740268800000,0.2662,0.269,0.2534,0.2595,32240733.0,1740355199999,True
2025-02-24 00:00:00,1740355200000,0.2596,0.2614,0.2248,0.2272,87827581.0,1740441599999,True
2025-02-25 00:00:00,1740441600000,0.2272,0.2374,0.209,0.2319,112976788.0,1740527999999,True
2025-02-26 00:00:00,1740528000000,0.2319,0.2423,0.2255,0.2362,69485369.0,1740614399999,True
2025-02-27 00:00:00,1740614400000,0.2363,0.2438,0.2301,0.2374,44718104.0,1740700799999,True
2025-02-28 00:00:00,1740700800000,0.2375,0.243,0.2122,0.2379,107336618.0,1740787199999,True
2025-03-01 00:00:00,1740787200000,0.238,0.2588,0.234,0.2533,73653487.0,1740873599999,True
2025-03-02 00:00:00,1740873600000,0.2534,0.3078,0.2438,0.291,265075563.0,1740959999999,True
2025-03-03 00:00:00,1740960000000,0.2909,0.2997,0.2355,0.2381,150708591.0,1741046399999,True
2025-03-04 00:00:00,1741046400000,0.2382,0.2433,0.2163,0.2385,179672237.0,1741132799999,True
2025-03-05 00:00:00,1741132800000,0.2384,0.2547,0.2341,0.2502,80730059.0,1741219199999,True
2025-03-06 00:00:00,1741219200000,0.2501,0.2602,0.2399,0.2401,58901848.0,1741305599999,True
2025-03-07 00:00:00,1741305600000,0.2402,0.248,0.2261,0.2332,82417036.0,1741391999999,True
2025-03-08 00:00:00,1741392000000,0.2332,0.2363,0.2231,0.2247,41813596.0,1741478399999,True
2025-03-09 00:00:00,1741478400000,0.2247,0.2267,0.199,0.2012,72103296.0,1741564799999,True
2025-03-10 00:00:00,1741564800000,0.2012,0.2147,0.181,0.1839,105234015.0,1741651199999,True
2025-03-11 00:00:00,1741651200000,0.184,0.2003,0.1736,0.1913,91231769.0,1741737599999,True
2025-03-12 00:00:00,1741737600000,0.1913,0.2014,0.1861,0.1958,70340103.0,1741823999999,True
2025-03-13 00:00:00,1741824000000,0.1957,0.2017,0.1885,0.1959,63948683.0,1741910399999,True
2025-03-14 00:00:00,1741910400000,0.196,0.2051,0.1942,0.1984,42124319.0,1741996799999,True
2025-03-15 00:00:00,1741996800000,0.1984,0.2041,0.1978,0.1998,28618263.0,1742083199999,True
2025-03-16 00:00:00,1742083200000,0.1999,0.2017,0.1845,0.1863,49218621.0,1742169599999,True
2025-03-17 00:00:00,1742169600000,0.1863,0.195,0.1861,0.1911,34803352.0,1742255999999,True
2025-03-18 00:00:00,1742256000000,0.1912,0.1917,0.18,0.1865,39105999.0,1742342399999,True
2025-03-19 00:00:00,1742342400000,0.1864,0.2013,0.1851,0.1997,67059647.0,1742428799999,True
2025-03-20 00:00:00,1742428800000,0.1998,0.202,0.1923,0.1953,47854890.0,1742515199999,True
2025-03-21 00:00:00,1742515200000,0.1952,0.1968,0.1868,0.1873,28454482.0,1742601599999,True
2025-03-22 00:00:00,1742601600000,0.1873,0.1916,0.1863,0.1881,21087904.0,1742687999999,True
2025-03-23 00:00:00,1742688000000,0.1882,0.192,0.1869,0.1917,20989475.0,1742774399999,True
2025-03-24 00:00:00,1742774400000,0.1917,0.2076,0.1905,0.2036,45343551.0,1742860799999,True
2025-03-25 00:00:00,1742860800000,0.2036,0.2147,0.2007,0.2118,38284069.0,1742947199999,True
2025-03-26 00:00:00,1742947200000,0.2118,0.2184,0.2032,0.2067,35942974.0,1743033599999,True
2025-03-27 00:00:00,1743033600000,0.2068,0.216,0.2057,0.2119,36618344.0,1743119999999,True
2025-03-28 00:00:00,1743120000000,0.212,0.2159,0.1967,0.1997,40023781.0,1743206399999,True
2025-03-29 00:00:00,1743206400000,0.1997,0.2008,0.1801,0.1841,40739629.0,1743292799999,True
2025-03-30 00:00:00,1743292800000,0.1842,0.1874,0.1773,0.1795,25607359.0,1743379199999,True
2025-03-31 00:00:00,1743379200000,0.1796,0.1819,0.1724,0.18,43090706.0,1743465599999,True
2025-04-01 00:00:00,1743465600000,0.18,0.1937,0.1791,0.189,35360113.0,1743551999999,True
2025-04-02 00:00:00,1743552000000,0.189,0.1959,0.1736,0.1769,67187367.0,1743638399999,True
2025-04-03 00:00:00,1743638400000,0.1768,0.1814,0.1682,0.1809,44756463.0,1743724799999,True
2025-04-04 00:00:00,1743724800000,0.181,0.1927,0.1762,0.1863,59952423.0,1743811199999,True
2025-04-05 00:00:00,1743811200000,0.1862,0.19,0.1802,0.1833,25584556.0,1743897599999,True
2025-04-06 00:00:00,1743897600000,0.1833,0.1853,0.1581,0.1623,47838626.0,1743983999999,True
2025-04-07 00:00:00,1743984000000,0.1623,0.175,0.146,0.1667,101384111.0,1744070399999,True
2025-04-08 00:00:00,1744070400000,0.1667,0.1736,0.1529,0.1551,61046492.0,1744156799999,True
2025-04-09 00:00:00,1744156800000,0.1551,0.1849,0.1488,0.1802,105027556.0,1744243199999,True
2025-04-10 00:00:00,1744243200000,0.1802,0.1819,0.1699,0.1766,50506248.0,1744329599999,True
2025-04-11 00:00:00,1744329600000,0.1765,0.1859,0.1753,0.1797,52324114.0,1744415999999,True
2025-04-12 00:00:00,1744416000000,0.1797,0.1976,0.1769,0.1911,62400508.0,1744502399999,True
2025-04-13 00:00:00,1744502400000,0.1911,0.1917,0.1796,0.1829,41440288.0,1744588799999,True
2025-04-14 00:00:00,1744588800000,0.1829,0.2004,0.1826,0.189,83529156.0,1744675199999,True
2025-04-15 00:00:00,1744675200000,0.189,0.1992,0.1785,0.1796,65820095.0,1744761599999,True
2025-04-16 00:00:00,1744761600000,0.1796,0.1858,0.1771,0.1812,49614862.0,1744847999999,True
2025-04-17 00:00:00,1744848000000,0.1813,0.19,0.1792,0.187,29404342.0,1744934399999,True
2025-04-18 00:00:00,1744934400000,0.1869,0.1925,0.1851,0.1894,23470104.0,1745020799999,True
2025-04-19 00:00:00,1745020800000,0.1893,0.1946,0.1893,0.1929,17073229.0,1745107199999,True
2025-04-20 00:00:00,1745107200000,0.1929,0.1965,0.189,0.1929,19902847.0,1745193599999,True
2025-04-21 00:00:00,1745193600000,0.193,0.2036,0.1915,0.193,39982827.0,1745279999999,True
2025-04-22 00:00:00,1745280000000,0.193,0.2101,0.1894,0.2096,50500957.0,1745366399999,True
2025-04-23 00:00:00,1745366400000,0.2097,0.2219,0.2078,0.2137,52206287.0,1745452799999,True
2025-04-24 00:00:00,1745452800000,0.2137,0.2261,0.2067,0.2257,43671470.0,1745539199999,True
2025-04-25 00:00:00,1745539200000,0.2258,0.2338,0.2207,0.2276,43670201.0,1745625599999,True
2025-04-26 00:00:00,1745625600000,0.2276,0.2389,0.226,0.2286,28737126.0,1745711999999,True
2025-04-27 00:00:00,1745712000000,0.2285,0.2305,0.2184,0.2214,26706775.0,1745798399999,True
2025-04-28 00:00:00,1745798400000,0.2214,0.2357,0.2151,0.2306,46272920.0,1745884799999,True
2025-04-29 00:00:00,1745884800000,0.2307,0.236,0.2234,0.2266,33787419.0,1745971199999,True
2025-04-30 00:00:00,1745971200000,0.2265,0.2307,0.2125,0.2199,42767082.0,1746057599999,True
2025-05-01 00:00:00,1746057600000,0.22,0.228,0.2156,0.2173,42573478.0,1746143999999,True
2025-05-02 00:00:00,1746144000000,0.2172,0.2238,0.2127,0.2156,31710791.0,1746230399999,True
2025-05-03 00:00:00,1746230400000,0.2155,0.2155,0.2042,0.2072,20096515.0,1746316799999,True
2025-05-04 00:00:00,1746316800000,0.2073,0.2098,0.1986,0.1996,20199074.0,1746403199999,True
2025-05-05 00:00:00,1746403200000,0.1996,0.2053,0.1948,0.1992,26652840.0,1746489599999,True
2025-05-06 00:00:00,1746489600000,0.1993,0.2023,0.1909,0.1993,43665935.0,1746575999999,True
2025-05-07 00:00:00,1746576000000,0.1994,0.2028,0.1942,0.1993,32868673.0,1746662399999,True
2025-05-08 00:00:00,1746662400000,0.1993,0.2272,0.1991,0.2256,54971273.0,1746748799999,True
2025-05-09 00:00:00,1746748800000,0.2256,0.242,0.2232,0.233,72570999.0,1746835199999,True
2025-05-10 00:00:00,1746835200000,0.2329,0.2535,0.23,0.2533,49478007.0,1746921599999,True
2025-05-11 00:00:00,1746921600000,0.2533,0.2575,0.2354,0.2396,49630281.0,1747007999999,True
2025-05-12 00:00:00,1747008000000,0.2397,0.2595,0.2297,0.2421,75009487.0,1747094399999,True
2025-05-13 00:00:00,1747094400000,0.2421,0.2513,0.2256,0.2472,47143323.0,1747180799999,True
2025-05-14 00:00:00,1747180800000,0.2472,0.251,0.2346,0.2367,39308892.0,1747267199999,True
2025-05-15 00:00:00,1747267200000,0.2368,0.2396,0.2198,0.2258,47142971.0,1747353599999,True
2025-05-16 00:00:00,1747353600000,0.2259,0.2314,0.2201,0.2231,30910731.0,1747439999999,True
2025-05-17 00:00:00,1747440000000,0.2232,0.2237,0.2111,0.2158,29106655.0,1747526399999,True
2025-05-18 00:00:00,1747526400000,0.2159,0.2316,0.2119,0.2273,35766749.0,1747612799999,True
2025-05-19 00:00:00,1747612800000,0.2274,0.229,0.2102,0.2221,27483329.0,1747699199999,True
2025-05-20 00:00:00,1747699200000,0.2221,0.2275,0.2161,0.2244,18861359.0,1747785599999,True
2025-05-21 00:00:00,1747785600000,0.2244,0.2334,0.2211,0.2306,39260551.0,1747871999999,True
2025-05-22 00:00:00,1747872000000,0.2307,0.2429,0.2299,0.2414,33677544.0,1747958399999,True
2025-05-23 00:00:00,1747958400000,0.2415,0.2479,0.2227,0.2239,41914700.0,1748044799999,True
2025-05-24 00:00:00,1748044800000,0.2239,0.2292,0.2192,0.2208,19574843.0,1748131199999,True
2025-05-25 00:00:00,1748131200000,0.2208,0.2218,0.2112,0.2216,23105697.0,1748217599999,True
2025-05-26 00:00:00,1748217600000,0.2217,0.2294,0.2153,0.2189,25967563.0,1748303999999,True
2025-05-27 00:00:00,1748304000000,0.2189,0.2268,0.2135,0.222,22942711.0,1748390399999,True
2025-05-28 00:00:00,1748390400000,0.2219,0.2244,0.2123,0.2175,22544040.0,1748476799999,True
2025-05-29 00:00:00,1748476800000,0.2176,0.2232,0.209,0.2096,29178214.0,1748563199999,True
2025-05-30 00:00:00,1748563200000,0.2097,0.2106,0.1908,0.1924,53104671.0,1748649599999,True
2025-05-31 00:00:00,1748649600000,0.1924,0.1973,0.1858,0.1937,24617498.0,1748735999999,True
2025-06-01 00:00:00,1748736000000,0.1938,0.1982,0.1895,0.1955,21504672.0,1748822399999,True
2025-06-02 00:00:00,1748822400000,0.1955,0.1994,0.1902,0.1987,22422891.0,1748908799999,True
2025-06-03 00:00:00,1748908800000,0.1987,0.2027,0.1956,0.1974,20046901.0,1748995199999,True
2025-06-04 00:00:00,1748995200000,0.1973,0.2009,0.1893,0.1914,18036553.0,1749081599999,True
2025-06-05 00:00:00,1749081600000,0.1915,0.1942,0.1772,0.1809,40208583.0,1749167999999,True
2025-06-06 00:00:00,1749168000000,0.1809,0.1921,0.1802,0.1871,25152999.0,1749254399999,True
2025-06-07 00:00:00,1749254400000,0.1872,0.194,0.1864,0.1909,11913166.0,1749340799999,True
2025-06-08 00:00:00,1749340800000,0.191,0.1934,0.1864,0.1906,18656307.0,1749427199999,True
2025-06-09 00:00:00,1749427200000,0.1905,0.2,0.1876,0.1995,24864411.0,1749513599999,True
2025-06-10 00:00:00,1749513600000,0.1995,0.2082,0.1971,0.2082,29824131.0,1749599999999,True
2025-06-11 00:00:00,1749600000000,0.2082,0.2092,0.1951,0.1972,30611991.0,1749686399999,True
2025-06-12 00:00:00,1749686400000,0.1972,0.1977,0.1787,0.1805,55926046.0,1749772799999,True
2025-06-13 00:00:00,1749772800000,0.1805,0.1815,0.1681,0.1808,82148892.0,1749859199999,True
2025-06-14 00:00:00,1749859200000,0.1807,0.1811,0.1738,0.1771,24120411.0,1749945599999,True
2025-06-15 00:00:00,1749945600000,0.177,0.1795,0.1711,0.1766,22414180.0,1750031999999,True
2025-06-16 00:00:00,1750032000000,0.1766,0.1864,0.174,0.1759,28578696.0,1750118399999,True
2025-06-17 00:00:00,1750118400000,0.176,0.1791,0.1658,0.1695,43625424.0,1750204799999,True
2025-06-18 00:00:00,1750204800000,0.1696,0.1725,0.165,0.1707,29564094.0,1750291199999,True
2025-06-19 00:00:00,1750291200000,0.1706,0.1726,0.1673,0.1691,24734835.0,1750377599999,True
2025-06-20 00:00:00,1750377600000,0.1692,0.1722,0.161,0.1672,40797804.0,1750463999999,True
2025-06-21 00:00:00,1750464000000,0.1672,0.1695,0.1561,0.1626,33360479.0,1750550399999,True
2025-06-22 00:00:00,1750550400000,0.1627,0.1647,0.1518,0.1602,59137537.0,1750636799999,True
2025-06-23 00:00:00,1750636800000,0.1602,0.1798,0.158,0.1791,44812715.0,1750723199999,True
2025-06-24 00:00:00,1750723200000,0.1792,0.1839,0.177,0.1827,33969095.0,1750809599999,True
2025-06-25 00:00:00,1750809600000,0.1828,0.1849,0.175,0.1756,25095474.0,1750895999999,True
2025-06-26 00:00:00,1750896000000,0.1756,0.1802,0.1702,0.172,24253419.0,1750982399999,True
2025-06-27 00:00:00,1750982400000,0.1721,0.1765,0.1691,0.1747,17570012.0,1751068799999,True
2025-06-28 00:00:00,1751068800000,0.1747,0.1774,0.173,0.1764,11374242.0,1751155199999,True
2025-06-29 00:00:00,1751155200000,0.1765,0.1876,0.1754,0.1858,19211528.0,1751241599999,True
2025-06-30 00:00:00,1751241600000,0.1858,0.1872,0.1766,0.1854,26424784.0,1751327999999,True
2025-07-01 00:00:00,1751328000000,0.1855,0.1922,0.1694,0.1709,65700863.0,1751414399999,True
2025-07-02 00:00:00,1751414400000,0.1709,0.1842,0.1706,0.1811,48813388.0,1751500799999,True
2025-07-03 00:00:00,1751500800000,0.1812,0.1887,0.1811,0.1821,26303180.0,1751587199999,True
2025-07-04 00:00:00,1751587200000,0.1821,0.1834,0.1714,0.1735,27592102.0,1751673599999,True
2025-07-05 00:00:00,1751673600000,0.1736,0.1764,0.1721,0.1745,13936120.0,1751759999999,True
2025-07-06 00:00:00,1751760000000,0.1745,0.1792,0.1735,0.177,13092529.0,1751846399999,True
2025-07-07 00:00:00,1751846400000,0.1769,0.1792,0.173,0.176,18548824.0,1751932799999,True
2025-07-08 00:00:00,1751932800000,0.176,0.181,0.1729,0.1792,18825497.0,1752019199999,True
2025-07-09 00:00:00,1752019200000,0.1792,0.1939,0.1783,0.1922,34089205.0,1752105599999,True
2025-07-10 00:00:00,1752105600000,0.1922,0.2128,0.1897,0.2121,46442672.0,1752191999999,True
2025-07-11 00:00:00,1752192000000,0.2122,0.2367,0.2103,0.2182,75227994.0,1752278399999,True
2025-07-12 00:00:00,1752278400000,0.2183,0.2278,0.2124,0.2191,42380849.0,1752364799999,True
2025-07-13 00:00:00,1752364800000,0.2191,0.2702,0.2171,0.2638,208848469.0,1752451199999,True
2025-07-14 00:00:00,1752451200000,0.2639,0.31,0.2623,0.2797,242719736.0,1752537599999,True
2025-07-15 00:00:00,1752537600000,0.2795,0.2951,0.2689,0.2838,131471218.0,1752623999999,True
2025-07-16 00:00:00,1752624000000,0.2837,0.2966,0.274,0.2845,94677638.0,1752710399999,True
2025-07-17 00:00:00,1752710400000,0.2846,0.329,0.2771,0.3185,190715162.0,1752796799999,True
2025-07-18 00:00:00,1752796800000,0.3185,0.336,0.2882,0.2936,155698871.0,1752883199999,True
2025-07-19 00:00:00,1752883200000,0.2936,0.2969,0.2819,0.2913,56168874.0,1752969599999,True
2025-07-20 00:00:00,1752969600000,0.2913,0.3067,0.2857,0.2911,56890637.0,1753055999999,True
2025-07-21 00:00:00,1753056000000,0.2912,0.3115,0.2864,0.2981,83220830.0,1753142399999,True
2025-07-22 00:00:00,1753142400000,0.2981,0.3,0.2792,0.2966,62888765.0,1753228799999,True
2025-07-23 00:00:00,1753228800000,0.2966,0.2966,0.2577,0.2675,84809504.0,1753315199999,True
2025-07-24 00:00:00,1753315200000,0.2675,0.2736,0.2492,0.2615,64712330.0,1753401599999,True
2025-07-25 00:00:00,1753401600000,0.2616,0.2708,0.2512,0.2668,55043353.0,1753487999999,True
2025-07-26 00:00:00,1753488000000,0.2668,0.2813,0.2648,0.2745,38659491.0,1753574399999,True
2025-07-27 00:00:00,1753574400000,0.2746,0.2911,0.273,0.2859,51740069.0,1753660799999,True
2025-07-28 00:00:00,1753660800000,0.2859,0.2881,0.2629,0.2651,55008100.0,1753747199999,True
2025-07-29 00:00:00,1753747200000,0.2652,0.2731,0.2551,0.2606,40869607.0,1753833599999,True
2025-07-30 00:00:00,1753833600000,0.2605,0.2629,0.2412,0.2538,49995081.0,1753919999999,True
2025-07-31 00:00:00,1753920000000,0.2538,0.2675,0.243,0.244,57653566.0,1754006399999,True
2025-08-01 00:00:00,1754006400000,0.244,0.2466,0.2299,0.2361,76383202.0,1754092799999,True
2025-08-02 00:00:00,1754092800000,0.236,0.2405,0.2235,0.2276,42461119.0,1754179199999,True
2025-08-03 00:00:00,1754179200000,0.2276,0.2445,0.2234,0.244,40233096.0,1754265599999,True
2025-08-04 00:00:00,1754265600000,0.244,0.2509,0.2414,0.2483,40890333.0,1754351999999,True
2025-08-05 00:00:00,1754352000000,0.2482,0.2492,0.2333,0.2375,40001478.0,1754438399999,True
2025-08-06 00:00:00,1754438400000,0.2375,0.2469,0.2307,0.2428,35355463.0,1754524799999,True
2025-08-07 00:00:00,1754524800000,0.2428,0.2647,0.2418,0.2644,68740983.0,1754611199999,True
2025-08-08 00:00:00,1754611200000,0.2643,0.2694,0.2563,0.2662,99664980.0,1754697599999,True
2025-08-09 00:00:00,1754697600000,0.2663,0.2775,0.2654,0.27,63986282.0,1754783999999,True
2025-08-10 00:00:00,1754784000000,0.27,0.2765,0.2595,0.2663,36792057.0,1754870399999,True
2025-08-11 00:00:00,1754870400000,0.2664,0.2804,0.2502,0.2532,79679459.0,1754956799999,True
2025-08-12 00:00:00,1754956800000,0.2532,0.2799,0.2494,0.2714,67251216.0,1755043199999,True
2025-08-13 00:00:00,1755043200000,0.2714,0.2821,0.2677,0.2805,63986931.0,1755129599999,True
2025-08-14 00:00:00,1755129600000,0.2805,0.29,0.2474,0.2538,113350904.0,1755215999999,True
2025-08-15 00:00:00,1755216000000,0.2537,0.2661,0.2461,0.2541,64952001.0,1755302399999,True
2025-08-16 00:00:00,1755302400000,0.254,0.2637,0.2518,0.2608,31671830.0,1755388799999,True
2025-08-17 00:00:00,1755388800000,0.2608,0.2753,0.2588,0.265,33125384.0,1755475199999,True
2025-08-18 00:00:00,1755475200000,0.2649,0.2662,0.2481,0.2551,60200794.0,1755561599999,True
2025-08-19 00:00:00,1755561600000,0.2551,0.2584,0.2362,0.2379,56147548.0,1755647999999,True
2025-08-20 00:00:00,1755648000000,0.238,0.26,0.2366,0.2567,47527852.0,1755734399999,True
2025-08-21 00:00:00,1755734400000,0.2567,0.259,0.2463,0.2483,27065661.0,1755820799999,True
2025-08-22 00:00:00,1755820800000,0.2484,0.2696,0.2392,0.2665,66964405.0,1755907199999,True
2025-08-23 00:00:00,1755907200000,0.2665,0.2673,0.2566,0.2641,25372222.0,1755993599999,True
2025-08-24 00:00:00,1755993600000,0.2641,0.2826,0.2528,0.2716,78248619.0,1756079999999,True
2025-08-25 00:00:00,1756080000000,0.2716,0.2745,0.2417,0.246,79459359.0,1756166399999,True
2025-08-26 00:00:00,1756166400000,0.246,0.2591,0.2431,0.2547,48343547.0,1756252799999,True
2025-08-27 00:00:00,1756252800000,0.2547,0.2569,0.2463,0.2475,37196499.0,1756339199999,True
2025-08-28 00:00:00,1756339200000,0.2474,0.2563,0.2454,0.2528,32769155.0,1756425599999,True
2025-08-29 00:00:00,1756425600000,0.2528,0.2539,0.2319,0.2365,46896142.0,1756511999999,True
2025-08-30 00:00:00,1756512000000,0.2364,0.2373,0.2296,0.2337,21725657.0,1756598399999,True
2025-08-31 00:00:00,1756598400000,0.2336,0.2397,0.2312,0.2316,21280621.0,1756684799999,True
2025-09-01 00:00:00,1756684800000,0.2315,0.2377,0.2218,0.2278,44593083.0,1756771199999,True
2025-09-02 00:00:00,1756771200000,0.2278,0.235,0.2257,0.2333,29131335.0,1756857599999,True
2025-09-03 00:00:00,1756857600000,0.2334,0.2369,0.2301,0.2329,16982929.0,1756943999999,True
2025-09-04 00:00:00,1756944000000,0.2329,0.2342,0.2249,0.2273,16888456.0,1757030399999,True
2025-09-05 00:00:00,1757030400000,0.2272,0.2362,0.2267,0.2294,29410523.0,1757116799999,True
2025-09-06 00:00:00,1757116800000,0.2295,0.2305,0.2248,0.2272,11747403.0,1757203199999,True
2025-09-07 00:00:00,1757203200000,0.2273,0.2329,0.2271,0.2308,15088501.0,1757289599999,True
2025-09-08 00:00:00,1757289600000,0.2307,0.2392,0.2302,0.2363,29994911.0,1757375999999,True
2025-09-09 00:00:00,1757376000000,0.2364,0.2435,0.2315,0.2331,36681880.0,1757462399999,True
2025-09-10 00:00:00,1757462400000,0.2332,0.243,0.232,0.2395,34189195.0,1757548799999,True
2025-09-11 00:00:00,1757548800000,0.2395,0.245,0.2374,0.2442,31081189.0,1757635199999,True
2025-09-12 00:00:00,1757635200000,0.2442,0.2492,0.2404,0.2485,27324297.0,1757721599999,True
2025-09-13 00:00:00,1757721600000,0.2484,0.2604,0.2472,0.2529,43270287.0,1757807999999,True
2025-09-14 00:00:00,1757808000000,0.253,0.2535,0.2384,0.2394,35550758.0,1757894399999,True
2025-09-15 00:00:00,1757894400000,0.2394,0.2431,0.228,0.2327,39765943.0,1757980799999,True
2025-09-16 00:00:00,1757980800000,0.2328,0.2401,0.2292,0.2374,24960870.0,1758067199999,True
2025-09-17 00:00:00,1758067200000,0.2374,0.247,0.2316,0.2442,32727299.0,1758153599999,True
2025-09-18 00:00:00,1758153600000,0.2443,0.2507,0.2406,0.2461,29652921.0,1758239999999,True
2025-09-19 00:00:00,1758240000000,0.2461,0.2491,0.2322,0.2339,29662635.0,1758326399999,True
2025-09-20 00:00:00,1758326400000,0.2339,0.2387,0.2323,0.2356,19321901.0,1758412799999,True
2025-09-21 00:00:00,1758412800000,0.2356,0.2377,0.2297,0.231,19977795.0,1758499199999,True
2025-09-22 00:00:00,1758499200000,0.2309,0.2322,0.2018,0.2139,80482488.0,1758585599999,True
2025-09-23 00:00:00,1758585600000,0.214,0.2179,0.2092,0.2108,26851300.0,1758671999999,True
2025-09-24 00:00:00,1758672000000,0.2109,0.2185,0.2072,0.2128,31533373.0,1758758399999,True
2025-09-25 00:00:00,1758758400000,0.2129,0.2135,0.2,0.2029,63701003.0,1758844799999,True
2025-09-26 00:00:00,1758844800000,0.2029,0.2108,0.2,0.2085,38518172.0,1758931199999,True
2025-09-27 00:00:00,1758931200000,0.2085,0.2085,0.2041,0.2056,15901194.0,1759017599999,True
2025-09-28 00:00:00,1759017600000,0.2057,0.2089,0.2,0.208,19822731.0,1759103999999,True
2025-09-29 00:00:00,1759104000000,0.2081,0.2106,0.2035,0.2076,41698174.0,1759190399999,True
2025-09-30 00:00:00,1759190400000,0.2076,0.2104,0.2011,0.2079,28593620.0,1759276799999,True
2025-10-01 00:00:00,1759276800000,0.2081,0.2217,0.2053,0.2209,43105124.0,1759363199999,True
2025-10-02 00:00:00,1759363200000,0.221,0.2275,0.2184,0.225,33087715.0,1759449599999,True
2025-10-03 00:00:00,1759449600000,0.2251,0.231,0.22,0.2247,41592551.0,1759535999999,True
2025-10-04 00:00:00,1759536000000,0.2248,0.2254,0.2158,0.2198,22678095.0,1759622399999,True
2025-10-05 00:00:00,1759622400000,0.2197,0.2304,0.2174,0.2186,32418717.0,1759708799999,True
2025-10-06 00:00:00,1759708800000,0.2186,0.231,0.2163,0.2293,35507237.0,1759795199999,True
2025-10-07 00:00:00,1759795200000,0.2293,0.2307,0.218,0.2189,42648539.0,1759881599999,True
2025-10-08 00:00:00,1759881600000,0.2189,0.2276,0.2155,0.2241,27691854.0,1759967999999,True
2025-10-09 00:00:00,1759968000000,0.2241,0.2244,0.2125,0.2203,34839105.0,1760054399999,True
2025-10-10 00:00:00,1760054400000,0.2204,0.2255,0.1,0.1754,223009270.0,1760140799999,True
2025-10-11 00:00:00,1760140800000,0.1753,0.1931,0.1724,0.1818,128547919.0,1760227199999,True
2025-10-12 00:00:00,1760227200000,0.1818,0.2073,0.1789,0.2025,59149426.0,1760313599999,True
2025-10-13 00:00:00,1760313600000,0.2025,0.2149,0.1985,0.2131,57861508.0,1760399999999,True
2025-10-14 00:00:00,1760400000000,0.2131,0.2141,0.1908,0.2053,54099168.0,1760486399999,True
2025-10-15 00:00:00,1760486400000,0.2053,0.2086,0.1934,0.1965,32971467.0,1760572799999,True
2025-10-16 00:00:00,1760572800000,0.1965,0.1992,0.1828,0.1851,39665768.0,1760659199999,True
2025-10-17 00:00:00,1760659200000,0.1851,0.1882,0.1697,0.1773,53388049.0,1760745599999,True
2025-10-18 00:00:00,1760745600000,0.1772,0.1815,0.1766,0.1799,17509522.0,1760831999999,True
2025-10-19 00:00:00,1760832000000,0.1798,0.1883,0.1767,0.1835,24639616.0,1760918399999,True
2025-10-20 00:00:00,1760918400000,0.1836,0.1913,0.1795,0.1868,23310218.0,1761004799999,True
2025-10-21 00:00:00,1761004800000,0.1867,0.1955,0.1774,0.1811,39082141.0,1761091199999,True
2025-10-22 00:00:00,1761091200000,0.1811,0.1848,0.1748,0.1784,32396539.0,1761177599999,True
2025-10-23 00:00:00,1761177600000,0.1784,0.1859,0.178,0.1814,16313421.0,1761263999999,True
2025-10-24 00:00:00,1761264000000,0.1814,0.1875,0.1805,0.1857,18638624.0,1761350399999,True
2025-10-25 00:00:00,1761350400000,0.1856,0.1871,0.1824,0.1853,10921953.0,1761436799999,True
2025-10-26 00:00:00,1761436800000,0.1853,0.1921,0.183,0.1907,14802737.0,1761523199999,True
2025-10-27 00:00:00,1761523200000,0.1907,0.1935,0.1842,0.1857,22857454.0,1761609599999,True
2025-10-28 00:00:00,1761609600000,0.1856,0.1993,0.1814,0.1844,52692411.0,1761695999999,True
2025-10-29 00:00:00,1761696000000,0.1843,0.1899,0.1803,0.1838,30402251.0,1761782399999,True
2025-10-30 00:00:00,1761782400000,0.1839,0.187,0.1674,0.1741,35677433.0,1761868799999,True
2025-10-31 00:00:00,1761868800000,0.174,0.1792,0.1728,0.1774,21453833.0,1761955199999,True
2025-11-01 00:00:00,1761955200000,0.1773,0.1814,0.1751,0.1793,14561825.0,1762041599999,True
2025-11-02 00:00:00,1762041600000,0.1794,0.1809,0.1728,0.1783,14799829.0,1762127999999,True
2025-11-03 00:00:00,1762128000000,0.1784,0.1788,0.1538,0.1602,49487014.0,1762214399999,True
2025-11-04 00:00:00,1762214400000,0.1602,0.163,0.1448,0.154,50152396.0,1762300799999,True
2025-11-05 00:00:00,1762300800000,0.154,0.1631,0.1467,0.1617,29757139.0,1762387199999,True
2025-11-06 00:00:00,1762387200000,0.1615,0.1621,0.153,0.1573,27852102.0,1762473599999,True
2025-11-07 00:00:00,1762473600000,0.1573,0.1867,0.157,0.181,49660370.0,1762559999999,True
2025-11-08 00:00:00,1762560000000,0.1811,0.1852,0.1739,0.1778,30951406.0,1762646399999,True
2025-11-09 00:00:00,1762646400000,0.1779,0.182,0.1697,0.1778,24755794.0,1762732799999,True
2025-11-10 00:00:00,1762732800000,0.1779,0.1923,0.1763,0.1888,47309876.0,1762819199999,True
2025-11-11 00:00:00,1762819200000,0.1889,0.1915,0.1758,0.1778,27976926.0,1762905599999,True
2025-11-12 00:00:00,1762905600000,0.1778,0.1843,0.1703,0.1722,33485955.0,1762991999999,True
2025-11-13 00:00:00,1762992000000,0.1722,0.1803,0.1629,0.1675,33278954.0,1763078399999,True
2025-11-14 00:00:00,1763078400000,0.1674,0.1683,0.1577,0.161,45173945.0,1763164799999,True
2025-11-15 00:00:00,1763164800000,0.1609,0.1679,0.1606,0.1636,24286789.0,1763251199999,True
2025-11-16 00:00:00,1763251200000,0.1637,0.1665,0.1553,0.1589,28784969.0,1763337599999,True
2025-11-17 00:00:00,1763337600000,0.1589,0.1639,0.1502,0.1525,41214319.0,1763423999999,True
2025-11-18 00:00:00,1763424000000,0.1524,0.1606,0.1502,0.1568,39160614.0,1763510399999,True
2025-11-19 00:00:00,1763510400000,0.1569,0.1587,0.1456,0.1522,39029215.0,1763596799999,True
2025-11-20 00:00:00,1763596800000,0.1522,0.1559,0.1417,0.1441,42259877.0,1763683199999,True
2025-11-21 00:00:00,1763683200000,0.1441,0.1462,0.1308,0.137,76420577.0,1763769599999,True
2025-11-22 00:00:00,1763769600000,0.137,0.1386,0.1325,0.1358,26184395.0,1763855999999,True
2025-11-23 00:00:00,1763856000000,0.1358,0.1462,0.135,0.1438,31409494.0,1763942399999,True
2025-11-24 00:00:00,1763942400000,0.1438,0.1473,0.1391,0.1438,45346622.0,1764028799999,True
2025-11-25 00:00:00,1764028800000,0.1438,0.1475,0.1397,0.1465,25005619.0,1764115199999,True
2025-11-26 00:00:00,1764115200000,0.1465,0.1486,0.1413,0.1462,28321923.0,1764201599999,True
2025-11-27 00:00:00,1764201600000,0.1462,0.1476,0.1438,0.1443,15597660.0,1764287999999,True
2025-11-28 00:00:00,1764288000000,0.1444,0.1475,0.1416,0.1434,19917521.0,1764374399999,True
2025-11-29 00:00:00,1764374400000,0.1433,0.1439,0.1388,0.1393,14528035.0,1764460799999,True
2025-11-30 00:00:00,1764460800000,0.1394,0.141,0.1365,0.1366,16044987.0,1764547199999,True
2025-12-01 00:00:00,1764547200000,0.1366,0.137,0.1279,0.1304,42502391.0,1764633599999,True
2025-12-02 00:00:00,1764633600000,0.1304,0.1405,0.1284,0.1387,26718390.0,1764719999999,True
2025-12-03 00:00:00,1764720000000,0.1388,0.1448,0.1369,0.1436,23019839.0,1764806399999,True
2025-12-04 00:00:00,1764806400000,0.1435,0.1443,0.137,0.1386,21158875.0,1764892799999,True
2025-12-05 00:00:00,1764892800000,0.1386,0.1397,0.1306,0.1327,27486602.0,1764979199999,True
2025-12-06 00:00:00,1764979200000,0.1328,0.1354,0.1319,0.1336,20492669.0,1765065599999,True
2025-12-07 00:00:00,1765065600000,0.1335,0.1365,0.1295,0.133,20864173.0,1765151999999,True
2025-12-08 00:00:00,1765152000000,0.1328,0.1364,0.1323,0.1335,20395910.0,1765238399999,True
2025-12-09 00:00:00,1765238400000,0.1336,0.1419,0.1316,0.1381,24497955.0,1765324799999,True
2025-12-10 00:00:00,1765324800000,0.1381,0.1421,0.1344,0.135,34250702.0,1765411199999,True
2025-12-11 00:00:00,1765411200000,0.135,0.1354,0.1267,0.1298,33399801.0,1765497599999,True
2025-12-12 00:00:00,1765497600000,0.1298,0.1313,0.1215,0.1228,38168363.0,1765583999999,True
2025-12-13 00:00:00,1765584000000,0.1229,0.1233,0.1204,0.1219,24778119.0,1765670399999,True
2025-12-14 00:00:00,1765670400000,0.1219,0.1235,0.1175,0.1189,25155573.0,1765756799999,True
2025-12-15 00:00:00,1765756800000,0.1188,0.1221,0.1115,0.1154,38726711.0,1765843199999,True
2025-12-16 00:00:00,1765843200000,0.1155,0.1185,0.1124,0.117,30418565.0,1765929599999,True
2025-12-17 00:00:00,1765929600000,0.1169,0.1188,0.1104,0.1114,26490253.0,1766015999999,True
2025-12-18 00:00:00,1766016000000,0.1114,0.1148,0.1051,0.1073,40325746.0,1766102399999,True
2025-12-19 00:00:00,1766102400000,0.1073,0.1161,0.1065,0.1149,32414251.0,1766188799999,True
2025-12-20 00:00:00,1766188800000,0.1148,0.1153,0.1131,0.1148,12704080.0,1766275199999,True
2025-12-21 00:00:00,1766275200000,0.1148,0.1152,0.1103,0.1115,14217425.0,1766361599999,True
2025-12-22 00:00:00,1766361600000,0.1115,0.1142,0.1104,0.1118,30531199.0,1766447999999,True
2025-12-23 00:00:00,1766448000000,0.1118,0.1143,0.1086,0.1138,30204371.0,1766534399999,True
2025-12-24 00:00:00,1766534400000,0.1138,0.1147,0.11,0.1131,25232446.0,1766620799999,True
2025-12-25 00:00:00,1766620800000,0.1131,0.1195,0.1125,0.1148,22723005.0,1766707199999,True
2025-12-26 00:00:00,1766707200000,0.1147,0.1205,0.1141,0.1183,25398924.0,1766793599999,True
2025-12-27 00:00:00,1766793600000,0.1182,0.1207,0.1159,0.1203,11382449.0,1766879999999,True
2025-12-28 00:00:00,1766880000000,0.1204,0.1217,0.1183,0.1199,13830664.0,1766966399999,True
2025-12-29 00:00:00,1766966400000,0.1198,0.1221,0.1164,0.1173,19852048.0,1767052799999,True
2025-12-30 00:00:00,1767052800000,0.1174,0.1182,0.1138,0.1149,19289007.0,1767139199999,True
2025-12-31 00:00:00,1767139200000,0.1149,0.1152,0.1097,0.1105,18360512.0,1767225599999,True
2026-01-01 00:00:00,1767225600000,0.1105,0.1216,0.1093,0.1202,18310304.0,1767311999999,True
2026-01-02 00:00:00,1767312000000,0.1203,0.1276,0.1192,0.1275,26648457.0,1767398399999,True
2026-01-03 00:00:00,1767398400000,0.1274,0.1299,0.1243,0.1279,19168571.0,1767484799999,True
2026-01-04 00:00:00,1767484800000,0.1279,0.1385,0.1278,0.1362,30224457.0,1767571199999,True
2026-01-05 00:00:00,1767571200000,0.1361,0.1412,0.1337,0.1396,35065285.0,1767657599999,True
2026-01-06 00:00:00,1767657600000,0.1396,0.1456,0.1361,0.1423,51381645.0,1767743999999,True
2026-01-07 00:00:00,1767744000000,0.1423,0.1431,0.1347,0.1364,26690966.0,1767830399999,True
2026-01-08 00:00:00,1767830400000,0.1365,0.1372,0.1295,0.1344,33621114.0,1767916799999,True
2026-01-09 00:00:00,1767916800000,0.1344,0.1384,0.1318,0.1332,24009744.0,1768003199999,True
2026-01-10 00:00:00,1768003200000,0.1332,0.1353,0.1308,0.1337,9923132.0,1768089599999,True
2026-01-11 00:00:00,1768089600000,0.1337,0.1362,0.1306,0.1323,11904881.0,1768175999999,True
2026-01-12 00:00:00,1768176000000,0.1323,0.135,0.128,0.129,23485173.0,1768262399999,True
2026-01-13 00:00:00,1768262400000,0.1289,0.1408,0.1289,0.1385,32157762.0,1768348799999,True
2026-01-14 00:00:00,1768348800000,0.1385,0.1407,0.1351,0.1365,30639969.0,1768435199999,True
2026-01-15 00:00:00,1768435200000,0.1365,0.137,0.1263,0.128,21069601.0,1768521599999,True
2026-01-16 00:00:00,1768521600000,0.128,0.1321,0.1244,0.1303,16991502.0,1768607999999,True
2026-01-17 00:00:00,1768608000000,0.1303,0.1348,0.13,0.1315,19684742.0,1768694399999,True
2026-01-18 00:00:00,1768694400000,0.1314,0.1323,0.1226,0.1228,15858279.0,1768780799999,True
2026-01-19 00:00:00,1768780800000,0.1228,0.1228,0.112,0.1209,36665595.0,1768867199999,True
2026-01-20 00:00:00,1768867200000,0.121,0.121,0.1134,0.1143,31885767.0,1768953599999,True
2026-01-21 00:00:00,1768953600000,0.1144,0.1223,0.1143,0.1177,32421489.0,1769039999999,True
2026-01-22 00:00:00,1769040000000,0.1178,0.1204,0.1157,0.1188,16623560.0,1769126399999,True
2026-01-23 00:00:00,1769126400000,0.1187,0.124,0.1184,0.1203,25019172.0,1769212799999,True
2026-01-24 00:00:00,1769212800000,0.1203,0.121,0.1179,0.1186,9937951.0,1769299199999,True
2026-01-25 00:00:00,1769299200000,0.1185,0.1193,0.1122,0.1147,25147587.0,1769385599999,True
2026-01-26 00:00:00,1769385600000,0.1146,0.126,0.1143,0.1221,53136780.0,1769471999999,True
2026-01-27 00:00:00,1769472000000,0.1221,0.1232,0.1186,0.122,28400398.0,1769558399999,True
2026-01-28 00:00:00,1769558400000,0.122,0.1263,0.1193,0.1263,27431194.0,1769644799999,True
2026-01-29 00:00:00,1769644800000,0.1262,0.1269,0.1125,0.1145,46619779.0,1769731199999,True
2026-01-30 00:00:00,1769731200000,0.1145,0.1179,0.1093,0.1121,43331340.0,1769817599999,True
2026-01-31 00:00:00,1769817600000,0.1121,0.1129,0.0947,0.104,89296809.0,1769903999999,True
2026-02-01 00:00:00,1769904000000,0.104,0.1056,0.0983,0.1005,39998017.0,1769990399999,True
2026-02-02 00:00:00,1769990400000,0.1006,0.1078,0.0982,0.1049,53220195.0,1770076799999,True
2026-02-03 00:00:00,1770076800000,0.1048,0.1106,0.1007,0.1064,50682173.0,1770163199999,True
2026-02-04 00:00:00,1770163200000,0.1063,0.1102,0.1011,0.1031,46575743.0,1770249599999,True
2026-02-05 00:00:00,1770249600000,0.1031,0.1041,0.0877,0.0884,114317834.0,1770335999999,True
2026-02-06 00:00:00,1770336000000,0.0883,0.1024,0.0807,0.0989,98630310.0,1770422399999,True
2026-02-07 00:00:00,1770422400000,0.0989,0.1003,0.0947,0.0977,51161616.0,1770508799999,True
2026-02-08 00:00:00,1770508800000,0.0977,0.0997,0.0956,0.0969,23962462.0,1770595199999,True
2026-02-09 00:00:00,1770595200000,0.0969,0.0974,0.0929,0.096,27930257.0,1770681599999,True
2026-02-10 00:00:00,1770681600000,0.096,0.0962,0.0905,0.0917,31598210.0,1770767999999,True
2026-02-11 00:00:00,1770768000000,0.0917,0.0925,0.0881,0.0891,40796408.0,1770854399999,True
2026-02-12 00:00:00,1770854400000,0.089,0.0933,0.089,0.0918,24401442.0,1770940799999,True
2026-02-13 00:00:00,1770940800000,0.0918,0.0952,0.0898,0.0941,23926082.0,1771027199999,True
2026-02-14 00:00:00,1771027200000,0.0941,0.1012,0.0938,0.0997,24925001.0,1771113599999,True
2026-02-15 00:00:00,1771113600000,0.0997,0.1005,0.0942,0.0959,26535585.0,1771199999999,True
2026-02-16 00:00:00,1771200000000,0.096,0.0973,0.0933,0.0947,23240993.0,1771286399999,True
2026-02-17 00:00:00,1771286400000,0.0947,0.0957,0.0926,0.0931,19224383.0,1771372799999,True
2026-02-18 00:00:00,1771372800000,0.0931,0.0944,0.0901,0.091,16142402.0,1771459199999,True
2026-02-19 00:00:00,1771459200000,0.0909,0.0919,0.0871,0.0892,29018892.0,1771545599999,True
2026-02-20 00:00:00,1771545600000,0.0892,0.0915,0.0877,0.0905,28024231.0,1771631999999,True
2026-02-21 00:00:00,1771632000000,0.0905,0.0914,0.0895,0.0896,10377117.0,1771718399999,True
2026-02-22 00:00:00,1771718400000,0.0896,0.0898,0.086,0.0868,11351859.0,1771804799999,True
2026-02-23 00:00:00,1771804800000,0.0868,0.0872,0.0826,0.0839,29000860.0,1771891199999,True
2026-02-24 00:00:00,1771891200000,0.0839,0.0848,0.0827,0.0835,21237859.0,1771977599999,True
2026-02-25 00:00:00,1771977600000,0.0835,0.0952,0.0834,0.091,36515258.0,1772063999999,True
2026-02-26 00:00:00,1772064000000,0.091,0.0918,0.087,0.088,35520836.0,1772150399999,True
2026-02-27 00:00:00,1772150400000,0.0881,0.0902,0.0852,0.0866,24964035.0,1772236799999,True
2026-02-28 00:00:00,1772236800000,0.0865,0.0884,0.0817,0.0879,34611826.0,1772323199999,True
2026-03-01 00:00:00,1772323200000,0.088,0.0903,0.084,0.0856,29487120.0,1772409599999,True
2026-03-02 00:00:00,1772409600000,0.0857,0.0902,0.0853,0.088,35058310.0,1772495999999,True
2026-03-03 00:00:00,1772496000000,0.088,0.0882,0.0847,0.0861,32194522.0,1772582399999,True
2026-03-04 00:00:00,1772582400000,0.0861,0.0911,0.085,0.0888,34496999.0,1772668799999,True
2026-03-05 00:00:00,1772668800000,0.0889,0.0896,0.086,0.0873,19585282.0,1772755199999,True
2026-03-06 00:00:00,1772755200000,0.0873,0.088,0.0834,0.0844,24248654.0,1772841599999,True
2026-03-07 00:00:00,1772841600000,0.0844,0.085,0.0826,0.083,12357264.0,1772927999999,True
2026-03-08 00:00:00,1772928000000,0.083,0.0838,0.081,0.0818,19490362.0,1773014399999,True
2026-03-09 00:00:00,1773014400000,0.0817,0.0847,0.0815,0.0833,36111950.0,1773100799999,True
2026-03-10 00:00:00,1773100800000,0.0832,0.0896,0.0832,0.0853,37075427.0,1773187199999,True
2026-03-11 00:00:00,1773187200000,0.0854,0.0877,0.0842,0.0862,24518914.0,1773273599999,True
2026-03-12 00:00:00,1773273600000,0.0862,0.0892,0.0849,0.089,24148334.0,1773359999999,True
2026-03-13 00:00:00,1773360000000,0.0891,0.0969,0.0891,0.0939,64989788.0,1773446399999,True
2026-03-14 00:00:00,1773446400000,0.0939,0.0965,0.0897,0.091,32395239.0,1773532799999,True
2026-03-15 00:00:00,1773532800000,0.0911,0.0931,0.0893,0.0926,34391009.0,1773619199999,True
2026-03-16 00:00:00,1773619200000,0.0927,0.098,0.0917,0.0972,44309731.0,1773705599999,True
2026-03-17 00:00:00,1773705600000,0.0972,0.0977,0.094,0.0947,36827936.0,1773791999999,True
2026-03-18 00:00:00,1773792000000,0.0948,0.0967,0.0892,0.0901,39290008.0,1773878399999,True
2026-03-19 00:00:00,1773878400000,0.0902,0.0913,0.0866,0.0893,33467501.0,1773964799999,True
2026-03-20 00:00:00,1773964800000,0.0893,0.0917,0.0888,0.0898,25341560.0,1774051199999,True
2026-03-21 00:00:00,1774051200000,0.0899,0.0905,0.0864,0.0868,11117872.0,1774137599999,True
2026-03-22 00:00:00,1774137600000,0.0869,0.0878,0.0847,0.0855,17118660.0,1774223999999,True
2026-03-23 00:00:00,1774224000000,0.0856,0.089,0.0845,0.0875,28728385.0,1774310399999,True
2026-03-24 00:00:00,1774310400000,0.0875,0.0887,0.0855,0.0872,19237808.0,1774396799999,True
2026-03-25 00:00:00,1774396800000,0.0872,0.0887,0.0863,0.0875,15628030.0,1774483199999,True
2026-03-26 00:00:00,1774483200000,0.0876,0.0891,0.0833,0.084,23059243.0,1774569599999,True
2026-03-27 00:00:00,1774569600000,0.084,0.0844,0.0807,0.0815,18856493.0,1774655999999,True
2026-03-28 00:00:00,1774656000000,0.0815,0.0834,0.0808,0.0816,12840140.0,1774742399999,True
2026-03-29 00:00:00,1774742400000,0.0817,0.0824,0.0794,0.0812,15278384.0,1774828799999,True
2026-03-30 00:00:00,1774828800000,0.0812,0.0843,0.0811,0.0822,13286713.0,1774915199999,True
2026-03-31 00:00:00,1774915200000,0.0822,0.0944,0.082,0.0939,83746984.0,1775001599999,True
2026-04-01 00:00:00,1775001600000,0.0939,0.1102,0.0936,0.1026,164016696.0,1775087999999,True
2026-04-02 00:00:00,1775088000000,0.1026,0.1107,0.0981,0.1064,119788035.0,1775174399999,True
2026-04-03 00:00:00,1775174400000,0.1065,0.1265,0.1065,0.1232,194122345.0,1775260799999,True
2026-04-04 00:00:00,1775260800000,0.1232,0.127,0.1179,0.1205,96437948.0,1775347199999,True
2026-04-05 00:00:00,1775347200000,0.1204,0.1252,0.1142,0.1215,71597809.0,1775433599999,True
2026-04-06 00:00:00,1775433600000,0.1216,0.1269,0.1185,0.1186,68083019.0,1775519999999,True
2026-04-07 00:00:00,1775520000000,0.1185,0.1202,0.1107,0.1171,80059721.0,1775606399999,True
2026-04-08 00:00:00,1775606400000,0.1171,0.1247,0.1139,0.1141,64987525.0,1775692799999,True
2026-04-09 00:00:00,1775692800000,0.114,0.1162,0.1091,0.1122,76403774.0,1775779199999,True
2026-04-10 00:00:00,1775779200000,0.1121,0.1132,0.109,0.1102,41315613.0,1775865599999,True
2026-04-11 00:00:00,1775865600000,0.1101,0.1106,0.1057,0.1083,29867624.0,1775951999999,True
2026-04-12 00:00:00,1775952000000,0.1082,0.1087,0.1015,0.1018,22961308.0,1776038399999,True
2026-04-13 00:00:00,1776038400000,0.1019,0.1096,0.1007,0.1092,33671323.0,1776124799999,True
2026-04-14 00:00:00,1776124800000,0.1091,0.1144,0.1064,0.1078,60757278.0,1776211199999,True
2026-04-15 00:00:00,1776211200000,0.1078,0.1146,0.1078,0.1126,43035890.0,1776297599999,True
2026-04-16 00:00:00,1776297600000,0.1126,0.1176,0.1107,0.1157,39201897.0,1776383999999,True
2026-04-17 00:00:00,1776384000000,0.1158,0.1178,0.1103,0.111,48760288.0,1776470399999,True
2026-04-18 00:00:00,1776470400000,0.111,0.1121,0.1064,0.1064,32861326.0,1776556799999,True
2026-04-19 00:00:00,1776556800000,0.1064,0.1068,0.1013,0.1015,28653050.0,1776643199999,True
2026-04-20 00:00:00,1776643200000,0.1015,0.1056,0.1011,0.1034,30759339.0,1776729599999,True
2026-04-21 00:00:00,1776729600000,0.1035,0.1054,0.1014,0.1032,26340666.0,1776815999999,True
2026-04-22 00:00:00,1776816000000,0.1033,0.1067,0.1024,0.1029,25847106.0,1776902399999,True
2026-04-23 00:00:00,1776902400000,0.1029,0.1051,0.1007,0.1044,30628858.0,1776988799999,True
2026-04-24 00:00:00,1776988800000,0.1044,0.1104,0.1044,0.1098,42899582.0,1777075199999,True
2026-04-25 00:00:00,1777075200000,0.1097,0.1185,0.1083,0.1152,72175186.0,1777161599999,True
2026-04-26 00:00:00,1777161600000,0.1153,0.1213,0.1136,0.12,54467940.0,1777247999999,True
2026-04-27 00:00:00,1777248000000,0.1201,0.1211,0.1144,0.1166,47716358.0,1777334399999,True
2026-04-28 00:00:00,1777334400000,0.1166,0.1172,0.1109,0.1118,34724700.0,1777420799999,True
2026-04-29 00:00:00,1777420800000,0.1119,0.1142,0.1082,0.1104,35117378.0,1777507199999,True
2026-04-30 00:00:00,1777507200000,0.1104,0.112,0.1097,0.1104,16016834.0,1777593599999,True
2026-05-01 00:00:00,1777593600000,0.1103,0.1109,0.1073,0.1088,24841494.0,1777679999999,True
2026-05-02 00:00:00,1777680000000,0.1088,0.1134,0.1057,0.1131,39448143.0,1777766399999,True
2026-05-03 00:00:00,1777766400000,0.1131,0.1189,0.1108,0.1133,70066274.0,1777852799999,True
2026-05-04 00:00:00,1777852800000,0.1133,0.1164,0.1116,0.1117,35809119.0,1777939199999,True
2026-05-05 00:00:00,1777939200000,0.1118,0.122,0.1115,0.1201,66531874.0,1778025599999,True
2026-05-06 00:00:00,1778025600000,0.12,0.1246,0.1178,0.1198,41438826.0,1778111999999,True
2026-05-07 00:00:00,1778112000000,0.1199,0.131,0.1188,0.1285,68748527.0,1778198399999,True
2026-05-08 00:00:00,1778198400000,0.1286,0.1371,0.125,0.1336,52401142.0,1778284799999,True
2026-05-09 00:00:00,1778284800000,0.1335,0.1341,0.1286,0.1287,29829601.0,1778371199999,True
2026-05-10 00:00:00,1778371200000,0.1286,0.1312,0.1255,0.129,31615496.0,1778457599999,True
2026-05-11 00:00:00,1778457600000,0.1291,0.1293,0.1214,0.123,36085750.0,1778543999999,True
2026-05-12 00:00:00,1778544000000,0.123,0.1275,0.1198,0.1223,34403444.0,1778630399999,True
2026-05-13 00:00:00,1778630400000,0.1223,0.1251,0.1162,0.1179,22235571.0,1778716799999,True
2026-05-14 00:00:00,1778716800000,0.1179,0.1219,0.1165,0.1186,19754297.0,1778803199999,True
2026-05-15 00:00:00,1778803200000,0.1186,0.12,0.1113,0.1133,18458832.0,1778889599999,True
2026-05-16 00:00:00,1778889600000,0.1132,0.1146,0.1094,0.1102,14418885.0,1778975999999,True
2026-05-17 00:00:00,1778976000000,0.1101,0.1112,0.1051,0.1077,11148169.0,1779062399999,True
2026-05-18 00:00:00,1779062400000,0.1078,0.1095,0.105,0.1088,16877178.0,1779148799999,True
2026-05-19 00:00:00,1779148800000,0.1088,0.115,0.1068,0.1127,41455561.0,1779235199999,True
2026-05-20 00:00:00,1779235200000,0.1126,0.1197,0.1121,0.1176,36750969.0,1779321599999,True
2026-05-21 00:00:00,1779321600000,0.1177,0.1192,0.1138,0.115,23796153.0,1779407999999,True
2026-05-22 00:00:00,1779408000000,0.115,0.12,0.1112,0.1117,31532271.0,1779494399999,True
2026-05-23 00:00:00,1779494400000,0.1118,0.1169,0.1089,0.1148,18110044.0,1779580799999,True
2026-05-24 00:00:00,1779580800000,0.1148,0.115,0.1098,0.1118,12430144.0,1779667199999,True
2026-05-25 00:00:00,1779667200000,0.1118,0.1163,0.1114,0.1127,21405764.0,1779753599999,True
2026-05-26 00:00:00,1779753600000,0.1127,0.1141,0.1082,0.1086,19310199.0,1779839999999,True
2026-05-27 00:00:00,1779840000000,0.1086,0.1099,0.1057,0.1065,15267708.0,1779926399999,True
2026-05-28 00:00:00,1779926400000,0.1064,0.116,0.103,0.1157,38196473.0,1780012799999,True
2026-05-29 00:00:00,1780012800000,0.1157,0.1232,0.1111,0.1229,88479885.0,1780099199999,True
2026-05-30 00:00:00,1780099200000,0.1229,0.1396,0.1223,0.1245,130833739.0,1780185599999,True
2026-05-31 00:00:00,1780185600000,0.1246,0.1332,0.1234,0.1276,53469501.0,1780271999999,True
2026-06-01 00:00:00,1780272000000,0.1276,0.1278,0.117,0.1203,41754684.0,1780358399999,True
2026-06-02 00:00:00,1780358400000,0.1202,0.1234,0.1107,0.1124,51301065.0,1780444799999,True
2026-06-03 00:00:00,1780444800000,0.1124,0.1144,0.1051,0.1066,42841332.0,1780531199999,True
2026-06-04 00:00:00,1780531200000,0.1065,0.1069,0.0991,0.1005,53100185.0,1780617599999,True
2026-06-05 00:00:00,1780617600000,0.1005,0.1015,0.0881,0.0933,67469018.0,1780703999999,True
2026-06-06 00:00:00,1780704000000,0.0934,0.0954,0.0882,0.0921,25754428.0,1780790399999,True
2026-06-07 00:00:00,1780790400000,0.0921,0.0974,0.0906,0.0944,30470243.0,1780876799999,True
2026-06-08 00:00:00,1780876800000,0.0945,0.096,0.0917,0.0923,25777503.0,1780963199999,True
2026-06-09 00:00:00,1780963200000,0.0923,0.0934,0.0882,0.0911,25120159.0,1781049599999,True
2026-06-10 00:00:00,1781049600000,0.0911,0.0927,0.0864,0.0865,20095669.0,1781135999999,True
2026-06-11 00:00:00,1781136000000,0.0865,0.0903,0.0863,0.0888,32056719.0,1781222399999,True
2026-06-12 00:00:00,1781222400000,0.0888,0.09,0.0866,0.0873,25570981.0,1781308799999,True
2026-06-13 00:00:00,1781308800000,0.0873,0.0906,0.0864,0.0896,23288488.0,1781395199999,True
2026-06-14 00:00:00,1781395200000,0.0897,0.0943,0.0893,0.0927,42807029.0,1781481599999,True
2026-06-15 00:00:00,1781481600000,0.0926,0.1,0.0919,0.0951,42262851.0,1781567999999,True
2026-06-16 00:00:00,1781568000000,0.095,0.0971,0.0927,0.0945,20159777.0,1781654399999,True
2026-06-17 00:00:00,1781654400000,0.0946,0.1005,0.0945,0.0992,41728213.0,1781740799999,True
2026-06-18 00:00:00,1781740800000,0.0993,0.104,0.0956,0.0964,44158852.0,1781827199999,True
2026-06-19 00:00:00,1781827200000,0.0964,0.0976,0.0901,0.0956,23680099.0,1781913599999,True
2026-06-20 00:00:00,1781913600000,0.0957,0.096,0.092,0.0937,12874940.0,1781999999999,True
2026-06-21 00:00:00,1782000000000,0.0938,0.0948,0.089,0.0893,13511430.0,1782086399999,True
2026-06-22 00:00:00,1782086400000,0.0894,0.0935,0.0887,0.0897,19835461.0,1782172799999,True
2026-06-23 00:00:00,1782172800000,0.0897,0.0966,0.0882,0.0946,51086570.0,1782259199999,True
2026-06-24 00:00:00,1782259200000,0.0946,0.0965,0.0847,0.0899,42841127.0,1782345599999,True
2026-06-25 00:00:00,1782345600000,0.0899,0.0907,0.0837,0.0849,26631340.0,1782431999999,True
2026-06-26 00:00:00,1782432000000,0.0849,0.0853,0.0809,0.083,37253033.0,1782518399999,True
2026-06-27 00:00:00,1782518400000,0.0831,0.0883,0.0828,0.086,34126949.0,1782604799999,True
2026-06-28 00:00:00,1782604800000,0.0861,0.0893,0.0859,0.0875,23684704.0,1782691199999,True
2026-06-29 00:00:00,1782691200000,0.0874,0.0903,0.0848,0.0857,27687848.0,1782777599999,True
2026-06-30 00:00:00,1782777600000,0.0856,0.0868,0.0815,0.083,30414852.0,1782863999999,True
