date,open_time,open,high,low,close,volume,close_time,is_closed
2023-03-23 00:00:00,1679529600000,0.5,1.6,0.5,1.3217,495714259.2,1679615999999,True
2023-03-24 00:00:00,1679616000000,1.3218,1.5675,1.1717,1.2727,543509688.1,1679702399999,True
2023-03-25 00:00:00,1679702400000,1.2726,1.315,1.18,1.2178,281919109.5,1679788799999,True
2023-03-26 00:00:00,1679788800000,1.2179,1.3499,1.2021,1.2818,242122030.3,1679875199999,True
2023-03-27 00:00:00,1679875200000,1.2818,1.3259,1.116,1.1657,255551499.3,1679961599999,True
2023-03-28 00:00:00,1679961600000,1.1658,1.224,1.11,1.2204,202773340.2,1680047999999,True
2023-03-29 00:00:00,1680048000000,1.2202,1.2767,1.1957,1.2257,192740067.4,1680134399999,True
2023-03-30 00:00:00,1680134400000,1.2257,1.43,1.2234,1.3796,432682328.8,1680220799999,True
2023-03-31 00:00:00,1680220800000,1.3795,1.445,1.3274,1.3897,237400514.1,1680307199999,True
2023-04-01 00:00:00,1680307200000,1.3897,1.4028,1.26,1.2931,176749888.6,1680393599999,True
2023-04-02 00:00:00,1680393600000,1.293,1.2985,1.1329,1.2016,273657244.1,1680479999999,True
2023-04-03 00:00:00,1680480000000,1.2017,1.2279,1.1,1.153,238034627.3,1680566399999,True
2023-04-04 00:00:00,1680566400000,1.1527,1.2687,1.1479,1.2345,175931684.0,1680652799999,True
2023-04-05 00:00:00,1680652800000,1.2345,1.2905,1.2046,1.2425,147233101.0,1680739199999,True
2023-04-06 00:00:00,1680739200000,1.2419,1.2444,1.18,1.2149,93713487.2,1680825599999,True
2023-04-07 00:00:00,1680825600000,1.2151,1.2469,1.1813,1.197,76374712.6,1680911999999,True
2023-04-08 00:00:00,1680912000000,1.1969,1.21,1.1523,1.1618,57591943.0,1680998399999,True
2023-04-09 00:00:00,1680998400000,1.1618,1.2,1.1431,1.1815,59181617.2,1681084799999,True
2023-04-10 00:00:00,1681084800000,1.1815,1.2539,1.1625,1.2423,98770687.8,1681171199999,True
2023-04-11 00:00:00,1681171200000,1.2423,1.259,1.2032,1.2164,85393969.6,1681257599999,True
2023-04-12 00:00:00,1681257600000,1.2162,1.2193,1.1528,1.1934,103650019.0,1681343999999,True
2023-04-13 00:00:00,1681344000000,1.1935,1.377,1.1777,1.369,229925695.5,1681430399999,True
2023-04-14 00:00:00,1681430400000,1.3689,1.745,1.368,1.6985,531188625.7,1681516799999,True
2023-04-15 00:00:00,1681516800000,1.6982,1.744,1.595,1.6531,248513399.8,1681603199999,True
2023-04-16 00:00:00,1681603200000,1.6531,1.7228,1.572,1.6957,203386521.6,1681689599999,True
2023-04-17 00:00:00,1681689600000,1.6957,1.6993,1.5819,1.6091,160893493.5,1681775999999,True
2023-04-18 00:00:00,1681776000000,1.6093,1.82,1.582,1.6731,300760709.2,1681862399999,True
2023-04-19 00:00:00,1681862400000,1.6726,1.6966,1.4543,1.4888,280622993.7,1681948799999,True
2023-04-20 00:00:00,1681948800000,1.4886,1.545,1.4036,1.442,241956942.9,1682035199999,True
2023-04-21 00:00:00,1682035200000,1.4419,1.5036,1.41,1.4719,234777423.3,1682121599999,True
2023-04-22 00:00:00,1682121600000,1.4717,1.5003,1.42,1.4652,161249474.5,1682207999999,True
2023-04-23 00:00:00,1682208000000,1.4652,1.4652,1.3,1.3405,162687287.9,1682294399999,True
2023-04-24 00:00:00,1682294400000,1.3405,1.3689,1.28,1.3385,160683841.4,1682380799999,True
2023-04-25 00:00:00,1682380800000,1.3382,1.3873,1.2933,1.3794,159350211.5,1682467199999,True
2023-04-26 00:00:00,1682467200000,1.3794,1.5052,1.32,1.384,266578020.3,1682553599999,True
2023-04-27 00:00:00,1682553600000,1.3841,1.4544,1.37,1.4232,143289522.4,1682639999999,True
2023-04-28 00:00:00,1682640000000,1.4232,1.4439,1.36,1.3799,95044843.4,1682726399999,True
2023-04-29 00:00:00,1682726400000,1.3801,1.3948,1.33,1.3675,43764208.7,1682812799999,True
2023-04-30 00:00:00,1682812800000,1.3675,1.4254,1.3464,1.3683,72287055.3,1682899199999,True
2023-05-01 00:00:00,1682899200000,1.3685,1.3908,1.288,1.3187,85547899.4,1682985599999,True
2023-05-02 00:00:00,1682985600000,1.3187,1.3595,1.3073,1.3486,57278100.9,1683071999999,True
2023-05-03 00:00:00,1683072000000,1.3486,1.3638,1.2954,1.3428,80533908.5,1683158399999,True
2023-05-04 00:00:00,1683158400000,1.3428,1.3652,1.3073,1.3183,66484608.2,1683244799999,True
2023-05-05 00:00:00,1683244800000,1.3184,1.3667,1.29,1.3562,85542674.2,1683331199999,True
2023-05-06 00:00:00,1683331200000,1.3562,1.3679,1.2155,1.2393,125932908.6,1683417599999,True
2023-05-07 00:00:00,1683417600000,1.2393,1.2599,1.2161,1.2194,66932603.8,1683503999999,True
2023-05-08 00:00:00,1683504000000,1.2193,1.23,1.0111,1.0945,190017957.6,1683590399999,True
2023-05-09 00:00:00,1683590400000,1.0946,1.1201,1.0772,1.1029,94286343.0,1683676799999,True
2023-05-10 00:00:00,1683676800000,1.1031,1.2058,1.0867,1.1709,199788891.5,1683763199999,True
2023-05-11 00:00:00,1683763200000,1.1708,1.1722,1.0503,1.0888,129897745.9,1683849599999,True
2023-05-12 00:00:00,1683849600000,1.0889,1.1777,1.0608,1.172,130976835.8,1683935999999,True
2023-05-13 00:00:00,1683936000000,1.172,1.1916,1.1438,1.1701,72548008.2,1684022399999,True
2023-05-14 00:00:00,1684022400000,1.17,1.2078,1.1416,1.1705,63566039.5,1684108799999,True
2023-05-15 00:00:00,1684108800000,1.1703,1.23,1.1478,1.1883,88401390.7,1684195199999,True
2023-05-16 00:00:00,1684195200000,1.1884,1.2133,1.1625,1.1802,69837029.8,1684281599999,True
2023-05-17 00:00:00,1684281600000,1.1801,1.2124,1.1314,1.1984,75624032.3,1684367999999,True
2023-05-18 00:00:00,1684368000000,1.1984,1.2149,1.1361,1.1558,65314586.5,1684454399999,True
2023-05-19 00:00:00,1684454400000,1.1561,1.1733,1.1416,1.1636,44685807.2,1684540799999,True
2023-05-20 00:00:00,1684540800000,1.1636,1.1695,1.1498,1.1634,24322161.6,1684627199999,True
2023-05-21 00:00:00,1684627200000,1.1636,1.1711,1.1095,1.1275,35299855.5,1684713599999,True
2023-05-22 00:00:00,1684713600000,1.1274,1.1403,1.1056,1.1254,34381113.0,1684799999999,True
2023-05-23 00:00:00,1684800000000,1.1254,1.1806,1.1191,1.1666,49638479.1,1684886399999,True
2023-05-24 00:00:00,1684886400000,1.1666,1.1672,1.0801,1.1093,67414125.4,1684972799999,True
2023-05-25 00:00:00,1684972800000,1.1093,1.1164,1.0672,1.1066,55170483.9,1685059199999,True
2023-05-26 00:00:00,1685059200000,1.1066,1.181,1.1032,1.1578,77326911.2,1685145599999,True
2023-05-27 00:00:00,1685145600000,1.1578,1.1787,1.1502,1.1721,38743611.5,1685231999999,True
2023-05-28 00:00:00,1685232000000,1.1721,1.2592,1.1642,1.2481,83679711.7,1685318399999,True
2023-05-29 00:00:00,1685318400000,1.2482,1.2798,1.205,1.2266,77856522.9,1685404799999,True
2023-05-30 00:00:00,1685404800000,1.2267,1.2482,1.2067,1.2181,59864078.4,1685491199999,True
2023-05-31 00:00:00,1685491200000,1.2182,1.2363,1.135,1.1607,69174488.3,1685577599999,True
2023-06-01 00:00:00,1685577600000,1.1606,1.1679,1.1281,1.1461,33505494.3,1685663999999,True
2023-06-02 00:00:00,1685664000000,1.1461,1.2586,1.1347,1.2407,85117991.9,1685750399999,True
2023-06-03 00:00:00,1685750400000,1.2409,1.2572,1.2037,1.2158,43809651.8,1685836799999,True
2023-06-04 00:00:00,1685836800000,1.2157,1.2354,1.2001,1.2071,27355404.2,1685923199999,True
2023-06-05 00:00:00,1685923200000,1.2067,1.2067,1.0613,1.1356,115265008.0,1686009599999,True
2023-06-06 00:00:00,1686009600000,1.1355,1.2,1.104,1.1896,97763425.0,1686095999999,True
2023-06-07 00:00:00,1686096000000,1.1896,1.1958,1.1159,1.1261,57219238.6,1686182399999,True
2023-06-08 00:00:00,1686182400000,1.1261,1.1514,1.1056,1.1287,39436174.5,1686268799999,True
2023-06-09 00:00:00,1686268800000,1.1288,1.154,1.1145,1.1317,28506124.3,1686355199999,True
2023-06-10 00:00:00,1686355200000,1.1317,1.1338,0.9294,0.9932,166047016.3,1686441599999,True
2023-06-11 00:00:00,1686441600000,0.9933,1.0178,0.974,0.992,50770338.8,1686527999999,True
2023-06-12 00:00:00,1686528000000,0.9921,0.9981,0.954,0.9788,68832854.6,1686614399999,True
2023-06-13 00:00:00,1686614400000,0.9787,1.034,0.9685,0.9932,66922099.3,1686700799999,True
2023-06-14 00:00:00,1686700800000,0.9931,1.012,0.9184,0.9418,54776158.6,1686787199999,True
2023-06-15 00:00:00,1686787200000,0.9419,0.9604,0.9075,0.9504,53024487.0,1686873599999,True
2023-06-16 00:00:00,1686873600000,0.9503,0.987,0.9226,0.9754,45830213.7,1686959999999,True
2023-06-17 00:00:00,1686960000000,0.9754,1.0131,0.9666,0.994,36744136.9,1687046399999,True
2023-06-18 00:00:00,1687046400000,0.9939,1.0246,0.9818,0.9943,35635277.9,1687132799999,True
2023-06-19 00:00:00,1687132800000,0.9943,1.0178,0.9856,1.0073,29777653.3,1687219199999,True
2023-06-20 00:00:00,1687219200000,1.0073,1.09,0.9825,1.0834,66970269.6,1687305599999,True
2023-06-21 00:00:00,1687305600000,1.0833,1.15,1.0768,1.1405,93746416.1,1687391999999,True
2023-06-22 00:00:00,1687392000000,1.1406,1.1755,1.0824,1.0873,67981082.9,1687478399999,True
2023-06-23 00:00:00,1687478400000,1.0875,1.16,1.0865,1.135,67068115.5,1687564799999,True
2023-06-24 00:00:00,1687564800000,1.1351,1.1351,1.0553,1.08,45896280.6,1687651199999,True
2023-06-25 00:00:00,1687651200000,1.0801,1.139,1.0734,1.1133,51072557.9,1687737599999,True
2023-06-26 00:00:00,1687737600000,1.1134,1.1771,1.0811,1.1393,93134431.2,1687823999999,True
2023-06-27 00:00:00,1687824000000,1.1396,1.2447,1.1372,1.2068,92047161.1,1687910399999,True
2023-06-28 00:00:00,1687910400000,1.2066,1.208,1.1,1.1212,85231091.1,1687996799999,True
2023-06-29 00:00:00,1687996800000,1.1211,1.1683,1.1171,1.129,57043661.4,1688083199999,True
2023-06-30 00:00:00,1688083200000,1.1293,1.1976,1.0632,1.1638,131933322.4,1688169599999,True
2023-07-01 00:00:00,1688169600000,1.1636,1.175,1.1342,1.1514,40352979.6,1688255999999,True
2023-07-02 00:00:00,1688256000000,1.1512,1.1616,1.1162,1.1511,36723276.4,1688342399999,True
2023-07-03 00:00:00,1688342400000,1.1511,1.184,1.1476,1.1694,50849349.9,1688428799999,True
2023-07-04 00:00:00,1688428800000,1.1693,1.198,1.1426,1.1488,46515719.2,1688515199999,True
2023-07-05 00:00:00,1688515200000,1.1487,1.1572,1.085,1.1117,43694827.3,1688601599999,True
2023-07-06 00:00:00,1688601600000,1.1117,1.1448,1.058,1.0678,52476837.5,1688687999999,True
2023-07-07 00:00:00,1688688000000,1.0679,1.1338,1.0571,1.1316,53835791.6,1688774399999,True
2023-07-08 00:00:00,1688774400000,1.1317,1.1505,1.1105,1.1247,33248410.0,1688860799999,True
2023-07-09 00:00:00,1688860800000,1.1247,1.143,1.1211,1.1245,37628437.3,1688947199999,True
2023-07-10 00:00:00,1688947200000,1.1245,1.1443,1.0945,1.1193,40698798.9,1689033599999,True
2023-07-11 00:00:00,1689033600000,1.1192,1.1341,1.11,1.1272,29744788.4,1689119999999,True
2023-07-12 00:00:00,1689120000000,1.1272,1.1393,1.1082,1.1219,43186392.3,1689206399999,True
2023-07-13 00:00:00,1689206400000,1.1218,1.25,1.1118,1.2237,83084202.0,1689292799999,True
2023-07-14 00:00:00,1689292800000,1.2236,1.34,1.1644,1.2144,143164569.7,1689379199999,True
2023-07-15 00:00:00,1689379200000,1.2144,1.334,1.2043,1.271,94883634.5,1689465599999,True
2023-07-16 00:00:00,1689465600000,1.2711,1.3107,1.2341,1.2712,53253421.4,1689551999999,True
2023-07-17 00:00:00,1689552000000,1.2711,1.3499,1.2504,1.3052,88908688.4,1689638399999,True
2023-07-18 00:00:00,1689638400000,1.305,1.331,1.2131,1.2451,73200138.9,1689724799999,True
2023-07-19 00:00:00,1689724800000,1.2445,1.2976,1.2311,1.2667,52113365.1,1689811199999,True
2023-07-20 00:00:00,1689811200000,1.2666,1.312,1.2476,1.2614,57556923.5,1689897599999,True
2023-07-21 00:00:00,1689897600000,1.2615,1.298,1.2303,1.233,45272669.9,1689983999999,True
2023-07-22 00:00:00,1689984000000,1.2331,1.2522,1.2139,1.2258,16645592.3,1690070399999,True
2023-07-23 00:00:00,1690070400000,1.2258,1.27,1.2167,1.2511,28651147.6,1690156799999,True
2023-07-24 00:00:00,1690156800000,1.2511,1.254,1.1652,1.1862,44098401.1,1690243199999,True
2023-07-25 00:00:00,1690243200000,1.1863,1.1952,1.1552,1.1687,24737966.6,1690329599999,True
2023-07-26 00:00:00,1690329600000,1.1687,1.207,1.15,1.1976,30886900.7,1690415999999,True
2023-07-27 00:00:00,1690416000000,1.1978,1.2089,1.1673,1.1729,19387171.5,1690502399999,True
2023-07-28 00:00:00,1690502400000,1.1729,1.1812,1.1538,1.1736,17169997.5,1690588799999,True
2023-07-29 00:00:00,1690588800000,1.1736,1.184,1.1714,1.1823,8097316.3,1690675199999,True
2023-07-30 00:00:00,1690675200000,1.1824,1.1894,1.1397,1.1585,19756586.9,1690761599999,True
2023-07-31 00:00:00,1690761600000,1.1584,1.1955,1.1535,1.1693,27031952.6,1690847999999,True
2023-08-01 00:00:00,1690848000000,1.1694,1.1757,1.1211,1.1627,33704668.6,1690934399999,True
2023-08-02 00:00:00,1690934400000,1.1628,1.1749,1.1231,1.1333,30072008.8,1691020799999,True
2023-08-03 00:00:00,1691020800000,1.1329,1.1506,1.1187,1.1292,24196608.6,1691107199999,True
2023-08-04 00:00:00,1691107200000,1.1292,1.1663,1.1276,1.1577,23883256.5,1691193599999,True
2023-08-05 00:00:00,1691193600000,1.1577,1.1599,1.1316,1.1373,14784614.6,1691279999999,True
2023-08-06 00:00:00,1691280000000,1.1373,1.1473,1.1283,1.1384,12644554.4,1691366399999,True
2023-08-07 00:00:00,1691366400000,1.1385,1.1548,1.1101,1.1345,24842280.9,1691452799999,True
2023-08-08 00:00:00,1691452800000,1.1346,1.1742,1.1318,1.1603,28957898.2,1691539199999,True
2023-08-09 00:00:00,1691539200000,1.1602,1.1956,1.1602,1.1761,41496971.2,1691625599999,True
2023-08-10 00:00:00,1691625600000,1.1762,1.1892,1.155,1.1603,24479088.1,1691711999999,True
2023-08-11 00:00:00,1691712000000,1.1603,1.1646,1.1515,1.1588,12790197.2,1691798399999,True
2023-08-12 00:00:00,1691798400000,1.1588,1.173,1.1554,1.1639,8682190.4,1691884799999,True
2023-08-13 00:00:00,1691884800000,1.164,1.1685,1.1396,1.141,13364572.5,1691971199999,True
2023-08-14 00:00:00,1691971200000,1.1411,1.1541,1.1319,1.1417,18582640.2,1692057599999,True
2023-08-15 00:00:00,1692057600000,1.1418,1.1672,1.111,1.1301,32200168.5,1692143999999,True
2023-08-16 00:00:00,1692144000000,1.13,1.1358,1.0254,1.049,61631368.4,1692230399999,True
2023-08-17 00:00:00,1692230400000,1.0491,1.0675,0.916,0.9845,83393302.6,1692316799999,True
2023-08-18 00:00:00,1692316800000,0.9843,1.0264,0.9796,1.007,42948173.0,1692403199999,True
2023-08-19 00:00:00,1692403200000,1.007,1.0331,1.004,1.0211,18304473.4,1692489599999,True
2023-08-20 00:00:00,1692489600000,1.0211,1.0412,1.0158,1.0292,18058972.6,1692575999999,True
2023-08-21 00:00:00,1692576000000,1.0292,1.034,0.9731,0.9942,29878736.6,1692662399999,True
2023-08-22 00:00:00,1692662400000,0.9943,1.0046,0.9342,0.9821,38533398.6,1692748799999,True
2023-08-23 00:00:00,1692748800000,0.9821,1.03,0.9766,1.009,30883966.8,1692835199999,True
2023-08-24 00:00:00,1692835200000,1.0089,1.0144,0.963,0.9812,24202414.4,1692921599999,True
2023-08-25 00:00:00,1692921600000,0.9813,0.9813,0.9317,0.9492,32485307.0,1693007999999,True
2023-08-26 00:00:00,1693008000000,0.9491,0.9557,0.938,0.9506,15026370.4,1693094399999,True
2023-08-27 00:00:00,1693094400000,0.9506,0.9647,0.9458,0.9586,17180839.7,1693180799999,True
2023-08-28 00:00:00,1693180800000,0.9585,0.9604,0.92,0.9501,26501170.1,1693267199999,True
2023-08-29 00:00:00,1693267200000,0.9498,0.9985,0.9329,0.9711,48866855.8,1693353599999,True
2023-08-30 00:00:00,1693353600000,0.971,0.972,0.9353,0.9423,27311575.1,1693439999999,True
2023-08-31 00:00:00,1693440000000,0.9423,0.9596,0.9009,0.9161,42555022.4,1693526399999,True
2023-09-01 00:00:00,1693526400000,0.916,0.9291,0.8701,0.8848,36363970.2,1693612799999,True
2023-09-02 00:00:00,1693612800000,0.8848,0.8992,0.8749,0.8881,19659100.6,1693699199999,True
2023-09-03 00:00:00,1693699200000,0.8883,0.912,0.879,0.9048,19459082.1,1693785599999,True
2023-09-04 00:00:00,1693785600000,0.9049,0.928,0.8833,0.8967,28838376.2,1693871999999,True
2023-09-05 00:00:00,1693872000000,0.8968,0.9129,0.8835,0.9011,19954862.4,1693958399999,True
2023-09-06 00:00:00,1693958400000,0.9011,0.9109,0.8793,0.9017,25673876.6,1694044799999,True
2023-09-07 00:00:00,1694044800000,0.9018,0.921,0.8968,0.9132,20405775.2,1694131199999,True
2023-09-08 00:00:00,1694131200000,0.9132,0.9234,0.8891,0.9018,20574730.1,1694217599999,True
2023-09-09 00:00:00,1694217600000,0.9017,0.9034,0.8951,0.8982,7808658.1,1694303999999,True
2023-09-10 00:00:00,1694304000000,0.8983,0.8986,0.8302,0.8442,51229327.9,1694390399999,True
2023-09-11 00:00:00,1694390400000,0.8442,0.8488,0.739,0.7623,103453304.1,1694476799999,True
2023-09-12 00:00:00,1694476800000,0.7623,0.805,0.753,0.7833,69536133.2,1694563199999,True
2023-09-13 00:00:00,1694563200000,0.783,0.823,0.7725,0.7856,52418920.0,1694649599999,True
2023-09-14 00:00:00,1694649600000,0.7856,0.82,0.782,0.8036,39326599.1,1694735999999,True
2023-09-15 00:00:00,1694736000000,0.8038,0.8149,0.7827,0.8078,30610271.2,1694822399999,True
2023-09-16 00:00:00,1694822400000,0.8077,0.8377,0.8065,0.8278,31965136.3,1694908799999,True
2023-09-17 00:00:00,1694908800000,0.8279,0.828,0.7805,0.7946,22841991.5,1694995199999,True
2023-09-18 00:00:00,1694995200000,0.7947,0.8409,0.7839,0.8237,38335436.7,1695081599999,True
2023-09-19 00:00:00,1695081600000,0.8235,0.8649,0.8184,0.8641,29420361.9,1695167999999,True
2023-09-20 00:00:00,1695168000000,0.8641,0.8708,0.8336,0.8605,31674042.8,1695254399999,True
2023-09-21 00:00:00,1695254400000,0.8607,0.8658,0.8088,0.8222,32093760.5,1695340799999,True
2023-09-22 00:00:00,1695340800000,0.8221,0.8484,0.8153,0.8404,19067882.5,1695427199999,True
2023-09-23 00:00:00,1695427200000,0.8404,0.8491,0.817,0.8207,15267679.3,1695513599999,True
2023-09-24 00:00:00,1695513600000,0.8206,0.8322,0.8017,0.8075,14771347.4,1695599999999,True
2023-09-25 00:00:00,1695600000000,0.8073,0.8199,0.7983,0.8071,18422720.8,1695686399999,True
2023-09-26 00:00:00,1695686400000,0.8072,0.8268,0.8052,0.8265,21161646.4,1695772799999,True
2023-09-27 00:00:00,1695772800000,0.8265,0.8444,0.8107,0.8187,20379065.3,1695859199999,True
2023-09-28 00:00:00,1695859200000,0.8186,0.9029,0.8162,0.8926,42159064.0,1695945599999,True
2023-09-29 00:00:00,1695945600000,0.8927,0.9145,0.8818,0.9023,45946765.2,1696031999999,True
2023-09-30 00:00:00,1696032000000,0.9022,0.9244,0.8915,0.9077,22321198.7,1696118399999,True
2023-10-01 00:00:00,1696118400000,0.9076,0.9853,0.9063,0.9693,43070101.8,1696204799999,True
2023-10-02 00:00:00,1696204800000,0.9694,0.9883,0.91,0.9312,50033664.9,1696291199999,True
2023-10-03 00:00:00,1696291200000,0.9314,0.9448,0.8975,0.9053,30036225.8,1696377599999,True
2023-10-04 00:00:00,1696377600000,0.9053,0.9073,0.8535,0.8837,37721447.6,1696463999999,True
2023-10-05 00:00:00,1696464000000,0.8837,0.8927,0.8516,0.8572,26482519.6,1696550399999,True
2023-10-06 00:00:00,1696550400000,0.8575,0.8974,0.8572,0.8897,21580581.3,1696636799999,True
2023-10-07 00:00:00,1696636800000,0.8897,0.8952,0.865,0.8686,14523533.4,1696723199999,True
2023-10-08 00:00:00,1696723200000,0.8686,0.8754,0.8373,0.8466,22204838.9,1696809599999,True
2023-10-09 00:00:00,1696809600000,0.8467,0.8566,0.787,0.8199,35615566.4,1696895999999,True
2023-10-10 00:00:00,1696896000000,0.8198,0.83,0.8108,0.8233,20417688.7,1696982399999,True
2023-10-11 00:00:00,1696982400000,0.8232,0.8267,0.7959,0.8161,24463526.1,1697068799999,True
2023-10-12 00:00:00,1697068800000,0.8162,0.83,0.7879,0.8041,30123157.9,1697155199999,True
2023-10-13 00:00:00,1697155200000,0.8041,0.8196,0.7975,0.807,25662465.6,1697241599999,True
2023-10-14 00:00:00,1697241600000,0.8071,0.8134,0.802,0.8031,7317958.7,1697327999999,True
2023-10-15 00:00:00,1697328000000,0.8031,0.8111,0.7963,0.8037,10609923.5,1697414399999,True
2023-10-16 00:00:00,1697414400000,0.8038,0.8464,0.8032,0.8192,33179845.6,1697500799999,True
2023-10-17 00:00:00,1697500800000,0.8194,0.8213,0.7775,0.7838,20861917.7,1697587199999,True
2023-10-18 00:00:00,1697587200000,0.7839,0.7981,0.773,0.7824,17340662.0,1697673599999,True
2023-10-19 00:00:00,1697673600000,0.7825,0.7848,0.7634,0.7692,20449681.2,1697759999999,True
2023-10-20 00:00:00,1697760000000,0.7693,0.8112,0.7668,0.7999,36042109.4,1697846399999,True
2023-10-21 00:00:00,1697846400000,0.8,0.8416,0.7949,0.8328,31698869.3,1697932799999,True
2023-10-22 00:00:00,1697932800000,0.8328,0.8532,0.8174,0.853,34520275.8,1698019199999,True
2023-10-23 00:00:00,1698019200000,0.8531,0.8888,0.8275,0.8838,64824538.9,1698105599999,True
2023-10-24 00:00:00,1698105600000,0.8838,0.9483,0.8612,0.9001,83589541.8,1698191999999,True
2023-10-25 00:00:00,1698192000000,0.9001,0.9261,0.871,0.9229,53174325.7,1698278399999,True
2023-10-26 00:00:00,1698278400000,0.9229,0.9975,0.9115,0.937,101469589.5,1698364799999,True
2023-10-27 00:00:00,1698364800000,0.937,0.9384,0.8804,0.9151,45003726.9,1698451199999,True
2023-10-28 00:00:00,1698451200000,0.9152,0.935,0.9068,0.9193,24170636.8,1698537599999,True
2023-10-29 00:00:00,1698537600000,0.9193,0.9571,0.9027,0.9483,32226414.8,1698623999999,True
2023-10-30 00:00:00,1698624000000,0.9483,0.9685,0.9235,0.9649,40353251.3,1698710399999,True
2023-10-31 00:00:00,1698710400000,0.9647,0.9829,0.9074,0.945,51469517.8,1698796799999,True
2023-11-01 00:00:00,1698796800000,0.9451,1.0439,0.9221,1.0404,76668150.2,1698883199999,True
2023-11-02 00:00:00,1698883200000,1.0405,1.044,0.95,0.9901,61897971.5,1698969599999,True
2023-11-03 00:00:00,1698969600000,0.9901,1.0779,0.9359,1.0598,66477046.6,1699055999999,True
2023-11-04 00:00:00,1699056000000,1.0599,1.1197,1.0452,1.0963,55302333.4,1699142399999,True
2023-11-05 00:00:00,1699142400000,1.0962,1.1157,1.0551,1.0897,51871855.9,1699228799999,True
2023-11-06 00:00:00,1699228800000,1.09,1.1469,1.0636,1.1248,57146170.1,1699315199999,True
2023-11-07 00:00:00,1699315200000,1.1249,1.1252,1.0447,1.0826,51276024.5,1699401599999,True
2023-11-08 00:00:00,1699401600000,1.0826,1.1005,1.06,1.0932,52437582.3,1699487999999,True
2023-11-09 00:00:00,1699488000000,1.0933,1.2228,0.9576,1.2083,134494594.1,1699574399999,True
2023-11-10 00:00:00,1699574400000,1.2075,1.2246,1.1212,1.1733,78008165.6,1699660799999,True
2023-11-11 00:00:00,1699660800000,1.1735,1.1817,1.07,1.1373,67363894.5,1699747199999,True
2023-11-12 00:00:00,1699747200000,1.1374,1.172,1.0919,1.1558,65055427.0,1699833599999,True
2023-11-13 00:00:00,1699833600000,1.1557,1.198,1.1088,1.1149,89341860.0,1699919999999,True
2023-11-14 00:00:00,1699920000000,1.1148,1.12,1.02,1.0768,70261489.1,1700006399999,True
2023-11-15 00:00:00,1700006400000,1.0768,1.1504,1.0735,1.1426,53601022.9,1700092799999,True
2023-11-16 00:00:00,1700092800000,1.1426,1.18,1.0633,1.0784,93234456.7,1700179199999,True
2023-11-17 00:00:00,1700179200000,1.0783,1.1046,1.0001,1.0434,74631887.7,1700265599999,True
2023-11-18 00:00:00,1700265600000,1.0433,1.0459,0.9804,1.0326,44275481.5,1700351999999,True
2023-11-19 00:00:00,1700352000000,1.0326,1.0503,1.0071,1.0459,59493950.1,1700438399999,True
2023-11-20 00:00:00,1700438400000,1.046,1.0745,1.0205,1.027,50907797.8,1700524799999,True
2023-11-21 00:00:00,1700524800000,1.0269,1.0523,0.9448,0.9499,68445861.8,1700611199999,True
2023-11-22 00:00:00,1700611200000,0.9498,1.0358,0.9461,1.0193,49452400.4,1700697599999,True
2023-11-23 00:00:00,1700697600000,1.0193,1.047,1.0053,1.0161,27843214.8,1700783999999,True
2023-11-24 00:00:00,1700784000000,1.0165,1.0797,1.0141,1.0496,42113071.0,1700870399999,True
2023-11-25 00:00:00,1700870400000,1.0496,1.084,1.0434,1.0666,24654416.3,1700956799999,True
2023-11-26 00:00:00,1700956800000,1.0666,1.0724,1.0089,1.0374,35545092.3,1701043199999,True
2023-11-27 00:00:00,1701043200000,1.0374,1.0426,0.9909,1.0174,36118347.8,1701129599999,True
2023-11-28 00:00:00,1701129600000,1.0176,1.0315,0.9857,1.0172,27375743.6,1701215999999,True
2023-11-29 00:00:00,1701216000000,1.0172,1.03,0.9934,1.0081,27353133.0,1701302399999,True
2023-11-30 00:00:00,1701302400000,1.0081,1.0174,0.9979,1.0064,19751930.5,1701388799999,True
2023-12-01 00:00:00,1701388800000,1.0065,1.0491,1.0004,1.0342,44411868.5,1701475199999,True
2023-12-02 00:00:00,1701475200000,1.0341,1.1212,1.0313,1.1105,55995669.7,1701561599999,True
2023-12-03 00:00:00,1701561600000,1.1109,1.1251,1.0819,1.0965,42232185.3,1701647999999,True
2023-12-04 00:00:00,1701648000000,1.0965,1.1497,1.0225,1.0922,99022588.8,1701734399999,True
2023-12-05 00:00:00,1701734400000,1.0922,1.1082,1.0473,1.0909,73734638.0,1701820799999,True
2023-12-06 00:00:00,1701820800000,1.091,1.1126,1.0501,1.0587,68324921.0,1701907199999,True
2023-12-07 00:00:00,1701907200000,1.0585,1.2,1.036,1.1719,152169477.5,1701993599999,True
2023-12-08 00:00:00,1701993600000,1.172,1.1977,1.1465,1.1661,84032221.0,1702079999999,True
2023-12-09 00:00:00,1702080000000,1.1662,1.2423,1.1235,1.1392,109479415.7,1702166399999,True
2023-12-10 00:00:00,1702166400000,1.1391,1.166,1.1128,1.1558,48475761.1,1702252799999,True
2023-12-11 00:00:00,1702252800000,1.1558,1.1622,1.012,1.0952,128868146.5,1702339199999,True
2023-12-12 00:00:00,1702339200000,1.0951,1.2585,1.0939,1.2521,149171233.9,1702425599999,True
2023-12-13 00:00:00,1702425600000,1.2521,1.2541,1.1068,1.186,135202613.2,1702511999999,True
2023-12-14 00:00:00,1702512000000,1.1861,1.2039,1.12,1.1834,76542151.4,1702598399999,True
2023-12-15 00:00:00,1702598400000,1.1834,1.1844,1.0914,1.1001,54459827.1,1702684799999,True
2023-12-16 00:00:00,1702684800000,1.1001,1.16,1.08,1.1249,49571386.5,1702771199999,True
2023-12-17 00:00:00,1702771200000,1.1248,1.1381,1.0891,1.1061,45677231.4,1702857599999,True
2023-12-18 00:00:00,1702857600000,1.1059,1.1155,1.0324,1.101,60517484.9,1702943999999,True
2023-12-19 00:00:00,1702944000000,1.101,1.1244,1.0633,1.0735,54149049.8,1703030399999,True
2023-12-20 00:00:00,1703030400000,1.0737,1.1324,1.0683,1.105,59389322.5,1703116799999,True
2023-12-21 00:00:00,1703116800000,1.1049,1.163,1.0947,1.1582,73208564.2,1703203199999,True
2023-12-22 00:00:00,1703203200000,1.1583,1.4423,1.143,1.4193,291920005.7,1703289599999,True
2023-12-23 00:00:00,1703289600000,1.4193,1.4558,1.3066,1.3934,143727389.1,1703375999999,True
2023-12-24 00:00:00,1703376000000,1.3931,1.4641,1.331,1.354,124139975.3,1703462399999,True
2023-12-25 00:00:00,1703462400000,1.3539,1.402,1.3364,1.3875,82771661.6,1703548799999,True
2023-12-26 00:00:00,1703548800000,1.3874,1.4083,1.231,1.3261,89725582.9,1703635199999,True
2023-12-27 00:00:00,1703635200000,1.3262,1.5431,1.266,1.5052,167140032.1,1703721599999,True
2023-12-28 00:00:00,1703721600000,1.505,1.6691,1.4651,1.4678,166677742.1,1703807999999,True
2023-12-29 00:00:00,1703808000000,1.4678,1.5489,1.4178,1.5098,117598412.2,1703894399999,True
2023-12-30 00:00:00,1703894400000,1.5095,1.535,1.4307,1.4801,64644012.8,1703980799999,True
2023-12-31 00:00:00,1703980800000,1.4803,1.6666,1.4786,1.5612,107499114.4,1704067199999,True
2024-01-01 00:00:00,1704067200000,1.5613,1.7485,1.5113,1.7345,99385810.9,1704153599999,True
2024-01-02 00:00:00,1704153600000,1.7349,1.84,1.6981,1.7701,136280613.7,1704239999999,True
2024-01-03 00:00:00,1704240000000,1.7702,2.09,1.463,1.9137,407868649.1,1704326399999,True
2024-01-04 00:00:00,1704326400000,1.9137,2.1177,1.8097,2.004,216311622.8,1704412799999,True
2024-01-05 00:00:00,1704412800000,2.0039,2.0164,1.82,1.952,151342235.8,1704499199999,True
2024-01-06 00:00:00,1704499200000,1.9519,1.9634,1.6889,1.7519,120847304.1,1704585599999,True
2024-01-07 00:00:00,1704585600000,1.7521,1.8883,1.668,1.7218,109500720.6,1704671999999,True
2024-01-08 00:00:00,1704672000000,1.7222,1.865,1.57,1.8213,173353349.9,1704758399999,True
2024-01-09 00:00:00,1704758400000,1.8211,1.8523,1.6192,1.8438,148642270.6,1704844799999,True
2024-01-10 00:00:00,1704844800000,1.8434,2.2761,1.8289,2.2281,273863600.1,1704931199999,True
2024-01-11 00:00:00,1704931200000,2.2281,2.425,2.1296,2.2587,194013619.6,1705017599999,True
2024-01-12 00:00:00,1705017600000,2.2586,2.4068,2.1,2.2032,178598754.0,1705103999999,True
2024-01-13 00:00:00,1705104000000,2.203,2.2193,2.071,2.1762,84836301.6,1705190399999,True
2024-01-14 00:00:00,1705190400000,2.1763,2.1944,2.0204,2.0302,63416367.3,1705276799999,True
2024-01-15 00:00:00,1705276800000,2.0303,2.1748,2.0268,2.11,71439120.2,1705363199999,True
2024-01-16 00:00:00,1705363200000,2.11,2.2053,2.0438,2.1509,77252955.6,1705449599999,True
2024-01-17 00:00:00,1705449600000,2.1509,2.165,2.0,2.0383,58380871.4,1705535999999,True
2024-01-18 00:00:00,1705536000000,2.0383,2.0415,1.84,1.8918,82038808.9,1705622399999,True
2024-01-19 00:00:00,1705622400000,1.8919,1.9041,1.7233,1.8564,87125104.9,1705708799999,True
2024-01-20 00:00:00,1705708800000,1.8564,1.8564,1.7585,1.8169,47701803.2,1705795199999,True
2024-01-21 00:00:00,1705795200000,1.8169,1.903,1.7824,1.8162,51377041.9,1705881599999,True
2024-01-22 00:00:00,1705881600000,1.8156,1.8331,1.6526,1.6888,105498347.3,1705967999999,True
2024-01-23 00:00:00,1705968000000,1.6888,1.7382,1.5444,1.6902,125916792.7,1706054399999,True
2024-01-24 00:00:00,1706054400000,1.6906,1.7448,1.633,1.7376,87139909.9,1706140799999,True
2024-01-25 00:00:00,1706140800000,1.7376,1.7736,1.6383,1.7322,62911440.7,1706227199999,True
2024-01-26 00:00:00,1706227200000,1.7322,1.8219,1.7117,1.8171,76438802.7,1706313599999,True
2024-01-27 00:00:00,1706313600000,1.8171,1.8418,1.7725,1.7967,33804110.2,1706399999999,True
2024-01-28 00:00:00,1706400000000,1.7967,1.8969,1.7849,1.7987,56749697.0,1706486399999,True
2024-01-29 00:00:00,1706486400000,1.7989,1.8591,1.7712,1.8546,58428812.2,1706572799999,True
2024-01-30 00:00:00,1706572800000,1.8547,1.9727,1.8371,1.885,82394959.5,1706659199999,True
2024-01-31 00:00:00,1706659200000,1.885,1.8911,1.7408,1.7635,76215370.7,1706745599999,True
2024-02-01 00:00:00,1706745600000,1.7635,1.7878,1.691,1.7845,58568605.8,1706831999999,True
2024-02-02 00:00:00,1706832000000,1.7847,1.8194,1.7577,1.7928,43368591.3,1706918399999,True
2024-02-03 00:00:00,1706918400000,1.7928,1.8369,1.7643,1.7656,27595552.5,1707004799999,True
2024-02-04 00:00:00,1707004800000,1.7657,1.7764,1.7221,1.7315,28655663.5,1707091199999,True
2024-02-05 00:00:00,1707091200000,1.7315,1.7876,1.7,1.7356,40554442.0,1707177599999,True
2024-02-06 00:00:00,1707177600000,1.7355,1.8759,1.7292,1.8307,82205620.8,1707263999999,True
2024-02-07 00:00:00,1707264000000,1.8307,1.9332,1.8093,1.8991,67105414.1,1707350399999,True
2024-02-08 00:00:00,1707350400000,1.8991,1.9289,1.8567,1.8628,58438634.4,1707436799999,True
2024-02-09 00:00:00,1707436800000,1.8627,2.0,1.8627,1.9812,64261459.9,1707523199999,True
2024-02-10 00:00:00,1707523200000,1.9811,2.019,1.9348,1.9605,30691240.1,1707609599999,True
2024-02-11 00:00:00,1707609600000,1.9605,2.0098,1.9323,1.9417,28111945.5,1707695999999,True
2024-02-12 00:00:00,1707696000000,1.9418,2.0825,1.9131,2.076,65899889.1,1707782399999,True
2024-02-13 00:00:00,1707782400000,2.076,2.1087,1.9839,2.0472,49750946.3,1707868799999,True
2024-02-14 00:00:00,1707868800000,2.0471,2.1262,2.0137,2.111,50609522.5,1707955199999,True
2024-02-15 00:00:00,1707955200000,2.1109,2.1716,2.0375,2.072,55004006.1,1708041599999,True
2024-02-16 00:00:00,1708041600000,2.0719,2.0943,1.9583,2.0104,47819309.0,1708127999999,True
2024-02-17 00:00:00,1708128000000,2.0104,2.0183,1.904,1.9693,28701443.5,1708214399999,True
2024-02-18 00:00:00,1708214400000,1.9693,2.0519,1.943,2.0396,34949034.9,1708300799999,True
2024-02-19 00:00:00,1708300800000,2.0397,2.1012,2.0156,2.0541,52924608.2,1708387199999,True
2024-02-20 00:00:00,1708387200000,2.0538,2.0889,1.9,2.0098,94342676.9,1708473599999,True
2024-02-21 00:00:00,1708473600000,2.0099,2.0175,1.805,1.8767,70518896.6,1708559999999,True
2024-02-22 00:00:00,1708560000000,1.8769,1.8968,1.7792,1.808,65381398.1,1708646399999,True
2024-02-23 00:00:00,1708646400000,1.808,1.8286,1.7375,1.7987,58273740.0,1708732799999,True
2024-02-24 00:00:00,1708732800000,1.7987,1.8525,1.7513,1.8446,37350695.3,1708819199999,True
2024-02-25 00:00:00,1708819200000,1.8445,1.9047,1.8299,1.9046,37069067.2,1708905599999,True
2024-02-26 00:00:00,1708905600000,1.9046,1.9554,1.8074,1.9283,60439882.3,1708991999999,True
2024-02-27 00:00:00,1708992000000,1.9283,1.9551,1.8658,1.8958,60892154.4,1709078399999,True
2024-02-28 00:00:00,1709078400000,1.8959,1.9824,1.8011,1.8999,106102542.1,1709164799999,True
2024-02-29 00:00:00,1709164800000,1.8999,2.1,1.8826,1.9445,133348118.9,1709251199999,True
2024-03-01 00:00:00,1709251200000,1.9447,2.0126,1.9396,1.988,56716647.4,1709337599999,True
2024-03-02 00:00:00,1709337600000,1.9881,2.0251,1.95,2.0248,68383528.3,1709423999999,True
2024-03-03 00:00:00,1709424000000,2.0249,2.196,1.861,2.0439,136903675.7,1709510399999,True
2024-03-04 00:00:00,1709510400000,2.044,2.08,1.92,1.9823,106418858.1,1709596799999,True
2024-03-05 00:00:00,1709596800000,1.9824,2.1797,1.765,1.9659,253986257.3,1709683199999,True
2024-03-06 00:00:00,1709683200000,1.9659,2.1481,1.9229,2.0538,148071802.8,1709769599999,True
2024-03-07 00:00:00,1709769600000,2.0539,2.188,2.0174,2.1645,120927101.2,1709855999999,True
2024-03-08 00:00:00,1709856000000,2.1646,2.2783,2.0,2.1336,131577712.7,1709942399999,True
2024-03-09 00:00:00,1709942400000,2.1336,2.1661,2.075,2.0962,67668912.3,1710028799999,True
2024-03-10 00:00:00,1710028800000,2.0962,2.1288,2.0,2.068,87583497.1,1710115199999,True
2024-03-11 00:00:00,1710115200000,2.0679,2.146,1.9379,2.083,108623349.2,1710201599999,True
2024-03-12 00:00:00,1710201600000,2.0831,2.0996,1.9083,2.0173,102885481.9,1710287999999,True
2024-03-13 00:00:00,1710288000000,2.0175,2.2555,2.0174,2.1152,168992357.0,1710374399999,True
2024-03-14 00:00:00,1710374400000,2.1153,2.1166,1.93,2.0155,132983062.4,1710460799999,True
2024-03-15 00:00:00,1710460800000,2.0156,2.0332,1.79,1.8879,135415738.5,1710547199999,True
2024-03-16 00:00:00,1710547200000,1.8882,1.9676,1.7154,1.7566,175292131.7,1710633599999,True
2024-03-17 00:00:00,1710633600000,1.7565,1.7757,1.613,1.7363,144456137.2,1710719999999,True
2024-03-18 00:00:00,1710720000000,1.7364,1.7392,1.5989,1.6232,179355757.9,1710806399999,True
2024-03-19 00:00:00,1710806400000,1.6231,1.6752,1.4441,1.6247,295931377.0,1710892799999,True
2024-03-20 00:00:00,1710892800000,1.6247,1.765,1.5483,1.7458,244878049.9,1710979199999,True
2024-03-21 00:00:00,1710979200000,1.7458,1.798,1.6696,1.6843,149134786.4,1711065599999,True
2024-03-22 00:00:00,1711065600000,1.6842,1.6969,1.5615,1.6041,107584385.5,1711151999999,True
2024-03-23 00:00:00,1711152000000,1.6043,1.6374,1.5794,1.5952,68251292.6,1711238399999,True
2024-03-24 00:00:00,1711238400000,1.5951,1.6748,1.5854,1.6707,71911926.2,1711324799999,True
2024-03-25 00:00:00,1711324800000,1.6707,1.7499,1.6478,1.7231,97305073.1,1711411199999,True
2024-03-26 00:00:00,1711411200000,1.7231,1.7558,1.6631,1.7008,89899590.4,1711497599999,True
2024-03-27 00:00:00,1711497600000,1.7008,1.74,1.6263,1.6548,94820086.8,1711583999999,True
2024-03-28 00:00:00,1711584000000,1.6549,1.6963,1.6277,1.6668,63834823.8,1711670399999,True
2024-03-29 00:00:00,1711670400000,1.6668,1.6688,1.608,1.6437,47197255.8,1711756799999,True
2024-03-30 00:00:00,1711756800000,1.6437,1.6775,1.6314,1.6413,38781570.0,1711843199999,True
2024-03-31 00:00:00,1711843200000,1.6413,1.6911,1.6323,1.6616,33158464.0,1711929599999,True
2024-04-01 00:00:00,1711929600000,1.6616,1.6621,1.5306,1.5679,72116446.4,1712015999999,True
2024-04-02 00:00:00,1712016000000,1.5678,1.5678,1.4302,1.4483,132649741.3,1712102399999,True
2024-04-03 00:00:00,1712102400000,1.4483,1.5037,1.4,1.4793,77127875.5,1712188799999,True
2024-04-04 00:00:00,1712188800000,1.4794,1.5114,1.4347,1.4593,62501080.8,1712275199999,True
2024-04-05 00:00:00,1712275200000,1.4593,1.4627,1.383,1.4333,67223824.2,1712361599999,True
2024-04-06 00:00:00,1712361600000,1.4332,1.502,1.4262,1.4871,34570081.5,1712447999999,True
2024-04-07 00:00:00,1712448000000,1.4872,1.532,1.48,1.5287,35263952.7,1712534399999,True
2024-04-08 00:00:00,1712534400000,1.5286,1.5789,1.4915,1.5694,57350901.3,1712620799999,True
2024-04-09 00:00:00,1712620800000,1.5695,1.5915,1.4751,1.4841,78145126.8,1712707199999,True
2024-04-10 00:00:00,1712707200000,1.4839,1.4978,1.4072,1.4662,62140670.8,1712793599999,True
2024-04-11 00:00:00,1712793600000,1.4665,1.482,1.41,1.4183,41790730.4,1712879999999,True
2024-04-12 00:00:00,1712880000000,1.4184,1.4416,1.04,1.1737,205548273.4,1712966399999,True
2024-04-13 00:00:00,1712966400000,1.1737,1.1876,0.8556,1.0314,288973969.5,1713052799999,True
2024-04-14 00:00:00,1713052800000,1.0313,1.1891,0.9953,1.1795,207110317.3,1713139199999,True
2024-04-15 00:00:00,1713139200000,1.1796,1.27,1.1188,1.1526,131614095.6,1713225599999,True
2024-04-16 00:00:00,1713225600000,1.1527,1.1741,1.0906,1.154,94535939.9,1713311999999,True
2024-04-17 00:00:00,1713312000000,1.1541,1.1714,1.079,1.1059,63633586.2,1713398399999,True
2024-04-18 00:00:00,1713398400000,1.1059,1.1664,1.0797,1.1383,56475058.6,1713484799999,True
2024-04-19 00:00:00,1713484800000,1.1385,1.1683,1.0417,1.1196,87265793.4,1713571199999,True
2024-04-20 00:00:00,1713571200000,1.1195,1.2229,1.1067,1.2158,44790317.6,1713657599999,True
2024-04-21 00:00:00,1713657600000,1.2157,1.2292,1.1706,1.1894,37305469.7,1713743999999,True
2024-04-22 00:00:00,1713744000000,1.1894,1.2396,1.1826,1.2092,43770837.5,1713830399999,True
2024-04-23 00:00:00,1713830400000,1.209,1.22,1.1662,1.179,37272305.3,1713916799999,True
2024-04-24 00:00:00,1713916800000,1.1789,1.2028,1.1004,1.1162,70115224.3,1714003199999,True
2024-04-25 00:00:00,1714003200000,1.116,1.1239,1.0666,1.0898,54257536.5,1714089599999,True
2024-04-26 00:00:00,1714089600000,1.0898,1.0941,1.0527,1.0651,45618468.5,1714175999999,True
2024-04-27 00:00:00,1714176000000,1.0652,1.1289,1.0044,1.1255,76538807.1,1714262399999,True
2024-04-28 00:00:00,1714262400000,1.1256,1.1708,1.0956,1.101,70843868.7,1714348799999,True
2024-04-29 00:00:00,1714348800000,1.1013,1.1113,1.0346,1.0578,70534124.8,1714435199999,True
2024-04-30 00:00:00,1714435200000,1.0578,1.0702,0.9676,1.0226,103655678.6,1714521599999,True
2024-05-01 00:00:00,1714521600000,1.0227,1.0579,0.9701,1.0296,119183237.7,1714607999999,True
2024-05-02 00:00:00,1714608000000,1.0295,1.0408,0.9967,1.0286,77072277.3,1714694399999,True
2024-05-03 00:00:00,1714694400000,1.0287,1.0777,1.0166,1.065,82112004.8,1714780799999,True
2024-05-04 00:00:00,1714780800000,1.065,1.0859,1.0571,1.0615,51464874.7,1714867199999,True
2024-05-05 00:00:00,1714867200000,1.0615,1.0949,1.0346,1.0706,58409628.8,1714953599999,True
2024-05-06 00:00:00,1714953600000,1.0706,1.1325,1.0538,1.0603,91108331.9,1715039999999,True
2024-05-07 00:00:00,1715040000000,1.0603,1.0768,1.0249,1.0255,62893316.0,1715126399999,True
2024-05-08 00:00:00,1715126400000,1.0255,1.0457,1.0075,1.0282,75897882.3,1715212799999,True
2024-05-09 00:00:00,1715212800000,1.0282,1.0493,1.0,1.0411,67459602.0,1715299199999,True
2024-05-10 00:00:00,1715299200000,1.0412,1.0541,0.9839,0.9952,79373667.0,1715385599999,True
2024-05-11 00:00:00,1715385600000,0.9952,1.0138,0.9856,1.0005,43364616.7,1715471999999,True
2024-05-12 00:00:00,1715472000000,1.0006,1.0118,0.9872,0.9972,24209101.4,1715558399999,True
2024-05-13 00:00:00,1715558400000,0.9973,1.0052,0.9511,0.9818,75540267.1,1715644799999,True
2024-05-14 00:00:00,1715644800000,0.9817,0.9886,0.9318,0.9352,80498255.3,1715731199999,True
2024-05-15 00:00:00,1715731200000,0.9353,0.998,0.9239,0.9936,73125772.2,1715817599999,True
2024-05-16 00:00:00,1715817600000,0.9936,0.9993,0.9516,0.9715,67587927.2,1715903999999,True
2024-05-17 00:00:00,1715904000000,0.9715,1.074,0.9672,1.0306,96200440.8,1715990399999,True
2024-05-18 00:00:00,1715990400000,1.0306,1.0338,1.0031,1.0179,49659164.6,1716076799999,True
2024-05-19 00:00:00,1716076800000,1.0179,1.0285,0.9639,0.9716,51151626.7,1716163199999,True
2024-05-20 00:00:00,1716163200000,0.9715,1.1287,0.9476,1.1269,156670286.8,1716249599999,True
2024-05-21 00:00:00,1716249600000,1.1268,1.2348,1.1212,1.2034,217997131.9,1716335999999,True
2024-05-22 00:00:00,1716336000000,1.2031,1.2125,1.1075,1.1413,125794672.0,1716422399999,True
2024-05-23 00:00:00,1716422400000,1.1415,1.26,1.11,1.2031,275748806.4,1716508799999,True
2024-05-24 00:00:00,1716508800000,1.203,1.2351,1.1232,1.1579,103275410.9,1716595199999,True
2024-05-25 00:00:00,1716595200000,1.1578,1.2098,1.1485,1.1914,83028272.9,1716681599999,True
2024-05-26 00:00:00,1716681600000,1.1914,1.2315,1.1777,1.1935,117296674.0,1716767999999,True
2024-05-27 00:00:00,1716768000000,1.1935,1.2754,1.1925,1.2301,123690850.4,1716854399999,True
2024-05-28 00:00:00,1716854400000,1.2302,1.2322,1.1704,1.2002,89775456.4,1716940799999,True
2024-05-29 00:00:00,1716940800000,1.2002,1.2105,1.1395,1.1408,67183645.4,1717027199999,True
2024-05-30 00:00:00,1717027200000,1.1408,1.1569,1.1008,1.128,60143217.5,1717113599999,True
2024-05-31 00:00:00,1717113600000,1.1281,1.1708,1.1083,1.1192,50322438.1,1717199999999,True
2024-06-01 00:00:00,1717200000000,1.1194,1.1398,1.1148,1.1337,21530708.4,1717286399999,True
2024-06-02 00:00:00,1717286400000,1.1335,1.1436,1.0917,1.1124,37314862.5,1717372799999,True
2024-06-03 00:00:00,1717372800000,1.1125,1.1403,1.1,1.1053,42588518.0,1717459199999,True
2024-06-04 00:00:00,1717459200000,1.1054,1.1158,1.0699,1.1076,55848269.0,1717545599999,True
2024-06-05 00:00:00,1717545600000,1.1076,1.1384,1.1008,1.1238,47298901.3,1717631999999,True
2024-06-06 00:00:00,1717632000000,1.1238,1.1242,1.0741,1.0883,38050820.6,1717718399999,True
2024-06-07 00:00:00,1717718400000,1.0882,1.1047,0.9,0.999,105334570.9,1717804799999,True
2024-06-08 00:00:00,1717804800000,0.9989,1.0076,0.9511,0.9678,57737421.7,1717891199999,True
2024-06-09 00:00:00,1717891200000,0.9678,0.9884,0.9566,0.9793,35226618.1,1717977599999,True
2024-06-10 00:00:00,1717977600000,0.9794,0.9831,0.9454,0.9599,37111019.3,1718063999999,True
2024-06-11 00:00:00,1718064000000,0.9599,0.9639,0.9122,0.9378,83432868.6,1718150399999,True
2024-06-12 00:00:00,1718150400000,0.9377,0.9984,0.9127,0.9732,68230193.2,1718236799999,True
2024-06-13 00:00:00,1718236800000,0.9732,0.9738,0.9215,0.9366,57944840.8,1718323199999,True
2024-06-14 00:00:00,1718323200000,0.9369,0.9541,0.8757,0.9123,67155729.0,1718409599999,True
2024-06-15 00:00:00,1718409600000,0.9123,0.9385,0.9119,0.9221,26903147.0,1718495999999,True
2024-06-16 00:00:00,1718496000000,0.9221,0.9375,0.9003,0.9243,24619846.5,1718582399999,True
2024-06-17 00:00:00,1718582400000,0.9243,0.9297,0.84,0.8579,71645844.2,1718668799999,True
2024-06-18 00:00:00,1718668800000,0.8578,0.862,0.7333,0.7948,139620076.2,1718755199999,True
2024-06-19 00:00:00,1718755200000,0.7948,0.835,0.7873,0.8129,61941547.6,1718841599999,True
2024-06-20 00:00:00,1718841600000,0.813,0.8488,0.8,0.8014,66633976.3,1718927999999,True
2024-06-21 00:00:00,1718928000000,0.8012,0.8104,0.7826,0.8022,60507034.2,1719014399999,True
2024-06-22 00:00:00,1719014400000,0.802,0.8106,0.792,0.8048,20123438.8,1719100799999,True
2024-06-23 00:00:00,1719100800000,0.8048,0.8153,0.777,0.784,28621928.5,1719187199999,True
2024-06-24 00:00:00,1719187200000,0.784,0.8205,0.74,0.8204,93880771.3,1719273599999,True
2024-06-25 00:00:00,1719273600000,0.8202,0.8463,0.8112,0.8297,53058457.4,1719359999999,True
2024-06-26 00:00:00,1719360000000,0.8297,0.8392,0.7924,0.8123,44867767.1,1719446399999,True
2024-06-27 00:00:00,1719446400000,0.8123,0.835,0.8016,0.8229,43509641.7,1719532799999,True
2024-06-28 00:00:00,1719532800000,0.8229,0.8345,0.7893,0.7915,43139740.3,1719619199999,True
2024-06-29 00:00:00,1719619200000,0.7916,0.8027,0.7771,0.7796,23531310.4,1719705599999,True
2024-06-30 00:00:00,1719705600000,0.7797,0.8056,0.7691,0.8019,26938430.3,1719791999999,True
2024-07-01 00:00:00,1719792000000,0.8019,0.8185,0.7774,0.7801,34089165.6,1719878399999,True
2024-07-02 00:00:00,1719878400000,0.7801,0.7865,0.7722,0.7832,29457771.9,1719964799999,True
2024-07-03 00:00:00,1719964800000,0.7833,0.7894,0.7505,0.764,53507207.0,1720051199999,True
2024-07-04 00:00:00,1720051200000,0.7641,0.7681,0.6696,0.6793,90379843.3,1720137599999,True
2024-07-05 00:00:00,1720137600000,0.6793,0.6806,0.5649,0.6228,191818334.6,1720223999999,True
2024-07-06 00:00:00,1720224000000,0.6228,0.6988,0.6137,0.6931,55489642.0,1720310399999,True
2024-07-07 00:00:00,1720310400000,0.6931,0.7098,0.6489,0.6505,62961258.7,1720396799999,True
2024-07-08 00:00:00,1720396800000,0.6505,0.6887,0.6047,0.6678,110430265.9,1720483199999,True
2024-07-09 00:00:00,1720483200000,0.6677,0.7155,0.6611,0.7102,57670961.6,1720569599999,True
2024-07-10 00:00:00,1720569600000,0.7103,0.7318,0.6951,0.7137,57524602.3,1720655999999,True
2024-07-11 00:00:00,1720656000000,0.7138,0.7353,0.6818,0.6932,47300398.1,1720742399999,True
2024-07-12 00:00:00,1720742400000,0.6931,0.7085,0.6794,0.6991,32584998.1,1720828799999,True
2024-07-13 00:00:00,1720828800000,0.6991,0.7089,0.6897,0.7003,38134607.4,1720915199999,True
2024-07-14 00:00:00,1720915200000,0.7003,0.726,0.6936,0.7217,34232341.2,1721001599999,True
2024-07-15 00:00:00,1721001600000,0.7217,0.7775,0.7183,0.7733,60417884.0,1721087999999,True
2024-07-16 00:00:00,1721088000000,0.7735,0.7797,0.7214,0.7518,70248939.6,1721174399999,True
2024-07-17 00:00:00,1721174400000,0.7518,0.779,0.7412,0.7471,66671941.9,1721260799999,True
2024-07-18 00:00:00,1721260800000,0.7471,0.7689,0.7273,0.7475,51523543.8,1721347199999,True
2024-07-19 00:00:00,1721347200000,0.7476,0.777,0.7256,0.774,43356648.8,1721433599999,True
2024-07-20 00:00:00,1721433600000,0.7739,0.795,0.7654,0.7789,43651089.1,1721519999999,True
2024-07-21 00:00:00,1721520000000,0.7788,0.8073,0.7522,0.8026,51778808.7,1721606399999,True
2024-07-22 00:00:00,1721606400000,0.8026,0.8085,0.7554,0.7599,42722346.1,1721692799999,True
2024-07-23 00:00:00,1721692800000,0.7598,0.8283,0.7542,0.7992,169801551.7,1721779199999,True
2024-07-24 00:00:00,1721779200000,0.7991,0.8006,0.7351,0.7394,58274150.8,1721865599999,True
2024-07-25 00:00:00,1721865600000,0.7394,0.7417,0.6723,0.6984,82804101.6,1721951999999,True
2024-07-26 00:00:00,1721952000000,0.6983,0.7327,0.6966,0.7264,34797205.3,1722038399999,True
2024-07-27 00:00:00,1722038400000,0.7264,0.7422,0.7054,0.7209,33865901.1,1722124799999,True
2024-07-28 00:00:00,1722124800000,0.7209,0.7245,0.7055,0.7124,18002781.9,1722211199999,True
2024-07-29 00:00:00,1722211200000,0.7124,0.736,0.6968,0.7038,40943292.4,1722297599999,True
2024-07-30 00:00:00,1722297600000,0.7038,0.7108,0.6646,0.6781,26351802.1,1722383999999,True
2024-07-31 00:00:00,1722384000000,0.6782,0.688,0.6526,0.6575,32546815.1,1722470399999,True
2024-08-01 00:00:00,1722470400000,0.6574,0.6622,0.6134,0.6538,57530407.4,1722556799999,True
2024-08-02 00:00:00,1722556800000,0.6537,0.656,0.5941,0.6034,48669052.0,1722643199999,True
2024-08-03 00:00:00,1722643200000,0.6034,0.6272,0.585,0.6072,58662150.9,1722729599999,True
2024-08-04 00:00:00,1722729600000,0.6072,0.6194,0.5527,0.5651,64085245.8,1722815999999,True
2024-08-05 00:00:00,1722816000000,0.5651,0.5686,0.4287,0.4818,321232723.5,1722902399999,True
2024-08-06 00:00:00,1722902400000,0.4819,0.5227,0.4811,0.5027,97347133.9,1722988799999,True
2024-08-07 00:00:00,1722988800000,0.5026,0.5235,0.476,0.4847,73377662.9,1723075199999,True
2024-08-08 00:00:00,1723075200000,0.4847,0.559,0.4778,0.5548,70594980.9,1723161599999,True
2024-08-09 00:00:00,1723161600000,0.5548,0.5907,0.5356,0.5774,94995162.9,1723247999999,True
2024-08-10 00:00:00,1723248000000,0.5774,0.5909,0.5609,0.5773,50268783.6,1723334399999,True
2024-08-11 00:00:00,1723334400000,0.5773,0.5971,0.5483,0.5521,54476821.1,1723420799999,True
2024-08-12 00:00:00,1723420800000,0.5521,0.5969,0.5451,0.5892,71398366.6,1723507199999,True
2024-08-13 00:00:00,1723507200000,0.5892,0.5925,0.5662,0.5789,43145268.4,1723593599999,True
2024-08-14 00:00:00,1723593600000,0.5788,0.5879,0.5544,0.5617,57301949.2,1723679999999,True
2024-08-15 00:00:00,1723680000000,0.5618,0.5704,0.5307,0.5359,54818059.9,1723766399999,True
2024-08-16 00:00:00,1723766400000,0.5359,0.55,0.5211,0.5335,39518861.4,1723852799999,True
2024-08-17 00:00:00,1723852800000,0.5336,0.544,0.5307,0.5402,18464408.2,1723939199999,True
2024-08-18 00:00:00,1723939200000,0.5403,0.5544,0.5355,0.537,24095582.6,1724025599999,True
2024-08-19 00:00:00,1724025600000,0.537,0.5425,0.5264,0.5404,35212149.4,1724111999999,True
2024-08-20 00:00:00,1724112000000,0.5405,0.5543,0.5268,0.5353,46490798.5,1724198399999,True
2024-08-21 00:00:00,1724198400000,0.5353,0.5595,0.5263,0.5528,46851310.1,1724284799999,True
2024-08-22 00:00:00,1724284800000,0.5529,0.5691,0.5422,0.5617,49073388.5,1724371199999,True
2024-08-23 00:00:00,1724371200000,0.5618,0.6093,0.561,0.6027,68546709.3,1724457599999,True
2024-08-24 00:00:00,1724457600000,0.6027,0.6366,0.5976,0.6216,69988707.5,1724543999999,True
2024-08-25 00:00:00,1724544000000,0.6216,0.6222,0.5891,0.5976,52253259.3,1724630399999,True
2024-08-26 00:00:00,1724630400000,0.5978,0.6052,0.5687,0.5711,54469415.6,1724716799999,True
2024-08-27 00:00:00,1724716800000,0.571,0.5799,0.5124,0.5253,74831487.4,1724803199999,True
2024-08-28 00:00:00,1724803200000,0.5252,0.5376,0.5065,0.522,75299125.1,1724889599999,True
2024-08-29 00:00:00,1724889600000,0.5219,0.5341,0.5067,0.5129,41012369.9,1724975999999,True
2024-08-30 00:00:00,1724976000000,0.5128,0.5165,0.4857,0.5138,57749952.8,1725062399999,True
2024-08-31 00:00:00,1725062400000,0.5139,0.5197,0.5072,0.5141,17978638.3,1725148799999,True
2024-09-01 00:00:00,1725148800000,0.5141,0.5145,0.484,0.49,35296124.8,1725235199999,True
2024-09-02 00:00:00,1725235200000,0.4898,0.5223,0.4891,0.5164,40271673.3,1725321599999,True
2024-09-03 00:00:00,1725321600000,0.5164,0.5212,0.4932,0.4943,37522028.0,1725407999999,True
2024-09-04 00:00:00,1725408000000,0.4943,0.514,0.4671,0.4971,59525524.6,1725494399999,True
2024-09-05 00:00:00,1725494400000,0.4971,0.5026,0.4895,0.4972,41024860.7,1725580799999,True
2024-09-06 00:00:00,1725580800000,0.4971,0.5078,0.4685,0.4808,111376076.6,1725667199999,True
2024-09-07 00:00:00,1725667200000,0.4807,0.5052,0.4798,0.5011,32413466.9,1725753599999,True
2024-09-08 00:00:00,1725753600000,0.5011,0.5162,0.4966,0.5088,34014409.0,1725839999999,True
2024-09-09 00:00:00,1725840000000,0.5087,0.5323,0.5054,0.524,43532307.8,1725926399999,True
2024-09-10 00:00:00,1725926400000,0.5239,0.5444,0.5158,0.5335,46963074.2,1726012799999,True
2024-09-11 00:00:00,1726012800000,0.5336,0.5343,0.5011,0.5144,58214290.0,1726099199999,True
2024-09-12 00:00:00,1726099200000,0.5144,0.527,0.5106,0.5248,40200531.0,1726185599999,True
2024-09-13 00:00:00,1726185600000,0.5249,0.5404,0.5161,0.5371,49050690.0,1726271999999,True
2024-09-14 00:00:00,1726272000000,0.5371,0.5394,0.5249,0.5306,25610328.0,1726358399999,True
2024-09-15 00:00:00,1726358400000,0.5306,0.5406,0.5084,0.511,43404902.7,1726444799999,True
2024-09-16 00:00:00,1726444800000,0.5109,0.5172,0.4975,0.5107,48340207.0,1726531199999,True
2024-09-17 00:00:00,1726531200000,0.5106,0.5308,0.5046,0.5222,52590694.7,1726617599999,True
2024-09-18 00:00:00,1726617600000,0.5221,0.5295,0.501,0.5292,54836007.7,1726703999999,True
2024-09-19 00:00:00,1726704000000,0.5291,0.5812,0.5291,0.5574,81419461.2,1726790399999,True
2024-09-20 00:00:00,1726790400000,0.5574,0.5883,0.5497,0.5774,66436156.4,1726876799999,True
2024-09-21 00:00:00,1726876800000,0.5773,0.6233,0.5667,0.6156,70221841.1,1726963199999,True
2024-09-22 00:00:00,1726963200000,0.6156,0.6216,0.5831,0.6,56639949.6,1727049599999,True
2024-09-23 00:00:00,1727049600000,0.6,0.6238,0.5891,0.5987,67554239.2,1727135999999,True
2024-09-24 00:00:00,1727136000000,0.5987,0.618,0.5847,0.614,68870851.3,1727222399999,True
2024-09-25 00:00:00,1727222400000,0.6141,0.6339,0.5958,0.5986,66497232.4,1727308799999,True
2024-09-26 00:00:00,1727308800000,0.5987,0.6445,0.5877,0.62,87210385.5,1727395199999,True
2024-09-27 00:00:00,1727395200000,0.6199,0.6807,0.618,0.6678,90607335.8,1727481599999,True
2024-09-28 00:00:00,1727481600000,0.6678,0.6727,0.6335,0.6473,51862964.0,1727567999999,True
2024-09-29 00:00:00,1727568000000,0.6474,0.6577,0.6316,0.6454,43595740.2,1727654399999,True
2024-09-30 00:00:00,1727654400000,0.6455,0.6537,0.5982,0.6042,67462185.9,1727740799999,True
2024-10-01 00:00:00,1727740800000,0.6042,0.6294,0.5333,0.5506,112193266.3,1727827199999,True
2024-10-02 00:00:00,1727827200000,0.5506,0.5637,0.5248,0.5317,72502355.1,1727913599999,True
2024-10-03 00:00:00,1727913600000,0.5318,0.5436,0.5146,0.5336,66568308.0,1727999999999,True
2024-10-04 00:00:00,1728000000000,0.5337,0.568,0.5315,0.5652,47077536.2,1728086399999,True
2024-10-05 00:00:00,1728086400000,0.5651,0.5699,0.5427,0.5501,31880443.7,1728172799999,True
2024-10-06 00:00:00,1728172800000,0.5502,0.5639,0.548,0.5595,28111615.7,1728259199999,True
2024-10-07 00:00:00,1728259200000,0.5595,0.5757,0.5485,0.5492,62562479.3,1728345599999,True
2024-10-08 00:00:00,1728345600000,0.5492,0.5573,0.5347,0.5405,52330611.6,1728431999999,True
2024-10-09 00:00:00,1728432000000,0.5405,0.5486,0.5148,0.5215,43129014.1,1728518399999,True
2024-10-10 00:00:00,1728518400000,0.5214,0.5301,0.5062,0.5256,47191743.0,1728604799999,True
2024-10-11 00:00:00,1728604800000,0.5255,0.5427,0.5229,0.5342,52541209.3,1728691199999,True
2024-10-12 00:00:00,1728691200000,0.5341,0.5453,0.5291,0.5379,66477775.6,1728777599999,True
2024-10-13 00:00:00,1728777600000,0.538,0.5395,0.5181,0.5295,75567909.3,1728863999999,True
2024-10-14 00:00:00,1728864000000,0.5295,0.5689,0.5182,0.5647,95141153.9,1728950399999,True
2024-10-15 00:00:00,1728950400000,0.5648,0.5834,0.5435,0.5677,109822801.5,1729036799999,True
2024-10-16 00:00:00,1729036800000,0.5678,0.5833,0.5551,0.5573,92491931.6,1729123199999,True
2024-10-17 00:00:00,1729123200000,0.5574,0.566,0.5409,0.5469,58969438.3,1729209599999,True
2024-10-18 00:00:00,1729209600000,0.5468,0.5722,0.5436,0.5635,47768366.9,1729295999999,True
2024-10-19 00:00:00,1729296000000,0.5634,0.5723,0.5555,0.5662,30727259.2,1729382399999,True
2024-10-20 00:00:00,1729382400000,0.5663,0.6198,0.561,0.6129,94985918.5,1729468799999,True
2024-10-21 00:00:00,1729468800000,0.6129,0.617,0.5803,0.5881,64126905.9,1729555199999,True
2024-10-22 00:00:00,1729555200000,0.5881,0.6005,0.5728,0.58,50577555.8,1729641599999,True
2024-10-23 00:00:00,1729641600000,0.58,0.5815,0.5429,0.5597,62472936.0,1729727999999,True
2024-10-24 00:00:00,1729728000000,0.5596,0.5695,0.5518,0.5611,42303274.9,1729814399999,True
2024-10-25 00:00:00,1729814400000,0.5611,0.5625,0.483,0.5069,100223344.9,1729900799999,True
2024-10-26 00:00:00,1729900800000,0.5069,0.5212,0.497,0.5144,56559238.7,1729987199999,True
2024-10-27 00:00:00,1729987200000,0.5144,0.5248,0.5066,0.5195,28036756.7,1730073599999,True
2024-10-28 00:00:00,1730073600000,0.5195,0.5299,0.5027,0.5225,62460905.1,1730159999999,True
2024-10-29 00:00:00,1730160000000,0.5226,0.5509,0.5211,0.5475,57942525.4,1730246399999,True
2024-10-30 00:00:00,1730246400000,0.5475,0.57,0.5385,0.5573,87086680.0,1730332799999,True
2024-10-31 00:00:00,1730332800000,0.5573,0.5612,0.5193,0.527,51682765.1,1730419199999,True
2024-11-01 00:00:00,1730419200000,0.527,0.5447,0.5108,0.5195,55254610.1,1730505599999,True
2024-11-02 00:00:00,1730505600000,0.5195,0.5255,0.5005,0.5045,27287154.2,1730591999999,True
2024-11-03 00:00:00,1730592000000,0.5045,0.5055,0.4605,0.4823,79977965.8,1730678399999,True
2024-11-04 00:00:00,1730678400000,0.4823,0.4918,0.4597,0.4733,53553089.0,1730764799999,True
2024-11-05 00:00:00,1730764800000,0.4732,0.4965,0.4726,0.4904,50599700.7,1730851199999,True
2024-11-06 00:00:00,1730851200000,0.4905,0.5562,0.4905,0.5486,125101047.3,1730937599999,True
2024-11-07 00:00:00,1730937600000,0.5485,0.5936,0.5456,0.5807,147156809.3,1731023999999,True
2024-11-08 00:00:00,1731024000000,0.5808,0.5983,0.5665,0.5915,100325508.4,1731110399999,True
2024-11-09 00:00:00,1731110400000,0.5915,0.6247,0.579,0.6197,102302821.4,1731196799999,True
2024-11-10 00:00:00,1731196800000,0.6197,0.6554,0.5958,0.6287,181586374.7,1731283199999,True
2024-11-11 00:00:00,1731283200000,0.6288,0.6719,0.6102,0.6712,188575428.5,1731369599999,True
2024-11-12 00:00:00,1731369600000,0.6713,0.6892,0.6031,0.63,275068033.9,1731455999999,True
2024-11-13 00:00:00,1731456000000,0.6301,0.6441,0.571,0.6119,219108006.5,1731542399999,True
2024-11-14 00:00:00,1731542400000,0.6119,0.6359,0.5718,0.5802,143196294.9,1731628799999,True
2024-11-15 00:00:00,1731628800000,0.5801,0.613,0.5663,0.6065,96920226.8,1731715199999,True
2024-11-16 00:00:00,1731715200000,0.6065,0.7639,0.6017,0.7251,233479351.4,1731801599999,True
2024-11-17 00:00:00,1731801600000,0.7251,0.7323,0.6593,0.6741,148928052.5,1731887999999,True
2024-11-18 00:00:00,1731888000000,0.6741,0.7494,0.6708,0.7385,173745357.5,1731974399999,True
2024-11-19 00:00:00,1731974400000,0.7386,0.756,0.6745,0.6919,113438229.1,1732060799999,True
2024-11-20 00:00:00,1732060800000,0.692,0.7161,0.6481,0.6721,105850584.0,1732147199999,True
2024-11-21 00:00:00,1732147200000,0.672,0.8221,0.6495,0.7785,285781638.2,1732233599999,True
2024-11-22 00:00:00,1732233600000,0.7785,0.8413,0.7557,0.8092,200693678.4,1732319999999,True
2024-11-23 00:00:00,1732320000000,0.8093,0.8827,0.7989,0.8554,222892267.1,1732406399999,True
2024-11-24 00:00:00,1732406400000,0.8555,0.9115,0.7953,0.8621,185904130.4,1732492799999,True
2024-11-25 00:00:00,1732492800000,0.8624,0.9571,0.8223,0.9053,280116349.8,1732579199999,True
2024-11-26 00:00:00,1732579200000,0.9053,0.9271,0.8294,0.8702,178910383.3,1732665599999,True
2024-11-27 00:00:00,1732665600000,0.8702,0.9745,0.8477,0.9678,173309999.1,1732751999999,True
2024-11-28 00:00:00,1732752000000,0.9674,0.9806,0.8869,0.9134,132599267.5,1732838399999,True
2024-11-29 00:00:00,1732838400000,0.9139,0.9405,0.8927,0.9304,75553273.1,1732924799999,True
2024-11-30 00:00:00,1732924800000,0.9304,0.9874,0.9203,0.9712,118455370.6,1733011199999,True
2024-12-01 00:00:00,1733011200000,0.9714,0.9968,0.943,0.9689,87276423.5,1733097599999,True
2024-12-02 00:00:00,1733097600000,0.9689,1.0525,0.8958,1.0267,222775850.3,1733183999999,True
2024-12-03 00:00:00,1733184000000,1.0267,1.0862,0.9612,1.0451,184633925.3,1733270399999,True
2024-12-04 00:00:00,1733270400000,1.0453,1.1892,1.0434,1.1357,215840819.7,1733356799999,True
2024-12-05 00:00:00,1733356800000,1.1357,1.1598,1.0697,1.1018,149659929.1,1733443199999,True
2024-12-06 00:00:00,1733443200000,1.1018,1.2384,1.0918,1.1735,171464570.8,1733529599999,True
2024-12-07 00:00:00,1733529600000,1.1735,1.1859,1.1504,1.1634,69002328.9,1733615999999,True
2024-12-08 00:00:00,1733616000000,1.1635,1.1872,1.1287,1.1583,56456014.3,1733702399999,True
2024-12-09 00:00:00,1733702400000,1.1584,1.1614,0.85,0.9598,202043950.0,1733788799999,True
2024-12-10 00:00:00,1733788800000,0.96,1.0155,0.8747,0.9382,202860542.5,1733875199999,True
2024-12-11 00:00:00,1733875200000,0.9384,1.0221,0.8921,0.9995,109594687.8,1733961599999,True
2024-12-12 00:00:00,1733961600000,0.9996,1.1014,0.9914,1.0273,134010039.6,1734047999999,True
2024-12-13 00:00:00,1734048000000,1.0273,1.0767,1.0011,1.0339,112016772.1,1734134399999,True
2024-12-14 00:00:00,1734134400000,1.0339,1.0513,0.9576,0.984,77777749.5,1734220799999,True
2024-12-15 00:00:00,1734220800000,0.9841,1.0217,0.9565,1.0168,73527805.4,1734307199999,True
2024-12-16 00:00:00,1734307200000,1.017,1.055,0.9643,1.0027,126720580.2,1734393599999,True
2024-12-17 00:00:00,1734393600000,1.0028,1.0161,0.9335,0.9482,96115228.8,1734479999999,True
2024-12-18 00:00:00,1734480000000,0.9483,0.9555,0.85,0.8612,130432817.7,1734566399999,True
2024-12-19 00:00:00,1734566400000,0.8611,0.8722,0.7517,0.7799,181605982.1,1734652799999,True
2024-12-20 00:00:00,1734652800000,0.78,0.814,0.6676,0.796,199170542.2,1734739199999,True
2024-12-21 00:00:00,1734739200000,0.7963,0.8471,0.7326,0.7494,107655806.1,1734825599999,True
2024-12-22 00:00:00,1734825600000,0.7494,0.7712,0.7207,0.747,75794218.5,1734911999999,True
2024-12-23 00:00:00,1734912000000,0.7469,0.8168,0.7257,0.8004,101336884.2,1734998399999,True
2024-12-24 00:00:00,1734998400000,0.8004,0.8385,0.7815,0.8183,54510440.4,1735084799999,True
2024-12-25 00:00:00,1735084800000,0.818,0.8227,0.7878,0.8055,46143577.6,1735171199999,True
2024-12-26 00:00:00,1735171200000,0.8055,0.8109,0.7372,0.7534,58233632.5,1735257599999,True
2024-12-27 00:00:00,1735257600000,0.7535,0.7946,0.7482,0.7607,65926857.7,1735343999999,True
2024-12-28 00:00:00,1735344000000,0.7607,0.7827,0.7486,0.7759,26427612.6,1735430399999,True
2024-12-29 00:00:00,1735430400000,0.776,0.7831,0.734,0.7423,30881279.7,1735516799999,True
2024-12-30 00:00:00,1735516800000,0.7423,0.7712,0.7176,0.7333,58841461.3,1735603199999,True
2024-12-31 00:00:00,1735603200000,0.7335,0.7591,0.7138,0.7222,39328189.6,1735689599999,True
2025-01-01 00:00:00,1735689600000,0.7222,0.7506,0.7048,0.7461,31088378.8,1735775999999,True
2025-01-02 00:00:00,1735776000000,0.7461,0.7879,0.7461,0.7759,54133406.7,1735862399999,True
2025-01-03 00:00:00,1735862400000,0.7762,0.8381,0.7618,0.8345,54838071.4,1735948799999,True
2025-01-04 00:00:00,1735948800000,0.8345,0.909,0.8248,0.8947,102175888.6,1736035199999,True
2025-01-05 00:00:00,1736035200000,0.8948,0.9234,0.8762,0.9162,73172219.1,1736121599999,True
2025-01-06 00:00:00,1736121600000,0.9162,0.9545,0.9031,0.919,91848992.9,1736207999999,True
2025-01-07 00:00:00,1736208000000,0.919,0.9209,0.8176,0.8207,85957826.2,1736294399999,True
2025-01-08 00:00:00,1736294400000,0.8207,0.8306,0.7517,0.7871,100540922.2,1736380799999,True
2025-01-09 00:00:00,1736380800000,0.7871,0.7988,0.7307,0.7432,65108463.4,1736467199999,True
2025-01-10 00:00:00,1736467200000,0.7431,0.7745,0.7303,0.748,68381339.8,1736553599999,True
2025-01-11 00:00:00,1736553600000,0.7479,0.761,0.7247,0.7441,40206838.3,1736639999999,True
2025-01-12 00:00:00,1736640000000,0.7442,0.7517,0.7195,0.7304,31152249.6,1736726399999,True
2025-01-13 00:00:00,1736726400000,0.7305,0.7496,0.6463,0.703,107723021.4,1736812799999,True
2025-01-14 00:00:00,1736812800000,0.703,0.7447,0.6975,0.7388,50503117.5,1736899199999,True
2025-01-15 00:00:00,1736899200000,0.7389,0.7971,0.718,0.7918,83120214.8,1736985599999,True
2025-01-16 00:00:00,1736985600000,0.7918,0.7979,0.7468,0.7575,82014495.9,1737071999999,True
2025-01-17 00:00:00,1737072000000,0.7576,0.8294,0.7576,0.8152,65485777.1,1737158399999,True
2025-01-18 00:00:00,1737158400000,0.8153,0.8348,0.749,0.7671,88580912.3,1737244799999,True
2025-01-19 00:00:00,1737244800000,0.7671,0.7949,0.6836,0.6982,235504960.3,1737331199999,True
2025-01-20 00:00:00,1737331200000,0.6982,0.761,0.6656,0.6983,221505880.4,1737417599999,True
2025-01-21 00:00:00,1737417600000,0.6982,0.7487,0.6707,0.7222,98689804.7,1737503999999,True
2025-01-22 00:00:00,1737504000000,0.7221,0.7426,0.6961,0.7007,55554000.9,1737590399999,True
2025-01-23 00:00:00,1737590400000,0.7009,0.7243,0.6829,0.7204,75855981.3,1737676799999,True
2025-01-24 00:00:00,1737676800000,0.7205,0.7424,0.6957,0.6994,58623295.0,1737763199999,True
2025-01-25 00:00:00,1737763200000,0.6993,0.7117,0.6866,0.7006,31378917.5,1737849599999,True
2025-01-26 00:00:00,1737849600000,0.7006,0.717,0.6748,0.6756,32869428.1,1737935999999,True
2025-01-27 00:00:00,1737936000000,0.6756,0.6779,0.6042,0.6433,123650079.9,1738022399999,True
2025-01-28 00:00:00,1738022400000,0.6433,0.6528,0.5849,0.5925,62739986.0,1738108799999,True
2025-01-29 00:00:00,1738108800000,0.5926,0.6269,0.5903,0.6054,69603078.0,1738195199999,True
2025-01-30 00:00:00,1738195200000,0.6055,0.6436,0.5992,0.63,54761307.6,1738281599999,True
2025-01-31 00:00:00,1738281600000,0.6301,0.674,0.615,0.6414,85262973.4,1738367999999,True
2025-02-01 00:00:00,1738368000000,0.6414,0.6527,0.5718,0.5781,95345981.5,1738454399999,True
2025-02-02 00:00:00,1738454400000,0.578,0.5911,0.4659,0.4936,161307349.7,1738540799999,True
2025-02-03 00:00:00,1738540800000,0.4937,0.5157,0.3453,0.5109,497523930.7,1738627199999,True
2025-02-04 00:00:00,1738627200000,0.5109,0.5136,0.4522,0.4774,185282333.8,1738713599999,True
2025-02-05 00:00:00,1738713600000,0.4775,0.4985,0.4642,0.4707,97169876.1,1738799999999,True
2025-02-06 00:00:00,1738800000000,0.4707,0.483,0.4419,0.4455,87332007.5,1738886399999,True
2025-02-07 00:00:00,1738886400000,0.4455,0.4674,0.4205,0.4326,102282933.0,1738972799999,True
2025-02-08 00:00:00,1738972800000,0.4325,0.4535,0.4282,0.45,47660997.6,1739059199999,True
2025-02-09 00:00:00,1739059200000,0.45,0.4678,0.4283,0.449,48100116.0,1739145599999,True
2025-02-10 00:00:00,1739145600000,0.4489,0.4806,0.4349,0.4723,62616771.6,1739231999999,True
2025-02-11 00:00:00,1739232000000,0.4723,0.4937,0.4578,0.4629,56474925.6,1739318399999,True
2025-02-12 00:00:00,1739318400000,0.4629,0.5094,0.449,0.4939,92440401.0,1739404799999,True
2025-02-13 00:00:00,1739404800000,0.4939,0.5036,0.476,0.4873,49257217.7,1739491199999,True
2025-02-14 00:00:00,1739491200000,0.4874,0.5119,0.4837,0.4976,56784955.5,1739577599999,True
2025-02-15 00:00:00,1739577600000,0.4977,0.499,0.4712,0.4767,23623625.5,1739663999999,True
2025-02-16 00:00:00,1739664000000,0.4768,0.491,0.4714,0.4741,33550008.5,1739750399999,True
2025-02-17 00:00:00,1739750400000,0.4741,0.5146,0.466,0.4968,55149391.7,1739836799999,True
2025-02-18 00:00:00,1739836800000,0.4968,0.4988,0.4392,0.4604,95451780.9,1739923199999,True
2025-02-19 00:00:00,1739923200000,0.4605,0.4744,0.4519,0.4711,41801233.0,1740009599999,True
2025-02-20 00:00:00,1740009600000,0.4712,0.496,0.4702,0.4908,68251619.8,1740095999999,True
2025-02-21 00:00:00,1740096000000,0.4907,0.5104,0.4579,0.4681,90236928.9,1740182399999,True
2025-02-22 00:00:00,1740182400000,0.4681,0.4869,0.4655,0.4766,38317154.3,1740268799999,True
2025-02-23 00:00:00,1740268800000,0.4767,0.4906,0.4723,0.4781,32447919.9,1740355199999,True
2025-02-24 00:00:00,1740355200000,0.4782,0.4816,0.4006,0.4111,98574865.4,1740441599999,True
2025-02-25 00:00:00,1740441600000,0.4112,0.4276,0.3804,0.4195,137537332.1,1740527999999,True
2025-02-26 00:00:00,1740528000000,0.4196,0.4329,0.4036,0.4224,67339832.7,1740614399999,True
2025-02-27 00:00:00,1740614400000,0.4225,0.4391,0.4116,0.4249,52273445.2,1740700799999,True
2025-02-28 00:00:00,1740700800000,0.4251,0.4267,0.3834,0.422,106316075.1,1740787199999,True
2025-03-01 00:00:00,1740787200000,0.4222,0.4269,0.4028,0.4179,36666002.0,1740873599999,True
2025-03-02 00:00:00,1740873600000,0.418,0.4666,0.4091,0.463,99053653.4,1740959999999,True
2025-03-03 00:00:00,1740960000000,0.4631,0.4644,0.3828,0.3918,121171329.5,1741046399999,True
2025-03-04 00:00:00,1741046400000,0.3918,0.3939,0.3496,0.3798,135967669.0,1741132799999,True
2025-03-05 00:00:00,1741132800000,0.3798,0.4358,0.3748,0.415,134298550.4,1741219199999,True
2025-03-06 00:00:00,1741219200000,0.415,0.4292,0.3997,0.4038,64538840.9,1741305599999,True
2025-03-07 00:00:00,1741305600000,0.4038,0.416,0.3857,0.3948,77817008.0,1741391999999,True
2025-03-08 00:00:00,1741392000000,0.3949,0.4041,0.3819,0.3981,28874203.5,1741478399999,True
2025-03-09 00:00:00,1741478400000,0.398,0.3996,0.3446,0.3495,57140896.2,1741564799999,True
2025-03-10 00:00:00,1741564800000,0.3496,0.3724,0.3141,0.3203,101886469.8,1741651199999,True
2025-03-11 00:00:00,1741651200000,0.3204,0.3471,0.2946,0.3377,130727087.7,1741737599999,True
2025-03-12 00:00:00,1741737600000,0.3377,0.3545,0.3265,0.3485,73599558.1,1741823999999,True
2025-03-13 00:00:00,1741824000000,0.3485,0.3544,0.3307,0.3438,46847331.3,1741910399999,True
2025-03-14 00:00:00,1741910400000,0.3438,0.3667,0.3425,0.3588,46422359.2,1741996799999,True
2025-03-15 00:00:00,1741996800000,0.3588,0.37,0.3567,0.3644,25674515.2,1742083199999,True
2025-03-16 00:00:00,1742083200000,0.3643,0.3652,0.3447,0.3482,41371126.2,1742169599999,True
2025-03-17 00:00:00,1742169600000,0.3483,0.3761,0.3483,0.3698,54261879.2,1742255999999,True
2025-03-18 00:00:00,1742256000000,0.3699,0.3721,0.3518,0.3715,33816326.3,1742342399999,True
2025-03-19 00:00:00,1742342400000,0.3716,0.3872,0.3669,0.385,70502791.2,1742428799999,True
2025-03-20 00:00:00,1742428800000,0.3851,0.3875,0.3666,0.3757,40184421.8,1742515199999,True
2025-03-21 00:00:00,1742515200000,0.3756,0.3794,0.3578,0.3596,37312629.9,1742601599999,True
2025-03-22 00:00:00,1742601600000,0.3596,0.3724,0.3592,0.365,18209181.4,1742687999999,True
2025-03-23 00:00:00,1742688000000,0.3651,0.3743,0.3624,0.3685,22878170.2,1742774399999,True
2025-03-24 00:00:00,1742774400000,0.3685,0.3958,0.3614,0.391,56406284.4,1742860799999,True
2025-03-25 00:00:00,1742860800000,0.391,0.3952,0.3838,0.3935,36269382.2,1742947199999,True
2025-03-26 00:00:00,1742947200000,0.3936,0.4028,0.3777,0.382,35397464.2,1743033599999,True
2025-03-27 00:00:00,1743033600000,0.382,0.391,0.374,0.3843,29905559.7,1743119999999,True
2025-03-28 00:00:00,1743120000000,0.3843,0.3875,0.3417,0.3479,51945094.7,1743206399999,True
2025-03-29 00:00:00,1743206400000,0.3478,0.3497,0.3261,0.331,54903035.9,1743292799999,True
2025-03-30 00:00:00,1743292800000,0.331,0.3389,0.3256,0.332,41149727.8,1743379199999,True
2025-03-31 00:00:00,1743379200000,0.3321,0.3353,0.318,0.3279,45912244.3,1743465599999,True
2025-04-01 00:00:00,1743465600000,0.3279,0.3426,0.3275,0.3333,37500615.6,1743551999999,True
2025-04-02 00:00:00,1743552000000,0.3333,0.3391,0.3026,0.307,77750147.9,1743638399999,True
2025-04-03 00:00:00,1743638400000,0.307,0.3169,0.293,0.3105,66095956.0,1743724799999,True
2025-04-04 00:00:00,1743724800000,0.3106,0.3184,0.3005,0.3126,50289764.4,1743811199999,True
2025-04-05 00:00:00,1743811200000,0.3125,0.3153,0.3047,0.309,15835745.7,1743897599999,True
2025-04-06 00:00:00,1743897600000,0.309,0.309,0.2594,0.2681,76985003.3,1743983999999,True
2025-04-07 00:00:00,1743984000000,0.2681,0.2856,0.242,0.2744,185149300.3,1744070399999,True
2025-04-08 00:00:00,1744070400000,0.2744,0.2828,0.2606,0.2645,84300776.3,1744156799999,True
2025-04-09 00:00:00,1744156800000,0.2645,0.3013,0.2556,0.2934,118160370.9,1744243199999,True
2025-04-10 00:00:00,1744243200000,0.2934,0.2939,0.275,0.2863,73973737.2,1744329599999,True
2025-04-11 00:00:00,1744329600000,0.2862,0.299,0.2851,0.295,51123399.6,1744415999999,True
2025-04-12 00:00:00,1744416000000,0.295,0.3125,0.2937,0.311,35310756.7,1744502399999,True
2025-04-13 00:00:00,1744502400000,0.311,0.3169,0.2954,0.3005,54406017.2,1744588799999,True
2025-04-14 00:00:00,1744588800000,0.3006,0.3127,0.2931,0.2958,61803001.5,1744675199999,True
2025-04-15 00:00:00,1744675200000,0.2959,0.2971,0.2793,0.2797,50400092.5,1744761599999,True
2025-04-16 00:00:00,1744761600000,0.2797,0.2843,0.2708,0.2787,69706345.2,1744847999999,True
2025-04-17 00:00:00,1744848000000,0.2786,0.2868,0.2751,0.2825,44628322.0,1744934399999,True
2025-04-18 00:00:00,1744934400000,0.2825,0.2933,0.2809,0.2908,37201542.4,1745020799999,True
2025-04-19 00:00:00,1745020800000,0.2908,0.3044,0.29,0.3006,30564149.8,1745107199999,True
2025-04-20 00:00:00,1745107200000,0.3006,0.3074,0.2963,0.3046,27759017.8,1745193599999,True
2025-04-21 00:00:00,1745193600000,0.3046,0.315,0.2972,0.2995,37463377.1,1745279999999,True
2025-04-22 00:00:00,1745280000000,0.2995,0.3249,0.2923,0.3223,70157279.9,1745366399999,True
2025-04-23 00:00:00,1745366400000,0.3223,0.3442,0.3203,0.3391,86877478.0,1745452799999,True
2025-04-24 00:00:00,1745452800000,0.3391,0.3446,0.325,0.3421,68836186.8,1745539199999,True
2025-04-25 00:00:00,1745539200000,0.3421,0.3531,0.3353,0.3463,55295499.5,1745625599999,True
2025-04-26 00:00:00,1745625600000,0.3465,0.3578,0.3423,0.3526,41403463.9,1745711999999,True
2025-04-27 00:00:00,1745712000000,0.3526,0.3633,0.3325,0.3357,50159153.3,1745798399999,True
2025-04-28 00:00:00,1745798400000,0.3359,0.3485,0.3273,0.3359,54226607.0,1745884799999,True
2025-04-29 00:00:00,1745884800000,0.3359,0.3429,0.3237,0.3279,43139988.4,1745971199999,True
2025-04-30 00:00:00,1745971200000,0.3278,0.335,0.3151,0.3259,48844932.4,1746057599999,True
2025-05-01 00:00:00,1746057600000,0.3258,0.3448,0.3258,0.3393,41098698.4,1746143999999,True
2025-05-02 00:00:00,1746144000000,0.3393,0.3456,0.3338,0.3387,33837802.3,1746230399999,True
2025-05-03 00:00:00,1746230400000,0.3388,0.3397,0.3162,0.3197,41671947.1,1746316799999,True
2025-05-04 00:00:00,1746316800000,0.3198,0.3231,0.3093,0.3106,34774521.2,1746403199999,True
2025-05-05 00:00:00,1746403200000,0.3106,0.3211,0.3057,0.3111,32967656.1,1746489599999,True
2025-05-06 00:00:00,1746489600000,0.3111,0.3124,0.2947,0.3084,37466789.0,1746575999999,True
2025-05-07 00:00:00,1746576000000,0.3085,0.313,0.2986,0.3108,55764353.5,1746662399999,True
2025-05-08 00:00:00,1746662400000,0.3109,0.3673,0.3105,0.3625,97456414.9,1746748799999,True
2025-05-09 00:00:00,1746748800000,0.3625,0.3932,0.3601,0.3786,116129224.0,1746835199999,True
2025-05-10 00:00:00,1746835200000,0.3786,0.4974,0.3729,0.4842,216595846.6,1746921599999,True
2025-05-11 00:00:00,1746921600000,0.4841,0.505,0.4399,0.4515,169867020.9,1747007999999,True
2025-05-12 00:00:00,1747008000000,0.4513,0.4804,0.4154,0.4304,170117066.5,1747094399999,True
2025-05-13 00:00:00,1747094400000,0.4305,0.4649,0.4065,0.4571,129448534.5,1747180799999,True
2025-05-14 00:00:00,1747180800000,0.457,0.4616,0.4204,0.4265,85763009.4,1747267199999,True
2025-05-15 00:00:00,1747267200000,0.4266,0.4352,0.3874,0.3982,111734194.1,1747353599999,True
2025-05-16 00:00:00,1747353600000,0.3982,0.4176,0.3853,0.3898,74257583.7,1747439999999,True
2025-05-17 00:00:00,1747440000000,0.3898,0.391,0.3687,0.3759,56082687.2,1747526399999,True
2025-05-18 00:00:00,1747526400000,0.3761,0.4079,0.3659,0.3952,80380675.0,1747612799999,True
2025-05-19 00:00:00,1747612800000,0.3953,0.3999,0.3641,0.3919,63219659.8,1747699199999,True
2025-05-20 00:00:00,1747699200000,0.392,0.4021,0.3797,0.3937,54165036.6,1747785599999,True
2025-05-21 00:00:00,1747785600000,0.3938,0.4198,0.3896,0.411,101093052.4,1747871999999,True
2025-05-22 00:00:00,1747872000000,0.4112,0.4388,0.4095,0.4291,92689422.2,1747958399999,True
2025-05-23 00:00:00,1747958400000,0.4292,0.4448,0.388,0.3908,109825606.7,1748044799999,True
2025-05-24 00:00:00,1748044800000,0.3908,0.4019,0.3881,0.3922,28456901.4,1748131199999,True
2025-05-25 00:00:00,1748131200000,0.3921,0.395,0.3752,0.3939,31757960.1,1748217599999,True
2025-05-26 00:00:00,1748217600000,0.394,0.4068,0.3871,0.3923,54919563.4,1748303999999,True
2025-05-27 00:00:00,1748304000000,0.3923,0.4147,0.3798,0.4019,61740126.1,1748390399999,True
2025-05-28 00:00:00,1748390400000,0.402,0.4175,0.3894,0.4097,67189710.8,1748476799999,True
2025-05-29 00:00:00,1748476800000,0.4097,0.4417,0.3935,0.3964,106650491.6,1748563199999,True
2025-05-30 00:00:00,1748563200000,0.3964,0.3993,0.3314,0.3334,159709393.9,1748649599999,True
2025-05-31 00:00:00,1748649600000,0.3334,0.3474,0.3197,0.3397,76830741.2,1748735999999,True
2025-06-01 00:00:00,1748736000000,0.3397,0.3446,0.3299,0.3426,40550214.4,1748822399999,True
2025-06-02 00:00:00,1748822400000,0.3427,0.3601,0.3331,0.3579,56186343.5,1748908799999,True
2025-06-03 00:00:00,1748908800000,0.358,0.3734,0.3557,0.3597,55159215.8,1748995199999,True
2025-06-04 00:00:00,1748995200000,0.3597,0.3737,0.3546,0.359,66536894.7,1749081599999,True
2025-06-05 00:00:00,1749081600000,0.3591,0.3644,0.317,0.3232,91133280.4,1749167999999,True
2025-06-06 00:00:00,1749168000000,0.3233,0.3467,0.3224,0.3316,59956232.2,1749254399999,True
2025-06-07 00:00:00,1749254400000,0.3316,0.3498,0.3313,0.3478,30422409.0,1749340799999,True
2025-06-08 00:00:00,1749340800000,0.3479,0.3496,0.3376,0.3423,29774238.2,1749427199999,True
2025-06-09 00:00:00,1749427200000,0.3422,0.3698,0.3357,0.3689,45092162.8,1749513599999,True
2025-06-10 00:00:00,1749513600000,0.3688,0.4192,0.3619,0.4143,115113168.2,1749599999999,True
2025-06-11 00:00:00,1749600000000,0.4143,0.4266,0.3935,0.3974,88104357.0,1749686399999,True
2025-06-12 00:00:00,1749686400000,0.3974,0.4014,0.3653,0.366,67852671.3,1749772799999,True
2025-06-13 00:00:00,1749772800000,0.3661,0.3666,0.33,0.3487,144835916.6,1749859199999,True
2025-06-14 00:00:00,1749859200000,0.3487,0.3499,0.3271,0.3333,50905874.8,1749945599999,True
2025-06-15 00:00:00,1749945600000,0.3333,0.3362,0.3191,0.3278,60734814.2,1750031999999,True
2025-06-16 00:00:00,1750032000000,0.3278,0.3444,0.3173,0.3185,89399833.0,1750118399999,True
2025-06-17 00:00:00,1750118400000,0.3185,0.3263,0.299,0.3033,104111058.2,1750204799999,True
2025-06-18 00:00:00,1750204800000,0.3034,0.3111,0.2899,0.3072,85823845.5,1750291199999,True
2025-06-19 00:00:00,1750291200000,0.3072,0.3116,0.2966,0.3014,48353408.3,1750377599999,True
2025-06-20 00:00:00,1750377600000,0.3015,0.3104,0.2834,0.2865,86391096.3,1750463999999,True
2025-06-21 00:00:00,1750464000000,0.2866,0.2922,0.2675,0.275,75482604.7,1750550399999,True
2025-06-22 00:00:00,1750550400000,0.275,0.281,0.2526,0.2678,117626342.3,1750636799999,True
2025-06-23 00:00:00,1750636800000,0.2678,0.3048,0.2645,0.3016,113236309.2,1750723199999,True
2025-06-24 00:00:00,1750723200000,0.3017,0.3352,0.2983,0.3153,115642639.0,1750809599999,True
2025-06-25 00:00:00,1750809600000,0.3153,0.3252,0.3056,0.3088,80917685.6,1750895999999,True
2025-06-26 00:00:00,1750896000000,0.3089,0.3157,0.2945,0.3037,75145600.0,1750982399999,True
2025-06-27 00:00:00,1750982400000,0.3037,0.3155,0.298,0.3057,57630585.8,1751068799999,True
2025-06-28 00:00:00,1751068800000,0.3057,0.3138,0.3009,0.3111,30008392.6,1751155199999,True
2025-06-29 00:00:00,1751155200000,0.3112,0.3901,0.3049,0.3671,192354234.1,1751241599999,True
2025-06-30 00:00:00,1751241600000,0.3671,0.38,0.3361,0.3453,226210892.1,1751327999999,True
2025-07-01 00:00:00,1751328000000,0.3453,0.3469,0.3212,0.3273,110019240.9,1751414399999,True
2025-07-02 00:00:00,1751414400000,0.3272,0.3573,0.3223,0.3479,160567742.5,1751500799999,True
2025-07-03 00:00:00,1751500800000,0.3479,0.3637,0.3384,0.3436,93107905.0,1751587199999,True
2025-07-04 00:00:00,1751587200000,0.3436,0.3476,0.3136,0.3244,75361595.1,1751673599999,True
2025-07-05 00:00:00,1751673600000,0.3244,0.3328,0.3202,0.3281,37519661.8,1751759999999,True
2025-07-06 00:00:00,1751760000000,0.3282,0.3391,0.3218,0.3345,41566801.9,1751846399999,True
2025-07-07 00:00:00,1751846400000,0.3345,0.3388,0.3253,0.3288,48982557.2,1751932799999,True
2025-07-08 00:00:00,1751932800000,0.3288,0.3426,0.3228,0.3382,47812337.9,1752019199999,True
2025-07-09 00:00:00,1752019200000,0.3383,0.3588,0.334,0.3554,92847891.7,1752105599999,True
2025-07-10 00:00:00,1752105600000,0.3554,0.3994,0.3512,0.3963,107666639.4,1752191999999,True
2025-07-11 00:00:00,1752192000000,0.3964,0.4332,0.3887,0.4052,153226360.7,1752278399999,True
2025-07-12 00:00:00,1752278400000,0.4053,0.4131,0.3822,0.3997,62367702.6,1752364799999,True
2025-07-13 00:00:00,1752364800000,0.3998,0.4216,0.3974,0.4105,66299527.0,1752451199999,True
2025-07-14 00:00:00,1752451200000,0.4105,0.4337,0.3986,0.4027,107681470.5,1752537599999,True
2025-07-15 00:00:00,1752537600000,0.4027,0.4438,0.3903,0.4366,127303491.1,1752623999999,True
2025-07-16 00:00:00,1752624000000,0.4366,0.4586,0.4237,0.4404,168728870.5,1752710399999,True
2025-07-17 00:00:00,1752710400000,0.4405,0.457,0.4279,0.4497,145342666.5,1752796799999,True
2025-07-18 00:00:00,1752796800000,0.4496,0.4968,0.4393,0.4524,242480389.8,1752883199999,True
2025-07-19 00:00:00,1752883200000,0.4523,0.4772,0.4376,0.4648,77499089.1,1752969599999,True
2025-07-20 00:00:00,1752969600000,0.4648,0.5099,0.4572,0.4832,143259041.8,1753055999999,True
2025-07-21 00:00:00,1753056000000,0.4832,0.5105,0.4739,0.4857,158053850.6,1753142399999,True
2025-07-22 00:00:00,1753142400000,0.4858,0.4894,0.4536,0.482,166510621.0,1753228799999,True
2025-07-23 00:00:00,1753228800000,0.4821,0.4833,0.416,0.4336,162580349.7,1753315199999,True
2025-07-24 00:00:00,1753315200000,0.4337,0.4495,0.4068,0.4307,105050656.9,1753401599999,True
2025-07-25 00:00:00,1753401600000,0.4308,0.4449,0.4133,0.4431,109462676.0,1753487999999,True
2025-07-26 00:00:00,1753488000000,0.4431,0.4578,0.4398,0.4487,58308149.1,1753574399999,True
2025-07-27 00:00:00,1753574400000,0.4488,0.4632,0.4464,0.4606,68374918.7,1753660799999,True
2025-07-28 00:00:00,1753660800000,0.4607,0.479,0.4281,0.4343,122586591.5,1753747199999,True
2025-07-29 00:00:00,1753747200000,0.4344,0.4505,0.4148,0.425,89635493.6,1753833599999,True
2025-07-30 00:00:00,1753833600000,0.425,0.4267,0.3933,0.4154,93222622.6,1753919999999,True
2025-07-31 00:00:00,1753920000000,0.4155,0.4316,0.3951,0.3978,75466265.0,1754006399999,True
2025-08-01 00:00:00,1754006400000,0.3978,0.399,0.3671,0.3774,143810961.5,1754092799999,True
2025-08-02 00:00:00,1754092800000,0.3774,0.383,0.3611,0.3688,72348603.6,1754179199999,True
2025-08-03 00:00:00,1754179200000,0.3688,0.386,0.3636,0.3827,48053426.0,1754265599999,True
2025-08-04 00:00:00,1754265600000,0.3828,0.412,0.3821,0.4054,61672733.0,1754351999999,True
2025-08-05 00:00:00,1754352000000,0.4054,0.4058,0.3741,0.3837,59311640.4,1754438399999,True
2025-08-06 00:00:00,1754438400000,0.3838,0.3923,0.3733,0.3891,60718530.9,1754524799999,True
2025-08-07 00:00:00,1754524800000,0.3891,0.4191,0.3863,0.417,70389144.3,1754611199999,True
2025-08-08 00:00:00,1754611200000,0.4171,0.4365,0.4103,0.4339,88073712.9,1754697599999,True
2025-08-09 00:00:00,1754697600000,0.434,0.4803,0.4335,0.4735,97457449.6,1754783999999,True
2025-08-10 00:00:00,1754784000000,0.4735,0.486,0.4487,0.4669,92525108.5,1754870399999,True
2025-08-11 00:00:00,1754870400000,0.467,0.4814,0.4333,0.4359,148034284.7,1754956799999,True
2025-08-12 00:00:00,1754956800000,0.4359,0.48,0.4336,0.4776,140358275.2,1755043199999,True
2025-08-13 00:00:00,1755043200000,0.4776,0.5825,0.4705,0.5712,354907767.6,1755129599999,True
2025-08-14 00:00:00,1755129600000,0.5712,0.5759,0.4965,0.5166,282323949.6,1755215999999,True
2025-08-15 00:00:00,1755216000000,0.5167,0.5377,0.4709,0.4817,208743451.5,1755302399999,True
2025-08-16 00:00:00,1755302400000,0.4816,0.4984,0.4717,0.4925,81025196.1,1755388799999,True
2025-08-17 00:00:00,1755388800000,0.4925,0.5646,0.4856,0.5362,206304561.6,1755475199999,True
2025-08-18 00:00:00,1755475200000,0.5361,0.5441,0.5059,0.5115,225032547.1,1755561599999,True
2025-08-19 00:00:00,1755561600000,0.5116,0.5245,0.4719,0.473,152034083.1,1755647999999,True
2025-08-20 00:00:00,1755648000000,0.473,0.5194,0.4715,0.5135,142896045.0,1755734399999,True
2025-08-21 00:00:00,1755734400000,0.5136,0.5208,0.485,0.4963,110125526.8,1755820799999,True
2025-08-22 00:00:00,1755820800000,0.4963,0.6078,0.4741,0.5867,328626994.9,1755907199999,True
2025-08-23 00:00:00,1755907200000,0.5867,0.6144,0.5671,0.6131,161864952.9,1755993599999,True
2025-08-24 00:00:00,1755993600000,0.613,0.6246,0.5655,0.579,231285366.5,1756079999999,True
2025-08-25 00:00:00,1756080000000,0.579,0.5914,0.5104,0.5174,184227632.0,1756166399999,True
2025-08-26 00:00:00,1756166400000,0.5174,0.5437,0.5123,0.5303,143755091.6,1756252799999,True
2025-08-27 00:00:00,1756252800000,0.5303,0.5332,0.4973,0.5054,134901915.4,1756339199999,True
2025-08-28 00:00:00,1756339200000,0.5053,0.5364,0.5,0.5233,144112944.2,1756425599999,True
2025-08-29 00:00:00,1756425600000,0.5233,0.5241,0.4837,0.4908,159437732.3,1756511999999,True
2025-08-30 00:00:00,1756512000000,0.4908,0.5037,0.4794,0.4992,68458998.3,1756598399999,True
2025-08-31 00:00:00,1756598400000,0.4992,0.5182,0.4957,0.4964,73455572.3,1756684799999,True
2025-09-01 00:00:00,1756684800000,0.4964,0.5139,0.4665,0.4772,130536938.3,1756771199999,True
2025-09-02 00:00:00,1756771200000,0.4773,0.5063,0.4748,0.5025,104258958.6,1756857599999,True
2025-09-03 00:00:00,1756857600000,0.5026,0.5195,0.4926,0.5102,79787893.3,1756943999999,True
2025-09-04 00:00:00,1756944000000,0.5101,0.5133,0.4782,0.4823,79582230.9,1757030399999,True
2025-09-05 00:00:00,1757030400000,0.4823,0.5118,0.482,0.4946,122019506.3,1757116799999,True
2025-09-06 00:00:00,1757116800000,0.4946,0.5003,0.483,0.4883,50940078.7,1757203199999,True
2025-09-07 00:00:00,1757203200000,0.4884,0.4992,0.487,0.4962,42028197.2,1757289599999,True
2025-09-08 00:00:00,1757289600000,0.4963,0.5162,0.4909,0.5133,94759727.2,1757375999999,True
2025-09-09 00:00:00,1757376000000,0.5133,0.5392,0.5039,0.5125,151009711.0,1757462399999,True
2025-09-10 00:00:00,1757462400000,0.5126,0.5265,0.492,0.5127,127996715.3,1757548799999,True
2025-09-11 00:00:00,1757548800000,0.5127,0.5326,0.5085,0.5301,91683805.2,1757635199999,True
2025-09-12 00:00:00,1757635200000,0.5301,0.5501,0.5209,0.5475,83414155.9,1757721599999,True
2025-09-13 00:00:00,1757721600000,0.5475,0.5577,0.5312,0.5414,88527231.1,1757807999999,True
2025-09-14 00:00:00,1757808000000,0.5413,0.5424,0.5068,0.5134,77317385.9,1757894399999,True
2025-09-15 00:00:00,1757894400000,0.5133,0.5249,0.4851,0.4925,122073581.0,1757980799999,True
2025-09-16 00:00:00,1757980800000,0.4924,0.5011,0.4837,0.4949,68873788.9,1758067199999,True
2025-09-17 00:00:00,1758067200000,0.4949,0.5262,0.4849,0.5204,102568602.7,1758153599999,True
2025-09-18 00:00:00,1758153600000,0.5205,0.5287,0.5123,0.5241,94549903.1,1758239999999,True
2025-09-19 00:00:00,1758240000000,0.5242,0.5352,0.4843,0.4888,107031057.1,1758326399999,True
2025-09-20 00:00:00,1758326400000,0.4887,0.4999,0.4858,0.4931,56848623.6,1758412799999,True
2025-09-21 00:00:00,1758412800000,0.4931,0.4992,0.4788,0.4806,55100745.3,1758499199999,True
2025-09-22 00:00:00,1758499200000,0.4805,0.4829,0.4173,0.4363,211408632.2,1758585599999,True
2025-09-23 00:00:00,1758585600000,0.4364,0.4434,0.4215,0.4322,102022314.8,1758671999999,True
2025-09-24 00:00:00,1758672000000,0.4323,0.4433,0.4209,0.4294,91380515.8,1758758399999,True
2025-09-25 00:00:00,1758758400000,0.4295,0.4306,0.3989,0.4079,251979424.4,1758844799999,True
2025-09-26 00:00:00,1758844800000,0.408,0.4262,0.4021,0.4251,86970640.2,1758931199999,True
2025-09-27 00:00:00,1758931200000,0.425,0.4298,0.4185,0.4242,26229541.5,1759017599999,True
2025-09-28 00:00:00,1759017600000,0.4242,0.4324,0.409,0.4302,33386827.6,1759103999999,True
2025-09-29 00:00:00,1759104000000,0.4302,0.4304,0.409,0.4175,49523188.4,1759190399999,True
2025-09-30 00:00:00,1759190400000,0.4176,0.4245,0.403,0.4215,57309191.6,1759276799999,True
2025-10-01 00:00:00,1759276800000,0.4215,0.4417,0.4161,0.4353,67495683.1,1759363199999,True
2025-10-02 00:00:00,1759363200000,0.4354,0.4566,0.4321,0.4527,86271448.9,1759449599999,True
2025-10-03 00:00:00,1759449600000,0.4527,0.4606,0.4375,0.45,88532828.7,1759535999999,True
2025-10-04 00:00:00,1759536000000,0.4501,0.4525,0.4263,0.4341,48929835.2,1759622399999,True
2025-10-05 00:00:00,1759622400000,0.4341,0.4554,0.4296,0.4321,62645241.4,1759708799999,True
2025-10-06 00:00:00,1759708800000,0.4321,0.4656,0.4275,0.4567,84869888.8,1759795199999,True
2025-10-07 00:00:00,1759795200000,0.4566,0.4628,0.4198,0.4214,106797320.6,1759881599999,True
2025-10-08 00:00:00,1759881600000,0.4213,0.44,0.4171,0.4347,53418216.3,1759967999999,True
2025-10-09 00:00:00,1759968000000,0.4348,0.436,0.4071,0.4179,60224218.4,1760054399999,True
2025-10-10 00:00:00,1760054400000,0.418,0.4316,0.1049,0.2962,443369422.4,1760140799999,True
2025-10-11 00:00:00,1760140800000,0.2961,0.3275,0.2891,0.3017,217104349.2,1760227199999,True
2025-10-12 00:00:00,1760227200000,0.3018,0.3455,0.2955,0.3346,138588536.0,1760313599999,True
2025-10-13 00:00:00,1760313600000,0.3346,0.3619,0.3283,0.3585,187052032.0,1760399999999,True
2025-10-14 00:00:00,1760400000000,0.3586,0.3595,0.3223,0.3433,145343217.3,1760486399999,True
2025-10-15 00:00:00,1760486400000,0.3433,0.3514,0.3213,0.327,94174855.1,1760572799999,True
2025-10-16 00:00:00,1760572800000,0.3271,0.3361,0.3098,0.3162,134522169.5,1760659199999,True
2025-10-17 00:00:00,1760659200000,0.3162,0.3198,0.2878,0.3037,140849708.6,1760745599999,True
2025-10-18 00:00:00,1760745600000,0.3037,0.3136,0.3035,0.3094,41547755.2,1760831999999,True
2025-10-19 00:00:00,1760832000000,0.3093,0.3225,0.3043,0.3172,66193152.7,1760918399999,True
2025-10-20 00:00:00,1760918400000,0.3172,0.3288,0.3103,0.3221,51185343.1,1761004799999,True
2025-10-21 00:00:00,1761004800000,0.3221,0.3353,0.3087,0.311,98297032.8,1761091199999,True
2025-10-22 00:00:00,1761091200000,0.3109,0.3129,0.2917,0.3012,85273970.7,1761177599999,True
2025-10-23 00:00:00,1761177600000,0.3012,0.3196,0.2999,0.3141,55000703.7,1761263999999,True
2025-10-24 00:00:00,1761264000000,0.3141,0.3246,0.3116,0.3202,54339013.2,1761350399999,True
2025-10-25 00:00:00,1761350400000,0.3201,0.3226,0.3167,0.3203,27605878.7,1761436799999,True
2025-10-26 00:00:00,1761436800000,0.3203,0.3374,0.3143,0.3347,51450053.5,1761523199999,True
2025-10-27 00:00:00,1761523200000,0.3347,0.3516,0.3287,0.3305,77213430.0,1761609599999,True
2025-10-28 00:00:00,1761609600000,0.3305,0.334,0.3073,0.3149,72913284.0,1761695999999,True
2025-10-29 00:00:00,1761696000000,0.3149,0.3291,0.3092,0.3176,78724380.0,1761782399999,True
2025-10-30 00:00:00,1761782400000,0.3176,0.322,0.2791,0.2902,107545351.6,1761868799999,True
2025-10-31 00:00:00,1761868800000,0.2901,0.3002,0.2853,0.2953,59231508.5,1761955199999,True
2025-11-01 00:00:00,1761955200000,0.2953,0.3088,0.2935,0.3069,41022104.6,1762041599999,True
2025-11-02 00:00:00,1762041600000,0.3069,0.3139,0.2963,0.3075,54685398.1,1762127999999,True
2025-11-03 00:00:00,1762128000000,0.3075,0.3086,0.2538,0.2612,149452829.8,1762214399999,True
2025-11-04 00:00:00,1762214400000,0.2613,0.272,0.2344,0.2548,212822700.1,1762300799999,True
2025-11-05 00:00:00,1762300800000,0.2549,0.2716,0.2421,0.2698,106389695.1,1762387199999,True
2025-11-06 00:00:00,1762387200000,0.2697,0.2701,0.2532,0.2647,98856896.4,1762473599999,True
2025-11-07 00:00:00,1762473600000,0.2647,0.3056,0.2631,0.2996,158877650.3,1762559999999,True
2025-11-08 00:00:00,1762560000000,0.2996,0.3134,0.2873,0.2981,90346739.3,1762646399999,True
2025-11-09 00:00:00,1762646400000,0.2982,0.3032,0.2842,0.2993,60047036.3,1762732799999,True
2025-11-10 00:00:00,1762732800000,0.2994,0.312,0.2917,0.3069,75589862.9,1762819199999,True
2025-11-11 00:00:00,1762819200000,0.3069,0.3138,0.2745,0.2756,89043763.6,1762905599999,True
2025-11-12 00:00:00,1762905600000,0.2756,0.2807,0.2566,0.2594,126496633.4,1762991999999,True
2025-11-13 00:00:00,1762992000000,0.2595,0.2707,0.2389,0.2447,119110934.6,1763078399999,True
2025-11-14 00:00:00,1763078400000,0.2447,0.2504,0.2306,0.2377,165095249.5,1763164799999,True
2025-11-15 00:00:00,1763164800000,0.2377,0.2494,0.2373,0.2411,44817765.9,1763251199999,True
2025-11-16 00:00:00,1763251200000,0.2412,0.2472,0.2278,0.2359,82985377.6,1763337599999,True
2025-11-17 00:00:00,1763337600000,0.2359,0.243,0.222,0.227,96037505.4,1763423999999,True
2025-11-18 00:00:00,1763424000000,0.2271,0.2402,0.2222,0.2374,90318644.4,1763510399999,True
2025-11-19 00:00:00,1763510400000,0.2374,0.2389,0.2177,0.2295,87853465.9,1763596799999,True
2025-11-20 00:00:00,1763596800000,0.2295,0.2414,0.2111,0.2151,137222863.8,1763683199999,True
2025-11-21 00:00:00,1763683200000,0.215,0.2199,0.1859,0.2021,211516495.6,1763769599999,True
2025-11-22 00:00:00,1763769600000,0.202,0.2046,0.1954,0.2002,69859573.6,1763855999999,True
2025-11-23 00:00:00,1763856000000,0.2001,0.2054,0.1988,0.2008,53841330.0,1763942399999,True
2025-11-24 00:00:00,1763942400000,0.2008,0.2216,0.2,0.2175,126593092.9,1764028799999,True
2025-11-25 00:00:00,1764028800000,0.2175,0.2205,0.2089,0.2163,62988890.2,1764115199999,True
2025-11-26 00:00:00,1764115200000,0.2163,0.223,0.2087,0.2187,63938678.3,1764201599999,True
2025-11-27 00:00:00,1764201600000,0.2186,0.2251,0.2161,0.2206,47446032.7,1764287999999,True
2025-11-28 00:00:00,1764288000000,0.2206,0.2251,0.2146,0.2167,50450835.1,1764374399999,True
2025-11-29 00:00:00,1764374400000,0.2167,0.2203,0.2119,0.2143,29300947.2,1764460799999,True
2025-11-30 00:00:00,1764460800000,0.2143,0.2205,0.2102,0.2106,43369583.9,1764547199999,True
2025-12-01 00:00:00,1764547200000,0.2106,0.2115,0.1863,0.1938,104857031.5,1764633599999,True
2025-12-02 00:00:00,1764633600000,0.1937,0.2182,0.1915,0.2127,85499726.5,1764719999999,True
2025-12-03 00:00:00,1764720000000,0.2127,0.2256,0.2106,0.2226,62683820.2,1764806399999,True
2025-12-04 00:00:00,1764806400000,0.2227,0.225,0.2127,0.2158,53365092.5,1764892799999,True
2025-12-05 00:00:00,1764892800000,0.2159,0.2177,0.1984,0.2024,65560502.3,1764979199999,True
2025-12-06 00:00:00,1764979200000,0.2024,0.2096,0.1994,0.2074,35497599.7,1765065599999,True
2025-12-07 00:00:00,1765065600000,0.2074,0.2134,0.1986,0.2042,60901431.4,1765151999999,True
2025-12-08 00:00:00,1765152000000,0.2042,0.2162,0.203,0.2124,56064436.3,1765238399999,True
2025-12-09 00:00:00,1765238400000,0.2124,0.2305,0.2089,0.2226,80813729.1,1765324799999,True
2025-12-10 00:00:00,1765324800000,0.2226,0.2299,0.2154,0.2163,66436740.0,1765411199999,True
2025-12-11 00:00:00,1765411200000,0.2163,0.2166,0.2025,0.2125,61263460.2,1765497599999,True
2025-12-12 00:00:00,1765497600000,0.2125,0.2166,0.1977,0.2057,56556839.9,1765583999999,True
2025-12-13 00:00:00,1765584000000,0.2058,0.2185,0.2057,0.2153,33405974.7,1765670399999,True
2025-12-14 00:00:00,1765670400000,0.2153,0.2184,0.2017,0.2046,46951300.5,1765756799999,True
2025-12-15 00:00:00,1765756800000,0.2046,0.2155,0.1901,0.1973,88973940.3,1765843199999,True
2025-12-16 00:00:00,1765843200000,0.1973,0.2042,0.1912,0.2004,60930817.6,1765929599999,True
2025-12-17 00:00:00,1765929600000,0.2004,0.2048,0.1824,0.1848,87906273.3,1766015999999,True
2025-12-18 00:00:00,1766016000000,0.1848,0.1939,0.1718,0.1759,110581703.4,1766102399999,True
2025-12-19 00:00:00,1766102400000,0.176,0.1952,0.1733,0.1926,75139859.3,1766188799999,True
2025-12-20 00:00:00,1766188800000,0.1926,0.194,0.1883,0.1896,32320784.1,1766275199999,True
2025-12-21 00:00:00,1766275200000,0.1896,0.1918,0.1827,0.186,35500717.1,1766361599999,True
2025-12-22 00:00:00,1766361600000,0.1861,0.193,0.1845,0.1875,48796001.9,1766447999999,True
2025-12-23 00:00:00,1766448000000,0.1875,0.1912,0.1806,0.1911,47261954.4,1766534399999,True
2025-12-24 00:00:00,1766534400000,0.1911,0.1926,0.1816,0.1878,40665651.6,1766620799999,True
2025-12-25 00:00:00,1766620800000,0.1878,0.1947,0.1837,0.1844,52337050.8,1766707199999,True
2025-12-26 00:00:00,1766707200000,0.1843,0.1939,0.183,0.1918,44474081.8,1766793599999,True
2025-12-27 00:00:00,1766793600000,0.1917,0.1981,0.1904,0.1971,32642654.5,1766879999999,True
2025-12-28 00:00:00,1766880000000,0.1972,0.1991,0.1925,0.195,23241357.4,1766966399999,True
2025-12-29 00:00:00,1766966400000,0.1949,0.1998,0.1889,0.1905,46498538.7,1767052799999,True
2025-12-30 00:00:00,1767052800000,0.1905,0.1951,0.1886,0.1909,31649766.6,1767139199999,True
2025-12-31 00:00:00,1767139200000,0.1909,0.1929,0.1839,0.1868,26180485.3,1767225599999,True
2026-01-01 00:00:00,1767225600000,0.1869,0.2023,0.185,0.2011,35823569.9,1767311999999,True
2026-01-02 00:00:00,1767312000000,0.2012,0.2103,0.1988,0.2089,46713175.4,1767398399999,True
2026-01-03 00:00:00,1767398400000,0.2089,0.2116,0.204,0.2091,23113771.7,1767484799999,True
2026-01-04 00:00:00,1767484800000,0.2091,0.2185,0.2086,0.2163,43282685.2,1767571199999,True
2026-01-05 00:00:00,1767571200000,0.2162,0.2233,0.2113,0.2211,60177174.1,1767657599999,True
2026-01-06 00:00:00,1767657600000,0.221,0.2277,0.2114,0.2224,53068326.3,1767743999999,True
2026-01-07 00:00:00,1767744000000,0.2223,0.2225,0.2101,0.2128,48035364.2,1767830399999,True
2026-01-08 00:00:00,1767830400000,0.2128,0.2139,0.2036,0.209,43353221.9,1767916799999,True
2026-01-09 00:00:00,1767916800000,0.209,0.2137,0.2048,0.2075,53865505.0,1768003199999,True
2026-01-10 00:00:00,1768003200000,0.2075,0.2134,0.2048,0.2069,21820705.4,1768089599999,True
2026-01-11 00:00:00,1768089600000,0.207,0.2102,0.201,0.2042,23531106.9,1768175999999,True
2026-01-12 00:00:00,1768176000000,0.2043,0.2113,0.1992,0.2008,41120208.1,1768262399999,True
2026-01-13 00:00:00,1768262400000,0.2007,0.2261,0.2007,0.2214,72412537.7,1768348799999,True
2026-01-14 00:00:00,1768348800000,0.2214,0.225,0.2158,0.2174,64333579.3,1768435199999,True
2026-01-15 00:00:00,1768435200000,0.2175,0.2188,0.2051,0.2099,54297049.9,1768521599999,True
2026-01-16 00:00:00,1768521600000,0.2099,0.2111,0.2033,0.2098,45525392.7,1768607999999,True
2026-01-17 00:00:00,1768608000000,0.2098,0.224,0.2092,0.2166,53468509.6,1768694399999,True
2026-01-18 00:00:00,1768694400000,0.2166,0.221,0.206,0.2061,46264824.1,1768780799999,True
2026-01-19 00:00:00,1768780800000,0.2061,0.2061,0.1829,0.1934,128744928.5,1768867199999,True
2026-01-20 00:00:00,1768867200000,0.1934,0.1946,0.1794,0.1819,61336133.8,1768953599999,True
2026-01-21 00:00:00,1768953600000,0.182,0.1905,0.1793,0.1851,66724883.0,1769039999999,True
2026-01-22 00:00:00,1769040000000,0.1851,0.1888,0.1748,0.1776,56645750.1,1769126399999,True
2026-01-23 00:00:00,1769126400000,0.1777,0.1826,0.1734,0.1768,39353063.9,1769212799999,True
2026-01-24 00:00:00,1769212800000,0.1768,0.1814,0.1753,0.1763,30262369.7,1769299199999,True
2026-01-25 00:00:00,1769299200000,0.1763,0.1772,0.1632,0.1673,54214473.6,1769385599999,True
2026-01-26 00:00:00,1769385600000,0.1673,0.1733,0.1671,0.1701,58501833.6,1769471999999,True
2026-01-27 00:00:00,1769472000000,0.1701,0.1731,0.1664,0.1717,38570974.7,1769558399999,True
2026-01-28 00:00:00,1769558400000,0.1717,0.1731,0.1669,0.1717,57822371.5,1769644799999,True
2026-01-29 00:00:00,1769644800000,0.1717,0.1724,0.154,0.1584,82322862.8,1769731199999,True
2026-01-30 00:00:00,1769731200000,0.1585,0.1593,0.1509,0.1553,95602592.9,1769817599999,True
2026-01-31 00:00:00,1769817600000,0.1553,0.1555,0.1256,0.1402,188010712.2,1769903999999,True
2026-02-01 00:00:00,1769904000000,0.1401,0.142,0.1314,0.1352,125925500.3,1769990399999,True
2026-02-02 00:00:00,1769990400000,0.1352,0.1409,0.1286,0.1372,157127185.9,1770076799999,True
2026-02-03 00:00:00,1770076800000,0.1372,0.138,0.1242,0.1305,174889355.3,1770163199999,True
2026-02-04 00:00:00,1770163200000,0.1304,0.1365,0.1263,0.1283,137991441.2,1770249599999,True
2026-02-05 00:00:00,1770249600000,0.1284,0.1298,0.1061,0.1077,291168075.3,1770335999999,True
2026-02-06 00:00:00,1770336000000,0.1078,0.1221,0.0944,0.1203,274830432.8,1770422399999,True
2026-02-07 00:00:00,1770422400000,0.1202,0.126,0.115,0.12,132337870.9,1770508799999,True
2026-02-08 00:00:00,1770508800000,0.12,0.1204,0.1148,0.1165,57331508.9,1770595199999,True
2026-02-09 00:00:00,1770595200000,0.1164,0.118,0.1081,0.1132,93413972.1,1770681599999,True
2026-02-10 00:00:00,1770681600000,0.1132,0.1135,0.108,0.11,72590068.4,1770767999999,True
2026-02-11 00:00:00,1770768000000,0.11,0.1128,0.105,0.1083,103634852.0,1770854399999,True
2026-02-12 00:00:00,1770854400000,0.1084,0.1131,0.108,0.1117,69247624.0,1770940799999,True
2026-02-13 00:00:00,1770940800000,0.1117,0.1167,0.1083,0.1155,66167672.2,1771027199999,True
2026-02-14 00:00:00,1771027200000,0.1155,0.1224,0.1149,0.1205,36989132.6,1771113599999,True
2026-02-15 00:00:00,1771113600000,0.1205,0.1215,0.1121,0.1146,58494372.3,1771199999999,True
2026-02-16 00:00:00,1771200000000,0.1146,0.1172,0.1116,0.1153,50746838.1,1771286399999,True
2026-02-17 00:00:00,1771286400000,0.1153,0.1159,0.1113,0.1128,43191309.1,1771372799999,True
2026-02-18 00:00:00,1771372800000,0.1128,0.1144,0.1069,0.1077,57582004.7,1771459199999,True
2026-02-19 00:00:00,1771459200000,0.1077,0.1086,0.0972,0.098,140956952.5,1771545599999,True
2026-02-20 00:00:00,1771545600000,0.098,0.0987,0.0926,0.097,245721444.2,1771631999999,True
2026-02-21 00:00:00,1771632000000,0.0971,0.1051,0.0959,0.0983,138285790.8,1771718399999,True
2026-02-22 00:00:00,1771718400000,0.0983,0.0983,0.0933,0.0946,60892423.3,1771804799999,True
2026-02-23 00:00:00,1771804800000,0.0945,0.0963,0.0883,0.0936,145775945.6,1771891199999,True
2026-02-24 00:00:00,1771891200000,0.0936,0.0941,0.0898,0.0921,95995459.4,1771977599999,True
2026-02-25 00:00:00,1771977600000,0.0921,0.107,0.0914,0.1008,163997948.0,1772063999999,True
2026-02-26 00:00:00,1772064000000,0.1007,0.1019,0.0955,0.1001,105092791.5,1772150399999,True
2026-02-27 00:00:00,1772150400000,0.1,0.113,0.0974,0.1004,212565521.1,1772236799999,True
2026-02-28 00:00:00,1772236800000,0.1004,0.101,0.0909,0.0997,147404612.5,1772323199999,True
2026-03-01 00:00:00,1772323200000,0.0996,0.1052,0.0958,0.0995,130175961.6,1772409599999,True
2026-03-02 00:00:00,1772409600000,0.0996,0.1087,0.0984,0.1018,113645705.2,1772495999999,True
2026-03-03 00:00:00,1772496000000,0.1019,0.1045,0.0987,0.1027,98629737.5,1772582399999,True
2026-03-04 00:00:00,1772582400000,0.1027,0.1074,0.101,0.1048,99409313.2,1772668799999,True
2026-03-05 00:00:00,1772668800000,0.1049,0.106,0.1006,0.1028,65663636.3,1772755199999,True
2026-03-06 00:00:00,1772755200000,0.1029,0.1051,0.0979,0.1,67027478.9,1772841599999,True
2026-03-07 00:00:00,1772841600000,0.1,0.1008,0.0957,0.0968,32436609.7,1772927999999,True
2026-03-08 00:00:00,1772928000000,0.0967,0.0973,0.0934,0.0945,45553418.1,1773014399999,True
2026-03-09 00:00:00,1773014400000,0.0945,0.1012,0.0942,0.0975,55595562.6,1773100799999,True
2026-03-10 00:00:00,1773100800000,0.0976,0.1022,0.0972,0.0985,61186081.4,1773187199999,True
2026-03-11 00:00:00,1773187200000,0.0984,0.1034,0.0971,0.1,66643167.4,1773273599999,True
2026-03-12 00:00:00,1773273600000,0.1001,0.1015,0.0974,0.101,44588824.4,1773359999999,True
2026-03-13 00:00:00,1773360000000,0.101,0.1073,0.1007,0.1027,81149079.5,1773446399999,True
2026-03-14 00:00:00,1773446400000,0.1027,0.1034,0.0994,0.1011,36570765.5,1773532799999,True
2026-03-15 00:00:00,1773532800000,0.101,0.1047,0.1002,0.104,58269461.8,1773619199999,True
2026-03-16 00:00:00,1773619200000,0.104,0.1116,0.1033,0.1104,87339983.8,1773705599999,True
2026-03-17 00:00:00,1773705600000,0.1104,0.1113,0.1067,0.1079,50888116.3,1773791999999,True
2026-03-18 00:00:00,1773792000000,0.108,0.1093,0.1002,0.103,54052837.0,1773878399999,True
2026-03-19 00:00:00,1773878400000,0.103,0.1039,0.0977,0.0994,43490987.4,1773964799999,True
2026-03-20 00:00:00,1773964800000,0.0993,0.1016,0.0985,0.0999,38916432.9,1774051199999,True
2026-03-21 00:00:00,1774051200000,0.0999,0.1007,0.0958,0.0963,28497151.7,1774137599999,True
2026-03-22 00:00:00,1774137600000,0.0963,0.0972,0.0911,0.0925,60265539.5,1774223999999,True
2026-03-23 00:00:00,1774224000000,0.0926,0.0977,0.0913,0.0975,82809470.9,1774310399999,True
2026-03-24 00:00:00,1774310400000,0.0976,0.0986,0.0946,0.0977,51168785.3,1774396799999,True
2026-03-25 00:00:00,1774396800000,0.0977,0.1001,0.0969,0.0988,47439172.3,1774483199999,True
2026-03-26 00:00:00,1774483200000,0.0987,0.0993,0.0925,0.0938,45565438.3,1774569599999,True
2026-03-27 00:00:00,1774569600000,0.0939,0.0951,0.0894,0.09,39026090.7,1774655999999,True
2026-03-28 00:00:00,1774656000000,0.0901,0.0924,0.0887,0.0899,35226959.1,1774742399999,True
2026-03-29 00:00:00,1774742400000,0.0898,0.0908,0.0858,0.0884,37689879.8,1774828799999,True
2026-03-30 00:00:00,1774828800000,0.0884,0.0938,0.0882,0.0911,53714118.2,1774915199999,True
2026-03-31 00:00:00,1774915200000,0.0911,0.0941,0.0908,0.0929,38417719.0,1775001599999,True
2026-04-01 00:00:00,1775001600000,0.0929,0.0969,0.0921,0.0944,44666520.8,1775087999999,True
2026-04-02 00:00:00,1775088000000,0.0944,0.0955,0.0897,0.0909,46317713.6,1775174399999,True
2026-04-03 00:00:00,1775174400000,0.0909,0.0949,0.0907,0.0924,45636800.5,1775260799999,True
2026-04-04 00:00:00,1775260800000,0.0923,0.0938,0.0914,0.0927,31229765.0,1775347199999,True
2026-04-05 00:00:00,1775347200000,0.0927,0.0948,0.0896,0.0942,39193773.6,1775433599999,True
2026-04-06 00:00:00,1775433600000,0.0943,0.099,0.0931,0.0937,68129387.5,1775519999999,True
2026-04-07 00:00:00,1775520000000,0.0937,0.1031,0.0926,0.1019,86229363.6,1775606399999,True
2026-04-08 00:00:00,1775606400000,0.1019,0.1065,0.0996,0.1055,109658515.3,1775692799999,True
2026-04-09 00:00:00,1775692800000,0.1056,0.1102,0.1006,0.108,97179880.9,1775779199999,True
2026-04-10 00:00:00,1775779200000,0.108,0.1167,0.1073,0.1165,120449396.1,1775865599999,True
2026-04-11 00:00:00,1775865600000,0.1165,0.1227,0.1132,0.1156,114851131.7,1775951999999,True
2026-04-12 00:00:00,1775952000000,0.1157,0.1163,0.1091,0.111,64000936.5,1776038399999,True
2026-04-13 00:00:00,1776038400000,0.111,0.1138,0.1099,0.1136,52579286.3,1776124799999,True
2026-04-14 00:00:00,1776124800000,0.1136,0.1138,0.109,0.1102,60976755.2,1776211199999,True
2026-04-15 00:00:00,1776211200000,0.1102,0.1176,0.1101,0.1149,85173289.8,1776297599999,True
2026-04-16 00:00:00,1776297600000,0.115,0.1334,0.1142,0.129,159871022.9,1776383999999,True
2026-04-17 00:00:00,1776384000000,0.1289,0.1369,0.1262,0.1313,125958188.1,1776470399999,True
2026-04-18 00:00:00,1776470400000,0.1313,0.1345,0.1258,0.1292,67601980.0,1776556799999,True
2026-04-19 00:00:00,1776556800000,0.1292,0.1292,0.1212,0.1215,46493492.7,1776643199999,True
2026-04-20 00:00:00,1776643200000,0.1216,0.1295,0.1213,0.127,46025039.7,1776729599999,True
2026-04-21 00:00:00,1776729600000,0.1271,0.1289,0.1228,0.1253,33927840.1,1776815999999,True
2026-04-22 00:00:00,1776816000000,0.1253,0.1339,0.124,0.1285,53654099.8,1776902399999,True
2026-04-23 00:00:00,1776902400000,0.1286,0.1294,0.1234,0.1285,74912599.0,1776988799999,True
2026-04-24 00:00:00,1776988800000,0.1285,0.1324,0.1275,0.1287,52489942.4,1777075199999,True
2026-04-25 00:00:00,1777075200000,0.1288,0.1331,0.1273,0.1292,35200211.1,1777161599999,True
2026-04-26 00:00:00,1777161600000,0.1292,0.1328,0.1278,0.1295,37910850.0,1777247999999,True
2026-04-27 00:00:00,1777248000000,0.1295,0.1329,0.1233,0.1267,34070207.1,1777334399999,True
2026-04-28 00:00:00,1777334400000,0.1266,0.1276,0.123,0.1245,47313348.0,1777420799999,True
2026-04-29 00:00:00,1777420800000,0.1245,0.1328,0.1207,0.1253,60496275.6,1777507199999,True
2026-04-30 00:00:00,1777507200000,0.1254,0.129,0.1236,0.1238,34327194.7,1777593599999,True
2026-05-01 00:00:00,1777593600000,0.1237,0.1275,0.1226,0.1236,50041353.2,1777679999999,True
2026-05-02 00:00:00,1777680000000,0.1236,0.1246,0.1216,0.1226,24641487.1,1777766399999,True
2026-05-03 00:00:00,1777766400000,0.1227,0.1229,0.1167,0.1173,69877324.8,1777852799999,True
2026-05-04 00:00:00,1777852800000,0.1174,0.1206,0.1137,0.1164,70525375.6,1777939199999,True
2026-05-05 00:00:00,1777939200000,0.1164,0.1215,0.1161,0.12,43117319.7,1778025599999,True
2026-05-06 00:00:00,1778025600000,0.1198,0.1292,0.1183,0.1281,72607866.9,1778111999999,True
2026-05-07 00:00:00,1778112000000,0.128,0.1305,0.1229,0.1266,70064470.2,1778198399999,True
2026-05-08 00:00:00,1778198400000,0.1267,0.1477,0.1266,0.1426,118230209.0,1778284799999,True
2026-05-09 00:00:00,1778284800000,0.1426,0.1495,0.1366,0.1425,108320575.2,1778371199999,True
2026-05-10 00:00:00,1778371200000,0.1425,0.1461,0.1387,0.1441,92344040.1,1778457599999,True
2026-05-11 00:00:00,1778457600000,0.144,0.1449,0.1396,0.141,33336872.8,1778543999999,True
2026-05-12 00:00:00,1778544000000,0.1409,0.142,0.1342,0.1363,43987313.7,1778630399999,True
2026-05-13 00:00:00,1778630400000,0.1363,0.1434,0.1309,0.132,44222185.4,1778716799999,True
2026-05-14 00:00:00,1778716800000,0.132,0.1358,0.1284,0.1314,40807378.5,1778803199999,True
2026-05-15 00:00:00,1778803200000,0.1314,0.1326,0.1225,0.1248,39282606.2,1778889599999,True
2026-05-16 00:00:00,1778889600000,0.1248,0.1251,0.1179,0.1195,28857610.6,1778975999999,True
2026-05-17 00:00:00,1778976000000,0.1195,0.1225,0.1127,0.1165,64505869.8,1779062399999,True
2026-05-18 00:00:00,1779062400000,0.1164,0.118,0.114,0.1176,43773473.7,1779148799999,True
2026-05-19 00:00:00,1779148800000,0.1176,0.1187,0.1133,0.1135,18768463.1,1779235199999,True
2026-05-20 00:00:00,1779235200000,0.1135,0.1146,0.1096,0.1101,39900267.6,1779321599999,True
2026-05-21 00:00:00,1779321600000,0.1101,0.1158,0.1084,0.113,54695184.4,1779407999999,True
2026-05-22 00:00:00,1779408000000,0.1129,0.1157,0.1081,0.1088,52081404.5,1779494399999,True
2026-05-23 00:00:00,1779494400000,0.1088,0.1123,0.1031,0.1094,53132303.9,1779580799999,True
2026-05-24 00:00:00,1779580800000,0.1095,0.1101,0.1035,0.1057,42484575.2,1779667199999,True
2026-05-25 00:00:00,1779667200000,0.1057,0.1111,0.1046,0.1084,34884055.4,1779753599999,True
2026-05-26 00:00:00,1779753600000,0.1084,0.1131,0.1064,0.1088,52518931.0,1779839999999,True
2026-05-27 00:00:00,1779840000000,0.1088,0.1111,0.1057,0.1072,41473950.5,1779926399999,True
2026-05-28 00:00:00,1779926400000,0.1072,0.1076,0.1005,0.1044,47549319.9,1780012799999,True
2026-05-29 00:00:00,1780012800000,0.1044,0.1066,0.1005,0.1032,49453675.0,1780099199999,True
2026-05-30 00:00:00,1780099200000,0.1032,0.107,0.1029,0.1034,31728885.7,1780185599999,True
2026-05-31 00:00:00,1780185600000,0.1034,0.1052,0.1002,0.1037,35048934.6,1780271999999,True
2026-06-01 00:00:00,1780272000000,0.1037,0.1043,0.0983,0.1023,55790122.8,1780358399999,True
2026-06-02 00:00:00,1780358400000,0.1023,0.1028,0.0909,0.0929,87735855.7,1780444799999,True
2026-06-03 00:00:00,1780444800000,0.093,0.0981,0.0893,0.093,85941973.3,1780531199999,True
2026-06-04 00:00:00,1780531200000,0.0929,0.0941,0.0853,0.0893,101423432.2,1780617599999,True
2026-06-05 00:00:00,1780617600000,0.0893,0.0899,0.0771,0.0804,141431403.0,1780703999999,True
2026-06-06 00:00:00,1780704000000,0.0804,0.0812,0.074,0.0799,69418125.1,1780790399999,True
2026-06-07 00:00:00,1780790400000,0.08,0.0853,0.0793,0.0831,131334190.4,1780876799999,True
2026-06-08 00:00:00,1780876800000,0.0831,0.0846,0.0809,0.0822,48073118.9,1780963199999,True
2026-06-09 00:00:00,1780963200000,0.0822,0.0824,0.0779,0.0803,62735845.1,1781049599999,True
2026-06-10 00:00:00,1781049600000,0.0804,0.0817,0.0756,0.0776,77358241.2,1781135999999,True
2026-06-11 00:00:00,1781136000000,0.0776,0.0861,0.0775,0.0835,94440988.8,1781222399999,True
2026-06-12 00:00:00,1781222400000,0.0836,0.0855,0.0819,0.0839,54213113.4,1781308799999,True
2026-06-13 00:00:00,1781308800000,0.0839,0.087,0.0838,0.0852,36827516.8,1781395199999,True
2026-06-14 00:00:00,1781395200000,0.0853,0.0861,0.0817,0.0858,37853241.7,1781481599999,True
2026-06-15 00:00:00,1781481600000,0.0858,0.0899,0.0849,0.0863,60648981.4,1781567999999,True
2026-06-16 00:00:00,1781568000000,0.0863,0.0881,0.0836,0.0856,33062779.2,1781654399999,True
2026-06-17 00:00:00,1781654400000,0.0857,0.0899,0.084,0.0857,48670739.4,1781740799999,True
2026-06-18 00:00:00,1781740800000,0.0858,0.0878,0.0812,0.0853,45458238.2,1781827199999,True
2026-06-19 00:00:00,1781827200000,0.0854,0.0867,0.0821,0.0839,31015335.1,1781913599999,True
2026-06-20 00:00:00,1781913600000,0.0839,0.0851,0.0818,0.0846,26193632.8,1781999999999,True
2026-06-21 00:00:00,1782000000000,0.0846,0.0848,0.0816,0.0819,23047967.9,1782086399999,True
2026-06-22 00:00:00,1782086400000,0.0819,0.087,0.0819,0.0832,37570955.0,1782172799999,True
2026-06-23 00:00:00,1782172800000,0.0832,0.0834,0.0767,0.0791,49621928.1,1782259199999,True
2026-06-24 00:00:00,1782259200000,0.0791,0.0794,0.0727,0.0761,60028019.1,1782345599999,True
2026-06-25 00:00:00,1782345600000,0.0761,0.0774,0.0705,0.0733,56186515.5,1782431999999,True
2026-06-26 00:00:00,1782432000000,0.0733,0.0752,0.0705,0.0744,57625921.5,1782518399999,True
2026-06-27 00:00:00,1782518400000,0.0744,0.0759,0.0729,0.0734,34564770.9,1782604799999,True
2026-06-28 00:00:00,1782604800000,0.0734,0.0746,0.0723,0.0739,20784564.9,1782691199999,True
2026-06-29 00:00:00,1782691200000,0.0739,0.0783,0.0731,0.0768,84915866.3,1782777599999,True
2026-06-30 00:00:00,1782777600000,0.0768,0.0769,0.0736,0.0761,42287012.2,1782863999999,True
