date,open_time,open,high,low,close,volume,close_time,is_closed
2019-11-28 00:00:00,1574899200000,220.08,224.6,212.02,217.41,11556.80086,1574985599999,True
2019-11-29 00:00:00,1574985600000,217.4,226.49,216.9,224.0,50234.55027,1575071999999,True
2019-11-30 00:00:00,1575072000000,223.89,224.67,214.41,217.45,47622.18011,1575158399999,True
2019-12-01 00:00:00,1575158400000,217.43,218.18,209.24,214.36,46721.57914,1575244799999,True
2019-12-02 00:00:00,1575244800000,214.37,216.25,209.68,213.67,43397.32559,1575331199999,True
2019-12-03 00:00:00,1575331200000,213.72,215.95,210.99,211.5,28430.46455,1575417599999,True
2019-12-04 00:00:00,1575417600000,211.47,219.68,202.5,207.47,93351.89396,1575503999999,True
2019-12-05 00:00:00,1575504000000,207.36,214.46,200.88,211.5,58415.66785,1575590399999,True
2019-12-06 00:00:00,1575590400000,211.6,214.0,209.2,212.84,36081.71398,1575676799999,True
2019-12-07 00:00:00,1575676800000,212.9,216.62,210.01,211.0,26962.16937,1575763199999,True
2019-12-08 00:00:00,1575763200000,210.97,214.89,208.0,212.58,23530.67976,1575849599999,True
2019-12-09 00:00:00,1575849600000,212.42,215.08,205.4,208.27,36474.63924,1575935999999,True
2019-12-10 00:00:00,1575936000000,208.18,209.35,203.71,206.54,27927.89853,1576022399999,True
2019-12-11 00:00:00,1576022400000,206.63,207.99,204.05,207.01,15264.51196,1576108799999,True
2019-12-12 00:00:00,1576108800000,207.1,207.97,203.67,206.79,26540.59504,1576195199999,True
2019-12-13 00:00:00,1576195200000,206.62,212.71,206.25,211.32,33534.36619,1576281599999,True
2019-12-14 00:00:00,1576281600000,211.44,213.11,204.67,205.82,34067.96904,1576367999999,True
2019-12-15 00:00:00,1576368000000,205.87,211.72,204.88,206.88,37076.8692,1576454399999,True
2019-12-16 00:00:00,1576454400000,206.87,208.67,193.85,196.27,82405.61891,1576540799999,True
2019-12-17 00:00:00,1576540800000,196.26,196.96,172.1,176.45,127025.58764,1576627199999,True
2019-12-18 00:00:00,1576627200000,176.45,191.75,169.66,189.0,144833.0183,1576713599999,True
2019-12-19 00:00:00,1576713600000,188.9,191.0,183.49,185.96,54337.20347,1576799999999,True
2019-12-20 00:00:00,1576800000000,186.07,190.72,183.82,187.44,43236.75189,1576886399999,True
2019-12-21 00:00:00,1576886400000,187.39,188.43,185.33,186.21,19488.47281,1576972799999,True
2019-12-22 00:00:00,1576972800000,186.21,197.4,185.73,196.27,54636.39805,1577059199999,True
2019-12-23 00:00:00,1577059200000,196.28,198.0,188.2,189.61,57146.5522,1577145599999,True
2019-12-24 00:00:00,1577145600000,189.66,191.68,185.0,188.3,50765.49176,1577231999999,True
2019-12-25 00:00:00,1577232000000,188.31,188.78,182.69,185.34,31724.59117,1577318399999,True
2019-12-26 00:00:00,1577318400000,185.34,194.99,184.01,187.79,48012.30969,1577404799999,True
2019-12-27 00:00:00,1577404800000,187.7,203.92,186.83,203.21,120980.63718,1577491199999,True
2019-12-28 00:00:00,1577491200000,203.33,210.0,202.53,206.27,81593.20921,1577577599999,True
2019-12-29 00:00:00,1577577600000,206.26,215.94,204.34,212.34,80763.47218,1577663999999,True
2019-12-30 00:00:00,1577664000000,212.29,215.0,205.65,208.62,76221.01161,1577750399999,True
2019-12-31 00:00:00,1577750400000,208.61,214.11,201.73,204.52,89320.43252,1577836799999,True
2020-01-01 00:00:00,1577836800000,204.57,209.0,203.1,204.44,43234.9585,1577923199999,True
2020-01-02 00:00:00,1577923200000,204.43,205.53,192.8,195.49,76481.1405,1578009599999,True
2020-01-03 00:00:00,1578009600000,195.49,226.0,191.9,222.43,236151.17473,1578095999999,True
2020-01-04 00:00:00,1578096000000,222.38,227.64,219.56,224.47,110315.64423,1578182399999,True
2020-01-05 00:00:00,1578182400000,224.45,227.63,220.6,222.79,90338.28418,1578268799999,True
2020-01-06 00:00:00,1578268800000,222.82,247.0,222.2,244.25,177504.59026,1578355199999,True
2020-01-07 00:00:00,1578355200000,244.26,246.9,232.0,242.3,180860.80127,1578441599999,True
2020-01-08 00:00:00,1578441600000,242.48,255.19,229.59,240.19,238290.07035,1578527999999,True
2020-01-09 00:00:00,1578528000000,240.13,243.89,231.26,238.01,109003.33057,1578614399999,True
2020-01-10 00:00:00,1578614400000,238.06,275.0,231.13,271.83,311448.58074,1578700799999,True
2020-01-11 00:00:00,1578700800000,271.95,279.49,258.68,260.83,199691.49268,1578787199999,True
2020-01-12 00:00:00,1578787200000,260.69,271.39,257.85,270.77,105180.61526,1578873599999,True
2020-01-13 00:00:00,1578873600000,270.85,272.99,261.06,267.21,91495.50923,1578959999999,True
2020-01-14 00:00:00,1578960000000,267.24,368.08,267.14,348.35,827847.55896,1579046399999,True
2020-01-15 00:00:00,1579046400000,348.35,362.89,312.62,339.99,498653.95613,1579132799999,True
2020-01-16 00:00:00,1579132800000,340.0,342.96,309.2,326.76,247311.30454,1579219199999,True
2020-01-17 00:00:00,1579219200000,326.58,383.92,319.46,368.0,395293.4218,1579305599999,True
2020-01-18 00:00:00,1579305600000,367.98,405.86,330.0,339.01,482356.86961,1579391999999,True
2020-01-19 00:00:00,1579392000000,338.79,366.27,319.78,339.61,305020.88339,1579478399999,True
2020-01-20 00:00:00,1579478400000,339.54,352.94,322.46,343.39,171058.37052,1579564799999,True
2020-01-21 00:00:00,1579564800000,343.38,348.22,332.05,343.5,107803.73807,1579651199999,True
2020-01-22 00:00:00,1579651200000,343.5,354.52,339.16,349.22,96093.49399,1579737599999,True
2020-01-23 00:00:00,1579737600000,349.11,350.15,316.36,325.21,135190.02823,1579823999999,True
2020-01-24 00:00:00,1579824000000,325.09,327.95,297.0,318.83,217601.81697,1579910399999,True
2020-01-25 00:00:00,1579910400000,318.82,319.27,305.1,310.13,100771.89962,1579996799999,True
2020-01-26 00:00:00,1579996800000,310.29,349.96,307.43,348.24,176481.76156,1580083199999,True
2020-01-27 00:00:00,1580083200000,348.25,378.19,347.65,362.86,248777.01991,1580169599999,True
2020-01-28 00:00:00,1580169600000,362.9,385.38,360.26,378.6,210830.79139,1580255999999,True
2020-01-29 00:00:00,1580256000000,378.43,396.31,375.8,380.26,200640.1964,1580342399999,True
2020-01-30 00:00:00,1580342400000,380.24,399.34,370.88,392.69,197841.16173,1580428799999,True
2020-01-31 00:00:00,1580428800000,392.52,394.99,364.16,374.86,146704.06246,1580515199999,True
2020-02-01 00:00:00,1580515200000,374.89,389.64,372.31,380.08,106551.71789,1580601599999,True
2020-02-02 00:00:00,1580601600000,380.16,387.7,368.91,377.34,98738.97527,1580687999999,True
2020-02-03 00:00:00,1580688000000,377.24,392.84,374.4,384.25,132459.04345,1580774399999,True
2020-02-04 00:00:00,1580774400000,384.19,389.5,372.38,380.93,111599.02261,1580860799999,True
2020-02-05 00:00:00,1580860800000,380.95,445.46,378.72,444.92,254489.93106,1580947199999,True
2020-02-06 00:00:00,1580947200000,444.93,448.43,416.88,445.76,183772.05365,1581033599999,True
2020-02-07 00:00:00,1581033600000,445.69,459.7,432.12,439.21,152210.53024,1581119999999,True
2020-02-08 00:00:00,1581120000000,439.39,454.5,425.16,444.46,147309.77991,1581206399999,True
2020-02-09 00:00:00,1581206400000,444.46,460.55,434.79,449.72,149967.53436,1581292799999,True
2020-02-10 00:00:00,1581292800000,449.77,463.37,435.86,452.05,150905.28806,1581379199999,True
2020-02-11 00:00:00,1581379200000,452.0,469.32,440.44,461.89,149039.05207,1581465599999,True
2020-02-12 00:00:00,1581465600000,462.0,481.87,462.0,473.55,163282.70277,1581551999999,True
2020-02-13 00:00:00,1581552000000,473.55,484.98,457.7,477.32,174921.81401,1581638399999,True
2020-02-14 00:00:00,1581638400000,477.17,498.23,465.99,493.77,141147.43543,1581724799999,True
2020-02-15 00:00:00,1581724800000,493.77,494.99,414.0,438.96,202082.72431,1581811199999,True
2020-02-16 00:00:00,1581811200000,438.88,458.22,382.09,411.68,254154.92558,1581897599999,True
2020-02-17 00:00:00,1581897600000,411.81,417.09,367.0,412.99,366860.16592,1581983999999,True
2020-02-18 00:00:00,1581984000000,412.99,427.47,385.0,420.2,243144.07689,1582070399999,True
2020-02-19 00:00:00,1582070400000,420.38,423.7,370.0,378.46,146767.64105,1582156799999,True
2020-02-20 00:00:00,1582156800000,378.37,388.0,352.7,371.1,207799.23573,1582243199999,True
2020-02-21 00:00:00,1582243200000,370.88,388.88,367.23,377.74,135650.11257,1582329599999,True
2020-02-22 00:00:00,1582329600000,377.93,380.43,366.93,373.14,90739.12749,1582415999999,True
2020-02-23 00:00:00,1582416000000,372.99,404.42,372.24,401.57,119949.80434,1582502399999,True
2020-02-24 00:00:00,1582502400000,401.5,408.43,363.0,378.22,192156.78539,1582588799999,True
2020-02-25 00:00:00,1582588800000,378.08,379.85,343.99,353.07,181646.01154,1582675199999,True
2020-02-26 00:00:00,1582675200000,353.01,362.41,301.1,316.67,426041.48888,1582761599999,True
2020-02-27 00:00:00,1582761600000,316.77,335.4,307.16,324.62,240590.21235,1582847999999,True
2020-02-28 00:00:00,1582848000000,324.48,329.34,298.95,314.97,224510.28774,1582934399999,True
2020-02-29 00:00:00,1582934400000,315.09,322.59,305.0,306.11,139466.90438,1583020799999,True
2020-03-01 00:00:00,1583020800000,305.9,325.0,304.13,311.9,150571.38912,1583107199999,True
2020-03-02 00:00:00,1583107200000,311.9,343.0,310.68,339.33,227311.54962,1583193599999,True
2020-03-03 00:00:00,1583193600000,339.33,339.38,321.13,329.61,175358.92439,1583279999999,True
2020-03-04 00:00:00,1583280000000,329.66,332.19,308.35,319.46,104895.17055,1583366399999,True
2020-03-05 00:00:00,1583366400000,319.58,343.46,319.36,337.1,152373.42593,1583452799999,True
2020-03-06 00:00:00,1583452800000,337.08,353.61,332.3,350.73,157186.64747,1583539199999,True
2020-03-07 00:00:00,1583539200000,350.74,351.11,327.09,330.92,116341.38746,1583625599999,True
2020-03-08 00:00:00,1583625600000,330.77,330.77,268.05,272.77,270727.90033,1583711999999,True
2020-03-09 00:00:00,1583712000000,272.9,280.29,252.13,273.0,382248.99619,1583798399999,True
2020-03-10 00:00:00,1583798400000,273.04,277.95,262.8,271.79,160017.40439,1583884799999,True
2020-03-11 00:00:00,1583884800000,271.85,275.0,250.02,266.98,149899.32355,1583971199999,True
2020-03-12 00:00:00,1583971200000,267.08,267.82,136.0,144.13,708864.98116,1584057599999,True
2020-03-13 00:00:00,1584057600000,144.13,189.67,129.0,177.46,1012301.98599,1584143999999,True
2020-03-14 00:00:00,1584144000000,177.46,180.4,163.94,167.2,272980.24732,1584230399999,True
2020-03-15 00:00:00,1584230400000,167.08,190.69,165.44,178.2,263894.36499,1584316799999,True
2020-03-16 00:00:00,1584316800000,178.2,184.41,147.14,172.41,472884.60249,1584403199999,True
2020-03-17 00:00:00,1584403200000,172.45,188.27,168.73,182.41,306472.09152,1584489599999,True
2020-03-18 00:00:00,1584489600000,182.5,186.0,169.0,184.84,244333.93913,1584575999999,True
2020-03-19 00:00:00,1584576000000,184.76,233.6,177.62,220.83,461455.1333,1584662399999,True
2020-03-20 00:00:00,1584662400000,220.83,246.06,190.44,215.1,534721.29657,1584748799999,True
2020-03-21 00:00:00,1584748800000,215.05,230.0,206.35,220.04,308157.88052,1584835199999,True
2020-03-22 00:00:00,1584835200000,219.96,233.0,199.58,202.73,308827.69076,1584921599999,True
2020-03-23 00:00:00,1584921600000,202.65,227.44,198.09,221.26,331523.29314,1585007999999,True
2020-03-24 00:00:00,1585008000000,221.23,230.47,217.37,227.24,226641.5096,1585094399999,True
2020-03-25 00:00:00,1585094400000,227.26,231.45,213.09,220.68,196578.91406,1585180799999,True
2020-03-26 00:00:00,1585180800000,220.71,228.43,218.11,227.76,162334.97321,1585267199999,True
2020-03-27 00:00:00,1585267200000,227.78,233.81,208.24,213.21,194988.91289,1585353599999,True
2020-03-28 00:00:00,1585353600000,213.32,217.13,201.82,213.89,225434.50561,1585439999999,True
2020-03-29 00:00:00,1585440000000,213.86,217.34,204.5,205.54,153829.50916,1585526399999,True
2020-03-30 00:00:00,1585526400000,205.51,226.8,205.32,219.97,201359.31912,1585612799999,True
2020-03-31 00:00:00,1585612800000,220.0,223.88,215.76,218.36,152582.6074,1585699199999,True
2020-04-01 00:00:00,1585699200000,218.44,224.96,211.24,223.74,198134.24068,1585785599999,True
2020-04-02 00:00:00,1585785600000,223.72,248.77,221.99,231.72,277839.53952,1585871999999,True
2020-04-03 00:00:00,1585872000000,231.84,241.96,214.0,236.09,191323.60359,1585958399999,True
2020-04-04 00:00:00,1585958400000,236.09,242.17,231.88,238.02,130943.67133,1586044799999,True
2020-04-05 00:00:00,1586044800000,238.05,239.75,223.19,230.99,110988.28015,1586131199999,True
2020-04-06 00:00:00,1586131200000,231.02,259.86,230.71,258.09,282642.74262,1586217599999,True
2020-04-07 00:00:00,1586217600000,258.08,265.65,246.7,252.52,241539.45207,1586303999999,True
2020-04-08 00:00:00,1586304000000,252.52,280.25,250.01,267.31,486782.30826,1586390399999,True
2020-04-09 00:00:00,1586390400000,267.34,274.74,253.27,255.91,199027.37846,1586476799999,True
2020-04-10 00:00:00,1586476800000,255.88,258.9,225.35,232.7,328217.27947,1586563199999,True
2020-04-11 00:00:00,1586563200000,232.61,240.08,221.75,232.94,178953.21376,1586649599999,True
2020-04-12 00:00:00,1586649600000,232.93,244.79,226.88,233.09,172737.77899,1586735999999,True
2020-04-13 00:00:00,1586736000000,233.09,233.14,215.12,223.49,305494.57383,1586822399999,True
2020-04-14 00:00:00,1586822400000,223.44,228.56,219.0,223.2,203075.54043,1586908799999,True
2020-04-15 00:00:00,1586908800000,223.04,225.28,213.86,215.04,122359.78773,1586995199999,True
2020-04-16 00:00:00,1586995200000,214.97,239.85,206.3,234.95,298870.03799,1587081599999,True
2020-04-17 00:00:00,1587081600000,235.0,236.94,229.17,231.88,119139.34792,1587167999999,True
2020-04-18 00:00:00,1587168000000,231.83,247.59,231.54,243.64,148102.99343,1587254399999,True
2020-04-19 00:00:00,1587254400000,243.63,244.97,229.0,231.27,124667.95811,1587340799999,True
2020-04-20 00:00:00,1587340800000,231.27,238.5,215.62,219.02,197183.19121,1587427199999,True
2020-04-21 00:00:00,1587427200000,219.02,223.5,215.03,219.42,126076.62108,1587513599999,True
2020-04-22 00:00:00,1587513600000,219.44,235.95,217.33,232.94,122547.73928,1587599999999,True
2020-04-23 00:00:00,1587600000000,233.08,247.0,225.83,237.4,189880.75558,1587686399999,True
2020-04-24 00:00:00,1587686400000,237.36,242.26,233.31,237.9,122513.60091,1587772799999,True
2020-04-25 00:00:00,1587772800000,237.9,245.76,235.04,238.07,94591.40958,1587859199999,True
2020-04-26 00:00:00,1587859200000,238.06,249.42,237.38,246.36,138116.3669,1587945599999,True
2020-04-27 00:00:00,1587945600000,246.35,248.07,234.02,242.75,187200.56808,1588031999999,True
2020-04-28 00:00:00,1588032000000,242.77,243.13,236.94,241.14,112366.41789,1588118399999,True
2020-04-29 00:00:00,1588118400000,241.14,262.81,241.03,257.77,267847.69583,1588204799999,True
2020-04-30 00:00:00,1588204800000,257.71,275.57,245.01,250.05,331828.19055,1588291199999,True
2020-05-01 00:00:00,1588291200000,250.05,260.22,250.05,254.79,153693.78915,1588377599999,True
2020-05-02 00:00:00,1588377600000,254.79,261.0,252.2,260.84,103409.54202,1588463999999,True
2020-05-03 00:00:00,1588464000000,260.84,267.76,245.7,251.65,166679.52234,1588550399999,True
2020-05-04 00:00:00,1588550400000,251.69,252.61,236.0,245.75,151932.20063,1588636799999,True
2020-05-05 00:00:00,1588636800000,245.77,252.28,240.96,246.9,94957.68054,1588723199999,True
2020-05-06 00:00:00,1588723200000,246.92,253.91,239.95,241.32,119023.73336,1588809599999,True
2020-05-07 00:00:00,1588809600000,241.32,256.62,235.5,251.9,165995.0332,1588895999999,True
2020-05-08 00:00:00,1588896000000,251.94,265.83,247.85,260.3,199500.21611,1588982399999,True
2020-05-09 00:00:00,1588982400000,260.16,277.46,258.51,265.24,265358.79287,1589068799999,True
2020-05-10 00:00:00,1589068800000,265.26,265.72,221.33,232.56,364945.21343,1589155199999,True
2020-05-11 00:00:00,1589155200000,232.68,238.0,216.52,235.16,264827.64401,1589241599999,True
2020-05-12 00:00:00,1589241600000,235.17,239.4,228.42,233.23,146776.566,1589327999999,True
2020-05-13 00:00:00,1589328000000,233.25,242.0,231.74,239.41,104151.89988,1589414399999,True
2020-05-14 00:00:00,1589414400000,239.34,245.82,233.83,242.61,173327.58715,1589500799999,True
2020-05-15 00:00:00,1589500800000,242.51,243.39,230.93,235.21,115625.77262,1589587199999,True
2020-05-16 00:00:00,1589587200000,235.11,240.9,233.64,236.45,106699.94829,1589673599999,True
2020-05-17 00:00:00,1589673600000,236.45,247.43,235.61,240.73,105516.29912,1589759999999,True
2020-05-18 00:00:00,1589760000000,240.74,255.75,240.25,248.5,159970.51046,1589846399999,True
2020-05-19 00:00:00,1589846400000,248.49,250.94,242.36,246.74,110402.72204,1589932799999,True
2020-05-20 00:00:00,1589932800000,246.83,247.66,235.0,239.85,127884.72984,1590019199999,True
2020-05-21 00:00:00,1590019200000,239.79,243.0,220.65,228.22,149841.8009,1590105599999,True
2020-05-22 00:00:00,1590105600000,228.17,236.69,225.0,234.67,111783.65323,1590191999999,True
2020-05-23 00:00:00,1590192000000,234.67,240.0,231.96,234.11,89247.90245,1590278399999,True
2020-05-24 00:00:00,1590278400000,234.12,237.48,222.41,223.0,91313.85972,1590364799999,True
2020-05-25 00:00:00,1590364800000,222.91,233.28,220.96,230.55,80902.6915,1590451199999,True
2020-05-26 00:00:00,1590451200000,230.56,231.27,223.91,228.01,68127.54164,1590537599999,True
2020-05-27 00:00:00,1590537600000,228.0,234.8,227.03,232.85,74807.73248,1590623999999,True
2020-05-28 00:00:00,1590624000000,232.85,241.0,228.85,239.86,112645.49877,1590710399999,True
2020-05-29 00:00:00,1590710400000,239.91,243.99,233.05,238.43,84354.78895,1590796799999,True
2020-05-30 00:00:00,1590796800000,238.35,253.75,236.2,252.38,129920.53092,1590883199999,True
2020-05-31 00:00:00,1590883200000,252.41,252.76,236.0,238.69,134759.41776,1590969599999,True
2020-06-01 00:00:00,1590969600000,238.67,255.0,237.42,253.19,137868.09636,1591055999999,True
2020-06-02 00:00:00,1591056000000,253.29,269.61,241.67,250.85,264191.59595,1591142399999,True
2020-06-03 00:00:00,1591142400000,250.86,254.0,246.25,253.23,95425.52108,1591228799999,True
2020-06-04 00:00:00,1591228800000,253.17,260.92,247.5,256.18,151733.53413,1591315199999,True
2020-06-05 00:00:00,1591315200000,256.17,263.45,254.49,256.05,116026.08527,1591401599999,True
2020-06-06 00:00:00,1591401600000,256.11,258.26,250.88,253.23,90657.05023,1591487999999,True
2020-06-07 00:00:00,1591488000000,253.21,255.78,245.22,253.56,95042.9939,1591574399999,True
2020-06-08 00:00:00,1591574400000,253.56,256.72,251.3,255.24,63486.19609,1591660799999,True
2020-06-09 00:00:00,1591660800000,255.3,257.15,250.5,254.05,59892.0129,1591747199999,True
2020-06-10 00:00:00,1591747200000,254.02,258.76,250.6,256.94,83425.14722,1591833599999,True
2020-06-11 00:00:00,1591833600000,256.95,258.0,231.28,234.74,128129.81168,1591919999999,True
2020-06-12 00:00:00,1591920000000,234.73,243.66,233.08,240.85,62740.15513,1592006399999,True
2020-06-13 00:00:00,1592006400000,240.85,242.25,237.29,240.69,38019.76311,1592092799999,True
2020-06-14 00:00:00,1592092800000,240.7,240.84,234.93,237.48,40676.31486,1592179199999,True
2020-06-15 00:00:00,1592179200000,237.47,238.32,224.41,235.64,99741.29236,1592265599999,True
2020-06-16 00:00:00,1592265600000,235.64,239.0,232.5,237.46,57655.10926,1592351999999,True
2020-06-17 00:00:00,1592352000000,237.47,246.0,235.06,240.39,80189.7269,1592438399999,True
2020-06-18 00:00:00,1592438400000,240.4,240.7,232.53,236.04,52913.4817,1592524799999,True
2020-06-19 00:00:00,1592524800000,236.05,236.54,230.46,233.39,64051.95688,1592611199999,True
2020-06-20 00:00:00,1592611200000,233.39,235.19,228.62,232.8,67102.65437,1592697599999,True
2020-06-21 00:00:00,1592697600000,232.8,234.16,229.71,230.31,49052.6883,1592783999999,True
2020-06-22 00:00:00,1592784000000,230.33,243.98,229.75,241.03,101177.89114,1592870399999,True
2020-06-23 00:00:00,1592870400000,241.04,244.45,239.18,240.69,80116.62369,1592956799999,True
2020-06-24 00:00:00,1592956800000,240.68,245.62,229.34,232.8,118724.24935,1593043199999,True
2020-06-25 00:00:00,1593043200000,232.72,235.09,226.23,232.45,72028.67203,1593129599999,True
2020-06-26 00:00:00,1593129600000,232.45,233.72,228.13,230.65,75857.14051,1593215999999,True
2020-06-27 00:00:00,1593216000000,230.72,231.57,204.77,216.37,108856.82037,1593302399999,True
2020-06-28 00:00:00,1593302400000,216.34,225.41,213.4,222.67,56776.29096,1593388799999,True
2020-06-29 00:00:00,1593388800000,222.67,227.5,218.28,225.28,82675.06258,1593475199999,True
2020-06-30 00:00:00,1593475200000,225.33,226.1,220.44,222.12,51309.43015,1593561599999,True
2020-07-01 00:00:00,1593561600000,222.11,226.76,220.56,223.78,80148.4913,1593647999999,True
2020-07-02 00:00:00,1593648000000,223.77,225.83,217.11,219.65,88532.96078,1593734399999,True
2020-07-03 00:00:00,1593734400000,219.63,223.8,218.96,220.73,55468.82889,1593820799999,True
2020-07-04 00:00:00,1593820800000,220.71,226.86,220.19,225.26,60882.28994,1593907199999,True
2020-07-05 00:00:00,1593907200000,225.26,225.87,214.52,222.23,69746.31975,1593993599999,True
2020-07-06 00:00:00,1593993600000,222.24,243.59,221.7,242.34,137713.99269,1594079999999,True
2020-07-07 00:00:00,1594080000000,242.35,244.39,235.0,237.83,96506.70511,1594166399999,True
2020-07-08 00:00:00,1594166400000,237.84,245.98,235.93,243.31,114603.48673,1594252799999,True
2020-07-09 00:00:00,1594252800000,243.29,245.68,232.99,238.13,115469.48625,1594339199999,True
2020-07-10 00:00:00,1594339200000,238.15,240.35,232.5,238.38,82400.94045,1594425599999,True
2020-07-11 00:00:00,1594425600000,238.41,239.4,234.61,236.59,46642.73413,1594511999999,True
2020-07-12 00:00:00,1594512000000,236.59,239.36,231.82,237.42,62877.75601,1594598399999,True
2020-07-13 00:00:00,1594598400000,237.44,237.89,223.83,232.19,121159.41214,1594684799999,True
2020-07-14 00:00:00,1594684800000,232.15,232.2,226.38,230.12,80836.42813,1594771199999,True
2020-07-15 00:00:00,1594771200000,230.12,230.8,225.91,227.4,62972.02102,1594857599999,True
2020-07-16 00:00:00,1594857600000,227.42,228.09,216.55,224.21,86708.8202,1594943999999,True
2020-07-17 00:00:00,1594944000000,224.21,225.6,221.88,222.6,55534.17203,1595030399999,True
2020-07-18 00:00:00,1595030400000,222.59,226.63,222.18,224.33,40614.60292,1595116799999,True
2020-07-19 00:00:00,1595116800000,224.33,228.85,220.14,227.73,60296.56938,1595203199999,True
2020-07-20 00:00:00,1595203200000,227.78,228.5,220.73,222.76,51299.41373,1595289599999,True
2020-07-21 00:00:00,1595289600000,222.76,232.5,222.22,230.34,84436.48163,1595375999999,True
2020-07-22 00:00:00,1595376000000,230.34,239.93,227.66,239.8,94442.91567,1595462399999,True
2020-07-23 00:00:00,1595462400000,239.8,243.05,234.43,238.39,103466.54674,1595548799999,True
2020-07-24 00:00:00,1595548800000,238.33,238.97,232.49,235.03,84930.96483,1595635199999,True
2020-07-25 00:00:00,1595635200000,235.04,253.58,234.77,251.22,170214.47421,1595721599999,True
2020-07-26 00:00:00,1595721600000,251.24,257.29,244.03,247.45,156020.64078,1595807999999,True
2020-07-27 00:00:00,1595808000000,247.47,275.28,247.04,268.62,274806.43059,1595894399999,True
2020-07-28 00:00:00,1595894400000,268.61,297.44,264.45,288.94,307746.91186,1595980799999,True
2020-07-29 00:00:00,1595980800000,288.92,294.5,284.95,287.69,184409.18378,1596067199999,True
2020-07-30 00:00:00,1596067200000,287.69,300.29,280.55,291.62,188439.29175,1596153599999,True
2020-07-31 00:00:00,1596153600000,291.62,306.56,287.0,300.5,157367.52645,1596239999999,True
2020-08-01 00:00:00,1596240000000,300.48,321.19,298.0,319.39,224854.8837,1596326399999,True
2020-08-02 00:00:00,1596326400000,319.38,337.9,235.5,284.1,430392.32288,1596412799999,True
2020-08-03 00:00:00,1596412800000,284.1,304.69,278.99,296.77,207048.17314,1596499199999,True
2020-08-04 00:00:00,1596499200000,296.79,303.14,281.02,288.07,153926.10948,1596585599999,True
2020-08-05 00:00:00,1596585600000,288.07,298.25,284.0,293.5,191543.19554,1596671999999,True
2020-08-06 00:00:00,1596672000000,293.56,320.0,287.33,309.0,269135.29624,1596758399999,True
2020-08-07 00:00:00,1596758400000,309.0,326.33,277.06,302.2,322693.60595,1596844799999,True
2020-08-08 00:00:00,1596844800000,302.2,309.58,297.07,305.33,160729.77705,1596931199999,True
2020-08-09 00:00:00,1596931200000,305.33,309.02,291.51,299.94,141005.25536,1597017599999,True
2020-08-10 00:00:00,1597017600000,299.95,309.17,283.75,302.4,198749.83352,1597103999999,True
2020-08-11 00:00:00,1597104000000,302.37,305.81,269.59,281.83,232065.22636,1597190399999,True
2020-08-12 00:00:00,1597190400000,281.8,290.2,270.48,284.67,163517.54802,1597276799999,True
2020-08-13 00:00:00,1597276800000,284.71,297.12,274.27,295.75,176241.93325,1597363199999,True
2020-08-14 00:00:00,1597363200000,295.78,297.97,287.02,293.38,169930.75535,1597449599999,True
2020-08-15 00:00:00,1597449600000,293.3,308.62,290.5,302.17,211183.74446,1597535999999,True
2020-08-16 00:00:00,1597536000000,302.25,313.92,293.74,308.23,216695.57322,1597622399999,True
2020-08-17 00:00:00,1597622400000,308.32,325.0,301.01,318.09,271033.8916,1597708799999,True
2020-08-18 00:00:00,1597708800000,318.02,324.44,300.5,303.14,214416.37809,1597795199999,True
2020-08-19 00:00:00,1597795200000,303.15,309.16,280.8,292.73,185910.32206,1597881599999,True
2020-08-20 00:00:00,1597881600000,292.74,296.32,288.63,294.69,103320.74749,1597967999999,True
2020-08-21 00:00:00,1597968000000,294.69,305.6,281.28,283.02,174621.87664,1598054399999,True
2020-08-22 00:00:00,1598054400000,282.99,287.74,275.9,286.44,97009.60443,1598140799999,True
2020-08-23 00:00:00,1598140800000,286.44,288.2,278.62,284.67,69576.69708,1598227199999,True
2020-08-24 00:00:00,1598227200000,284.73,295.1,281.97,290.63,95194.72713,1598313599999,True
2020-08-25 00:00:00,1598313600000,290.63,291.62,268.21,275.52,146100.61557,1598399999999,True
2020-08-26 00:00:00,1598400000000,275.52,279.0,271.0,274.81,101109.15836,1598486399999,True
2020-08-27 00:00:00,1598486400000,274.83,277.16,258.12,264.71,165869.72283,1598572799999,True
2020-08-28 00:00:00,1598572800000,264.79,271.93,261.07,268.66,102440.04289,1598659199999,True
2020-08-29 00:00:00,1598659200000,268.59,272.65,265.67,268.04,78192.33625,1598745599999,True
2020-08-30 00:00:00,1598745600000,268.02,279.58,267.64,279.39,86086.54011,1598831999999,True
2020-08-31 00:00:00,1598832000000,279.33,281.45,272.77,273.5,95088.98476,1598918399999,True
2020-09-01 00:00:00,1598918400000,273.48,298.05,268.46,292.07,232587.92357,1599004799999,True
2020-09-02 00:00:00,1599004800000,292.06,295.17,244.0,263.83,294314.69528,1599091199999,True
2020-09-03 00:00:00,1599091200000,263.94,266.36,200.73,213.69,341067.39889,1599177599999,True
2020-09-04 00:00:00,1599177600000,213.64,239.91,211.22,229.98,305119.21878,1599263999999,True
2020-09-05 00:00:00,1599264000000,229.98,234.91,214.0,225.71,291639.00415,1599350399999,True
2020-09-06 00:00:00,1599350400000,225.74,233.45,219.04,227.67,154472.60549,1599436799999,True
2020-09-07 00:00:00,1599436800000,227.76,229.99,215.44,228.74,181406.66681,1599523199999,True
2020-09-08 00:00:00,1599523200000,228.77,230.5,215.66,222.39,145146.96536,1599609599999,True
2020-09-09 00:00:00,1599609600000,222.47,228.39,218.48,224.09,82681.91521,1599695999999,True
2020-09-10 00:00:00,1599696000000,224.05,230.72,223.74,227.38,103271.62362,1599782399999,True
2020-09-11 00:00:00,1599782400000,227.36,228.47,220.39,225.2,77133.94291,1599868799999,True
2020-09-12 00:00:00,1599868800000,225.19,230.33,222.41,230.23,84278.97841,1599955199999,True
2020-09-13 00:00:00,1599955200000,230.18,234.8,219.15,222.1,120800.90227,1600041599999,True
2020-09-14 00:00:00,1600041600000,222.1,228.85,218.88,225.83,113473.91585,1600127999999,True
2020-09-15 00:00:00,1600128000000,225.73,241.91,224.76,235.19,231104.51732,1600214399999,True
2020-09-16 00:00:00,1600214400000,235.17,235.47,226.21,230.85,145579.03889,1600300799999,True
2020-09-17 00:00:00,1600300800000,230.83,239.39,229.6,232.91,119522.85706,1600387199999,True
2020-09-18 00:00:00,1600387200000,232.9,238.9,230.0,234.0,100204.89149,1600473599999,True
2020-09-19 00:00:00,1600473600000,234.0,237.8,231.5,233.16,90683.08321,1600559999999,True
2020-09-20 00:00:00,1600560000000,233.16,233.39,222.02,226.24,83900.40352,1600646399999,True
2020-09-21 00:00:00,1600646400000,226.25,229.0,207.46,212.48,162247.4783,1600732799999,True
2020-09-22 00:00:00,1600732800000,212.52,220.3,210.48,220.08,75236.43768,1600819199999,True
2020-09-23 00:00:00,1600819200000,220.08,220.09,203.07,207.97,82400.18281,1600905599999,True
2020-09-24 00:00:00,1600905600000,207.99,218.9,206.27,216.22,80128.86091,1600991999999,True
2020-09-25 00:00:00,1600992000000,216.22,218.0,210.81,216.52,82751.86333,1601078399999,True
2020-09-26 00:00:00,1601078400000,216.54,224.39,212.44,221.32,74651.15637,1601164799999,True
2020-09-27 00:00:00,1601164800000,221.31,231.97,216.23,229.33,107758.28822,1601251199999,True
2020-09-28 00:00:00,1601251200000,229.37,234.86,223.71,225.75,142750.65256,1601337599999,True
2020-09-29 00:00:00,1601337600000,225.76,230.5,224.36,229.06,91593.58668,1601423999999,True
2020-09-30 00:00:00,1601424000000,229.04,231.47,225.0,227.96,100046.07232,1601510399999,True
2020-10-01 00:00:00,1601510400000,227.97,234.35,221.7,228.12,145134.24919,1601596799999,True
2020-10-02 00:00:00,1601596800000,228.07,228.44,212.14,219.66,127977.88751,1601683199999,True
2020-10-03 00:00:00,1601683200000,219.67,221.49,217.61,218.53,41315.77003,1601769599999,True
2020-10-04 00:00:00,1601769600000,218.5,222.93,216.37,220.89,47612.61012,1601855999999,True
2020-10-05 00:00:00,1601856000000,220.88,222.8,218.06,221.75,67277.28727,1601942399999,True
2020-10-06 00:00:00,1601942400000,221.79,230.41,215.5,219.63,158747.51497,1602028799999,True
2020-10-07 00:00:00,1602028800000,219.59,224.63,216.18,222.98,93831.30811,1602115199999,True
2020-10-08 00:00:00,1602115200000,222.98,236.44,221.23,233.95,197435.16524,1602201599999,True
2020-10-09 00:00:00,1602201600000,233.92,240.18,231.87,237.13,157554.96963,1602287999999,True
2020-10-10 00:00:00,1602288000000,237.14,246.45,235.73,237.26,142096.72771,1602374399999,True
2020-10-11 00:00:00,1602374400000,237.27,243.77,236.1,238.97,122148.72131,1602460799999,True
2020-10-12 00:00:00,1602460800000,238.97,243.99,232.7,239.66,146387.94809,1602547199999,True
2020-10-13 00:00:00,1602547200000,239.63,255.43,237.42,253.46,220515.2411,1602633599999,True
2020-10-14 00:00:00,1602633600000,253.37,260.48,249.75,259.07,190868.59751,1602719999999,True
2020-10-15 00:00:00,1602720000000,259.12,265.2,255.5,262.26,228272.68085,1602806399999,True
2020-10-16 00:00:00,1602806400000,262.25,266.54,243.51,250.3,281236.35132,1602892799999,True
2020-10-17 00:00:00,1602892800000,250.3,252.6,241.01,244.66,119757.0408,1602979199999,True
2020-10-18 00:00:00,1602979200000,244.66,251.01,243.64,249.32,72484.49189,1603065599999,True
2020-10-19 00:00:00,1603065600000,249.3,252.7,245.0,249.87,105468.60457,1603151999999,True
2020-10-20 00:00:00,1603152000000,249.82,250.05,237.67,240.74,139172.67277,1603238399999,True
2020-10-21 00:00:00,1603238400000,240.75,264.11,239.98,258.49,265322.02728,1603324799999,True
2020-10-22 00:00:00,1603324800000,258.38,274.65,258.26,267.97,225831.90201,1603411199999,True
2020-10-23 00:00:00,1603411200000,268.0,276.0,264.2,270.42,169969.69123,1603497599999,True
2020-10-24 00:00:00,1603497600000,270.39,278.63,267.6,275.8,108002.4406,1603583999999,True
2020-10-25 00:00:00,1603584000000,275.79,276.05,268.19,271.11,93327.77517,1603670399999,True
2020-10-26 00:00:00,1603670400000,271.07,273.31,252.61,259.36,196483.76116,1603756799999,True
2020-10-27 00:00:00,1603756800000,259.35,268.0,257.12,264.11,170495.07368,1603843199999,True
2020-10-28 00:00:00,1603843200000,264.08,280.98,258.33,268.06,344773.09855,1603929599999,True
2020-10-29 00:00:00,1603929600000,268.1,271.56,257.56,267.42,165667.34058,1604015999999,True
2020-10-30 00:00:00,1604016000000,267.35,270.62,254.98,261.9,210810.92485,1604102399999,True
2020-10-31 00:00:00,1604102400000,262.0,266.31,259.6,262.01,110123.40361,1604188799999,True
2020-11-01 00:00:00,1604188800000,262.0,270.83,260.16,268.03,89388.18168,1604275199999,True
2020-11-02 00:00:00,1604275200000,268.03,271.66,253.58,257.28,186173.01845,1604361599999,True
2020-11-03 00:00:00,1604361600000,257.31,258.81,230.0,244.22,331235.0443,1604447999999,True
2020-11-04 00:00:00,1604448000000,244.21,244.5,231.0,241.14,197644.26823,1604534399999,True
2020-11-05 00:00:00,1604534400000,241.14,252.0,240.34,249.53,229778.00262,1604620799999,True
2020-11-06 00:00:00,1604620800000,249.52,259.51,248.01,257.79,204240.3255,1604707199999,True
2020-11-07 00:00:00,1604707200000,257.78,277.06,245.11,253.91,350878.09679,1604793599999,True
2020-11-08 00:00:00,1604793600000,253.9,278.0,247.01,270.8,214982.91705,1604879999999,True
2020-11-09 00:00:00,1604880000000,270.73,274.24,257.44,264.27,200850.06157,1604966399999,True
2020-11-10 00:00:00,1604966400000,264.26,266.53,254.72,257.19,129833.02885,1605052799999,True
2020-11-11 00:00:00,1605052800000,257.19,262.5,255.16,256.86,109661.41371,1605139199999,True
2020-11-12 00:00:00,1605139200000,256.87,264.9,251.69,259.99,143611.95611,1605225599999,True
2020-11-13 00:00:00,1605225600000,260.01,262.5,247.91,259.22,159229.51658,1605311999999,True
2020-11-14 00:00:00,1605312000000,259.22,263.0,253.64,255.12,93655.51478,1605398399999,True
2020-11-15 00:00:00,1605398400000,255.13,260.29,235.0,240.43,227544.07562,1605484799999,True
2020-11-16 00:00:00,1605484800000,240.4,253.19,233.04,249.6,200360.7094,1605571199999,True
2020-11-17 00:00:00,1605571200000,249.67,259.62,248.25,255.39,149020.89034,1605657599999,True
2020-11-18 00:00:00,1605657600000,255.29,260.0,241.69,246.23,164845.09668,1605743999999,True
2020-11-19 00:00:00,1605744000000,246.27,250.03,241.23,245.88,94942.86907,1605830399999,True
2020-11-20 00:00:00,1605830400000,245.93,260.16,245.57,260.01,186253.42914,1605916799999,True
2020-11-21 00:00:00,1605916800000,260.0,309.35,256.09,305.06,554751.82729,1606003199999,True
2020-11-22 00:00:00,1606003200000,305.07,312.97,273.81,288.91,471820.8359,1606089599999,True
2020-11-23 00:00:00,1606089600000,288.95,327.12,282.33,323.22,504293.36368,1606175999999,True
2020-11-24 00:00:00,1606176000000,323.09,372.0,318.0,348.06,812068.67389,1606262399999,True
2020-11-25 00:00:00,1606262400000,347.74,363.61,297.9,312.99,544153.84002,1606348799999,True
2020-11-26 00:00:00,1606348800000,312.86,321.5,250.4,271.44,841742.99737,1606435199999,True
2020-11-27 00:00:00,1606435200000,271.49,279.11,255.57,265.45,328389.02242,1606521599999,True
2020-11-28 00:00:00,1606521600000,265.55,284.98,260.74,275.97,274278.38908,1606607999999,True
2020-11-29 00:00:00,1606608000000,275.98,289.1,272.0,285.04,226833.85125,1606694399999,True
2020-11-30 00:00:00,1606694400000,285.17,322.37,280.07,317.49,405407.27074,1606780799999,True
2020-12-01 00:00:00,1606780800000,317.37,320.87,271.38,287.61,539030.71353,1606867199999,True
2020-12-02 00:00:00,1606867200000,287.47,298.0,280.0,294.15,194628.47035,1606953599999,True
2020-12-03 00:00:00,1606953600000,294.22,297.38,285.48,292.1,141969.44742,1607039999999,True
2020-12-04 00:00:00,1607040000000,292.07,307.65,276.64,279.56,306549.78921,1607126399999,True
2020-12-05 00:00:00,1607126400000,279.47,289.98,274.43,289.57,124587.00682,1607212799999,True
2020-12-06 00:00:00,1607212800000,289.59,293.65,279.24,286.24,110403.41767,1607299199999,True
2020-12-07 00:00:00,1607299200000,286.2,290.87,281.03,283.86,98217.22459,1607385599999,True
2020-12-08 00:00:00,1607385600000,283.9,284.96,262.72,267.7,128987.98699,1607471999999,True
2020-12-09 00:00:00,1607472000000,267.8,271.19,255.0,268.7,157133.45628,1607558399999,True
2020-12-10 00:00:00,1607558400000,268.6,269.33,261.33,265.75,85390.42785,1607644799999,True
2020-12-11 00:00:00,1607644800000,265.77,266.93,256.0,259.24,137006.88403,1607731199999,True
2020-12-12 00:00:00,1607731200000,259.3,269.73,257.96,267.89,104091.46321,1607817599999,True
2020-12-13 00:00:00,1607817600000,267.74,282.6,265.7,276.02,113669.80321,1607903999999,True
2020-12-14 00:00:00,1607904000000,275.96,280.37,265.03,276.94,102754.79724,1607990399999,True
2020-12-15 00:00:00,1607990400000,277.0,299.0,270.3,288.85,268961.55713,1608076799999,True
2020-12-16 00:00:00,1608076800000,288.86,314.4,281.69,312.07,327142.83361,1608163199999,True
2020-12-17 00:00:00,1608163200000,312.0,331.34,300.9,310.73,481220.58439,1608249599999,True
2020-12-18 00:00:00,1608249600000,310.58,323.11,305.0,313.33,260821.41237,1608335999999,True
2020-12-19 00:00:00,1608336000000,313.33,325.5,309.2,318.13,280722.81544,1608422399999,True
2020-12-20 00:00:00,1608422400000,317.97,368.52,310.05,349.21,659808.11287,1608508799999,True
2020-12-21 00:00:00,1608508800000,348.98,380.47,307.0,313.41,814909.10335,1608595199999,True
2020-12-22 00:00:00,1608595200000,313.47,324.86,298.0,322.69,471124.45166,1608681599999,True
2020-12-23 00:00:00,1608681600000,322.73,326.43,266.16,275.48,535898.96368,1608767999999,True
2020-12-24 00:00:00,1608768000000,275.48,299.63,270.56,296.99,352851.38968,1608854399999,True
2020-12-25 00:00:00,1608854400000,296.9,325.33,293.1,319.14,364106.38124,1608940799999,True
2020-12-26 00:00:00,1608940800000,319.29,330.39,310.0,323.6,405661.17252,1609027199999,True
2020-12-27 00:00:00,1609027200000,323.71,366.87,307.01,338.1,649963.43392,1609113599999,True
2020-12-28 00:00:00,1609113600000,337.92,377.0,334.0,360.77,460802.95879,1609199999999,True
2020-12-29 00:00:00,1609200000000,360.77,366.97,330.01,352.92,361927.91113,1609286399999,True
2020-12-30 00:00:00,1609286400000,352.88,366.88,341.33,358.69,293073.51627,1609372799999,True
2020-12-31 00:00:00,1609372800000,358.87,361.52,334.33,342.15,223697.38539,1609459199999,True
2021-01-01 00:00:00,1609459200000,342.05,355.4,331.16,341.83,195655.5926,1609545599999,True
2021-01-02 00:00:00,1609545600000,341.74,368.0,333.05,354.55,342010.72594,1609631999999,True
2021-01-03 00:00:00,1609632000000,354.35,433.83,354.22,423.61,739824.85153,1609718399999,True
2021-01-04 00:00:00,1609718400000,423.72,464.33,380.42,405.49,711761.91463,1609804799999,True
2021-01-05 00:00:00,1609804800000,405.61,425.44,389.46,418.09,351147.81644,1609891199999,True
2021-01-06 00:00:00,1609891200000,418.49,458.0,410.63,453.44,368396.77696,1609977599999,True
2021-01-07 00:00:00,1609977600000,453.72,484.0,426.82,448.0,471462.86752,1610063999999,True
2021-01-08 00:00:00,1610064000000,448.01,454.41,401.95,436.98,449738.24625,1610150399999,True
2021-01-09 00:00:00,1610150400000,437.14,588.67,417.52,574.88,825506.02865,1610236799999,True
2021-01-10 00:00:00,1610236800000,574.97,629.79,548.4,599.98,1365089.90235,1610323199999,True
2021-01-11 00:00:00,1610323200000,599.94,602.92,400.0,476.78,1332756.46176,1610409599999,True
2021-01-12 00:00:00,1610409600000,476.87,510.0,443.01,451.88,628843.8071,1610495999999,True
2021-01-13 00:00:00,1610496000000,451.81,500.88,435.1,496.06,469471.02204,1610582399999,True
2021-01-14 00:00:00,1610582400000,496.11,538.88,483.5,527.0,476933.70923,1610668799999,True
2021-01-15 00:00:00,1610668800000,527.15,536.39,452.61,490.7,488575.14311,1610755199999,True
2021-01-16 00:00:00,1610755200000,490.7,515.55,473.41,489.74,405440.8685,1610841599999,True
2021-01-17 00:00:00,1610841600000,489.78,495.84,461.45,479.37,256429.15291,1610927999999,True
2021-01-18 00:00:00,1610928000000,479.32,514.54,469.28,508.95,310010.56706,1611014399999,True
2021-01-19 00:00:00,1611014400000,508.83,553.73,502.76,507.04,484274.08508,1611100799999,True
2021-01-20 00:00:00,1611100800000,507.14,518.62,470.01,496.95,372676.36061,1611187199999,True
2021-01-21 00:00:00,1611187200000,496.96,499.4,405.48,418.68,392151.8381,1611273599999,True
2021-01-22 00:00:00,1611273600000,418.41,450.46,391.77,439.79,358565.41933,1611359999999,True
2021-01-23 00:00:00,1611360000000,439.79,444.0,416.05,431.36,167946.08758,1611446399999,True
2021-01-24 00:00:00,1611446400000,431.34,448.84,421.4,439.52,142813.31791,1611532799999,True
2021-01-25 00:00:00,1611532800000,439.67,465.2,430.43,432.28,215535.24162,1611619199999,True
2021-01-26 00:00:00,1611619200000,432.2,438.69,413.02,427.46,178944.06097,1611705599999,True
2021-01-27 00:00:00,1611705600000,427.6,428.08,369.79,377.17,277907.15105,1611791999999,True
2021-01-28 00:00:00,1611792000000,377.25,414.66,370.14,404.75,199449.34452,1611878399999,True
2021-01-29 00:00:00,1611878400000,404.77,435.08,391.12,407.03,413125.53863,1611964799999,True
2021-01-30 00:00:00,1611964800000,407.09,419.91,392.13,417.02,212546.27868,1612051199999,True
2021-01-31 00:00:00,1612051200000,417.0,417.05,390.51,399.3,150953.57725,1612137599999,True
2021-02-01 00:00:00,1612137600000,399.3,445.72,389.51,414.48,319432.99763,1612223999999,True
2021-02-02 00:00:00,1612224000000,414.43,434.94,410.97,430.31,208441.09144,1612310399999,True
2021-02-03 00:00:00,1612310400000,430.23,449.8,428.09,446.1,213884.22723,1612396799999,True
2021-02-04 00:00:00,1612396800000,446.13,454.94,412.74,420.91,237044.73323,1612483199999,True
2021-02-05 00:00:00,1612483200000,421.03,449.0,417.54,447.72,196582.9991,1612569599999,True
2021-02-06 00:00:00,1612569600000,447.86,490.25,445.79,457.78,466508.66429,1612655999999,True
2021-02-07 00:00:00,1612656000000,458.27,464.06,429.37,444.8,263930.56916,1612742399999,True
2021-02-08 00:00:00,1612742400000,444.77,488.86,436.54,483.99,287368.36575,1612828799999,True
2021-02-09 00:00:00,1612828800000,483.99,519.5,472.7,514.42,430012.31946,1612915199999,True
2021-02-10 00:00:00,1612915200000,514.85,538.96,467.51,494.85,478451.22132,1613001599999,True
2021-02-11 00:00:00,1613001600000,495.08,542.47,490.51,530.4,309368.45755,1613087999999,True
2021-02-12 00:00:00,1613088000000,529.91,580.0,509.84,576.43,385756.27494,1613174399999,True
2021-02-13 00:00:00,1613174400000,576.15,668.6,540.0,668.3,577319.14253,1613260799999,True
2021-02-14 00:00:00,1613260800000,668.32,749.0,652.0,720.44,781088.02231,1613347199999,True
2021-02-15 00:00:00,1613347200000,720.4,773.84,601.0,715.52,895763.44291,1613433599999,True
2021-02-16 00:00:00,1613433600000,715.61,745.0,668.8,705.39,491219.64157,1613519999999,True
2021-02-17 00:00:00,1613520000000,705.51,726.9,675.26,716.45,353699.36465,1613606399999,True
2021-02-18 00:00:00,1613606400000,716.39,730.0,688.75,703.7,266720.76954,1613692799999,True
2021-02-19 00:00:00,1613692800000,704.04,744.12,681.26,718.98,358793.83868,1613779199999,True
2021-02-20 00:00:00,1613779200000,718.95,748.88,626.65,678.29,463755.2178,1613865599999,True
2021-02-21 00:00:00,1613865600000,678.09,736.61,665.51,706.28,360628.16695,1613951999999,True
2021-02-22 00:00:00,1613952000000,706.16,710.42,535.17,628.98,597641.03008,1614038399999,True
2021-02-23 00:00:00,1614038400000,628.6,632.53,407.8,515.84,907191.49638,1614124799999,True
2021-02-24 00:00:00,1614124800000,515.84,556.13,495.53,526.99,404924.08945,1614211199999,True
2021-02-25 00:00:00,1614211200000,527.08,558.0,493.62,499.67,317396.69135,1614297599999,True
2021-02-26 00:00:00,1614297600000,499.06,508.6,457.22,484.46,371279.79721,1614383999999,True
2021-02-27 00:00:00,1614384000000,484.46,510.0,473.09,483.35,190832.45909,1614470399999,True
2021-02-28 00:00:00,1614470400000,483.21,485.25,431.4,460.12,283779.03547,1614556799999,True
2021-03-01 00:00:00,1614556800000,460.17,506.35,457.28,501.61,197158.98818,1614643199999,True
2021-03-02 00:00:00,1614643200000,501.35,549.87,494.06,517.62,351409.62259,1614729599999,True
2021-03-03 00:00:00,1614729600000,517.49,555.71,510.79,520.82,253513.1959,1614815999999,True
2021-03-04 00:00:00,1614816000000,520.84,538.73,492.43,505.31,192087.46194,1614902399999,True
2021-03-05 00:00:00,1614902400000,505.46,505.83,472.7,497.22,147000.38455,1614988799999,True
2021-03-06 00:00:00,1614988800000,496.95,505.87,482.28,500.38,82735.55778,1615075199999,True
2021-03-07 00:00:00,1615075200000,500.31,519.11,500.31,516.56,104970.71072,1615161599999,True
2021-03-08 00:00:00,1615161600000,516.83,529.84,500.33,529.15,151597.32597,1615247999999,True
2021-03-09 00:00:00,1615248000000,529.2,547.13,523.22,545.32,143611.2855,1615334399999,True
2021-03-10 00:00:00,1615334400000,545.44,568.24,517.0,546.27,229766.30389,1615420799999,True
2021-03-11 00:00:00,1615420800000,546.42,565.15,528.0,549.85,244274.8919,1615507199999,True
2021-03-12 00:00:00,1615507200000,549.81,564.08,508.89,538.44,209147.55984,1615593599999,True
2021-03-13 00:00:00,1615593600000,538.36,608.96,521.27,593.99,260595.48583,1615679999999,True
2021-03-14 00:00:00,1615680000000,594.06,601.98,551.18,552.02,197851.56796,1615766399999,True
2021-03-15 00:00:00,1615766400000,551.72,568.16,514.56,523.2,218431.83319,1615852799999,True
2021-03-16 00:00:00,1615852800000,523.56,538.45,502.2,528.5,143752.20213,1615939199999,True
2021-03-17 00:00:00,1615939200000,528.63,542.04,511.4,541.57,90157.53471,1616025599999,True
2021-03-18 00:00:00,1616025600000,541.67,547.0,522.59,528.17,106568.49627,1616111999999,True
2021-03-19 00:00:00,1616112000000,528.45,551.0,516.92,532.37,93469.59007,1616198399999,True
2021-03-20 00:00:00,1616198400000,532.3,551.88,529.51,536.05,80188.49595,1616284799999,True
2021-03-21 00:00:00,1616284800000,536.28,543.26,515.0,523.59,74186.58933,1616371199999,True
2021-03-22 00:00:00,1616371200000,523.58,539.63,506.0,509.07,129368.92675,1616457599999,True
2021-03-23 00:00:00,1616457600000,509.1,533.59,505.4,510.76,143098.49874,1616543999999,True
2021-03-24 00:00:00,1616544000000,510.81,529.58,441.47,474.22,151972.99143,1616630399999,True
2021-03-25 00:00:00,1616630400000,474.23,482.4,451.0,472.8,133333.27476,1616716799999,True
2021-03-26 00:00:00,1616716800000,472.79,507.69,470.36,505.81,125094.96215,1616803199999,True
2021-03-27 00:00:00,1616803200000,505.75,509.66,484.88,500.58,68717.5698,1616889599999,True
2021-03-28 00:00:00,1616889600000,500.59,505.59,485.0,497.04,65710.04194,1616975999999,True
2021-03-29 00:00:00,1616976000000,497.1,525.0,491.5,518.36,86795.79347,1617062399999,True
2021-03-30 00:00:00,1617062400000,518.37,536.55,511.3,525.75,84618.16447,1617148799999,True
2021-03-31 00:00:00,1617148800000,525.75,545.15,502.63,541.06,129530.08694,1617235199999,True
2021-04-01 00:00:00,1617235200000,541.11,560.0,528.65,556.66,148840.2563,1617321599999,True
2021-04-02 00:00:00,1617321600000,556.66,598.54,545.13,580.64,206037.03486,1617407999999,True
2021-04-03 00:00:00,1617408000000,580.4,595.91,529.1,530.59,184193.06816,1617494399999,True
2021-04-04 00:00:00,1617494400000,530.66,564.4,521.07,560.78,107555.14523,1617580799999,True
2021-04-05 00:00:00,1617580800000,560.8,650.0,553.66,647.21,293929.35765,1617667199999,True
2021-04-06 00:00:00,1617667200000,647.24,673.9,614.68,662.5,304984.29926,1617753599999,True
2021-04-07 00:00:00,1617753600000,662.71,694.71,594.29,615.93,400244.94801,1617839999999,True
2021-04-08 00:00:00,1617840000000,615.77,643.82,609.14,643.35,145110.49667,1617926399999,True
2021-04-09 00:00:00,1617926400000,642.93,649.7,625.0,631.21,111815.69502,1618012799999,True
2021-04-10 00:00:00,1618012800000,631.38,681.9,624.37,673.1,198066.10152,1618099199999,True
2021-04-11 00:00:00,1618099200000,673.41,715.7,669.48,689.65,262377.89271,1618185599999,True
2021-04-12 00:00:00,1618185600000,689.68,700.0,652.05,670.39,163792.2563,1618271999999,True
2021-04-13 00:00:00,1618272000000,670.57,752.0,666.8,745.14,322260.75205,1618358399999,True
2021-04-14 00:00:00,1618358400000,745.06,846.0,744.88,814.85,592566.44498,1618444799999,True
2021-04-15 00:00:00,1618444800000,814.61,876.87,797.7,864.82,329984.5866,1618531199999,True
2021-04-16 00:00:00,1618531200000,864.44,1175.14,816.19,1103.53,1040206.08635,1618617599999,True
2021-04-17 00:00:00,1618617600000,1103.54,1219.98,988.62,991.76,733523.99364,1618703999999,True
2021-04-18 00:00:00,1618704000000,992.11,1015.3,806.89,972.51,781742.51031,1618790399999,True
2021-04-19 00:00:00,1618790400000,972.51,1040.52,872.18,891.27,538626.70315,1618876799999,True
2021-04-20 00:00:00,1618876800000,891.57,972.69,828.0,940.79,474777.94408,1618963199999,True
2021-04-21 00:00:00,1618963200000,940.41,998.8,899.31,909.2,390598.05242,1619049599999,True
2021-04-22 00:00:00,1619049600000,909.27,971.61,840.0,853.08,418319.88377,1619135999999,True
2021-04-23 00:00:00,1619136000000,853.22,874.44,685.36,839.34,608416.42846,1619222399999,True
2021-04-24 00:00:00,1619222400000,839.34,843.01,747.79,770.41,255044.98998,1619308799999,True
2021-04-25 00:00:00,1619308800000,771.36,807.01,715.28,758.87,164175.23223,1619395199999,True
2021-04-26 00:00:00,1619395200000,759.3,850.0,750.44,848.88,240883.28745,1619481599999,True
2021-04-27 00:00:00,1619481600000,848.89,892.0,832.19,890.58,190490.33123,1619567999999,True
2021-04-28 00:00:00,1619568000000,890.15,929.0,852.39,910.44,251408.92114,1619654399999,True
2021-04-29 00:00:00,1619654400000,910.44,915.0,859.01,880.43,154378.4938,1619740799999,True
2021-04-30 00:00:00,1619740800000,880.23,1000.83,869.05,995.51,211812.19281,1619827199999,True
2021-05-01 00:00:00,1619827200000,995.9,1031.27,975.9,1003.77,186785.08757,1619913599999,True
2021-05-02 00:00:00,1619913600000,1003.55,1011.0,950.32,972.25,120636.34335,1619999999999,True
2021-05-03 00:00:00,1620000000000,972.67,1049.0,971.2,1015.02,170309.4877,1620086399999,True
2021-05-04 00:00:00,1620086400000,1015.68,1055.99,930.69,950.89,400173.45451,1620172799999,True
2021-05-05 00:00:00,1620172800000,951.02,1477.0,939.01,1453.49,982455.57352,1620259199999,True
2021-05-06 00:00:00,1620259200000,1453.04,1610.3,1270.12,1509.27,1022211.69691,1620345599999,True
2021-05-07 00:00:00,1620345600000,1509.22,1511.42,1269.44,1340.72,571117.72722,1620431999999,True
2021-05-08 00:00:00,1620432000000,1340.15,1449.63,1322.33,1396.86,354887.17744,1620518399999,True
2021-05-09 00:00:00,1620518400000,1396.73,1430.0,1282.73,1427.8,257872.90404,1620604799999,True
2021-05-10 00:00:00,1620604800000,1427.87,1571.87,1198.15,1321.31,480686.22854,1620691199999,True
2021-05-11 00:00:00,1620691200000,1321.2,1550.0,1300.0,1547.51,351316.20726,1620777599999,True
2021-05-12 00:00:00,1620777600000,1548.29,1650.0,1200.0,1236.46,490390.17148,1620863999999,True
2021-05-13 00:00:00,1620864000000,1236.46,1344.1,1133.42,1258.52,551513.17345,1620950399999,True
2021-05-14 00:00:00,1620950400000,1257.11,1361.44,1223.79,1296.38,246717.05169,1621036799999,True
2021-05-15 00:00:00,1621036800000,1296.78,1336.84,1161.79,1171.75,241359.96058,1621123199999,True
2021-05-16 00:00:00,1621123200000,1171.36,1282.0,1098.93,1166.69,281277.75587,1621209599999,True
2021-05-17 00:00:00,1621209600000,1166.88,1168.14,988.43,1069.74,404222.98907,1621295999999,True
2021-05-18 00:00:00,1621296000000,1069.62,1166.13,1051.2,1089.32,231294.37703,1621382399999,True
2021-05-19 00:00:00,1621382400000,1089.43,1113.06,490.0,694.51,943458.65757,1621468799999,True
2021-05-20 00:00:00,1621468800000,694.5,864.28,600.0,817.65,587781.52102,1621555199999,True
2021-05-21 00:00:00,1621555200000,817.58,850.93,604.0,687.5,699870.06323,1621641599999,True
2021-05-22 00:00:00,1621641600000,687.51,721.76,598.98,629.85,456596.53325,1621727999999,True
2021-05-23 00:00:00,1621728000000,629.96,659.85,468.13,552.37,687431.92972,1621814399999,True
2021-05-24 00:00:00,1621814400000,551.74,759.99,538.11,754.0,470042.80887,1621900799999,True
2021-05-25 00:00:00,1621900800000,753.8,792.61,667.6,718.79,453339.03018,1621987199999,True
2021-05-26 00:00:00,1621987200000,719.5,788.66,707.24,763.96,269036.81715,1622073599999,True
2021-05-27 00:00:00,1622073600000,764.16,806.87,700.52,750.03,233887.66575,1622159999999,True
2021-05-28 00:00:00,1622160000000,750.2,761.57,652.25,688.28,302614.79017,1622246399999,True
2021-05-29 00:00:00,1622246400000,688.75,721.25,617.57,651.96,197313.51574,1622332799999,True
2021-05-30 00:00:00,1622332800000,652.0,688.61,616.04,661.66,138072.20393,1622419199999,True
2021-05-31 00:00:00,1622419200000,661.41,711.4,634.34,702.46,173886.93112,1622505599999,True
2021-06-01 00:00:00,1622505600000,702.47,721.33,668.13,691.13,161829.1859,1622591999999,True
2021-06-02 00:00:00,1622592000000,691.07,716.44,674.59,697.36,120872.00835,1622678399999,True
2021-06-03 00:00:00,1622678400000,697.68,735.53,687.43,718.91,133112.20681,1622764799999,True
2021-06-04 00:00:00,1622764800000,718.98,720.0,642.67,670.74,138850.61902,1622851199999,True
2021-06-05 00:00:00,1622851200000,670.57,688.93,634.13,649.31,110720.05945,1622937599999,True
2021-06-06 00:00:00,1622937600000,649.04,670.0,644.57,656.1,63516.71238,1623023999999,True
2021-06-07 00:00:00,1623024000000,656.17,670.63,590.47,596.45,108223.56663,1623110399999,True
2021-06-08 00:00:00,1623110400000,596.3,604.89,542.63,595.31,213866.11326,1623196799999,True
2021-06-09 00:00:00,1623196800000,595.31,634.63,566.11,634.0,154574.44857,1623283199999,True
2021-06-10 00:00:00,1623283200000,633.99,639.2,588.19,601.11,117895.94848,1623369599999,True
2021-06-11 00:00:00,1623369600000,601.61,611.6,569.43,577.04,101686.78286,1623455999999,True
2021-06-12 00:00:00,1623456000000,577.19,591.84,547.18,580.0,96151.23981,1623542399999,True
2021-06-13 00:00:00,1623542400000,580.06,615.49,558.61,613.46,82082.3743,1623628799999,True
2021-06-14 00:00:00,1623628800000,613.41,642.0,598.94,641.5,104342.50766,1623715199999,True
2021-06-15 00:00:00,1623715200000,641.29,650.35,616.43,627.17,90740.18982,1623801599999,True
2021-06-16 00:00:00,1623801600000,627.16,628.17,589.58,593.73,84039.84142,1623887999999,True
2021-06-17 00:00:00,1623888000000,593.7,621.0,583.66,598.95,72418.19694,1623974399999,True
2021-06-18 00:00:00,1623974400000,599.01,599.48,544.69,563.21,91446.32394,1624060799999,True
2021-06-19 00:00:00,1624060800000,563.27,581.59,551.33,552.12,59695.93864,1624147199999,True
2021-06-20 00:00:00,1624147200000,552.04,560.86,513.36,556.16,95965.81875,1624233599999,True
2021-06-21 00:00:00,1624233600000,556.1,559.88,454.13,455.4,226905.28222,1624319999999,True
2021-06-22 00:00:00,1624320000000,455.22,478.76,387.61,444.06,331912.80577,1624406399999,True
2021-06-23 00:00:00,1624406400000,444.24,485.9,428.0,472.79,172528.56467,1624492799999,True
2021-06-24 00:00:00,1624492800000,472.99,495.82,455.24,486.96,108182.74342,1624579199999,True
2021-06-25 00:00:00,1624579200000,486.97,497.55,449.18,449.22,130475.41084,1624665599999,True
2021-06-26 00:00:00,1624665600000,449.23,464.49,428.43,459.58,122490.90442,1624751999999,True
2021-06-27 00:00:00,1624752000000,459.56,478.31,446.35,477.79,76419.45428,1624838399999,True
2021-06-28 00:00:00,1624838400000,477.76,518.8,472.31,501.83,118530.62635,1624924799999,True
2021-06-29 00:00:00,1624924800000,501.62,546.83,499.89,524.01,151297.81941,1625011199999,True
2021-06-30 00:00:00,1625011200000,524.26,534.33,498.14,526.8,110061.5491,1625097599999,True
2021-07-01 00:00:00,1625097600000,526.8,526.81,485.46,495.79,114834.02249,1625183999999,True
2021-07-02 00:00:00,1625184000000,495.74,504.73,475.69,495.76,89209.25415,1625270399999,True
2021-07-03 00:00:00,1625270400000,495.76,514.87,487.84,505.24,59372.49593,1625356799999,True
2021-07-04 00:00:00,1625356800000,505.24,542.04,495.26,526.73,88071.08661,1625443199999,True
2021-07-05 00:00:00,1625443200000,526.92,527.43,487.0,504.31,107406.78704,1625529599999,True
2021-07-06 00:00:00,1625529600000,504.42,525.96,499.62,511.55,89128.39943,1625615999999,True
2021-07-07 00:00:00,1625616000000,511.42,537.74,505.35,509.35,108366.99235,1625702399999,True
2021-07-08 00:00:00,1625702400000,509.13,510.81,479.02,490.3,103159.74225,1625788799999,True
2021-07-09 00:00:00,1625788800000,490.31,510.28,471.22,504.16,87878.24218,1625875199999,True
2021-07-10 00:00:00,1625875200000,504.03,511.26,483.62,496.94,60935.68907,1625961599999,True
2021-07-11 00:00:00,1625961600000,496.95,503.73,489.3,498.11,48361.17665,1626047999999,True
2021-07-12 00:00:00,1626048000000,498.1,509.02,471.06,479.58,74244.60217,1626134399999,True
2021-07-13 00:00:00,1626134400000,479.58,484.41,459.77,465.1,63722.01888,1626220799999,True
2021-07-14 00:00:00,1626220800000,465.0,478.44,443.41,467.36,85764.77993,1626307199999,True
2021-07-15 00:00:00,1626307200000,467.36,474.01,443.62,455.9,79013.92001,1626393599999,True
2021-07-16 00:00:00,1626393600000,455.76,464.76,436.7,438.02,72404.4753,1626479999999,True
2021-07-17 00:00:00,1626480000000,438.12,446.81,430.01,436.07,66769.39009,1626566399999,True
2021-07-18 00:00:00,1626566400000,436.15,453.28,431.74,437.92,63907.09716,1626652799999,True
2021-07-19 00:00:00,1626652800000,438.0,441.37,413.22,414.94,73192.33227,1626739199999,True
2021-07-20 00:00:00,1626739200000,414.94,422.22,383.53,398.48,123809.16022,1626825599999,True
2021-07-21 00:00:00,1626825600000,398.61,435.56,392.0,430.7,110417.62569,1626911999999,True
2021-07-22 00:00:00,1626912000000,430.76,445.48,424.27,442.15,77928.94325,1626998399999,True
2021-07-23 00:00:00,1626998400000,442.27,456.12,431.36,454.78,71929.13007,1627084799999,True
2021-07-24 00:00:00,1627084800000,454.8,464.79,449.92,458.49,70744.57755,1627171199999,True
2021-07-25 00:00:00,1627171200000,458.63,459.52,441.17,454.99,73995.53641,1627257599999,True
2021-07-26 00:00:00,1627257600000,455.06,517.91,452.65,481.09,262175.42413,1627343999999,True
2021-07-27 00:00:00,1627344000000,481.25,504.1,467.51,501.91,124593.31289,1627430399999,True
2021-07-28 00:00:00,1627430400000,501.79,519.52,489.26,511.41,136467.60549,1627516799999,True
2021-07-29 00:00:00,1627516800000,511.66,547.66,498.56,538.9,132327.90946,1627603199999,True
2021-07-30 00:00:00,1627603200000,539.01,553.38,516.55,552.77,126232.68551,1627689599999,True
2021-07-31 00:00:00,1627689600000,552.78,558.0,536.73,545.98,93489.27141,1627775999999,True
2021-08-01 00:00:00,1627776000000,545.8,564.57,512.0,526.26,128112.36165,1627862399999,True
2021-08-02 00:00:00,1627862400000,526.26,567.57,519.5,543.3,132569.06316,1627948799999,True
2021-08-03 00:00:00,1627948800000,543.27,551.92,521.32,538.6,91067.60739,1628035199999,True
2021-08-04 00:00:00,1628035200000,538.52,552.84,524.44,545.72,87376.84649,1628121599999,True
2021-08-05 00:00:00,1628121600000,545.73,550.82,522.66,548.39,128862.96248,1628207999999,True
2021-08-06 00:00:00,1628208000000,548.42,561.17,536.93,557.42,132109.43214,1628294399999,True
2021-08-07 00:00:00,1628294400000,557.45,590.76,553.42,583.53,190862.13152,1628380799999,True
2021-08-08 00:00:00,1628380800000,583.61,590.01,554.05,555.56,144243.45952,1628467199999,True
2021-08-09 00:00:00,1628467200000,555.57,601.0,543.08,591.37,162018.25286,1628553599999,True
2021-08-10 00:00:00,1628553600000,591.32,607.57,573.4,592.06,144091.9939,1628639999999,True
2021-08-11 00:00:00,1628640000000,592.24,632.46,590.49,620.37,143601.15167,1628726399999,True
2021-08-12 00:00:00,1628726400000,620.28,649.86,592.37,606.21,164788.81625,1628812799999,True
2021-08-13 00:00:00,1628812800000,606.09,655.48,601.1,654.44,109691.85796,1628899199999,True
2021-08-14 00:00:00,1628899200000,654.5,692.88,642.0,692.08,147262.58574,1628985599999,True
2021-08-15 00:00:00,1628985600000,691.95,709.66,672.03,703.42,164209.90548,1629071999999,True
2021-08-16 00:00:00,1629072000000,703.25,714.76,673.16,673.31,119743.49098,1629158399999,True
2021-08-17 00:00:00,1629158400000,673.26,691.05,637.66,639.19,109258.83752,1629244799999,True
2021-08-18 00:00:00,1629244800000,639.13,655.25,619.72,632.04,108628.80486,1629331199999,True
2021-08-19 00:00:00,1629331200000,631.95,660.27,619.6,659.83,87859.81953,1629417599999,True
2021-08-20 00:00:00,1629417600000,659.71,700.45,652.13,693.99,97292.22596,1629503999999,True
2021-08-21 00:00:00,1629504000000,694.08,700.0,671.25,675.56,88300.18374,1629590399999,True
2021-08-22 00:00:00,1629590400000,675.32,689.39,652.0,672.29,69491.00267,1629676799999,True
2021-08-23 00:00:00,1629676800000,672.32,694.24,664.12,678.22,148585.12555,1629763199999,True
2021-08-24 00:00:00,1629763200000,678.05,683.68,633.27,636.38,92281.60481,1629849599999,True
2021-08-25 00:00:00,1629849600000,636.25,658.76,626.28,650.39,85748.25743,1629935999999,True
2021-08-26 00:00:00,1629936000000,650.4,656.26,603.89,606.1,85550.87441,1630022399999,True
2021-08-27 00:00:00,1630022400000,606.2,636.4,596.2,636.0,81897.10718,1630108799999,True
2021-08-28 00:00:00,1630108800000,635.9,646.8,622.4,646.6,59859.89069,1630195199999,True
2021-08-29 00:00:00,1630195200000,646.6,693.4,646.5,659.0,208061.96325,1630281599999,True
2021-08-30 00:00:00,1630281600000,659.0,665.2,630.0,632.4,82527.806,1630367999999,True
2021-08-31 00:00:00,1630368000000,632.3,651.4,623.9,636.6,85649.525,1630454399999,True
2021-09-01 00:00:00,1630454400000,636.8,657.4,625.3,655.7,109121.638,1630540799999,True
2021-09-02 00:00:00,1630540800000,655.8,673.9,652.5,664.3,78695.693,1630627199999,True
2021-09-03 00:00:00,1630627200000,664.3,721.7,651.0,713.7,183097.98987,1630713599999,True
2021-09-04 00:00:00,1630713600000,713.6,737.5,696.4,709.0,162246.49484,1630799999999,True
2021-09-05 00:00:00,1630800000000,709.1,767.4,698.1,764.5,141345.97943,1630886399999,True
2021-09-06 00:00:00,1630886400000,764.5,803.6,741.2,784.5,233263.46948,1630972799999,True
2021-09-07 00:00:00,1630972800000,784.5,787.6,583.1,673.4,376360.05746,1631059199999,True
2021-09-08 00:00:00,1631059200000,673.5,679.6,644.1,662.7,130590.474,1631145599999,True
2021-09-09 00:00:00,1631145600000,662.8,673.5,655.4,661.5,91459.423,1631231999999,True
2021-09-10 00:00:00,1631232000000,661.4,673.9,617.9,628.9,89982.715,1631318399999,True
2021-09-11 00:00:00,1631318400000,628.8,647.9,625.6,636.1,58841.442,1631404799999,True
2021-09-12 00:00:00,1631404800000,636.2,655.3,623.1,646.5,63703.356,1631491199999,True
2021-09-13 00:00:00,1631491200000,646.6,661.3,591.4,614.1,169513.768,1631577599999,True
2021-09-14 00:00:00,1631577600000,614.1,642.8,608.4,640.7,73259.539,1631663999999,True
2021-09-15 00:00:00,1631664000000,640.6,656.9,632.2,652.6,62783.18,1631750399999,True
2021-09-16 00:00:00,1631750400000,652.5,655.3,625.7,639.2,77227.74,1631836799999,True
2021-09-17 00:00:00,1631836800000,639.2,647.9,612.4,621.2,79876.628,1631923199999,True
2021-09-18 00:00:00,1631923200000,621.4,638.3,614.2,630.8,54528.418,1632009599999,True
2021-09-19 00:00:00,1632009600000,630.6,647.5,601.7,608.7,80578.29,1632095999999,True
2021-09-20 00:00:00,1632096000000,608.8,609.3,530.1,542.7,179788.74081,1632182399999,True
2021-09-21 00:00:00,1632182400000,542.6,552.4,496.6,505.4,189039.77906,1632268799999,True
2021-09-22 00:00:00,1632268800000,505.1,548.1,496.2,547.7,111368.657,1632355199999,True
2021-09-23 00:00:00,1632355200000,547.6,553.8,532.3,552.7,75540.421,1632441599999,True
2021-09-24 00:00:00,1632441600000,552.6,556.8,478.9,513.5,164421.03637,1632527999999,True
2021-09-25 00:00:00,1632528000000,513.2,523.3,501.7,516.8,99450.217,1632614399999,True
2021-09-26 00:00:00,1632614400000,516.9,519.9,480.2,503.2,161614.939,1632700799999,True
2021-09-27 00:00:00,1632700800000,503.1,515.2,487.6,488.0,106024.088,1632787199999,True
2021-09-28 00:00:00,1632787200000,488.1,499.3,472.2,474.2,104265.5088,1632873599999,True
2021-09-29 00:00:00,1632873600000,474.0,498.2,471.3,484.9,81899.35354,1632959999999,True
2021-09-30 00:00:00,1632960000000,484.9,506.1,481.9,502.6,73302.834,1633046399999,True
2021-10-01 00:00:00,1633046400000,502.8,544.7,500.3,543.7,102037.204,1633132799999,True
2021-10-02 00:00:00,1633132800000,543.7,559.9,536.4,552.1,67360.385,1633219199999,True
2021-10-03 00:00:00,1633219200000,552.0,579.1,544.5,571.0,73818.85,1633305599999,True
2021-10-04 00:00:00,1633305600000,571.1,571.2,530.2,550.7,104364.046,1633391999999,True
2021-10-05 00:00:00,1633392000000,550.8,600.3,548.8,594.5,101027.901,1633478399999,True
2021-10-06 00:00:00,1633478400000,594.7,626.5,562.1,617.1,194811.314,1633564799999,True
2021-10-07 00:00:00,1633564800000,617.2,636.7,597.6,611.3,159699.31,1633651199999,True
2021-10-08 00:00:00,1633651200000,611.5,617.8,587.5,596.2,115217.982,1633737599999,True
2021-10-09 00:00:00,1633737600000,596.3,624.5,591.3,615.2,82548.978,1633823999999,True
2021-10-10 00:00:00,1633824000000,615.2,623.2,582.1,584.7,85734.078,1633910399999,True
2021-10-11 00:00:00,1633910400000,584.5,618.5,576.7,601.3,102504.502,1633996799999,True
2021-10-12 00:00:00,1633996800000,601.1,601.3,567.7,587.9,98138.062,1634083199999,True
2021-10-13 00:00:00,1634083200000,587.9,594.9,571.4,593.7,91096.306,1634169599999,True
2021-10-14 00:00:00,1634169600000,593.7,607.7,590.3,599.1,75123.447,1634255999999,True
2021-10-15 00:00:00,1634256000000,599.1,637.2,585.6,625.7,169544.926,1634342399999,True
2021-10-16 00:00:00,1634342400000,625.4,649.4,623.6,625.4,100802.456,1634428799999,True
2021-10-17 00:00:00,1634428800000,625.6,628.7,589.7,612.5,84225.557,1634515199999,True
2021-10-18 00:00:00,1634515200000,612.6,619.3,598.3,611.5,70874.91,1634601599999,True
2021-10-19 00:00:00,1634601600000,611.3,625.0,599.4,618.5,71717.378,1634687999999,True
2021-10-20 00:00:00,1634688000000,618.5,648.9,605.1,644.7,93634.901,1634774399999,True
2021-10-21 00:00:00,1634774400000,644.6,655.9,621.1,623.4,116045.595,1634860799999,True
2021-10-22 00:00:00,1634860800000,623.3,637.0,612.5,623.9,66136.187,1634947199999,True
2021-10-23 00:00:00,1634947200000,623.8,637.6,614.8,629.1,50173.939,1635033599999,True
2021-10-24 00:00:00,1635033600000,629.0,633.1,605.6,617.2,66362.212,1635119999999,True
2021-10-25 00:00:00,1635120000000,617.2,628.5,614.8,621.3,58271.082,1635206399999,True
2021-10-26 00:00:00,1635206400000,621.3,632.2,600.0,611.9,68384.251,1635292799999,True
2021-10-27 00:00:00,1635292800000,612.0,619.2,531.2,548.4,137606.387,1635379199999,True
2021-10-28 00:00:00,1635379200000,548.4,599.0,543.8,578.7,133464.877,1635465599999,True
2021-10-29 00:00:00,1635465600000,578.7,596.6,574.2,594.8,57143.761,1635551999999,True
2021-10-30 00:00:00,1635552000000,594.9,601.1,576.0,585.3,49042.952,1635638399999,True
2021-10-31 00:00:00,1635638400000,585.3,604.9,573.9,596.9,84296.587,1635724799999,True
2021-11-01 00:00:00,1635724800000,596.9,599.6,578.5,586.9,62284.449,1635811199999,True
2021-11-02 00:00:00,1635811200000,587.0,608.6,582.1,598.4,64432.652,1635897599999,True
2021-11-03 00:00:00,1635897600000,598.5,620.0,588.8,611.0,117461.926,1635983999999,True
2021-11-04 00:00:00,1635984000000,611.2,613.2,586.2,595.6,64670.836,1636070399999,True
2021-11-05 00:00:00,1636070400000,595.4,632.8,591.6,597.7,163703.641,1636156799999,True
2021-11-06 00:00:00,1636156800000,597.6,602.4,576.2,587.4,51914.276,1636243199999,True
2021-11-07 00:00:00,1636243200000,587.4,600.5,585.8,600.4,37065.57,1636329599999,True
2021-11-08 00:00:00,1636329600000,600.4,643.0,598.7,638.4,131609.549,1636415999999,True
2021-11-09 00:00:00,1636416000000,638.4,731.4,636.5,717.5,337609.008,1636502399999,True
2021-11-10 00:00:00,1636502400000,717.4,729.3,643.9,662.9,290490.426,1636588799999,True
2021-11-11 00:00:00,1636588800000,662.7,680.8,658.4,675.8,93440.469,1636675199999,True
2021-11-12 00:00:00,1636675200000,675.8,684.5,646.7,668.1,107119.819,1636761599999,True
2021-11-13 00:00:00,1636761600000,668.2,670.8,655.4,665.6,59366.558,1636847999999,True
2021-11-14 00:00:00,1636848000000,665.7,679.6,657.3,679.5,65643.815,1636934399999,True
2021-11-15 00:00:00,1636934400000,679.6,686.3,664.3,665.6,72500.056,1637020799999,True
2021-11-16 00:00:00,1637020800000,665.6,665.7,571.0,597.8,184354.632,1637107199999,True
2021-11-17 00:00:00,1637107200000,598.0,603.7,577.4,595.0,95949.712,1637193599999,True
2021-11-18 00:00:00,1637193600000,595.1,601.9,542.5,554.4,112696.84,1637279999999,True
2021-11-19 00:00:00,1637280000000,554.4,577.0,548.1,574.3,70640.87,1637366399999,True
2021-11-20 00:00:00,1637366400000,574.3,588.3,564.6,584.5,55870.121,1637452799999,True
2021-11-21 00:00:00,1637452800000,584.5,585.4,568.7,574.4,43043.001,1637539199999,True
2021-11-22 00:00:00,1637539200000,574.7,578.3,546.6,556.9,79429.498,1637625599999,True
2021-11-23 00:00:00,1637625600000,556.9,575.6,546.2,571.1,77026.051,1637711999999,True
2021-11-24 00:00:00,1637712000000,571.0,620.2,558.4,618.8,147972.635,1637798399999,True
2021-11-25 00:00:00,1637798400000,618.6,635.9,607.5,616.8,119004.643,1637884799999,True
2021-11-26 00:00:00,1637884800000,616.7,618.7,540.0,557.3,238191.961,1637971199999,True
2021-11-27 00:00:00,1637971200000,557.1,573.4,554.9,562.7,55251.042,1638057599999,True
2021-11-28 00:00:00,1638057600000,562.4,569.2,530.8,568.7,78454.333,1638143999999,True
2021-11-29 00:00:00,1638144000000,568.9,581.4,557.0,574.9,80606.458,1638230399999,True
2021-11-30 00:00:00,1638230400000,575.0,587.7,556.7,570.4,97384.505,1638316799999,True
2021-12-01 00:00:00,1638316800000,570.4,586.7,565.0,570.8,63632.867,1638403199999,True
2021-12-02 00:00:00,1638403200000,570.5,574.6,558.1,561.7,58107.089,1638489599999,True
2021-12-03 00:00:00,1638489600000,561.6,567.8,518.7,532.4,84425.415,1638575999999,True
2021-12-04 00:00:00,1638576000000,532.4,534.8,344.1,473.2,454263.13227,1638662399999,True
2021-12-05 00:00:00,1638662400000,473.1,477.8,434.7,453.0,164903.079,1638748799999,True
2021-12-06 00:00:00,1638748800000,453.2,480.4,418.8,474.8,183974.198,1638835199999,True
2021-12-07 00:00:00,1638835200000,474.5,502.4,463.7,474.3,146890.136,1638921599999,True
2021-12-08 00:00:00,1638921600000,474.1,488.2,463.4,480.4,116410.626,1639007999999,True
2021-12-09 00:00:00,1639008000000,480.7,483.0,448.0,448.6,108170.725,1639094399999,True
2021-12-10 00:00:00,1639094400000,448.8,468.8,436.7,438.6,116635.429,1639180799999,True
2021-12-11 00:00:00,1639180800000,438.1,461.5,431.8,459.3,77717.165,1639267199999,True
2021-12-12 00:00:00,1639267200000,459.4,462.5,441.9,458.0,51546.569,1639353599999,True
2021-12-13 00:00:00,1639353600000,457.9,460.3,414.3,421.8,99442.495,1639439999999,True
2021-12-14 00:00:00,1639440000000,421.9,441.9,418.5,436.8,94455.323,1639526399999,True
2021-12-15 00:00:00,1639526400000,436.7,450.0,416.7,447.6,93653.304,1639612799999,True
2021-12-16 00:00:00,1639612800000,447.7,454.3,437.1,438.3,51300.637,1639699199999,True
2021-12-17 00:00:00,1639699200000,438.2,441.5,417.7,424.5,60266.622,1639785599999,True
2021-12-18 00:00:00,1639785600000,424.6,439.3,419.0,435.7,43400.341,1639871999999,True
2021-12-19 00:00:00,1639872000000,435.7,445.5,431.8,432.8,45051.369,1639958399999,True
2021-12-20 00:00:00,1639958400000,432.7,440.0,419.0,430.2,61836.246,1640044799999,True
2021-12-21 00:00:00,1640044800000,430.2,440.7,426.7,437.7,46349.448,1640131199999,True
2021-12-22 00:00:00,1640131200000,437.7,447.1,434.6,438.1,41487.242,1640217599999,True
2021-12-23 00:00:00,1640217600000,438.1,458.4,434.4,455.6,50587.851,1640303999999,True
2021-12-24 00:00:00,1640304000000,455.7,461.2,448.5,451.8,47095.622,1640390399999,True
2021-12-25 00:00:00,1640390400000,451.9,460.5,447.4,455.1,32000.055,1640476799999,True
2021-12-26 00:00:00,1640476800000,455.2,455.4,444.3,451.6,35929.226,1640563199999,True
2021-12-27 00:00:00,1640563200000,451.6,476.0,447.5,465.3,73454.131,1640649599999,True
2021-12-28 00:00:00,1640649600000,465.5,465.5,437.7,439.0,68358.845,1640735999999,True
2021-12-29 00:00:00,1640736000000,438.9,445.8,426.4,430.1,49436.705,1640822399999,True
2021-12-30 00:00:00,1640822400000,430.0,437.1,423.5,431.7,38427.227,1640908799999,True
2021-12-31 00:00:00,1640908800000,431.4,437.2,419.2,430.2,65754.929,1640995199999,True
2022-01-01 00:00:00,1640995200000,430.3,446.1,430.3,444.8,38968.514,1641081599999,True
2022-01-02 00:00:00,1641081600000,444.8,452.4,442.6,447.7,47788.519,1641167999999,True
2022-01-03 00:00:00,1641168000000,447.6,447.9,431.1,434.7,30839.554,1641254399999,True
2022-01-04 00:00:00,1641254400000,434.8,439.5,425.4,427.1,39425.964,1641340799999,True
2022-01-05 00:00:00,1641340800000,427.0,432.5,391.1,399.4,67592.078,1641427199999,True
2022-01-06 00:00:00,1641427200000,399.5,403.9,387.3,399.8,82449.322,1641513599999,True
2022-01-07 00:00:00,1641513600000,399.7,401.7,375.3,385.7,107953.813,1641599999999,True
2022-01-08 00:00:00,1641600000000,385.8,391.6,361.0,372.9,78690.696,1641686399999,True
2022-01-09 00:00:00,1641686400000,372.8,381.1,367.8,376.8,52446.077,1641772799999,True
2022-01-10 00:00:00,1641772800000,376.8,378.4,347.6,363.6,99914.207,1641859199999,True
2022-01-11 00:00:00,1641859200000,363.5,375.0,361.7,369.8,62635.225,1641945599999,True
2022-01-12 00:00:00,1641945600000,369.8,385.9,367.8,383.8,53145.693,1642031999999,True
2022-01-13 00:00:00,1642032000000,383.7,391.7,376.4,377.5,50476.739,1642118399999,True
2022-01-14 00:00:00,1642118400000,377.5,393.7,375.6,385.6,49743.721,1642204799999,True
2022-01-15 00:00:00,1642204800000,385.5,393.0,382.9,390.6,26573.369,1642291199999,True
2022-01-16 00:00:00,1642291200000,390.7,393.4,382.3,388.1,23265.962,1642377599999,True
2022-01-17 00:00:00,1642377600000,388.2,389.2,373.0,380.6,35421.99,1642463999999,True
2022-01-18 00:00:00,1642464000000,380.7,398.7,374.6,381.4,80580.346,1642550399999,True
2022-01-19 00:00:00,1642550400000,381.4,384.3,365.8,368.9,54356.984,1642636799999,True
2022-01-20 00:00:00,1642636800000,369.0,384.2,356.3,357.5,48632.11,1642723199999,True
2022-01-21 00:00:00,1642723200000,357.4,360.0,308.0,314.9,135765.1848,1642809599999,True
2022-01-22 00:00:00,1642809600000,314.8,318.8,265.0,291.8,210569.15341,1642895999999,True
2022-01-23 00:00:00,1642896000000,291.9,303.5,283.8,302.5,120846.438,1642982399999,True
2022-01-24 00:00:00,1642982400000,302.4,302.7,259.6,292.3,213574.65285,1643068799999,True
2022-01-25 00:00:00,1643068800000,292.3,294.6,259.9,291.6,100039.632,1643155199999,True
2022-01-26 00:00:00,1643155200000,291.6,314.9,283.8,289.1,123057.252,1643241599999,True
2022-01-27 00:00:00,1643241600000,289.1,294.9,277.5,289.6,95350.579,1643327999999,True
2022-01-28 00:00:00,1643328000000,289.6,297.4,281.8,296.8,67163.287,1643414399999,True
2022-01-29 00:00:00,1643414400000,296.8,302.1,291.3,298.8,35536.718,1643500799999,True
2022-01-30 00:00:00,1643500800000,298.9,302.2,287.7,290.0,43174.979,1643587199999,True
2022-01-31 00:00:00,1643587200000,289.9,290.5,278.1,285.0,68025.944,1643673599999,True
2022-02-01 00:00:00,1643673600000,284.9,290.9,282.5,287.7,51781.381,1643759999999,True
2022-02-02 00:00:00,1643760000000,287.8,296.8,276.3,277.8,64386.32,1643846399999,True
2022-02-03 00:00:00,1643846400000,277.9,281.7,271.0,281.2,66256.66,1643932799999,True
2022-02-04 00:00:00,1643932800000,281.2,307.0,276.4,306.2,87969.666,1644019199999,True
2022-02-05 00:00:00,1644019200000,306.1,329.0,302.5,320.5,89958.852,1644105599999,True
2022-02-06 00:00:00,1644105600000,320.3,328.0,312.0,324.7,69991.532,1644191999999,True
2022-02-07 00:00:00,1644192000000,324.6,343.9,317.9,343.1,100053.855,1644278399999,True
2022-02-08 00:00:00,1644278400000,343.2,355.9,324.9,335.5,135314.041,1644364799999,True
2022-02-09 00:00:00,1644364800000,335.4,347.7,328.2,345.9,82944.229,1644451199999,True
2022-02-10 00:00:00,1644451200000,345.8,362.7,336.2,340.7,116691.55,1644537599999,True
2022-02-11 00:00:00,1644537600000,340.7,342.1,316.6,320.9,91990.739,1644623999999,True
2022-02-12 00:00:00,1644624000000,320.7,330.6,312.1,330.5,62686.964,1644710399999,True
2022-02-13 00:00:00,1644710400000,330.4,340.0,324.4,333.6,65178.57,1644796799999,True
2022-02-14 00:00:00,1644796800000,333.7,337.7,318.4,330.5,61294.607,1644883199999,True
2022-02-15 00:00:00,1644883200000,330.5,344.7,328.9,343.2,52385.786,1644969599999,True
2022-02-16 00:00:00,1644969600000,343.2,343.3,328.9,334.3,50879.367,1645055999999,True
2022-02-17 00:00:00,1645056000000,334.3,336.3,309.4,313.0,60201.39,1645142399999,True
2022-02-18 00:00:00,1645142400000,313.1,319.0,306.3,310.0,61666.629,1645228799999,True
2022-02-19 00:00:00,1645228800000,310.1,316.2,305.1,311.9,41747.092,1645315199999,True
2022-02-20 00:00:00,1645315200000,312.0,312.7,296.6,302.6,59765.619,1645401599999,True
2022-02-21 00:00:00,1645401600000,302.6,310.8,282.4,283.2,104936.714,1645487999999,True
2022-02-22 00:00:00,1645488000000,283.3,295.5,275.4,293.2,83592.565,1645574399999,True
2022-02-23 00:00:00,1645574400000,293.2,305.2,286.9,288.3,61445.076,1645660799999,True
2022-02-24 00:00:00,1645660800000,288.4,309.7,259.6,300.6,207461.078,1645747199999,True
2022-02-25 00:00:00,1645747200000,300.5,312.2,290.3,308.5,83986.054,1645833599999,True
2022-02-26 00:00:00,1645833600000,308.7,324.7,307.2,315.3,70252.01,1645919999999,True
2022-02-27 00:00:00,1645920000000,315.2,321.8,299.4,304.0,68260.329,1646006399999,True
2022-02-28 00:00:00,1646006400000,304.0,339.2,300.5,339.0,63752.575,1646092799999,True
2022-03-01 00:00:00,1646092800000,339.0,343.8,320.2,328.7,85168.234,1646179199999,True
2022-03-02 00:00:00,1646179200000,328.7,331.4,318.0,320.2,53014.199,1646265599999,True
2022-03-03 00:00:00,1646265600000,320.1,321.8,305.4,315.3,43765.626,1646351999999,True
2022-03-04 00:00:00,1646352000000,315.2,315.5,285.8,290.4,51202.487,1646438399999,True
2022-03-05 00:00:00,1646438400000,290.4,295.5,283.3,294.2,31733.767,1646524799999,True
2022-03-06 00:00:00,1646524800000,294.2,296.2,281.3,282.0,33095.521,1646611199999,True
2022-03-07 00:00:00,1646611200000,282.1,291.1,270.0,273.9,65709.164,1646697599999,True
2022-03-08 00:00:00,1646697600000,273.8,289.7,272.3,284.7,71930.436,1646783999999,True
2022-03-09 00:00:00,1646784000000,284.4,318.2,283.6,307.2,79058.315,1646870399999,True
2022-03-10 00:00:00,1646870400000,307.1,309.0,283.3,289.4,64067.921,1646956799999,True
2022-03-11 00:00:00,1646956800000,289.5,294.9,281.1,287.7,52856.947,1647043199999,True
2022-03-12 00:00:00,1647043200000,287.6,294.3,287.2,290.8,31982.217,1647129599999,True
2022-03-13 00:00:00,1647129600000,290.7,296.1,278.1,279.7,40607.311,1647215999999,True
2022-03-14 00:00:00,1647216000000,279.7,290.0,277.4,289.5,47922.215,1647302399999,True
2022-03-15 00:00:00,1647302400000,289.5,292.9,281.6,289.3,50923.929,1647388799999,True
2022-03-16 00:00:00,1647388800000,289.2,302.5,286.2,299.8,66368.828,1647475199999,True
2022-03-17 00:00:00,1647475200000,299.8,301.3,294.4,296.3,28223.556,1647561599999,True
2022-03-18 00:00:00,1647561600000,296.2,306.5,290.5,305.5,47824.277,1647647999999,True
2022-03-19 00:00:00,1647648000000,305.5,328.6,305.4,327.8,43265.138,1647734399999,True
2022-03-20 00:00:00,1647734400000,327.8,332.9,315.3,327.4,63555.936,1647820799999,True
2022-03-21 00:00:00,1647820800000,327.4,340.6,320.2,334.9,77658.049,1647907199999,True
2022-03-22 00:00:00,1647907200000,334.8,387.1,334.3,375.4,186187.744,1647993599999,True
2022-03-23 00:00:00,1647993600000,375.4,384.3,353.2,364.0,131767.742,1648079999999,True
2022-03-24 00:00:00,1648080000000,364.0,367.6,351.5,366.1,86834.97,1648166399999,True
2022-03-25 00:00:00,1648166400000,366.1,374.3,352.8,364.9,103907.692,1648252799999,True
2022-03-26 00:00:00,1648252800000,365.0,366.3,356.5,362.1,45314.843,1648339199999,True
2022-03-27 00:00:00,1648339200000,362.0,377.3,354.7,376.6,68517.844,1648425599999,True
2022-03-28 00:00:00,1648425600000,376.6,385.9,363.3,368.5,118129.622,1648511999999,True
2022-03-29 00:00:00,1648512000000,368.4,387.5,366.2,373.3,101742.574,1648598399999,True
2022-03-30 00:00:00,1648598400000,373.2,386.7,362.7,380.1,88081.847,1648684799999,True
2022-03-31 00:00:00,1648684800000,380.1,391.2,362.3,384.3,125124.264,1648771199999,True
2022-04-01 00:00:00,1648771200000,384.0,389.4,363.2,377.2,94775.864,1648857599999,True
2022-04-02 00:00:00,1648857600000,377.2,383.1,370.0,372.5,67876.571,1648943999999,True
2022-04-03 00:00:00,1648944000000,372.5,381.4,368.1,378.6,36385.343,1649030399999,True
2022-04-04 00:00:00,1649030400000,378.7,379.6,362.7,376.2,54217.976,1649116799999,True
2022-04-05 00:00:00,1649116800000,376.2,382.2,364.9,365.4,40589.438,1649203199999,True
2022-04-06 00:00:00,1649203200000,365.3,368.1,329.0,331.0,74696.67,1649289599999,True
2022-04-07 00:00:00,1649289600000,330.9,340.0,325.1,336.1,36139.995,1649375999999,True
2022-04-08 00:00:00,1649376000000,336.0,338.5,320.7,323.0,39494.237,1649462399999,True
2022-04-09 00:00:00,1649462400000,322.9,327.7,321.4,325.9,23748.201,1649548799999,True
2022-04-10 00:00:00,1649548800000,326.0,332.4,318.2,319.8,32583.909,1649635199999,True
2022-04-11 00:00:00,1649635200000,319.8,321.0,290.7,294.8,57665.51,1649721599999,True
2022-04-12 00:00:00,1649721600000,294.9,307.4,293.3,305.0,47614.943,1649807999999,True
2022-04-13 00:00:00,1649808000000,305.0,349.6,301.3,341.2,139323.15,1649894399999,True
2022-04-14 00:00:00,1649894400000,341.1,353.3,332.6,337.6,72737.764,1649980799999,True
2022-04-15 00:00:00,1649980800000,337.6,345.2,333.2,340.8,41398.435,1650067199999,True
2022-04-16 00:00:00,1650067200000,340.8,347.8,338.7,342.8,27809.62,1650153599999,True
2022-04-17 00:00:00,1650153600000,342.8,348.8,327.2,328.1,31958.539,1650239999999,True
2022-04-18 00:00:00,1650240000000,327.9,341.0,312.8,340.3,55095.064,1650326399999,True
2022-04-19 00:00:00,1650326400000,340.4,343.0,332.4,340.5,40639.799,1650412799999,True
2022-04-20 00:00:00,1650412800000,340.4,344.7,328.9,330.7,56703.39,1650499199999,True
2022-04-21 00:00:00,1650499200000,330.6,345.7,311.2,315.6,54306.77,1650585599999,True
2022-04-22 00:00:00,1650585600000,315.6,334.8,314.2,321.1,59306.426,1650671999999,True
2022-04-23 00:00:00,1650672000000,321.0,324.2,311.2,312.5,19616.805,1650758399999,True
2022-04-24 00:00:00,1650758400000,312.5,315.0,307.1,307.7,21891.376,1650844799999,True
2022-04-25 00:00:00,1650844800000,307.6,315.9,299.8,314.5,52792.077,1650931199999,True
2022-04-26 00:00:00,1650931200000,314.6,321.8,291.3,296.0,65129.019,1651017599999,True
2022-04-27 00:00:00,1651017600000,296.1,309.4,293.6,307.2,47573.863,1651103999999,True
2022-04-28 00:00:00,1651104000000,307.2,312.5,303.3,306.5,43647.97,1651190399999,True
2022-04-29 00:00:00,1651190400000,306.4,309.0,290.8,294.6,57473.412,1651276799999,True
2022-04-30 00:00:00,1651276800000,294.8,298.3,267.3,277.7,50642.594,1651363199999,True
2022-05-01 00:00:00,1651363200000,277.8,287.8,272.7,284.0,43048.415,1651449599999,True
2022-05-02 00:00:00,1651449600000,284.0,290.0,279.6,285.0,53144.924,1651535999999,True
2022-05-03 00:00:00,1651536000000,285.1,289.7,276.3,279.4,39907.819,1651622399999,True
2022-05-04 00:00:00,1651622400000,279.5,300.3,278.4,300.0,54287.64,1651708799999,True
2022-05-05 00:00:00,1651708800000,299.8,302.6,272.3,277.3,82891.815,1651795199999,True
2022-05-06 00:00:00,1651795200000,277.3,277.9,265.5,274.9,63296.088,1651881599999,True
2022-05-07 00:00:00,1651881600000,274.9,277.5,263.5,268.0,37432.237,1651967999999,True
2022-05-08 00:00:00,1651968000000,268.1,269.8,260.0,261.7,55073.925,1652054399999,True
2022-05-09 00:00:00,1652054400000,261.8,266.5,215.0,217.9,171749.58531,1652140799999,True
2022-05-10 00:00:00,1652140800000,217.7,244.4,210.6,231.5,186759.91,1652227199999,True
2022-05-11 00:00:00,1652227200000,231.6,250.0,183.6,194.9,345671.98183,1652313599999,True
2022-05-12 00:00:00,1652313600000,194.8,227.2,156.8,194.2,409283.88736,1652399999999,True
2022-05-13 00:00:00,1652400000000,194.3,222.2,191.7,202.4,320794.951,1652486399999,True
2022-05-14 00:00:00,1652486400000,202.3,237.1,186.7,208.8,198757.516,1652572799999,True
2022-05-15 00:00:00,1652572800000,208.9,216.1,202.5,214.9,138302.724,1652659199999,True
2022-05-16 00:00:00,1652659200000,214.9,214.9,196.1,197.6,122135.5,1652745599999,True
2022-05-17 00:00:00,1652745600000,197.7,215.6,194.8,206.9,244633.641,1652831999999,True
2022-05-18 00:00:00,1652832000000,206.8,209.2,186.2,186.9,80255.793,1652918399999,True
2022-05-19 00:00:00,1652918400000,187.0,198.9,180.8,196.5,101438.469,1653004799999,True
2022-05-20 00:00:00,1653004800000,196.6,200.6,186.1,190.1,102758.797,1653091199999,True
2022-05-21 00:00:00,1653091200000,190.0,195.8,186.6,192.4,51094.546,1653177599999,True
2022-05-22 00:00:00,1653177600000,192.3,202.4,190.3,197.9,57951.321,1653263999999,True
2022-05-23 00:00:00,1653264000000,197.9,208.2,189.0,192.0,116532.633,1653350399999,True
2022-05-24 00:00:00,1653350400000,191.9,197.5,183.2,195.6,79347.834,1653436799999,True
2022-05-25 00:00:00,1653436800000,195.6,201.4,189.3,190.2,102614.652,1653523199999,True
2022-05-26 00:00:00,1653523200000,190.2,192.8,172.4,179.4,103116.095,1653609599999,True
2022-05-27 00:00:00,1653609600000,179.3,185.0,171.6,174.8,141718.588,1653695999999,True
2022-05-28 00:00:00,1653696000000,174.9,180.6,173.0,178.7,47540.249,1653782399999,True
2022-05-29 00:00:00,1653782400000,178.7,186.4,175.5,185.2,54783.336,1653868799999,True
2022-05-30 00:00:00,1653868800000,185.2,199.6,184.5,196.9,92580.366,1653955199999,True
2022-05-31 00:00:00,1653955200000,197.0,207.4,191.6,204.6,151847.499,1654041599999,True
2022-06-01 00:00:00,1654041600000,204.7,211.3,184.1,186.0,141982.785,1654127999999,True
2022-06-02 00:00:00,1654128000000,185.9,189.8,182.4,189.0,63177.782,1654214399999,True
2022-06-03 00:00:00,1654214400000,188.9,191.8,180.2,183.1,53426.611,1654300799999,True
2022-06-04 00:00:00,1654300800000,183.0,189.9,180.0,188.8,34963.818,1654387199999,True
2022-06-05 00:00:00,1654387200000,188.7,190.3,177.9,179.9,113501.594,1654473599999,True
2022-06-06 00:00:00,1654473600000,179.9,189.2,179.0,185.6,88737.107,1654559999999,True
2022-06-07 00:00:00,1654560000000,185.5,188.1,173.1,182.1,86468.194,1654646399999,True
2022-06-08 00:00:00,1654646400000,182.0,183.0,174.9,176.8,59102.496,1654732799999,True
2022-06-09 00:00:00,1654732800000,176.8,180.7,172.4,175.6,41535.411,1654819199999,True
2022-06-10 00:00:00,1654819200000,175.6,177.6,166.0,167.4,86143.089,1654905599999,True
2022-06-11 00:00:00,1654905600000,167.5,169.8,154.7,156.7,87238.865,1654991999999,True
2022-06-12 00:00:00,1654992000000,156.8,158.4,145.7,146.0,115128.30401,1655078399999,True
2022-06-13 00:00:00,1655078400000,146.1,149.1,123.9,127.1,289756.38293,1655164799999,True
2022-06-14 00:00:00,1655164800000,127.0,135.0,117.7,125.9,213229.55553,1655251199999,True
2022-06-15 00:00:00,1655251200000,125.9,131.6,110.1,127.9,219558.00166,1655337599999,True
2022-06-16 00:00:00,1655337600000,128.0,130.9,107.2,109.4,320316.506,1655423999999,True
2022-06-17 00:00:00,1655424000000,109.4,122.1,106.6,121.5,426728.023,1655510399999,True
2022-06-18 00:00:00,1655510400000,121.6,125.4,109.0,115.5,287238.455,1655596799999,True
2022-06-19 00:00:00,1655596800000,115.4,123.9,111.1,120.6,191603.131,1655683199999,True
2022-06-20 00:00:00,1655683200000,120.5,124.6,116.1,118.7,149101.787,1655769599999,True
2022-06-21 00:00:00,1655769600000,118.7,123.2,113.8,119.6,330662.73,1655855999999,True
2022-06-22 00:00:00,1655856000000,119.6,119.6,112.5,112.8,123105.819,1655942399999,True
2022-06-23 00:00:00,1655942400000,112.8,118.5,111.5,116.4,89088.924,1656028799999,True
2022-06-24 00:00:00,1656028800000,116.4,121.2,113.5,114.3,215946.663,1656115199999,True
2022-06-25 00:00:00,1656115200000,114.3,116.3,111.0,115.5,268020.388,1656201599999,True
2022-06-26 00:00:00,1656201600000,115.6,119.5,112.4,112.9,213252.273,1656287999999,True
2022-06-27 00:00:00,1656288000000,112.9,117.2,110.1,111.5,140432.426,1656374399999,True
2022-06-28 00:00:00,1656374400000,111.5,112.9,102.2,103.3,198446.736,1656460799999,True
2022-06-29 00:00:00,1656460800000,103.2,108.1,101.3,104.6,141256.322,1656547199999,True
2022-06-30 00:00:00,1656547200000,104.7,104.9,97.2,103.2,144874.715,1656633599999,True
2022-07-01 00:00:00,1656633600000,103.2,106.6,98.2,101.5,105091.004,1656719999999,True
2022-07-02 00:00:00,1656720000000,101.5,107.2,100.6,106.6,64583.397,1656806399999,True
2022-07-03 00:00:00,1656806400000,106.6,108.2,101.8,105.7,64949.576,1656892799999,True
2022-07-04 00:00:00,1656892800000,105.7,108.6,102.6,108.1,78326.886,1656979199999,True
2022-07-05 00:00:00,1656979200000,108.2,108.8,101.7,104.1,101111.634,1657065599999,True
2022-07-06 00:00:00,1657065600000,104.0,107.3,102.8,105.9,98903.525,1657151999999,True
2022-07-07 00:00:00,1657152000000,106.0,112.5,105.0,111.5,93603.653,1657238399999,True
2022-07-08 00:00:00,1657238400000,111.5,113.7,106.8,108.6,94129.738,1657324799999,True
2022-07-09 00:00:00,1657324800000,108.6,113.1,108.5,111.3,61596.642,1657411199999,True
2022-07-10 00:00:00,1657411200000,111.4,111.6,105.3,106.8,54321.013,1657497599999,True
2022-07-11 00:00:00,1657497600000,106.8,107.3,98.6,99.1,69451.613,1657583999999,True
2022-07-12 00:00:00,1657584000000,99.1,101.2,96.7,97.2,78773.104,1657670399999,True
2022-07-13 00:00:00,1657670400000,97.3,102.7,95.2,102.5,101045.44,1657756799999,True
2022-07-14 00:00:00,1657756800000,102.6,104.1,99.1,103.0,79348.974,1657843199999,True
2022-07-15 00:00:00,1657843200000,103.0,107.0,101.9,106.2,92927.226,1657929599999,True
2022-07-16 00:00:00,1657929600000,106.2,110.7,103.8,109.5,87788.934,1658015999999,True
2022-07-17 00:00:00,1658016000000,109.5,116.3,107.8,110.3,161027.805,1658102399999,True
2022-07-18 00:00:00,1658102400000,110.3,122.1,110.0,121.4,157569.979,1658188799999,True
2022-07-19 00:00:00,1658188800000,121.3,129.6,115.9,128.3,254745.547,1658275199999,True
2022-07-20 00:00:00,1658275200000,128.3,131.3,119.8,121.7,166697.167,1658361599999,True
2022-07-21 00:00:00,1658361600000,121.8,124.3,117.5,123.1,144413.339,1658447999999,True
2022-07-22 00:00:00,1658448000000,123.1,129.5,119.7,123.3,186949.286,1658534399999,True
2022-07-23 00:00:00,1658534400000,123.2,127.1,118.1,122.4,116672.581,1658620799999,True
2022-07-24 00:00:00,1658620800000,122.3,135.0,122.3,131.9,164346.07,1658707199999,True
2022-07-25 00:00:00,1658707200000,131.9,133.1,117.5,118.0,166912.881,1658793599999,True
2022-07-26 00:00:00,1658793600000,118.1,119.1,113.6,118.9,126392.482,1658879999999,True
2022-07-27 00:00:00,1658880000000,118.8,127.5,116.1,127.4,136958.937,1658966399999,True
2022-07-28 00:00:00,1658966400000,127.4,159.7,127.1,155.8,461830.724,1659052799999,True
2022-07-29 00:00:00,1659052800000,155.8,165.5,147.3,151.9,403957.606,1659139199999,True
2022-07-30 00:00:00,1659139200000,151.9,154.6,143.2,145.5,171162.14,1659225599999,True
2022-07-31 00:00:00,1659225600000,145.5,150.4,138.6,139.3,114363.653,1659311999999,True
2022-08-01 00:00:00,1659312000000,139.3,142.2,134.0,137.9,105345.003,1659398399999,True
2022-08-02 00:00:00,1659398400000,137.8,139.0,128.7,133.7,129667.971,1659484799999,True
2022-08-03 00:00:00,1659484800000,133.7,143.0,130.3,133.9,101424.294,1659571199999,True
2022-08-04 00:00:00,1659571200000,133.8,138.5,132.4,134.3,67767.61,1659657599999,True
2022-08-05 00:00:00,1659657600000,134.3,142.2,133.9,142.0,110725.564,1659743999999,True
2022-08-06 00:00:00,1659744000000,141.9,143.5,139.0,141.3,84623.869,1659830399999,True
2022-08-07 00:00:00,1659830400000,141.3,143.9,137.9,141.0,62440.095,1659916799999,True
2022-08-08 00:00:00,1659916800000,141.0,148.1,140.2,143.6,96906.152,1660003199999,True
2022-08-09 00:00:00,1660003200000,143.6,144.5,133.3,134.7,114292.149,1660089599999,True
2022-08-10 00:00:00,1660089600000,134.8,143.8,131.4,142.2,107977.375,1660175999999,True
2022-08-11 00:00:00,1660176000000,142.1,148.8,141.7,142.9,145427.074,1660262399999,True
2022-08-12 00:00:00,1660262400000,142.9,143.4,138.4,143.2,66455.021,1660348799999,True
2022-08-13 00:00:00,1660348800000,143.2,147.1,142.4,144.2,63364.535,1660435199999,True
2022-08-14 00:00:00,1660435200000,144.2,147.7,138.1,139.5,79063.388,1660521599999,True
2022-08-15 00:00:00,1660521600000,139.5,143.4,133.8,137.2,93715.253,1660607999999,True
2022-08-16 00:00:00,1660608000000,137.2,138.5,134.5,136.4,50347.98,1660694399999,True
2022-08-17 00:00:00,1660694400000,136.4,144.9,132.4,133.8,127269.817,1660780799999,True
2022-08-18 00:00:00,1660780800000,133.8,136.4,127.2,129.1,100726.995,1660867199999,True
2022-08-19 00:00:00,1660867200000,129.0,129.1,113.4,114.4,176757.332,1660953599999,True
2022-08-20 00:00:00,1660953600000,114.5,118.3,111.3,114.6,80142.235,1661039999999,True
2022-08-21 00:00:00,1661040000000,114.7,120.6,114.2,119.7,76778.071,1661126399999,True
2022-08-22 00:00:00,1661126400000,119.8,123.5,113.3,122.7,102465.719,1661212799999,True
2022-08-23 00:00:00,1661212800000,122.7,135.8,119.9,133.3,161836.75,1661299199999,True
2022-08-24 00:00:00,1661299200000,133.4,139.3,130.3,130.4,122996.9,1661385599999,True
2022-08-25 00:00:00,1661385600000,130.4,132.8,128.5,130.6,72298.195,1661471999999,True
2022-08-26 00:00:00,1661472000000,130.6,130.6,114.8,116.0,126679.418,1661558399999,True
2022-08-27 00:00:00,1661558400000,116.1,118.5,113.1,115.2,144100.114,1661644799999,True
2022-08-28 00:00:00,1661644800000,115.2,121.3,111.7,112.6,83911.9,1661731199999,True
2022-08-29 00:00:00,1661731200000,112.6,123.5,110.8,119.5,110329.485,1661817599999,True
2022-08-30 00:00:00,1661817600000,119.4,120.8,111.7,114.6,96427.498,1661903999999,True
2022-08-31 00:00:00,1661904000000,114.6,118.0,114.2,115.2,50247.786,1661990399999,True
2022-09-01 00:00:00,1661990400000,115.0,117.2,112.9,116.7,65712.911,1662076799999,True
2022-09-02 00:00:00,1662076800000,116.7,120.5,114.6,116.3,107018.715,1662163199999,True
2022-09-03 00:00:00,1662163200000,116.4,119.7,115.8,117.8,82739.11,1662249599999,True
2022-09-04 00:00:00,1662249600000,117.8,118.4,115.8,118.3,66196.254,1662335999999,True
2022-09-05 00:00:00,1662336000000,118.4,126.4,117.0,125.7,103294.28,1662422399999,True
2022-09-06 00:00:00,1662422400000,125.7,128.0,111.7,112.2,146001.678,1662508799999,True
2022-09-07 00:00:00,1662508800000,112.2,119.5,110.3,118.7,110684.843,1662595199999,True
2022-09-08 00:00:00,1662595200000,118.8,130.5,115.9,126.5,212852.998,1662681599999,True
2022-09-09 00:00:00,1662681600000,126.6,140.2,126.0,132.7,269297.023,1662767999999,True
2022-09-10 00:00:00,1662768000000,132.7,135.0,130.4,132.6,119600.671,1662854399999,True
2022-09-11 00:00:00,1662854400000,132.6,133.4,127.4,130.3,96300.447,1662940799999,True
2022-09-12 00:00:00,1662940800000,130.3,132.9,126.2,129.0,114285.71,1663027199999,True
2022-09-13 00:00:00,1663027200000,128.9,133.8,116.0,117.6,196200.84,1663113599999,True
2022-09-14 00:00:00,1663113600000,117.5,120.8,116.0,119.9,73570.555,1663199999999,True
2022-09-15 00:00:00,1663200000000,119.9,123.0,116.0,117.6,102959.186,1663286399999,True
2022-09-16 00:00:00,1663286400000,117.5,120.9,116.1,119.5,102870.586,1663372799999,True
2022-09-17 00:00:00,1663372800000,119.5,123.5,119.3,122.1,66653.986,1663459199999,True
2022-09-18 00:00:00,1663459200000,122.2,122.2,110.5,111.8,92114.982,1663545599999,True
2022-09-19 00:00:00,1663545600000,111.7,113.4,106.4,112.0,112632.736,1663631999999,True
2022-09-20 00:00:00,1663632000000,112.0,114.9,110.8,112.8,86969.608,1663718399999,True
2022-09-21 00:00:00,1663718400000,112.7,119.2,108.3,108.9,124129.327,1663804799999,True
2022-09-22 00:00:00,1663804800000,108.8,117.3,108.7,116.5,77843.39,1663891199999,True
2022-09-23 00:00:00,1663891200000,116.6,120.5,112.3,120.1,96078.241,1663977599999,True
2022-09-24 00:00:00,1663977600000,120.2,122.3,117.3,117.3,67039.071,1664063999999,True
2022-09-25 00:00:00,1664064000000,117.3,118.5,112.1,113.5,62611.03,1664150399999,True
2022-09-26 00:00:00,1664150400000,113.5,117.6,112.5,116.3,66191.779,1664236799999,True
2022-09-27 00:00:00,1664236800000,116.3,120.7,112.4,114.3,105830.629,1664323199999,True
2022-09-28 00:00:00,1664323200000,114.3,115.9,110.1,114.1,78060.028,1664409599999,True
2022-09-29 00:00:00,1664409600000,114.1,118.0,113.5,116.9,78588.352,1664495999999,True
2022-09-30 00:00:00,1664496000000,117.0,125.0,114.8,120.1,141643.925,1664582399999,True
2022-10-01 00:00:00,1664582400000,120.0,121.0,115.8,117.1,58522.772,1664668799999,True
2022-10-02 00:00:00,1664668800000,117.1,118.6,113.8,114.3,85470.29,1664755199999,True
2022-10-03 00:00:00,1664755200000,114.2,116.6,113.5,116.3,64768.723,1664841599999,True
2022-10-04 00:00:00,1664841600000,116.3,122.1,115.6,121.1,74078.707,1664927999999,True
2022-10-05 00:00:00,1664928000000,121.2,123.6,118.9,122.1,69793.079,1665014399999,True
2022-10-06 00:00:00,1665014400000,122.1,123.8,117.8,118.4,55537.838,1665100799999,True
2022-10-07 00:00:00,1665100800000,118.3,120.2,115.5,116.7,57774.352,1665187199999,True
2022-10-08 00:00:00,1665187200000,116.7,118.8,115.6,116.9,37817.179,1665273599999,True
2022-10-09 00:00:00,1665273600000,116.9,118.5,116.4,117.2,39843.498,1665359999999,True
2022-10-10 00:00:00,1665360000000,117.2,118.1,110.6,111.6,48271.502,1665446399999,True
2022-10-11 00:00:00,1665446400000,111.6,112.5,109.0,111.1,62627.048,1665532799999,True
2022-10-12 00:00:00,1665532800000,111.2,112.9,110.7,111.7,70759.021,1665619199999,True
2022-10-13 00:00:00,1665619200000,111.8,113.1,101.8,108.8,111802.857,1665705599999,True
2022-10-14 00:00:00,1665705600000,108.8,111.8,106.6,107.5,67367.369,1665791999999,True
2022-10-15 00:00:00,1665792000000,107.6,109.6,106.7,107.9,28022.37,1665878399999,True
2022-10-16 00:00:00,1665878400000,107.9,111.0,107.8,110.3,22902.42,1665964799999,True
2022-10-17 00:00:00,1665964800000,110.3,111.6,109.2,110.6,29010.837,1666051199999,True
2022-10-18 00:00:00,1666051200000,110.6,111.5,107.1,108.7,38370.655,1666137599999,True
2022-10-19 00:00:00,1666137600000,108.8,109.0,105.1,105.8,31119.444,1666223999999,True
2022-10-20 00:00:00,1666224000000,105.8,109.0,104.9,106.5,31922.319,1666310399999,True
2022-10-21 00:00:00,1666310400000,106.4,107.4,102.8,107.1,39967.062,1666396799999,True
2022-10-22 00:00:00,1666396800000,107.1,110.5,106.1,108.6,33575.838,1666483199999,True
2022-10-23 00:00:00,1666483200000,108.6,111.1,107.6,110.8,28095.48,1666569599999,True
2022-10-24 00:00:00,1666569600000,110.9,111.2,107.4,107.9,30752.14,1666655999999,True
2022-10-25 00:00:00,1666656000000,107.9,114.3,107.7,112.7,64718.954,1666742399999,True
2022-10-26 00:00:00,1666742400000,112.8,116.4,112.0,114.4,66846.745,1666828799999,True
2022-10-27 00:00:00,1666828800000,114.4,116.9,111.5,112.3,54627.546,1666915199999,True
2022-10-28 00:00:00,1666915200000,112.4,116.3,111.0,115.6,58389.726,1667001599999,True
2022-10-29 00:00:00,1667001600000,115.6,120.7,115.3,118.4,96372.21,1667087999999,True
2022-10-30 00:00:00,1667088000000,118.5,120.3,114.4,116.1,55110.417,1667174399999,True
2022-10-31 00:00:00,1667174400000,116.2,117.9,113.5,115.0,53424.333,1667260799999,True
2022-11-01 00:00:00,1667260800000,115.0,116.6,113.8,115.0,48125.99,1667347199999,True
2022-11-02 00:00:00,1667347200000,115.0,122.1,111.9,113.7,156409.707,1667433599999,True
2022-11-03 00:00:00,1667433600000,113.6,120.2,113.2,115.6,76224.735,1667519999999,True
2022-11-04 00:00:00,1667520000000,115.6,124.9,115.0,124.5,117930.061,1667606399999,True
2022-11-05 00:00:00,1667606400000,124.4,126.0,122.1,123.7,79105.35,1667692799999,True
2022-11-06 00:00:00,1667692800000,123.8,124.3,116.3,116.7,64341.011,1667779199999,True
2022-11-07 00:00:00,1667779200000,116.7,119.4,115.3,117.9,80552.122,1667865599999,True
2022-11-08 00:00:00,1667865600000,117.8,118.9,95.0,103.2,254612.5,1667951999999,True
2022-11-09 00:00:00,1667952000000,103.1,104.0,87.0,89.0,218973.21222,1668038399999,True
2022-11-10 00:00:00,1668038400000,89.2,106.6,87.1,102.7,180212.823,1668124799999,True
2022-11-11 00:00:00,1668124800000,102.6,107.0,98.7,103.1,118519.937,1668211199999,True
2022-11-12 00:00:00,1668211200000,103.0,103.3,97.7,102.7,62502.199,1668297599999,True
2022-11-13 00:00:00,1668297600000,102.7,103.6,98.0,99.6,99441.562,1668383999999,True
2022-11-14 00:00:00,1668384000000,99.6,104.8,96.2,103.9,167714.737,1668470399999,True
2022-11-15 00:00:00,1668470400000,104.0,106.4,102.3,103.9,87863.515,1668556799999,True
2022-11-16 00:00:00,1668556800000,103.9,109.9,102.5,104.4,95714.732,1668643199999,True
2022-11-17 00:00:00,1668643200000,104.4,105.3,101.2,103.9,50063.299,1668729599999,True
2022-11-18 00:00:00,1668729600000,103.8,105.8,103.6,104.8,46239.222,1668815999999,True
2022-11-19 00:00:00,1668816000000,104.7,106.3,103.9,104.9,32077.808,1668902399999,True
2022-11-20 00:00:00,1668902400000,104.9,107.6,103.1,104.8,81819.408,1668988799999,True
2022-11-21 00:00:00,1668988800000,104.9,107.6,100.5,103.4,106990.67,1669075199999,True
2022-11-22 00:00:00,1669075200000,103.3,109.5,103.0,109.4,112361.605,1669161599999,True
2022-11-23 00:00:00,1669161600000,109.4,119.9,108.4,115.0,183818.474,1669247999999,True
2022-11-24 00:00:00,1669248000000,115.0,118.8,113.1,115.9,105513.389,1669334399999,True
2022-11-25 00:00:00,1669334400000,115.9,116.4,113.2,113.8,51750.061,1669420799999,True
2022-11-26 00:00:00,1669420800000,113.9,115.7,111.4,112.5,43902.312,1669507199999,True
2022-11-27 00:00:00,1669507200000,112.4,113.8,110.7,111.2,33855.792,1669593599999,True
2022-11-28 00:00:00,1669593600000,111.1,112.0,106.0,110.0,57502.515,1669679999999,True
2022-11-29 00:00:00,1669680000000,110.0,113.2,109.1,111.0,41863.511,1669766399999,True
2022-11-30 00:00:00,1669766400000,110.9,114.7,110.4,113.5,59280.216,1669852799999,True
2022-12-01 00:00:00,1669852800000,113.5,113.9,109.6,110.3,57412.056,1669939199999,True
2022-12-02 00:00:00,1669939200000,110.3,113.0,108.2,112.0,43985.795,1670025599999,True
2022-12-03 00:00:00,1670025600000,112.0,112.7,109.5,109.7,32270.27,1670111999999,True
2022-12-04 00:00:00,1670112000000,109.7,112.0,109.5,111.0,34713.425,1670198399999,True
2022-12-05 00:00:00,1670198400000,111.1,117.0,109.7,110.4,96125.461,1670284799999,True
2022-12-06 00:00:00,1670284800000,110.4,112.3,110.2,112.1,42918.222,1670371199999,True
2022-12-07 00:00:00,1670371200000,112.2,112.9,107.5,109.1,51425.92,1670457599999,True
2022-12-08 00:00:00,1670457600000,109.1,112.3,108.4,111.9,41721.426,1670543999999,True
2022-12-09 00:00:00,1670544000000,111.9,112.3,109.0,109.9,52086.965,1670630399999,True
2022-12-10 00:00:00,1670630400000,109.9,110.5,108.8,109.1,27203.907,1670716799999,True
2022-12-11 00:00:00,1670716800000,109.1,109.9,105.9,106.3,41607.98,1670803199999,True
2022-12-12 00:00:00,1670803200000,106.2,106.9,102.1,106.3,58195.807,1670889599999,True
2022-12-13 00:00:00,1670889600000,106.2,111.5,103.7,110.4,118517.497,1670975999999,True
2022-12-14 00:00:00,1670976000000,110.4,111.4,107.4,109.1,48182.886,1671062399999,True
2022-12-15 00:00:00,1671062400000,109.0,110.0,106.7,107.2,33064.331,1671148799999,True
2022-12-16 00:00:00,1671148800000,107.2,108.1,98.7,100.1,65845.584,1671235199999,True
2022-12-17 00:00:00,1671235200000,100.1,103.4,98.7,103.1,52252.737,1671321599999,True
2022-12-18 00:00:00,1671321600000,103.2,103.7,101.4,102.0,22885.588,1671407999999,True
2022-12-19 00:00:00,1671408000000,102.0,103.0,97.9,98.4,40529.387,1671494399999,True
2022-12-20 00:00:00,1671494400000,98.3,102.5,98.3,101.7,36935.555,1671580799999,True
2022-12-21 00:00:00,1671580800000,101.6,102.3,99.8,100.3,17479.272,1671667199999,True
2022-12-22 00:00:00,1671667200000,100.4,101.5,99.3,101.4,15722.591,1671753599999,True
2022-12-23 00:00:00,1671753600000,101.4,103.0,101.2,102.0,19135.886,1671839999999,True
2022-12-24 00:00:00,1671840000000,102.0,102.8,101.5,101.7,10568.985,1671926399999,True
2022-12-25 00:00:00,1671926400000,101.6,102.0,99.7,101.4,19201.427,1672012799999,True
2022-12-26 00:00:00,1672012800000,101.4,103.6,100.9,103.4,18810.576,1672099199999,True
2022-12-27 00:00:00,1672099200000,103.5,103.8,101.1,101.7,17120.835,1672185599999,True
2022-12-28 00:00:00,1672185600000,101.8,102.6,98.7,99.2,30613.424,1672271999999,True
2022-12-29 00:00:00,1672272000000,99.1,100.3,97.2,98.4,31656.691,1672358399999,True
2022-12-30 00:00:00,1672358400000,98.5,98.5,95.1,96.8,55044.687,1672444799999,True
2022-12-31 00:00:00,1672444800000,96.7,98.4,96.4,97.0,24282.685,1672531199999,True
2023-01-01 00:00:00,1672531200000,97.0,97.6,96.2,96.8,10264.919,1672617599999,True
2023-01-02 00:00:00,1672617600000,96.8,100.4,95.5,99.3,41183.038,1672703999999,True
2023-01-03 00:00:00,1672704000000,99.3,100.4,98.8,99.6,34511.544,1672790399999,True
2023-01-04 00:00:00,1672790400000,99.6,102.5,99.5,101.5,58636.885,1672876799999,True
2023-01-05 00:00:00,1672876800000,101.6,103.5,100.6,101.2,60392.462,1672963199999,True
2023-01-06 00:00:00,1672963200000,101.1,101.9,98.0,101.7,63179.02,1673049599999,True
2023-01-07 00:00:00,1673049600000,101.6,102.3,101.1,101.4,30203.645,1673135999999,True
2023-01-08 00:00:00,1673136000000,101.5,104.0,100.8,103.7,52981.958,1673222399999,True
2023-01-09 00:00:00,1673222400000,103.7,107.9,103.6,106.9,68710.657,1673308799999,True
2023-01-10 00:00:00,1673308800000,106.8,109.3,105.5,107.4,45513.415,1673395199999,True
2023-01-11 00:00:00,1673395200000,107.5,110.1,105.5,109.9,41716.031,1673481599999,True
2023-01-12 00:00:00,1673481600000,109.9,129.4,107.3,119.7,241816.752,1673567999999,True
2023-01-13 00:00:00,1673568000000,119.6,128.0,117.8,124.6,143625.194,1673654399999,True
2023-01-14 00:00:00,1673654400000,124.5,131.3,120.0,125.8,163633.929,1673740799999,True
2023-01-15 00:00:00,1673740800000,125.8,127.5,121.4,124.8,83784.619,1673827199999,True
2023-01-16 00:00:00,1673827200000,124.9,127.1,119.5,124.2,88029.139,1673913599999,True
2023-01-17 00:00:00,1673913600000,124.2,125.7,121.8,122.7,53759.085,1673999999999,True
2023-01-18 00:00:00,1674000000000,122.8,127.5,115.2,118.7,94056.587,1674086399999,True
2023-01-19 00:00:00,1674086400000,118.6,122.5,118.6,121.6,39384.007,1674172799999,True
2023-01-20 00:00:00,1674172800000,121.7,128.2,120.4,128.1,56520.949,1674259199999,True
2023-01-21 00:00:00,1674259200000,128.0,134.2,125.3,128.0,98438.739,1674345599999,True
2023-01-22 00:00:00,1674345600000,128.0,132.5,127.2,128.6,56391.958,1674431999999,True
2023-01-23 00:00:00,1674432000000,128.5,138.6,128.4,133.2,96735.208,1674518399999,True
2023-01-24 00:00:00,1674518400000,133.2,137.2,125.6,128.2,57354.054,1674604799999,True
2023-01-25 00:00:00,1674604800000,128.2,134.6,125.3,131.8,48990.863,1674691199999,True
2023-01-26 00:00:00,1674691200000,131.9,135.1,129.5,134.0,46366.219,1674777599999,True
2023-01-27 00:00:00,1674777600000,133.9,136.4,131.7,135.2,44599.708,1674863999999,True
2023-01-28 00:00:00,1674864000000,135.2,135.8,131.3,132.7,28534.606,1674950399999,True
2023-01-29 00:00:00,1674950400000,132.7,138.7,131.9,136.6,51248.781,1675036799999,True
2023-01-30 00:00:00,1675036800000,136.5,136.7,127.4,131.2,62216.158,1675123199999,True
2023-01-31 00:00:00,1675123200000,131.2,136.5,130.6,133.3,42244.265,1675209599999,True
2023-02-01 00:00:00,1675209600000,133.3,136.9,129.8,136.2,50549.855,1675295999999,True
2023-02-02 00:00:00,1675296000000,136.2,143.6,135.5,136.7,82403.925,1675382399999,True
2023-02-03 00:00:00,1675382400000,136.8,139.6,136.1,137.9,39249.199,1675468799999,True
2023-02-04 00:00:00,1675468800000,137.9,140.1,136.4,138.0,31490.903,1675555199999,True
2023-02-05 00:00:00,1675555200000,138.1,138.3,132.7,134.4,42079.311,1675641599999,True
2023-02-06 00:00:00,1675641600000,134.4,135.0,130.2,131.5,29789.536,1675727999999,True
2023-02-07 00:00:00,1675728000000,131.5,137.6,131.2,135.9,41185.683,1675814399999,True
2023-02-08 00:00:00,1675814400000,135.9,136.8,129.4,131.6,44511.533,1675900799999,True
2023-02-09 00:00:00,1675900800000,131.5,132.5,121.8,126.6,84390.542,1675987199999,True
2023-02-10 00:00:00,1675987200000,126.7,130.3,123.8,124.3,47331.035,1676073599999,True
2023-02-11 00:00:00,1676073600000,124.3,125.4,123.1,124.6,37171.503,1676159999999,True
2023-02-12 00:00:00,1676160000000,124.7,126.7,121.2,122.9,30304.051,1676246399999,True
2023-02-13 00:00:00,1676246400000,122.8,124.7,119.7,123.8,64537.554,1676332799999,True
2023-02-14 00:00:00,1676332800000,123.9,127.2,122.8,126.7,51039.353,1676419199999,True
2023-02-15 00:00:00,1676419200000,126.7,135.4,125.1,134.8,64483.622,1676505599999,True
2023-02-16 00:00:00,1676505600000,134.8,135.8,127.6,128.0,61743.174,1676591999999,True
2023-02-17 00:00:00,1676592000000,127.9,134.7,127.5,133.4,51358.085,1676678399999,True
2023-02-18 00:00:00,1676678400000,133.4,138.8,133.2,136.2,46251.432,1676764799999,True
2023-02-19 00:00:00,1676764800000,136.2,141.1,134.6,136.0,58952.375,1676851199999,True
2023-02-20 00:00:00,1676851200000,136.1,149.1,133.2,145.1,123482.868,1676937599999,True
2023-02-21 00:00:00,1676937600000,145.0,154.4,142.7,145.3,144377.878,1677023999999,True
2023-02-22 00:00:00,1677024000000,145.3,145.7,136.8,142.0,49878.017,1677110399999,True
2023-02-23 00:00:00,1677110400000,141.9,143.8,137.4,138.8,37061.147,1677196799999,True
2023-02-24 00:00:00,1677196800000,138.7,139.7,130.4,132.7,39473.826,1677283199999,True
2023-02-25 00:00:00,1677283200000,132.7,135.6,129.5,133.2,39638.761,1677369599999,True
2023-02-26 00:00:00,1677369600000,133.1,137.5,132.2,136.3,27869.47,1677455999999,True
2023-02-27 00:00:00,1677456000000,136.3,138.2,133.3,135.2,33727.459,1677542399999,True
2023-02-28 00:00:00,1677542400000,135.2,135.3,130.5,132.0,37638.507,1677628799999,True
2023-03-01 00:00:00,1677628800000,132.0,135.9,131.7,134.3,29814.269,1677715199999,True
2023-03-02 00:00:00,1677715200000,134.3,134.8,129.8,131.8,32693.299,1677801599999,True
2023-03-03 00:00:00,1677801600000,131.9,131.9,120.0,126.4,51028.14,1677887999999,True
2023-03-04 00:00:00,1677888000000,126.3,127.2,122.3,124.4,21819.805,1677974399999,True
2023-03-05 00:00:00,1677974400000,124.3,126.5,123.2,124.0,14793.093,1678060799999,True
2023-03-06 00:00:00,1678060800000,124.0,125.0,122.1,124.2,22612.199,1678147199999,True
2023-03-07 00:00:00,1678147200000,124.2,126.0,120.0,122.1,28569.05,1678233599999,True
2023-03-08 00:00:00,1678233600000,122.2,122.6,114.5,116.6,42494.959,1678319999999,True
2023-03-09 00:00:00,1678320000000,116.6,118.4,106.4,110.2,51768.299,1678406399999,True
2023-03-10 00:00:00,1678406400000,110.3,111.9,105.1,111.5,62563.886,1678492799999,True
2023-03-11 00:00:00,1678492800000,111.5,115.1,107.2,113.6,67504.736,1678579199999,True
2023-03-12 00:00:00,1678579200000,113.6,120.9,112.0,120.2,52359.593,1678665599999,True
2023-03-13 00:00:00,1678665600000,120.3,128.1,119.1,126.6,91701.176,1678751999999,True
2023-03-14 00:00:00,1678752000000,126.6,140.0,125.2,131.0,97283.004,1678838399999,True
2023-03-15 00:00:00,1678838400000,131.0,133.8,122.0,123.2,65394.589,1678924799999,True
2023-03-16 00:00:00,1678924800000,123.1,127.0,122.2,125.8,49577.94,1679011199999,True
2023-03-17 00:00:00,1679011200000,125.7,135.7,124.8,135.5,56746.178,1679097599999,True
2023-03-18 00:00:00,1679097600000,135.5,138.0,130.2,131.1,47669.45,1679183999999,True
2023-03-19 00:00:00,1679184000000,131.0,136.9,131.0,135.7,31897.554,1679270399999,True
2023-03-20 00:00:00,1679270400000,135.8,139.5,129.5,130.3,53715.156,1679356799999,True
2023-03-21 00:00:00,1679356800000,130.3,134.7,125.6,134.0,68393.701,1679443199999,True
2023-03-22 00:00:00,1679443200000,134.0,134.2,122.8,125.9,76774.38,1679529599999,True
2023-03-23 00:00:00,1679529600000,126.0,131.1,124.4,128.6,88044.151,1679615999999,True
2023-03-24 00:00:00,1679616000000,128.7,131.9,121.5,123.7,81345.701,1679702399999,True
2023-03-25 00:00:00,1679702400000,123.8,127.5,123.2,125.2,32778.425,1679788799999,True
2023-03-26 00:00:00,1679788800000,125.1,127.1,123.6,124.7,27644.555,1679875199999,True
2023-03-27 00:00:00,1679875200000,124.7,125.0,116.6,120.4,64614.154,1679961599999,True
2023-03-28 00:00:00,1679961600000,120.4,122.3,119.1,120.9,59140.681,1680047999999,True
2023-03-29 00:00:00,1680048000000,120.9,124.8,120.4,123.3,58026.013,1680134399999,True
2023-03-30 00:00:00,1680134400000,123.3,125.3,119.0,121.1,61260.393,1680220799999,True
2023-03-31 00:00:00,1680220800000,121.1,124.6,120.1,123.9,33062.459,1680307199999,True
2023-04-01 00:00:00,1680307200000,123.9,127.6,123.4,126.1,40065.83,1680393599999,True
2023-04-02 00:00:00,1680393600000,126.1,126.5,121.2,123.0,32720.465,1680479999999,True
2023-04-03 00:00:00,1680480000000,123.0,129.7,119.5,127.8,117684.74,1680566399999,True
2023-04-04 00:00:00,1680566400000,127.8,128.3,125.9,127.1,49808.469,1680652799999,True
2023-04-05 00:00:00,1680652800000,127.1,130.0,125.2,127.2,49976.723,1680739199999,True
2023-04-06 00:00:00,1680739200000,127.3,127.6,124.8,126.0,23152.352,1680825599999,True
2023-04-07 00:00:00,1680825600000,126.1,126.6,123.2,124.5,27864.219,1680911999999,True
2023-04-08 00:00:00,1680912000000,124.5,125.2,122.8,123.8,17951.776,1680998399999,True
2023-04-09 00:00:00,1680998400000,123.7,126.4,123.3,125.6,17464.437,1681084799999,True
2023-04-10 00:00:00,1681084800000,125.5,128.7,124.0,128.0,32059.604,1681171199999,True
2023-04-11 00:00:00,1681171200000,128.0,130.7,127.4,129.1,43069.52,1681257599999,True
2023-04-12 00:00:00,1681257600000,129.1,129.9,125.4,128.7,42992.598,1681343999999,True
2023-04-13 00:00:00,1681344000000,128.8,132.6,128.0,131.1,52186.844,1681430399999,True
2023-04-14 00:00:00,1681430400000,131.1,134.4,128.9,132.2,60371.409,1681516799999,True
2023-04-15 00:00:00,1681516800000,132.2,133.6,130.7,132.5,37448.831,1681603199999,True
2023-04-16 00:00:00,1681603200000,132.5,136.1,131.1,134.4,40000.535,1681689599999,True
2023-04-17 00:00:00,1681689600000,134.3,134.5,130.2,131.5,39990.332,1681775999999,True
2023-04-18 00:00:00,1681776000000,131.5,134.2,130.3,133.6,33908.827,1681862399999,True
2023-04-19 00:00:00,1681862400000,133.6,133.9,122.6,124.9,77117.412,1681948799999,True
2023-04-20 00:00:00,1681948800000,124.8,126.9,121.4,123.2,39412.507,1682035199999,True
2023-04-21 00:00:00,1682035200000,123.1,125.1,118.3,119.8,44640.146,1682121599999,True
2023-04-22 00:00:00,1682121600000,119.8,122.8,119.1,122.0,28302.999,1682207999999,True
2023-04-23 00:00:00,1682208000000,122.1,122.8,117.9,119.8,23382.799,1682294399999,True
2023-04-24 00:00:00,1682294400000,119.8,121.6,118.7,119.2,39350.504,1682380799999,True
2023-04-25 00:00:00,1682380800000,119.2,120.4,116.6,120.2,30910.417,1682467199999,True
2023-04-26 00:00:00,1682467200000,120.2,123.4,111.5,117.6,62735.559,1682553599999,True
2023-04-27 00:00:00,1682553600000,117.6,120.4,116.2,117.0,77460.877,1682639999999,True
2023-04-28 00:00:00,1682640000000,117.0,120.4,115.3,118.0,53783.839,1682726399999,True
2023-04-29 00:00:00,1682726400000,118.0,120.2,117.6,119.7,16978.827,1682812799999,True
2023-04-30 00:00:00,1682812800000,119.7,121.0,117.6,117.7,23552.937,1682899199999,True
2023-05-01 00:00:00,1682899200000,117.6,118.4,115.1,117.1,22506.425,1682985599999,True
2023-05-02 00:00:00,1682985600000,117.0,119.7,116.3,119.3,24470.907,1683071999999,True
2023-05-03 00:00:00,1683072000000,119.2,120.8,115.9,120.0,28932.33,1683158399999,True
2023-05-04 00:00:00,1683158400000,120.0,120.2,116.4,117.3,18089.498,1683244799999,True
2023-05-05 00:00:00,1683244800000,117.3,121.0,116.5,120.0,27513.874,1683331199999,True
2023-05-06 00:00:00,1683331200000,120.0,120.6,115.3,117.0,28806.377,1683417599999,True
2023-05-07 00:00:00,1683417600000,116.9,117.7,115.8,116.1,13454.768,1683503999999,True
2023-05-08 00:00:00,1683504000000,116.0,116.8,107.0,111.1,52782.197,1683590399999,True
2023-05-09 00:00:00,1683590400000,111.2,123.9,110.1,122.2,235926.06,1683676799999,True
2023-05-10 00:00:00,1683676800000,122.2,124.7,111.5,115.8,154502.293,1683763199999,True
2023-05-11 00:00:00,1683763200000,115.7,115.8,110.0,113.2,47106.723,1683849599999,True
2023-05-12 00:00:00,1683849600000,113.2,115.7,112.2,114.7,43317.957,1683935999999,True
2023-05-13 00:00:00,1683936000000,114.7,115.0,112.5,113.0,21084.691,1684022399999,True
2023-05-14 00:00:00,1684022400000,113.0,116.1,112.9,115.2,27029.827,1684108799999,True
2023-05-15 00:00:00,1684108800000,115.2,120.9,114.2,116.1,77793.594,1684195199999,True
2023-05-16 00:00:00,1684195200000,116.1,117.6,114.0,116.7,24166.612,1684281599999,True
2023-05-17 00:00:00,1684281600000,116.7,118.8,115.3,118.0,40417.3,1684367999999,True
2023-05-18 00:00:00,1684368000000,118.0,118.1,112.8,115.3,31700.593,1684454399999,True
2023-05-19 00:00:00,1684454400000,115.2,116.1,114.4,115.6,17682.876,1684540799999,True
2023-05-20 00:00:00,1684540800000,115.5,117.0,114.6,116.6,17287.171,1684627199999,True
2023-05-21 00:00:00,1684627200000,116.7,117.1,113.8,114.7,13837.853,1684713599999,True
2023-05-22 00:00:00,1684713600000,114.7,115.3,113.0,114.7,28252.406,1684799999999,True
2023-05-23 00:00:00,1684800000000,114.7,117.4,114.7,115.7,23419.687,1684886399999,True
2023-05-24 00:00:00,1684886400000,115.7,115.7,110.8,112.1,35368.587,1684972799999,True
2023-05-25 00:00:00,1684972800000,112.1,112.4,109.2,111.9,21059.757,1685059199999,True
2023-05-26 00:00:00,1685059200000,111.9,113.8,111.4,113.2,17662.873,1685145599999,True
2023-05-27 00:00:00,1685145600000,113.2,114.1,112.1,113.8,11827.762,1685231999999,True
2023-05-28 00:00:00,1685232000000,113.9,116.8,113.6,116.4,20725.449,1685318399999,True
2023-05-29 00:00:00,1685318400000,116.5,117.3,114.6,114.9,36462.586,1685404799999,True
2023-05-30 00:00:00,1685404800000,114.9,115.8,113.8,113.9,29794.614,1685491199999,True
2023-05-31 00:00:00,1685491200000,113.9,114.3,112.0,113.2,34303.537,1685577599999,True
2023-06-01 00:00:00,1685577600000,113.3,113.6,111.5,113.4,19159.636,1685663999999,True
2023-06-02 00:00:00,1685664000000,113.3,115.4,112.8,114.9,27534.325,1685750399999,True
2023-06-03 00:00:00,1685750400000,114.8,115.3,114.2,114.9,15120.556,1685836799999,True
2023-06-04 00:00:00,1685836800000,114.9,117.0,114.1,115.7,36263.798,1685923199999,True
2023-06-05 00:00:00,1685923200000,115.7,115.7,107.0,108.7,61000.736,1686009599999,True
2023-06-06 00:00:00,1686009600000,108.7,115.1,107.5,114.9,50108.608,1686095999999,True
2023-06-07 00:00:00,1686096000000,114.9,117.1,110.0,111.1,52617.497,1686182399999,True
2023-06-08 00:00:00,1686182400000,111.1,112.5,110.2,111.9,17049.471,1686268799999,True
2023-06-09 00:00:00,1686268800000,111.8,112.1,109.6,110.8,25473.668,1686355199999,True
2023-06-10 00:00:00,1686355200000,110.8,111.0,90.3,103.4,144691.226,1686441599999,True
2023-06-11 00:00:00,1686441600000,103.4,103.6,101.6,102.8,28551.014,1686527999999,True
2023-06-12 00:00:00,1686528000000,102.8,104.2,100.5,102.7,20099.816,1686614399999,True
2023-06-13 00:00:00,1686614400000,102.8,106.8,102.2,105.3,31135.101,1686700799999,True
2023-06-14 00:00:00,1686700800000,105.4,106.3,100.5,101.7,24515.355,1686787199999,True
2023-06-15 00:00:00,1686787200000,101.7,105.1,101.7,104.9,29187.914,1686873599999,True
2023-06-16 00:00:00,1686873600000,104.8,109.5,102.7,108.1,19696.143,1686959999999,True
2023-06-17 00:00:00,1686960000000,108.2,108.6,106.1,106.7,20624.112,1687046399999,True
2023-06-18 00:00:00,1687046400000,106.7,108.8,105.6,107.0,34258.436,1687132799999,True
2023-06-19 00:00:00,1687132800000,106.9,107.3,104.8,106.8,22916.622,1687219199999,True
2023-06-20 00:00:00,1687219200000,106.9,110.6,105.2,110.0,39355.486,1687305599999,True
2023-06-21 00:00:00,1687305600000,110.0,141.7,109.6,135.9,541394.24,1687391999999,True
2023-06-22 00:00:00,1687392000000,135.8,152.0,128.9,133.5,323358.509,1687478399999,True
2023-06-23 00:00:00,1687478400000,133.4,193.5,133.4,182.2,787313.759,1687564799999,True
2023-06-24 00:00:00,1687564800000,182.3,221.9,179.1,212.7,1004614.432,1687651199999,True
2023-06-25 00:00:00,1687651200000,212.6,219.9,185.6,194.3,689870.809,1687737599999,True
2023-06-26 00:00:00,1687737600000,194.2,235.0,187.5,223.7,926039.44,1687823999999,True
2023-06-27 00:00:00,1687824000000,223.8,239.4,216.0,229.9,726957.415,1687910399999,True
2023-06-28 00:00:00,1687910400000,230.0,244.0,219.7,225.1,732766.713,1687996799999,True
2023-06-29 00:00:00,1687996800000,225.0,255.5,223.8,253.4,711269.162,1688083199999,True
2023-06-30 00:00:00,1688083200000,253.3,329.0,252.2,304.2,1709900.031,1688169599999,True
2023-07-01 00:00:00,1688169600000,304.2,310.8,278.1,291.3,540822.1,1688255999999,True
2023-07-02 00:00:00,1688256000000,291.3,308.9,268.2,299.2,804213.704,1688342399999,True
2023-07-03 00:00:00,1688342400000,299.3,302.6,279.3,292.2,387646.479,1688428799999,True
2023-07-04 00:00:00,1688428800000,292.2,293.4,271.2,272.4,273833.464,1688515199999,True
2023-07-05 00:00:00,1688515200000,272.4,278.7,248.9,272.0,495714.652,1688601599999,True
2023-07-06 00:00:00,1688601600000,271.9,303.7,268.1,275.0,810940.702,1688687999999,True
2023-07-07 00:00:00,1688688000000,275.0,289.7,272.1,278.3,399084.967,1688774399999,True
2023-07-08 00:00:00,1688774400000,278.4,283.2,261.7,272.0,219928.773,1688860799999,True
2023-07-09 00:00:00,1688860800000,272.0,279.7,262.2,265.6,173195.331,1688947199999,True
2023-07-10 00:00:00,1688947200000,265.6,287.8,258.6,274.7,371744.555,1689033599999,True
2023-07-11 00:00:00,1689033600000,274.8,277.6,270.2,274.0,132701.152,1689119999999,True
2023-07-12 00:00:00,1689120000000,274.0,295.0,272.7,282.2,285425.87,1689206399999,True
2023-07-13 00:00:00,1689206400000,282.3,292.4,268.6,273.9,424908.312,1689292799999,True
2023-07-14 00:00:00,1689292800000,274.0,278.2,253.6,264.0,325720.084,1689379199999,True
2023-07-15 00:00:00,1689379200000,264.0,264.0,245.6,253.3,172753.554,1689465599999,True
2023-07-16 00:00:00,1689465600000,253.3,261.3,247.4,249.9,198980.26,1689551999999,True
2023-07-17 00:00:00,1689552000000,249.9,254.6,236.0,241.9,207007.954,1689638399999,True
2023-07-18 00:00:00,1689638400000,241.9,248.1,231.5,243.6,233675.865,1689724799999,True
2023-07-19 00:00:00,1689724800000,243.6,252.0,241.2,244.0,120416.235,1689811199999,True
2023-07-20 00:00:00,1689811200000,244.0,255.3,240.2,244.0,124497.663,1689897599999,True
2023-07-21 00:00:00,1689897600000,244.0,248.3,241.5,246.1,66221.001,1689983999999,True
2023-07-22 00:00:00,1689984000000,246.1,247.8,237.2,239.4,57879.993,1690070399999,True
2023-07-23 00:00:00,1690070400000,239.3,255.7,238.2,249.5,124084.943,1690156799999,True
2023-07-24 00:00:00,1690156800000,249.5,253.9,235.8,238.4,111892.757,1690243199999,True
2023-07-25 00:00:00,1690243200000,238.5,239.7,232.0,237.1,75736.758,1690329599999,True
2023-07-26 00:00:00,1690329600000,237.1,244.7,233.7,242.2,100177.318,1690415999999,True
2023-07-27 00:00:00,1690416000000,242.2,249.7,240.9,245.2,90392.155,1690502399999,True
2023-07-28 00:00:00,1690502400000,245.3,245.5,241.1,241.2,32584.434,1690588799999,True
2023-07-29 00:00:00,1690588800000,241.2,242.5,238.2,241.8,36370.198,1690675199999,True
2023-07-30 00:00:00,1690675200000,241.9,256.3,241.1,253.0,174533.317,1690761599999,True
2023-07-31 00:00:00,1690761600000,253.1,259.4,247.2,247.9,147768.882,1690847999999,True
2023-08-01 00:00:00,1690848000000,247.9,248.9,238.7,245.1,113455.653,1690934399999,True
2023-08-02 00:00:00,1690934400000,245.0,247.4,220.7,229.1,199778.708,1691020799999,True
2023-08-03 00:00:00,1691020800000,229.1,231.7,222.7,225.2,95401.706,1691107199999,True
2023-08-04 00:00:00,1691107200000,225.2,230.1,220.7,227.7,95260.812,1691193599999,True
2023-08-05 00:00:00,1691193600000,227.7,229.0,223.2,226.7,64492.181,1691279999999,True
2023-08-06 00:00:00,1691280000000,226.7,228.6,221.5,223.1,54562.274,1691366399999,True
2023-08-07 00:00:00,1691366400000,223.1,245.4,216.7,237.7,634275.11,1691452799999,True
2023-08-08 00:00:00,1691452800000,237.8,249.6,234.9,238.4,365898.779,1691539199999,True
2023-08-09 00:00:00,1691539200000,238.4,239.7,233.7,238.7,141822.198,1691625599999,True
2023-08-10 00:00:00,1691625600000,238.8,240.6,230.3,231.9,201215.144,1691711999999,True
2023-08-11 00:00:00,1691712000000,231.9,233.0,227.2,229.1,102086.482,1691798399999,True
2023-08-12 00:00:00,1691798400000,229.0,231.0,227.4,228.7,40224.077,1691884799999,True
2023-08-13 00:00:00,1691884800000,228.7,231.2,225.0,228.4,54576.186,1691971199999,True
2023-08-14 00:00:00,1691971200000,228.4,231.3,225.6,230.2,50608.405,1692057599999,True
2023-08-15 00:00:00,1692057600000,230.1,237.3,225.7,228.9,228794.828,1692143999999,True
2023-08-16 00:00:00,1692144000000,228.8,231.3,201.0,208.2,227813.161,1692230399999,True
2023-08-17 00:00:00,1692230400000,208.2,211.4,165.4,184.2,323267.821,1692316799999,True
2023-08-18 00:00:00,1692316800000,184.2,192.0,178.6,187.5,185828.928,1692403199999,True
2023-08-19 00:00:00,1692403200000,187.4,192.1,184.3,187.1,117199.248,1692489599999,True
2023-08-20 00:00:00,1692489600000,187.2,190.7,186.6,188.9,76291.836,1692575999999,True
2023-08-21 00:00:00,1692576000000,188.9,199.2,180.6,185.7,100809.243,1692662399999,True
2023-08-22 00:00:00,1692662400000,185.8,188.3,176.7,184.9,74586.661,1692748799999,True
2023-08-23 00:00:00,1692748800000,185.1,197.0,184.7,193.8,108545.338,1692835199999,True
2023-08-24 00:00:00,1692835200000,193.8,195.2,188.7,194.2,77314.998,1692921599999,True
2023-08-25 00:00:00,1692921600000,194.1,194.8,188.4,192.1,78762.277,1693007999999,True
2023-08-26 00:00:00,1693008000000,192.0,192.4,188.9,190.1,24752.662,1693094399999,True
2023-08-27 00:00:00,1693094400000,190.1,201.9,190.0,197.8,69886.295,1693180799999,True
2023-08-28 00:00:00,1693180800000,197.8,198.0,187.2,190.7,75096.937,1693267199999,True
2023-08-29 00:00:00,1693267200000,190.6,228.4,189.0,225.2,314215.08,1693353599999,True
2023-08-30 00:00:00,1693353600000,225.3,225.9,211.3,215.9,168554.106,1693439999999,True
2023-08-31 00:00:00,1693440000000,216.0,223.0,203.1,207.6,196869.487,1693526399999,True
2023-09-01 00:00:00,1693526400000,207.6,211.1,197.7,199.6,113364.157,1693612799999,True
2023-09-02 00:00:00,1693612800000,199.6,201.8,190.8,195.0,82618.204,1693699199999,True
2023-09-03 00:00:00,1693699200000,195.0,198.2,191.2,196.1,62087.245,1693785599999,True
2023-09-04 00:00:00,1693785600000,196.2,199.1,189.8,193.9,92638.647,1693871999999,True
2023-09-05 00:00:00,1693872000000,193.8,195.2,189.4,192.1,64258.26,1693958399999,True
2023-09-06 00:00:00,1693958400000,192.0,195.8,189.5,193.1,57399.186,1694044799999,True
2023-09-07 00:00:00,1694044800000,193.1,194.5,189.9,193.6,70621.142,1694131199999,True
2023-09-08 00:00:00,1694131200000,193.6,197.1,190.6,193.1,101658.822,1694217599999,True
2023-09-09 00:00:00,1694217600000,193.2,196.4,191.0,193.1,45203.143,1694303999999,True
2023-09-10 00:00:00,1694304000000,193.0,193.1,182.0,190.3,76889.394,1694390399999,True
2023-09-11 00:00:00,1694390400000,190.4,191.8,180.5,184.2,112676.341,1694476799999,True
2023-09-12 00:00:00,1694476800000,184.3,210.7,184.0,198.5,257812.89,1694563199999,True
2023-09-13 00:00:00,1694563200000,198.4,204.5,195.8,199.6,154766.634,1694649599999,True
2023-09-14 00:00:00,1694649600000,199.6,210.6,198.5,207.8,174611.16,1694735999999,True
2023-09-15 00:00:00,1694736000000,207.9,225.8,206.1,217.2,245876.817,1694822399999,True
2023-09-16 00:00:00,1694822400000,217.1,223.9,212.7,214.6,116619.659,1694908799999,True
2023-09-17 00:00:00,1694908800000,214.6,214.9,205.1,209.9,105720.441,1694995199999,True
2023-09-18 00:00:00,1694995200000,210.0,225.7,207.4,217.3,189941.395,1695081599999,True
2023-09-19 00:00:00,1695081600000,217.3,222.5,214.5,218.7,100740.144,1695167999999,True
2023-09-20 00:00:00,1695168000000,218.7,221.0,211.5,215.4,133808.869,1695254399999,True
2023-09-21 00:00:00,1695254400000,215.5,215.7,205.7,208.5,101970.743,1695340799999,True
2023-09-22 00:00:00,1695340800000,208.6,210.2,204.2,207.8,69681.963,1695427199999,True
2023-09-23 00:00:00,1695427200000,207.8,209.7,206.6,208.2,40415.183,1695513599999,True
2023-09-24 00:00:00,1695513600000,208.2,210.0,202.8,204.7,48724.087,1695599999999,True
2023-09-25 00:00:00,1695600000000,204.7,213.7,201.8,210.5,77227.075,1695686399999,True
2023-09-26 00:00:00,1695686400000,210.5,216.0,209.5,214.6,108582.482,1695772799999,True
2023-09-27 00:00:00,1695772800000,214.7,236.7,213.4,229.4,246673.152,1695859199999,True
2023-09-28 00:00:00,1695859200000,229.3,245.8,227.9,238.7,269639.013,1695945599999,True
2023-09-29 00:00:00,1695945600000,238.7,241.4,229.1,235.0,143794.198,1696031999999,True
2023-09-30 00:00:00,1696032000000,235.0,239.9,231.9,233.9,82412.878,1696118399999,True
2023-10-01 00:00:00,1696118400000,233.9,245.3,232.8,242.3,108512.943,1696204799999,True
2023-10-02 00:00:00,1696204800000,242.4,256.5,240.5,246.3,263100.247,1696291199999,True
2023-10-03 00:00:00,1696291200000,246.3,251.5,227.8,230.3,195755.374,1696377599999,True
2023-10-04 00:00:00,1696377600000,230.2,234.2,223.6,233.1,88354.197,1696463999999,True
2023-10-05 00:00:00,1696464000000,233.1,234.9,225.5,230.9,82627.435,1696550399999,True
2023-10-06 00:00:00,1696550400000,231.0,234.0,226.1,230.8,57289.916,1696636799999,True
2023-10-07 00:00:00,1696636800000,230.9,236.4,228.4,230.2,58115.355,1696723199999,True
2023-10-08 00:00:00,1696723200000,230.2,233.1,226.5,227.8,41168.992,1696809599999,True
2023-10-09 00:00:00,1696809600000,227.8,229.1,210.6,218.4,92214.886,1696895999999,True
2023-10-10 00:00:00,1696896000000,218.5,220.4,210.3,212.2,87818.448,1696982399999,True
2023-10-11 00:00:00,1696982400000,212.2,217.1,206.3,214.1,87609.575,1697068799999,True
2023-10-12 00:00:00,1697068800000,214.0,217.5,207.5,214.0,73624.828,1697155199999,True
2023-10-13 00:00:00,1697155200000,214.1,218.9,211.9,217.2,82605.26,1697241599999,True
2023-10-14 00:00:00,1697241600000,217.3,218.2,214.3,214.5,23391.75,1697327999999,True
2023-10-15 00:00:00,1697328000000,214.5,216.7,212.8,215.1,29138.279,1697414399999,True
2023-10-16 00:00:00,1697414400000,215.2,249.7,214.8,230.8,269226.067,1697500799999,True
2023-10-17 00:00:00,1697500800000,230.8,232.5,223.6,226.4,104566.107,1697587199999,True
2023-10-18 00:00:00,1697587200000,226.3,232.9,224.6,226.8,113316.715,1697673599999,True
2023-10-19 00:00:00,1697673600000,226.8,235.3,224.8,227.3,81905.784,1697759999999,True
2023-10-20 00:00:00,1697760000000,227.3,249.9,226.1,240.4,158204.575,1697846399999,True
2023-10-21 00:00:00,1697846400000,240.4,246.6,237.8,244.0,96104.265,1697932799999,True
2023-10-22 00:00:00,1697932800000,244.1,254.7,237.1,243.4,139159.29,1698019199999,True
2023-10-23 00:00:00,1698019200000,243.4,264.8,240.3,262.0,214037.566,1698105599999,True
2023-10-24 00:00:00,1698105600000,262.0,269.9,245.5,251.9,192549.224,1698191999999,True
2023-10-25 00:00:00,1698192000000,251.9,259.8,248.2,254.2,99341.491,1698278399999,True
2023-10-26 00:00:00,1698278400000,254.2,257.0,240.3,247.3,99382.2,1698364799999,True
2023-10-27 00:00:00,1698364800000,247.3,247.6,232.8,239.3,73954.685,1698451199999,True
2023-10-28 00:00:00,1698451200000,239.2,247.9,238.8,245.0,92960.818,1698537599999,True
2023-10-29 00:00:00,1698537600000,244.9,249.8,242.3,246.1,55762.805,1698623999999,True
2023-10-30 00:00:00,1698624000000,246.0,250.9,241.2,245.8,64211.538,1698710399999,True
2023-10-31 00:00:00,1698710400000,245.9,249.0,235.8,244.9,96173.646,1698796799999,True
2023-11-01 00:00:00,1698796800000,244.9,247.3,236.5,245.3,90863.418,1698883199999,True
2023-11-02 00:00:00,1698883200000,245.2,249.5,230.4,235.5,111134.641,1698969599999,True
2023-11-03 00:00:00,1698969600000,235.5,241.0,231.1,237.6,86161.05,1699055999999,True
2023-11-04 00:00:00,1699056000000,237.4,240.7,235.7,240.4,31159.012,1699142399999,True
2023-11-05 00:00:00,1699142400000,240.5,243.1,233.3,237.5,70650.137,1699228799999,True
2023-11-06 00:00:00,1699228800000,237.7,244.9,235.5,242.8,56406.544,1699315199999,True
2023-11-07 00:00:00,1699315200000,242.9,251.9,237.2,243.9,128431.431,1699401599999,True
2023-11-08 00:00:00,1699401600000,243.8,247.4,241.7,245.5,54141.061,1699487999999,True
2023-11-09 00:00:00,1699488000000,245.4,257.8,212.0,240.1,225713.45,1699574399999,True
2023-11-10 00:00:00,1699574400000,240.2,242.8,233.5,239.7,116981.354,1699660799999,True
2023-11-11 00:00:00,1699660800000,239.8,241.7,232.3,236.7,86120.727,1699747199999,True
2023-11-12 00:00:00,1699747200000,236.6,239.5,230.2,236.6,52434.364,1699833599999,True
2023-11-13 00:00:00,1699833600000,236.6,240.4,231.9,234.0,122764.008,1699919999999,True
2023-11-14 00:00:00,1699920000000,233.9,238.9,220.5,232.0,87054.484,1700006399999,True
2023-11-15 00:00:00,1700006400000,232.0,238.2,230.1,237.8,58741.236,1700092799999,True
2023-11-16 00:00:00,1700092800000,237.9,245.0,230.3,234.0,111489.399,1700179199999,True
2023-11-17 00:00:00,1700179200000,233.9,234.8,221.4,229.7,91590.327,1700265599999,True
2023-11-18 00:00:00,1700265600000,229.8,229.8,220.8,227.3,35985.711,1700351999999,True
2023-11-19 00:00:00,1700352000000,227.3,231.0,224.0,230.1,33559.191,1700438399999,True
2023-11-20 00:00:00,1700438400000,230.1,230.5,224.5,226.2,43383.838,1700524799999,True
2023-11-21 00:00:00,1700524800000,226.2,236.3,212.7,216.4,154187.987,1700611199999,True
2023-11-22 00:00:00,1700611200000,216.3,224.7,215.4,223.8,71131.828,1700697599999,True
2023-11-23 00:00:00,1700697600000,223.8,227.6,221.9,225.1,43231.356,1700783999999,True
2023-11-24 00:00:00,1700784000000,225.2,230.2,224.4,226.4,51461.469,1700870399999,True
2023-11-25 00:00:00,1700870400000,226.5,228.3,225.5,227.6,21887.642,1700956799999,True
2023-11-26 00:00:00,1700956800000,227.6,229.8,221.8,226.8,36711.685,1701043199999,True
2023-11-27 00:00:00,1701043200000,226.8,229.7,219.3,223.2,88941.72,1701129599999,True
2023-11-28 00:00:00,1701129600000,223.3,224.9,219.5,223.3,41325.253,1701215999999,True
2023-11-29 00:00:00,1701216000000,223.3,227.2,221.0,223.2,38927.198,1701302399999,True
2023-11-30 00:00:00,1701302400000,223.3,223.5,220.1,221.4,22303.877,1701388799999,True
2023-12-01 00:00:00,1701388800000,221.4,226.4,220.6,225.1,26586.403,1701475199999,True
2023-12-02 00:00:00,1701475200000,225.1,228.6,224.8,228.2,38715.046,1701561599999,True
2023-12-03 00:00:00,1701561600000,228.3,233.3,223.8,230.0,68569.404,1701647999999,True
2023-12-04 00:00:00,1701648000000,230.1,256.3,229.0,252.3,324819.815,1701734399999,True
2023-12-05 00:00:00,1701734400000,252.3,253.1,238.4,250.9,137206.9,1701820799999,True
2023-12-06 00:00:00,1701820800000,251.0,265.3,242.8,244.6,208471.822,1701907199999,True
2023-12-07 00:00:00,1701907200000,244.6,249.3,239.2,246.9,86344.827,1701993599999,True
2023-12-08 00:00:00,1701993600000,246.9,254.6,245.3,253.5,73675.57,1702079999999,True
2023-12-09 00:00:00,1702080000000,253.6,263.0,250.2,252.7,110203.83,1702166399999,True
2023-12-10 00:00:00,1702166400000,252.7,255.3,244.3,251.1,48141.551,1702252799999,True
2023-12-11 00:00:00,1702252800000,251.1,251.7,210.1,230.5,138972.545,1702339199999,True
2023-12-12 00:00:00,1702339200000,230.5,235.1,226.9,231.8,52552.454,1702425599999,True
2023-12-13 00:00:00,1702425600000,231.9,237.2,222.9,235.3,68695.59,1702511999999,True
2023-12-14 00:00:00,1702512000000,235.4,237.9,226.3,237.3,75947.533,1702598399999,True
2023-12-15 00:00:00,1702598400000,237.2,237.4,224.9,227.1,50604.886,1702684799999,True
2023-12-16 00:00:00,1702684800000,227.1,232.2,224.7,229.8,30972.316,1702771199999,True
2023-12-17 00:00:00,1702771200000,229.8,230.6,225.0,225.9,31205.928,1702857599999,True
2023-12-18 00:00:00,1702857600000,226.0,228.3,217.2,228.1,59987.079,1702943999999,True
2023-12-19 00:00:00,1702944000000,228.2,231.0,222.6,225.2,46284.005,1703030399999,True
2023-12-20 00:00:00,1703030400000,225.2,234.7,223.7,229.5,107793.86,1703116799999,True
2023-12-21 00:00:00,1703116800000,229.5,234.5,228.6,233.0,38331.684,1703203199999,True
2023-12-22 00:00:00,1703203200000,233.1,244.2,231.4,238.2,112091.995,1703289599999,True
2023-12-23 00:00:00,1703289600000,238.2,238.6,230.0,232.7,74175.248,1703375999999,True
2023-12-24 00:00:00,1703376000000,232.8,233.9,225.2,228.9,60413.343,1703462399999,True
2023-12-25 00:00:00,1703462400000,229.0,237.5,228.1,234.8,63107.223,1703548799999,True
2023-12-26 00:00:00,1703548800000,234.9,235.1,220.0,229.3,114311.221,1703635199999,True
2023-12-27 00:00:00,1703635200000,229.2,265.5,226.3,264.1,361613.654,1703721599999,True
2023-12-28 00:00:00,1703721600000,264.2,278.8,257.4,261.5,344643.078,1703807999999,True
2023-12-29 00:00:00,1703808000000,261.6,269.4,249.1,254.1,221162.311,1703894399999,True
2023-12-30 00:00:00,1703894400000,254.0,288.0,253.8,270.5,309545.699,1703980799999,True
2023-12-31 00:00:00,1703980800000,270.5,272.2,252.0,259.7,119553.935,1704067199999,True
2024-01-01 00:00:00,1704067200000,259.7,269.9,255.6,267.8,99997.894,1704153599999,True
2024-01-02 00:00:00,1704153600000,267.8,271.1,254.1,257.1,119838.559,1704239999999,True
2024-01-03 00:00:00,1704240000000,257.1,268.0,211.3,234.0,214279.411,1704326399999,True
2024-01-04 00:00:00,1704326400000,234.0,240.3,232.1,239.5,75102.078,1704412799999,True
2024-01-05 00:00:00,1704412800000,239.6,242.7,228.8,239.3,95347.423,1704499199999,True
2024-01-06 00:00:00,1704499200000,239.2,243.5,230.8,236.1,69369.673,1704585599999,True
2024-01-07 00:00:00,1704585600000,236.1,240.0,229.7,232.5,59334.144,1704671999999,True
2024-01-08 00:00:00,1704672000000,232.5,256.0,221.0,253.9,177168.555,1704758399999,True
2024-01-09 00:00:00,1704758400000,254.0,257.6,239.4,244.8,146402.993,1704844799999,True
2024-01-10 00:00:00,1704844800000,244.7,260.2,233.0,254.7,123823.464,1704931199999,True
2024-01-11 00:00:00,1704931200000,254.8,289.4,250.4,276.1,291913.79,1705017599999,True
2024-01-12 00:00:00,1705017600000,276.1,298.6,250.1,259.3,322116.121,1705103999999,True
2024-01-13 00:00:00,1705104000000,259.3,262.5,250.8,254.1,133675.524,1705190399999,True
2024-01-14 00:00:00,1705190400000,254.1,259.1,245.1,245.7,81778.381,1705276799999,True
2024-01-15 00:00:00,1705276800000,245.7,257.8,245.1,250.2,68857.593,1705363199999,True
2024-01-16 00:00:00,1705363200000,250.2,256.3,248.9,251.2,65919.31,1705449599999,True
2024-01-17 00:00:00,1705449600000,251.2,251.5,240.7,244.2,108380.047,1705535999999,True
2024-01-18 00:00:00,1705536000000,244.2,245.1,233.2,237.7,71104.092,1705622399999,True
2024-01-19 00:00:00,1705622400000,237.7,238.2,226.5,236.8,76209.816,1705708799999,True
2024-01-20 00:00:00,1705708800000,236.8,240.0,235.0,239.1,27061.285,1705795199999,True
2024-01-21 00:00:00,1705795200000,239.0,243.1,236.5,236.9,31640.023,1705881599999,True
2024-01-22 00:00:00,1705881600000,236.9,242.8,230.3,235.7,135875.313,1705967999999,True
2024-01-23 00:00:00,1705968000000,235.7,238.0,219.1,229.6,112117.565,1706054399999,True
2024-01-24 00:00:00,1706054400000,229.6,238.4,228.5,236.3,70102.531,1706140799999,True
2024-01-25 00:00:00,1706140800000,236.2,238.7,234.4,236.6,45885.676,1706227199999,True
2024-01-26 00:00:00,1706227200000,236.6,243.0,234.5,241.8,38870.822,1706313599999,True
2024-01-27 00:00:00,1706313600000,241.8,245.2,239.2,243.7,42733.632,1706399999999,True
2024-01-28 00:00:00,1706400000000,243.7,245.9,234.8,236.9,40037.91,1706486399999,True
2024-01-29 00:00:00,1706486400000,236.9,242.0,234.1,241.3,47720.556,1706572799999,True
2024-01-30 00:00:00,1706572800000,241.3,243.8,236.3,237.4,40063.404,1706659199999,True
2024-01-31 00:00:00,1706659200000,237.5,239.0,232.5,234.3,70257.706,1706745599999,True
2024-02-01 00:00:00,1706745600000,234.2,237.4,230.4,236.6,40860.138,1706831999999,True
2024-02-02 00:00:00,1706832000000,236.8,238.0,234.4,236.3,22391.865,1706918399999,True
2024-02-03 00:00:00,1706918400000,236.3,242.2,236.1,241.0,38262.955,1707004799999,True
2024-02-04 00:00:00,1707004800000,241.0,244.4,232.7,235.2,71465.645,1707091199999,True
2024-02-05 00:00:00,1707091200000,235.2,238.0,233.9,235.8,37484.432,1707177599999,True
2024-02-06 00:00:00,1707177600000,235.8,238.4,234.3,235.2,53932.232,1707263999999,True
2024-02-07 00:00:00,1707264000000,235.1,241.0,234.6,240.6,29816.611,1707350399999,True
2024-02-08 00:00:00,1707350400000,240.7,245.0,240.3,244.6,43776.723,1707436799999,True
2024-02-09 00:00:00,1707436800000,244.6,254.0,244.6,250.3,71398.511,1707523199999,True
2024-02-10 00:00:00,1707523200000,250.3,251.8,243.0,247.8,33287.289,1707609599999,True
2024-02-11 00:00:00,1707609600000,247.8,283.8,246.7,277.6,430299.996,1707695999999,True
2024-02-12 00:00:00,1707696000000,277.7,289.8,266.5,280.5,267529.304,1707782399999,True
2024-02-13 00:00:00,1707782400000,280.5,287.6,266.5,270.4,122646.429,1707868799999,True
2024-02-14 00:00:00,1707868800000,270.4,295.8,264.6,280.7,247560.019,1707955199999,True
2024-02-15 00:00:00,1707955200000,280.7,282.6,265.9,270.4,233683.38,1708041599999,True
2024-02-16 00:00:00,1708041600000,270.3,275.2,265.2,274.2,198667.215,1708127999999,True
2024-02-17 00:00:00,1708128000000,274.2,274.3,258.4,267.3,83607.423,1708214399999,True
2024-02-18 00:00:00,1708214400000,267.3,271.9,264.8,270.6,37506.658,1708300799999,True
2024-02-19 00:00:00,1708300800000,270.5,273.7,266.7,273.1,62070.974,1708387199999,True
2024-02-20 00:00:00,1708387200000,273.2,274.1,256.0,265.2,122246.646,1708473599999,True
2024-02-21 00:00:00,1708473600000,265.3,267.1,255.2,263.1,64106.107,1708559999999,True
2024-02-22 00:00:00,1708560000000,263.0,267.4,259.0,260.4,51094.497,1708646399999,True
2024-02-23 00:00:00,1708646400000,260.3,267.1,259.4,264.7,53742.343,1708732799999,True
2024-02-24 00:00:00,1708732800000,264.7,270.6,262.8,267.7,37881.143,1708819199999,True
2024-02-25 00:00:00,1708819200000,267.7,270.9,265.5,267.9,42202.093,1708905599999,True
2024-02-26 00:00:00,1708905600000,267.9,276.8,262.2,274.7,79611.431,1708991999999,True
2024-02-27 00:00:00,1708992000000,274.7,314.0,274.4,292.8,472705.312,1709078399999,True
2024-02-28 00:00:00,1709078400000,292.8,313.8,278.6,296.4,307986.359,1709164799999,True
2024-02-29 00:00:00,1709164800000,296.4,323.5,291.0,297.6,357337.47,1709251199999,True
2024-03-01 00:00:00,1709251200000,297.7,319.8,296.8,316.3,170705.249,1709337599999,True
2024-03-02 00:00:00,1709337600000,316.3,506.4,315.5,501.1,1102649.19,1709423999999,True
2024-03-03 00:00:00,1709424000000,501.2,529.2,455.2,470.5,641629.384,1709510399999,True
2024-03-04 00:00:00,1709510400000,470.4,479.0,433.2,473.5,485575.614,1709596799999,True
2024-03-05 00:00:00,1709596800000,473.4,481.9,340.0,401.0,431605.458,1709683199999,True
2024-03-06 00:00:00,1709683200000,400.9,421.6,383.4,415.8,209890.51,1709769599999,True
2024-03-07 00:00:00,1709769600000,415.7,439.5,397.6,432.1,187382.546,1709855999999,True
2024-03-08 00:00:00,1709856000000,432.0,446.5,400.0,436.5,194407.486,1709942399999,True
2024-03-09 00:00:00,1709942400000,436.6,458.4,424.7,432.2,155696.291,1710028799999,True
2024-03-10 00:00:00,1710028800000,432.1,446.4,411.8,423.4,146516.648,1710115199999,True
2024-03-11 00:00:00,1710115200000,423.3,456.0,401.1,448.4,232768.146,1710201599999,True
2024-03-12 00:00:00,1710201600000,448.4,448.5,409.7,435.0,270855.788,1710287999999,True
2024-03-13 00:00:00,1710288000000,435.0,455.3,423.8,442.5,231275.949,1710374399999,True
2024-03-14 00:00:00,1710374400000,442.4,474.4,416.1,440.5,372276.878,1710460799999,True
2024-03-15 00:00:00,1710460800000,440.5,445.0,383.0,416.7,193041.267,1710547199999,True
2024-03-16 00:00:00,1710547200000,416.7,421.5,381.6,388.6,122231.602,1710633599999,True
2024-03-17 00:00:00,1710633600000,388.5,407.8,369.0,402.6,125845.582,1710719999999,True
2024-03-18 00:00:00,1710720000000,402.5,411.7,383.4,401.0,113797.978,1710806399999,True
2024-03-19 00:00:00,1710806400000,401.3,411.9,351.0,358.8,203229.273,1710892799999,True
2024-03-20 00:00:00,1710892800000,358.7,412.6,348.0,410.0,193584.598,1710979199999,True
2024-03-21 00:00:00,1710979200000,409.9,436.5,403.9,414.4,197366.156,1711065599999,True
2024-03-22 00:00:00,1711065600000,414.5,433.5,391.5,431.4,195896.538,1711151999999,True
2024-03-23 00:00:00,1711152000000,431.5,475.9,419.6,455.9,311308.987,1711238399999,True
2024-03-24 00:00:00,1711238400000,455.9,500.0,444.9,485.1,284452.212,1711324799999,True
2024-03-25 00:00:00,1711324800000,485.1,507.1,472.9,487.4,313321.647,1711411199999,True
2024-03-26 00:00:00,1711411200000,487.3,495.0,467.8,479.3,158989.486,1711497599999,True
2024-03-27 00:00:00,1711497600000,479.4,553.6,478.2,539.1,508240.321,1711583999999,True
2024-03-28 00:00:00,1711584000000,539.0,586.9,527.4,567.4,351119.576,1711670399999,True
2024-03-29 00:00:00,1711670400000,567.4,640.0,553.1,620.6,403682.722,1711756799999,True
2024-03-30 00:00:00,1711756800000,620.7,624.2,590.3,597.6,137919.778,1711843199999,True
2024-03-31 00:00:00,1711843200000,597.7,693.0,586.0,678.7,272976.627,1711929599999,True
2024-04-01 00:00:00,1711929600000,678.8,705.0,617.4,647.6,432766.705,1712015999999,True
2024-04-02 00:00:00,1712016000000,647.8,649.9,587.0,639.0,334867.063,1712102399999,True
2024-04-03 00:00:00,1712102400000,639.2,644.0,561.7,592.8,352889.583,1712188799999,True
2024-04-04 00:00:00,1712188800000,592.8,683.8,591.3,665.4,558864.969,1712275199999,True
2024-04-05 00:00:00,1712275200000,665.5,719.5,645.0,657.3,521720.668,1712361599999,True
2024-04-06 00:00:00,1712361600000,657.5,716.9,656.7,693.9,527039.099,1712447999999,True
2024-04-07 00:00:00,1712448000000,693.9,710.1,674.7,684.8,166595.478,1712534399999,True
2024-04-08 00:00:00,1712534400000,684.9,712.9,678.0,681.4,203752.839,1712620799999,True
2024-04-09 00:00:00,1712620800000,681.4,695.8,656.0,671.8,244522.655,1712707199999,True
2024-04-10 00:00:00,1712707200000,671.8,673.8,594.7,629.2,303286.498,1712793599999,True
2024-04-11 00:00:00,1712793600000,629.3,629.4,599.7,614.2,97400.254,1712879999999,True
2024-04-12 00:00:00,1712880000000,614.2,618.9,487.8,533.2,277284.701,1712966399999,True
2024-04-13 00:00:00,1712966400000,533.4,551.7,443.0,479.6,310810.007,1713052799999,True
2024-04-14 00:00:00,1713052800000,479.6,530.9,453.5,525.7,226882.955,1713139199999,True
2024-04-15 00:00:00,1713139200000,525.6,568.2,490.9,508.3,234628.342,1713225599999,True
2024-04-16 00:00:00,1713225600000,508.3,510.5,462.5,486.9,199190.727,1713311999999,True
2024-04-17 00:00:00,1713312000000,486.8,490.7,446.9,463.9,127098.091,1713398399999,True
2024-04-18 00:00:00,1713398400000,463.7,488.9,453.2,483.0,84325.23,1713484799999,True
2024-04-19 00:00:00,1713484800000,483.1,492.4,444.3,476.8,121845.411,1713571199999,True
2024-04-20 00:00:00,1713571200000,476.7,522.5,470.7,515.4,97746.418,1713657599999,True
2024-04-21 00:00:00,1713657600000,515.3,518.3,493.2,502.2,54528.182,1713743999999,True
2024-04-22 00:00:00,1713744000000,502.2,528.0,496.2,522.7,60480.944,1713830399999,True
2024-04-23 00:00:00,1713830400000,522.7,523.4,501.7,505.0,57725.747,1713916799999,True
2024-04-24 00:00:00,1713916800000,505.0,511.9,474.0,479.4,82120.511,1714003199999,True
2024-04-25 00:00:00,1714003200000,479.6,486.0,466.8,478.1,69775.358,1714089599999,True
2024-04-26 00:00:00,1714089600000,478.1,493.5,466.6,482.4,47250.073,1714175999999,True
2024-04-27 00:00:00,1714176000000,482.7,486.1,462.0,477.1,50248.3,1714262399999,True
2024-04-28 00:00:00,1714262400000,477.0,488.0,468.2,470.5,30354.967,1714348799999,True
2024-04-29 00:00:00,1714348800000,470.8,474.5,447.0,465.1,56862.53,1714435199999,True
2024-04-30 00:00:00,1714435200000,465.2,470.4,420.6,434.1,115595.853,1714521599999,True
2024-05-01 00:00:00,1714521600000,434.1,436.0,400.0,424.8,123445.69,1714607999999,True
2024-05-02 00:00:00,1714608000000,424.7,434.7,410.7,429.0,50861.942,1714694399999,True
2024-05-03 00:00:00,1714694400000,429.1,458.6,425.7,452.6,61238.56,1714780799999,True
2024-05-04 00:00:00,1714780800000,452.7,480.5,451.9,462.8,64901.955,1714867199999,True
2024-05-05 00:00:00,1714867200000,463.0,473.1,455.7,469.0,29910.846,1714953599999,True
2024-05-06 00:00:00,1714953600000,469.1,484.3,462.9,473.1,59984.362,1715039999999,True
2024-05-07 00:00:00,1715040000000,473.1,494.6,466.2,470.9,77311.278,1715126399999,True
2024-05-08 00:00:00,1715126400000,470.8,473.7,444.7,448.2,73563.781,1715212799999,True
2024-05-09 00:00:00,1715212800000,448.1,458.8,442.0,454.8,42676.019,1715299199999,True
2024-05-10 00:00:00,1715299200000,454.7,456.9,421.3,426.6,57408.003,1715385599999,True
2024-05-11 00:00:00,1715385600000,426.6,435.8,425.2,429.5,38817.664,1715471999999,True
2024-05-12 00:00:00,1715472000000,429.5,438.7,427.5,433.0,16312.883,1715558399999,True
2024-05-13 00:00:00,1715558400000,433.1,448.2,421.5,437.5,48725.138,1715644799999,True
2024-05-14 00:00:00,1715644800000,437.5,439.5,426.0,429.1,40060.733,1715731199999,True
2024-05-15 00:00:00,1715731200000,429.1,467.1,423.8,463.7,60865.846,1715817599999,True
2024-05-16 00:00:00,1715817600000,463.6,465.9,442.4,444.8,36934.91,1715903999999,True
2024-05-17 00:00:00,1715904000000,444.8,478.5,442.3,466.5,93051.632,1715990399999,True
2024-05-18 00:00:00,1715990400000,466.6,492.1,464.3,475.4,73575.835,1716076799999,True
2024-05-19 00:00:00,1716076800000,475.3,497.1,473.0,484.9,86821.512,1716163199999,True
2024-05-20 00:00:00,1716163200000,485.0,518.6,476.1,517.9,117801.398,1716249599999,True
2024-05-21 00:00:00,1716249600000,517.9,530.1,510.0,515.0,142481.672,1716335999999,True
2024-05-22 00:00:00,1716336000000,515.0,515.9,495.1,499.0,73263.527,1716422399999,True
2024-05-23 00:00:00,1716422400000,499.1,516.4,472.4,491.2,87911.551,1716508799999,True
2024-05-24 00:00:00,1716508800000,491.2,500.1,480.0,494.9,54448.921,1716595199999,True
2024-05-25 00:00:00,1716595200000,495.0,501.9,490.9,493.6,37974.681,1716681599999,True
2024-05-26 00:00:00,1716681600000,493.6,494.4,480.7,484.0,41700.753,1716767999999,True
2024-05-27 00:00:00,1716768000000,484.1,503.7,481.3,489.6,35570.357,1716854399999,True
2024-05-28 00:00:00,1716854400000,489.5,489.6,461.2,470.4,80456.843,1716940799999,True
2024-05-29 00:00:00,1716940800000,470.4,475.3,462.7,465.8,41494.844,1717027199999,True
2024-05-30 00:00:00,1717027200000,465.7,474.9,459.4,465.1,33226.043,1717113599999,True
2024-05-31 00:00:00,1717113600000,465.0,469.3,447.6,454.8,36233.256,1717199999999,True
2024-06-01 00:00:00,1717200000000,454.9,466.4,454.3,463.5,15542.057,1717286399999,True
2024-06-02 00:00:00,1717286400000,463.6,465.3,452.9,458.3,22551.466,1717372799999,True
2024-06-03 00:00:00,1717372800000,458.4,471.8,454.4,464.9,36878.02,1717459199999,True
2024-06-04 00:00:00,1717459200000,465.0,479.9,459.6,477.0,49625.885,1717545599999,True
2024-06-05 00:00:00,1717545600000,477.1,497.9,476.4,495.2,47356.332,1717631999999,True
2024-06-06 00:00:00,1717632000000,495.1,502.4,485.8,496.1,56909.874,1717718399999,True
2024-06-07 00:00:00,1717718400000,496.2,520.9,458.8,477.6,112336.718,1717804799999,True
2024-06-08 00:00:00,1717804800000,477.6,484.9,465.4,469.5,47932.315,1717891199999,True
2024-06-09 00:00:00,1717891200000,469.5,476.0,465.0,474.6,19116.672,1717977599999,True
2024-06-10 00:00:00,1717977600000,474.6,474.9,461.2,469.1,29413.715,1718063999999,True
2024-06-11 00:00:00,1718064000000,469.1,469.6,434.2,446.2,64910.15,1718150399999,True
2024-06-12 00:00:00,1718150400000,446.2,466.7,438.9,454.2,54702.676,1718236799999,True
2024-06-13 00:00:00,1718236800000,454.2,456.1,430.0,431.7,58576.407,1718323199999,True
2024-06-14 00:00:00,1718323200000,431.8,441.4,406.1,422.9,58451.656,1718409599999,True
2024-06-15 00:00:00,1718409600000,422.9,432.7,422.4,430.1,26177.131,1718495999999,True
2024-06-16 00:00:00,1718496000000,430.1,434.0,426.6,428.4,22347.059,1718582399999,True
2024-06-17 00:00:00,1718582400000,428.5,430.0,403.7,419.7,54034.759,1718668799999,True
2024-06-18 00:00:00,1718668800000,419.6,421.5,372.2,389.2,112632.025,1718755199999,True
2024-06-19 00:00:00,1718755200000,389.3,398.4,385.3,388.9,35558.051,1718841599999,True
2024-06-20 00:00:00,1718841600000,389.0,400.8,385.3,389.8,40354.251,1718927999999,True
2024-06-21 00:00:00,1718928000000,389.9,397.6,377.0,383.0,46883.277,1719014399999,True
2024-06-22 00:00:00,1719014400000,383.2,410.1,379.7,392.1,26928.599,1719100799999,True
2024-06-23 00:00:00,1719100800000,392.0,396.6,378.4,381.1,26081.115,1719187199999,True
2024-06-24 00:00:00,1719187200000,381.0,384.3,343.9,363.8,94725.959,1719273599999,True
2024-06-25 00:00:00,1719273600000,364.0,396.7,363.7,388.6,76738.731,1719359999999,True
2024-06-26 00:00:00,1719360000000,388.8,397.2,373.5,374.0,52720.322,1719446399999,True
2024-06-27 00:00:00,1719446400000,373.9,395.5,369.9,389.0,46924.314,1719532799999,True
2024-06-28 00:00:00,1719532800000,389.0,407.0,384.0,386.0,67553.476,1719619199999,True
2024-06-29 00:00:00,1719619200000,386.1,390.2,379.1,380.9,22719.815,1719705599999,True
2024-06-30 00:00:00,1719705600000,380.9,397.5,378.6,394.0,20405.184,1719791999999,True
2024-07-01 00:00:00,1719792000000,394.0,398.6,382.1,384.6,26682.023,1719878399999,True
2024-07-02 00:00:00,1719878400000,384.5,394.2,378.4,382.1,23202.276,1719964799999,True
2024-07-03 00:00:00,1719964800000,382.1,382.8,368.3,373.2,30944.581,1720051199999,True
2024-07-04 00:00:00,1720051200000,373.2,374.5,330.3,331.4,91812.673,1720137599999,True
2024-07-05 00:00:00,1720137600000,331.5,331.8,288.4,325.5,157825.595,1720223999999,True
2024-07-06 00:00:00,1720224000000,325.5,344.0,319.8,342.9,42575.469,1720310399999,True
2024-07-07 00:00:00,1720310400000,343.1,343.1,310.5,312.7,35767.798,1720396799999,True
2024-07-08 00:00:00,1720396800000,312.7,338.1,298.9,333.5,64121.59,1720483199999,True
2024-07-09 00:00:00,1720483200000,333.5,340.8,328.4,331.1,30953.188,1720569599999,True
2024-07-10 00:00:00,1720569600000,331.1,346.6,326.7,340.3,39873.019,1720655999999,True
2024-07-11 00:00:00,1720656000000,340.3,368.9,335.7,347.1,67116.21,1720742399999,True
2024-07-12 00:00:00,1720742400000,347.1,370.0,340.5,368.9,38731.96,1720828799999,True
2024-07-13 00:00:00,1720828800000,368.9,380.0,368.9,375.6,56019.085,1720915199999,True
2024-07-14 00:00:00,1720915200000,375.7,387.9,363.9,376.6,52861.191,1721001599999,True
2024-07-15 00:00:00,1721001600000,376.5,401.5,375.6,400.2,52218.022,1721087999999,True
2024-07-16 00:00:00,1721088000000,400.2,405.3,369.5,387.1,86994.926,1721174399999,True
2024-07-17 00:00:00,1721174400000,387.1,400.6,371.5,375.1,74347.203,1721260799999,True
2024-07-18 00:00:00,1721260800000,375.3,386.5,369.4,382.8,51126.184,1721347199999,True
2024-07-19 00:00:00,1721347200000,382.8,400.3,369.8,391.4,60095.154,1721433599999,True
2024-07-20 00:00:00,1721433600000,391.5,398.9,385.6,395.5,27968.6,1721519999999,True
2024-07-21 00:00:00,1721520000000,395.4,401.5,378.1,401.3,40563.724,1721606399999,True
2024-07-22 00:00:00,1721606400000,401.3,404.6,382.8,385.9,45420.815,1721692799999,True
2024-07-23 00:00:00,1721692800000,385.9,392.8,360.7,366.5,76251.474,1721779199999,True
2024-07-24 00:00:00,1721779200000,366.4,374.8,359.1,362.4,40900.33,1721865599999,True
2024-07-25 00:00:00,1721865600000,362.4,365.2,346.7,361.4,67584.522,1721951999999,True
2024-07-26 00:00:00,1721952000000,361.4,379.0,361.1,377.3,34611.408,1722038399999,True
2024-07-27 00:00:00,1722038400000,377.3,398.2,376.7,392.4,58201.825,1722124799999,True
2024-07-28 00:00:00,1722124800000,392.5,423.6,388.9,416.8,96659.636,1722211199999,True
2024-07-29 00:00:00,1722211200000,416.8,459.2,413.8,439.0,144369.021,1722297599999,True
2024-07-30 00:00:00,1722297600000,439.0,446.7,428.0,432.4,98813.806,1722383999999,True
2024-07-31 00:00:00,1722384000000,432.5,441.4,411.3,413.9,69143.858,1722470399999,True
2024-08-01 00:00:00,1722470400000,413.9,423.5,389.8,413.3,66496.798,1722556799999,True
2024-08-02 00:00:00,1722556800000,413.2,417.5,379.5,381.6,65059.105,1722643199999,True
2024-08-03 00:00:00,1722643200000,381.5,386.1,354.7,364.4,63097.818,1722729599999,True
2024-08-04 00:00:00,1722729600000,364.4,367.4,331.0,332.5,99325.458,1722815999999,True
2024-08-05 00:00:00,1722816000000,332.5,335.7,272.7,309.9,309239.202,1722902399999,True
2024-08-06 00:00:00,1722902400000,309.9,330.2,307.2,315.0,119116.007,1722988799999,True
2024-08-07 00:00:00,1722988800000,315.0,327.8,308.8,312.4,63735.526,1723075199999,True
2024-08-08 00:00:00,1723075200000,312.5,372.2,308.2,353.1,114887.392,1723161599999,True
2024-08-09 00:00:00,1723161600000,353.1,357.9,336.1,347.6,93404.989,1723247999999,True
2024-08-10 00:00:00,1723248000000,347.6,359.0,345.4,354.9,34079.0,1723334399999,True
2024-08-11 00:00:00,1723334400000,354.9,358.6,327.4,330.2,25718.954,1723420799999,True
2024-08-12 00:00:00,1723420800000,330.2,360.1,328.8,354.9,82969.97,1723507199999,True
2024-08-13 00:00:00,1723507200000,354.8,365.4,343.5,351.7,63188.202,1723593599999,True
2024-08-14 00:00:00,1723593600000,351.6,352.6,334.8,337.7,44204.927,1723679999999,True
2024-08-15 00:00:00,1723680000000,337.7,344.3,327.4,334.3,46218.338,1723766399999,True
2024-08-16 00:00:00,1723766400000,334.3,346.8,328.1,338.2,86342.629,1723852799999,True
2024-08-17 00:00:00,1723852800000,337.9,348.0,335.7,341.3,31169.227,1723939199999,True
2024-08-18 00:00:00,1723939200000,341.2,345.5,332.9,333.1,24835.24,1724025599999,True
2024-08-19 00:00:00,1724025600000,333.2,339.7,330.4,338.0,23449.473,1724111999999,True
2024-08-20 00:00:00,1724112000000,337.9,346.8,331.3,335.2,51804.157,1724198399999,True
2024-08-21 00:00:00,1724198400000,335.2,355.5,333.1,349.4,75647.098,1724284799999,True
2024-08-22 00:00:00,1724284800000,349.4,352.2,342.0,346.8,28477.576,1724371199999,True
2024-08-23 00:00:00,1724371200000,346.7,369.0,346.4,365.1,47960.348,1724457599999,True
2024-08-24 00:00:00,1724457600000,365.2,369.2,357.4,363.6,36840.788,1724543999999,True
2024-08-25 00:00:00,1724544000000,363.7,364.9,350.0,356.3,45767.255,1724630399999,True
2024-08-26 00:00:00,1724630400000,356.3,358.1,339.4,342.3,69526.523,1724716799999,True
2024-08-27 00:00:00,1724716800000,342.4,347.2,314.8,324.2,45055.641,1724803199999,True
2024-08-28 00:00:00,1724803200000,324.1,330.7,314.2,322.1,47247.718,1724889599999,True
2024-08-29 00:00:00,1724889600000,322.0,331.0,317.1,322.5,25674.625,1724975999999,True
2024-08-30 00:00:00,1724976000000,322.5,327.2,314.8,324.9,26233.689,1725062399999,True
2024-08-31 00:00:00,1725062400000,324.9,326.8,319.9,322.4,9991.838,1725148799999,True
2024-09-01 00:00:00,1725148800000,322.3,322.8,310.4,312.7,18767.351,1725235199999,True
2024-09-02 00:00:00,1725235200000,312.6,325.9,310.6,323.7,31088.343,1725321599999,True
2024-09-03 00:00:00,1725321600000,323.7,326.3,308.5,308.9,62875.806,1725407999999,True
2024-09-04 00:00:00,1725408000000,308.8,319.5,296.0,315.2,44742.701,1725494399999,True
2024-09-05 00:00:00,1725494400000,315.1,317.0,303.4,307.6,24052.7,1725580799999,True
2024-09-06 00:00:00,1725580800000,307.7,312.8,286.0,295.0,51998.992,1725667199999,True
2024-09-07 00:00:00,1725667200000,294.9,308.3,293.2,299.4,24333.15,1725753599999,True
2024-09-08 00:00:00,1725753600000,299.4,308.3,298.7,305.4,19916.176,1725839999999,True
2024-09-09 00:00:00,1725840000000,305.3,325.9,304.8,322.2,35098.296,1725926399999,True
2024-09-10 00:00:00,1725926400000,322.3,332.0,318.1,329.5,34693.242,1726012799999,True
2024-09-11 00:00:00,1726012800000,329.5,343.9,319.7,337.6,46519.441,1726099199999,True
2024-09-12 00:00:00,1726099200000,337.5,341.0,330.0,333.0,37359.979,1726185599999,True
2024-09-13 00:00:00,1726185600000,332.9,337.8,326.9,335.5,28798.904,1726271999999,True
2024-09-14 00:00:00,1726272000000,335.7,337.8,325.3,327.0,18588.306,1726358399999,True
2024-09-15 00:00:00,1726358400000,327.0,329.2,313.9,316.4,26702.408,1726444799999,True
2024-09-16 00:00:00,1726444800000,316.4,317.3,308.9,311.8,31470.281,1726531199999,True
2024-09-17 00:00:00,1726531200000,311.8,321.6,309.3,314.3,26210.359,1726617599999,True
2024-09-18 00:00:00,1726617600000,314.3,328.1,306.2,327.0,40596.043,1726703999999,True
2024-09-19 00:00:00,1726704000000,327.0,349.8,326.3,340.0,109539.269,1726790399999,True
2024-09-20 00:00:00,1726790400000,340.0,345.5,332.4,335.8,50785.321,1726876799999,True
2024-09-21 00:00:00,1726876800000,335.8,346.8,331.0,345.5,26013.128,1726963199999,True
2024-09-22 00:00:00,1726963200000,345.5,347.3,333.9,342.6,23322.229,1727049599999,True
2024-09-23 00:00:00,1727049600000,342.7,349.3,335.9,342.0,35302.721,1727135999999,True
2024-09-24 00:00:00,1727136000000,341.9,351.8,336.9,348.0,50996.116,1727222399999,True
2024-09-25 00:00:00,1727222400000,348.1,355.7,341.3,343.5,44952.297,1727308799999,True
2024-09-26 00:00:00,1727308800000,343.6,358.3,338.9,351.8,47980.221,1727395199999,True
2024-09-27 00:00:00,1727395200000,351.8,364.6,351.7,358.8,56981.37,1727481599999,True
2024-09-28 00:00:00,1727481600000,358.8,361.1,345.8,352.3,40850.287,1727567999999,True
2024-09-29 00:00:00,1727568000000,352.4,358.2,345.6,352.6,35946.43,1727654399999,True
2024-09-30 00:00:00,1727654400000,352.6,353.8,334.5,337.2,41371.641,1727740799999,True
2024-10-01 00:00:00,1727740800000,337.3,347.6,310.8,317.8,67265.845,1727827199999,True
2024-10-02 00:00:00,1727827200000,317.8,324.5,309.1,316.1,41890.943,1727913599999,True
2024-10-03 00:00:00,1727913600000,316.1,323.9,307.8,320.3,45637.24,1727999999999,True
2024-10-04 00:00:00,1728000000000,320.4,326.1,318.1,324.8,34666.103,1728086399999,True
2024-10-05 00:00:00,1728086400000,324.9,325.6,318.2,321.8,17626.623,1728172799999,True
2024-10-06 00:00:00,1728172800000,321.9,325.9,320.9,324.6,13598.935,1728259199999,True
2024-10-07 00:00:00,1728259200000,324.6,333.3,320.1,323.7,61609.359,1728345599999,True
2024-10-08 00:00:00,1728345600000,323.7,333.8,321.7,329.1,38980.417,1728431999999,True
2024-10-09 00:00:00,1728432000000,329.2,330.6,317.9,320.6,26568.695,1728518399999,True
2024-10-10 00:00:00,1728518400000,320.6,325.8,317.2,323.0,28703.27,1728604799999,True
2024-10-11 00:00:00,1728604800000,323.0,329.1,321.9,327.0,21959.354,1728691199999,True
2024-10-12 00:00:00,1728691200000,327.0,333.5,324.8,329.2,18798.086,1728777599999,True
2024-10-13 00:00:00,1728777600000,329.2,329.9,317.3,321.3,20785.631,1728863999999,True
2024-10-14 00:00:00,1728864000000,321.4,370.7,318.9,369.6,117572.278,1728950399999,True
2024-10-15 00:00:00,1728950400000,369.6,386.8,344.6,354.7,153079.095,1729036799999,True
2024-10-16 00:00:00,1729036800000,354.7,371.5,351.3,365.6,108696.072,1729123199999,True
2024-10-17 00:00:00,1729123200000,365.5,375.8,360.4,369.7,74433.261,1729209599999,True
2024-10-18 00:00:00,1729209600000,369.9,377.5,362.8,367.3,62474.544,1729295999999,True
2024-10-19 00:00:00,1729296000000,367.2,369.0,361.4,363.3,25484.622,1729382399999,True
2024-10-20 00:00:00,1729382400000,363.3,371.6,357.3,369.9,45282.15,1729468799999,True
2024-10-21 00:00:00,1729468800000,369.8,379.0,358.9,363.6,55252.243,1729555199999,True
2024-10-22 00:00:00,1729555200000,363.7,366.6,354.1,357.3,33845.393,1729641599999,True
2024-10-23 00:00:00,1729641600000,357.4,357.7,338.6,348.1,37884.76,1729727999999,True
2024-10-24 00:00:00,1729728000000,348.1,371.5,346.6,367.9,86440.166,1729814399999,True
2024-10-25 00:00:00,1729814400000,368.0,374.3,339.2,349.1,84956.023,1729900799999,True
2024-10-26 00:00:00,1729900800000,349.0,357.2,346.0,348.0,23066.772,1729987199999,True
2024-10-27 00:00:00,1729987200000,348.1,354.7,347.0,352.2,19246.264,1730073599999,True
2024-10-28 00:00:00,1730073600000,352.2,368.4,344.0,365.3,48891.891,1730159999999,True
2024-10-29 00:00:00,1730160000000,365.4,389.4,363.7,386.1,99948.875,1730246399999,True
2024-10-30 00:00:00,1730246400000,386.1,387.8,365.7,368.9,93514.486,1730332799999,True
2024-10-31 00:00:00,1730332800000,368.9,378.3,349.8,358.9,117379.024,1730419199999,True
2024-11-01 00:00:00,1730419200000,358.8,360.2,343.5,349.6,49669.874,1730505599999,True
2024-11-02 00:00:00,1730505600000,349.5,357.6,341.3,353.7,41864.411,1730591999999,True
2024-11-03 00:00:00,1730592000000,353.7,354.3,333.8,340.1,58550.997,1730678399999,True
2024-11-04 00:00:00,1730678400000,340.0,342.7,322.0,329.2,64677.331,1730764799999,True
2024-11-05 00:00:00,1730764800000,329.2,345.4,326.5,342.9,48597.015,1730851199999,True
2024-11-06 00:00:00,1730851200000,343.0,384.4,342.6,378.4,157446.699,1730937599999,True
2024-11-07 00:00:00,1730937600000,378.4,386.9,370.5,377.5,69185.692,1731023999999,True
2024-11-08 00:00:00,1731024000000,377.5,383.8,364.3,377.0,79484.476,1731110399999,True
2024-11-09 00:00:00,1731110400000,377.0,407.3,369.5,405.0,107552.684,1731196799999,True
2024-11-10 00:00:00,1731196800000,404.9,454.4,394.8,441.3,266010.597,1731283199999,True
2024-11-11 00:00:00,1731283200000,441.3,482.6,422.3,472.6,206008.655,1731369599999,True
2024-11-12 00:00:00,1731369600000,472.7,474.4,418.1,432.3,236775.383,1731455999999,True
2024-11-13 00:00:00,1731456000000,432.3,450.7,403.2,439.4,216594.094,1731542399999,True
2024-11-14 00:00:00,1731542400000,439.6,445.9,410.0,415.0,135347.986,1731628799999,True
2024-11-15 00:00:00,1731628800000,415.0,436.7,410.0,431.6,90753.293,1731715199999,True
2024-11-16 00:00:00,1731715200000,431.5,483.5,428.4,461.7,169316.704,1731801599999,True
2024-11-17 00:00:00,1731801600000,461.8,488.7,424.5,433.1,173129.957,1731887999999,True
2024-11-18 00:00:00,1731888000000,433.1,471.5,430.2,452.5,115691.606,1731974399999,True
2024-11-19 00:00:00,1731974400000,452.5,460.3,438.1,446.8,93371.82,1732060799999,True
2024-11-20 00:00:00,1732060800000,446.7,454.6,428.7,439.9,71308.954,1732147199999,True
2024-11-21 00:00:00,1732147200000,440.1,536.2,428.6,484.4,465856.503,1732233599999,True
2024-11-22 00:00:00,1732233600000,484.4,503.1,472.1,490.5,167475.843,1732319999999,True
2024-11-23 00:00:00,1732320000000,490.4,568.5,485.9,510.1,350436.88,1732406399999,True
2024-11-24 00:00:00,1732406400000,510.1,527.8,477.7,515.2,178534.661,1732492799999,True
2024-11-25 00:00:00,1732492800000,515.3,532.9,483.2,491.9,175587.534,1732579199999,True
2024-11-26 00:00:00,1732579200000,491.7,505.1,471.0,492.2,105105.978,1732665599999,True
2024-11-27 00:00:00,1732665600000,492.2,524.3,484.8,517.4,140364.665,1732751999999,True
2024-11-28 00:00:00,1732752000000,517.4,525.0,497.5,511.1,114526.217,1732838399999,True
2024-11-29 00:00:00,1732838400000,511.1,522.9,499.6,518.3,82876.697,1732924799999,True
2024-11-30 00:00:00,1732924800000,518.4,540.0,505.0,525.9,136173.692,1733011199999,True
2024-12-01 00:00:00,1733011200000,526.1,538.2,509.9,532.0,121566.902,1733097599999,True
2024-12-02 00:00:00,1733097600000,532.1,562.0,494.7,538.3,345917.604,1733183999999,True
2024-12-03 00:00:00,1733184000000,538.3,591.7,511.5,585.6,325737.133,1733270399999,True
2024-12-04 00:00:00,1733270400000,585.6,601.9,541.3,583.7,301050.337,1733356799999,True
2024-12-05 00:00:00,1733356800000,583.7,634.7,550.0,588.6,347262.495,1733443199999,True
2024-12-06 00:00:00,1733443200000,588.5,640.0,579.8,618.6,211193.935,1733529599999,True
2024-12-07 00:00:00,1733529600000,618.7,626.7,604.3,607.6,110729.61,1733615999999,True
2024-12-08 00:00:00,1733616000000,607.6,625.1,601.0,622.3,111609.534,1733702399999,True
2024-12-09 00:00:00,1733702400000,622.3,623.8,514.4,551.5,233104.499,1733788799999,True
2024-12-10 00:00:00,1733788800000,551.6,564.4,485.2,516.2,205080.318,1733875199999,True
2024-12-11 00:00:00,1733875200000,516.2,550.5,502.7,546.6,110326.96,1733961599999,True
2024-12-12 00:00:00,1733961600000,546.6,564.2,537.1,540.1,84599.178,1734047999999,True
2024-12-13 00:00:00,1734048000000,540.1,543.9,525.9,542.5,52272.34,1734134399999,True
2024-12-14 00:00:00,1734134400000,542.4,551.7,519.8,534.0,51294.246,1734220799999,True
2024-12-15 00:00:00,1734220800000,534.1,550.4,524.5,546.2,48442.162,1734307199999,True
2024-12-16 00:00:00,1734307200000,546.3,557.1,522.0,538.1,71069.409,1734393599999,True
2024-12-17 00:00:00,1734393600000,538.1,547.5,524.1,529.9,64058.713,1734479999999,True
2024-12-18 00:00:00,1734480000000,530.1,543.5,472.9,480.4,107217.708,1734566399999,True
2024-12-19 00:00:00,1734566400000,480.3,488.9,421.3,438.7,142735.545,1734652799999,True
2024-12-20 00:00:00,1734652800000,438.8,451.5,390.5,449.2,162809.987,1734739199999,True
2024-12-21 00:00:00,1734739200000,449.2,472.9,442.4,456.1,99052.004,1734825599999,True
2024-12-22 00:00:00,1734825600000,456.0,461.3,434.4,445.8,62012.774,1734911999999,True
2024-12-23 00:00:00,1734912000000,445.8,466.2,432.4,460.9,72723.234,1734998399999,True
2024-12-24 00:00:00,1734998400000,460.9,478.8,450.5,470.3,46815.964,1735084799999,True
2024-12-25 00:00:00,1735084800000,470.2,471.5,455.2,465.4,36949.757,1735171199999,True
2024-12-26 00:00:00,1735171200000,465.3,468.3,433.0,437.3,35051.619,1735257599999,True
2024-12-27 00:00:00,1735257600000,437.2,462.7,434.7,441.3,41854.884,1735343999999,True
2024-12-28 00:00:00,1735344000000,441.2,453.8,438.4,451.6,17568.1,1735430399999,True
2024-12-29 00:00:00,1735430400000,451.6,453.9,435.3,439.1,20635.72,1735516799999,True
2024-12-30 00:00:00,1735516800000,439.0,453.4,428.9,444.0,44107.518,1735603199999,True
2024-12-31 00:00:00,1735603200000,444.1,455.5,433.1,434.5,41352.763,1735689599999,True
2025-01-01 00:00:00,1735689600000,434.5,455.8,430.5,450.5,44553.896,1735775999999,True
2025-01-02 00:00:00,1735776000000,450.5,466.6,450.5,461.7,39016.455,1735862399999,True
2025-01-03 00:00:00,1735862400000,461.7,477.5,455.6,473.9,37519.247,1735948799999,True
2025-01-04 00:00:00,1735948800000,473.8,483.1,468.7,478.9,53145.46,1736035199999,True
2025-01-05 00:00:00,1736035200000,478.9,479.8,462.5,470.9,23617.335,1736121599999,True
2025-01-06 00:00:00,1736121600000,471.1,485.9,464.6,483.0,41803.503,1736207999999,True
2025-01-07 00:00:00,1736208000000,482.9,486.3,435.4,436.9,72470.773,1736294399999,True
2025-01-08 00:00:00,1736294400000,437.0,442.2,418.2,434.4,53854.644,1736380799999,True
2025-01-09 00:00:00,1736380800000,434.3,437.2,411.3,421.9,38248.776,1736467199999,True
2025-01-10 00:00:00,1736467200000,421.9,450.7,420.5,450.1,68266.424,1736553599999,True
2025-01-11 00:00:00,1736553600000,450.4,451.2,435.9,441.0,20797.216,1736639999999,True
2025-01-12 00:00:00,1736640000000,440.9,464.0,436.4,447.9,53073.334,1736726399999,True
2025-01-13 00:00:00,1736726400000,448.0,454.2,400.5,428.0,61397.623,1736812799999,True
2025-01-14 00:00:00,1736812800000,428.0,441.5,426.3,437.9,32409.139,1736899199999,True
2025-01-15 00:00:00,1736899200000,437.9,463.5,431.0,460.3,51042.809,1736985599999,True
2025-01-16 00:00:00,1736985600000,460.3,471.5,446.4,461.7,89200.329,1737071999999,True
2025-01-17 00:00:00,1737072000000,461.7,500.6,461.7,489.4,87609.281,1737158399999,True
2025-01-18 00:00:00,1737158400000,489.5,495.0,458.2,466.4,91366.892,1737244799999,True
2025-01-19 00:00:00,1737244800000,466.4,471.3,418.9,427.7,105200.665,1737331199999,True
2025-01-20 00:00:00,1737331200000,427.7,483.8,415.4,430.9,138831.122,1737417599999,True
2025-01-21 00:00:00,1737417600000,430.9,454.7,419.7,446.5,51102.622,1737503999999,True
2025-01-22 00:00:00,1737504000000,446.5,451.4,433.4,435.4,27376.852,1737590399999,True
2025-01-23 00:00:00,1737590400000,435.4,447.5,425.2,437.3,49328.636,1737676799999,True
2025-01-24 00:00:00,1737676800000,437.4,443.1,426.4,432.0,39003.015,1737763199999,True
2025-01-25 00:00:00,1737763200000,432.1,455.4,430.5,445.4,42792.866,1737849599999,True
2025-01-26 00:00:00,1737849600000,445.4,448.1,424.6,425.2,21499.955,1737935999999,True
2025-01-27 00:00:00,1737936000000,425.2,429.0,396.1,427.6,71845.878,1738022399999,True
2025-01-28 00:00:00,1738022400000,427.6,431.7,406.7,410.5,23060.808,1738108799999,True
2025-01-29 00:00:00,1738108800000,410.5,421.8,404.3,415.0,29165.449,1738195199999,True
2025-01-30 00:00:00,1738195200000,415.1,439.2,412.6,434.7,40066.393,1738281599999,True
2025-01-31 00:00:00,1738281600000,434.8,445.3,419.8,424.2,55827.366,1738367999999,True
2025-02-01 00:00:00,1738368000000,424.3,431.5,400.0,404.0,40112.879,1738454399999,True
2025-02-02 00:00:00,1738454400000,404.0,410.4,341.5,360.4,121215.183,1738540799999,True
2025-02-03 00:00:00,1738540800000,360.6,360.6,270.0,353.2,347965.553,1738627199999,True
2025-02-04 00:00:00,1738627200000,353.2,355.7,321.1,329.7,84013.259,1738713599999,True
2025-02-05 00:00:00,1738713600000,329.8,338.3,323.2,328.0,46120.867,1738799999999,True
2025-02-06 00:00:00,1738800000000,328.1,335.2,313.7,316.2,40946.188,1738886399999,True
2025-02-07 00:00:00,1738886400000,316.2,335.2,308.4,318.6,45116.082,1738972799999,True
2025-02-08 00:00:00,1738972800000,318.6,324.3,314.7,323.1,17735.813,1739059199999,True
2025-02-09 00:00:00,1739059200000,323.2,329.4,312.8,324.5,33479.489,1739145599999,True
2025-02-10 00:00:00,1739145600000,324.4,334.6,315.4,329.3,35027.459,1739231999999,True
2025-02-11 00:00:00,1739232000000,329.3,344.4,325.7,331.4,35065.303,1739318399999,True
2025-02-12 00:00:00,1739318400000,331.3,347.0,321.3,343.1,47326.122,1739404799999,True
2025-02-13 00:00:00,1739404800000,343.1,345.8,327.4,335.0,29908.421,1739491199999,True
2025-02-14 00:00:00,1739491200000,335.1,351.0,334.3,341.5,31536.683,1739577599999,True
2025-02-15 00:00:00,1739577600000,341.5,345.7,331.0,332.9,16957.322,1739663999999,True
2025-02-16 00:00:00,1739664000000,333.0,335.0,325.6,326.3,15851.079,1739750399999,True
2025-02-17 00:00:00,1739750400000,326.2,337.0,317.1,323.8,49287.459,1739836799999,True
2025-02-18 00:00:00,1739836800000,323.9,325.3,307.6,316.3,37198.769,1739923199999,True
2025-02-19 00:00:00,1739923200000,316.2,324.3,311.8,322.8,27204.96,1740009599999,True
2025-02-20 00:00:00,1740009600000,322.8,327.2,320.0,325.9,20291.238,1740095999999,True
2025-02-21 00:00:00,1740096000000,326.0,334.1,309.8,313.8,28051.526,1740182399999,True
2025-02-22 00:00:00,1740182400000,313.9,322.6,312.6,320.9,18231.037,1740268799999,True
2025-02-23 00:00:00,1740268800000,321.0,332.4,320.5,327.8,27817.291,1740355199999,True
2025-02-24 00:00:00,1740355200000,327.9,329.5,287.5,291.5,59585.941,1740441599999,True
2025-02-25 00:00:00,1740441600000,291.6,296.7,275.2,291.8,85133.301,1740527999999,True
2025-02-26 00:00:00,1740528000000,291.8,301.4,284.4,294.0,56638.503,1740614399999,True
2025-02-27 00:00:00,1740614400000,293.9,303.5,290.1,296.8,33568.122,1740700799999,True
2025-02-28 00:00:00,1740700800000,296.9,320.1,269.8,315.8,117975.321,1740787199999,True
2025-03-01 00:00:00,1740787200000,315.9,324.4,307.6,311.4,51185.051,1740873599999,True
2025-03-02 00:00:00,1740873600000,311.5,341.5,309.9,334.2,116420.703,1740959999999,True
2025-03-03 00:00:00,1740960000000,334.2,357.5,310.9,321.3,230536.197,1741046399999,True
2025-03-04 00:00:00,1741046400000,321.4,330.2,291.1,320.5,125256.19,1741132799999,True
2025-03-05 00:00:00,1741132800000,320.6,399.9,319.5,392.2,371605.547,1741219199999,True
2025-03-06 00:00:00,1741219200000,392.3,420.0,383.7,395.0,198925.873,1741305599999,True
2025-03-07 00:00:00,1741305600000,395.0,410.5,382.9,389.0,169510.238,1741391999999,True
2025-03-08 00:00:00,1741392000000,389.0,396.3,376.6,385.9,64530.725,1741478399999,True
2025-03-09 00:00:00,1741478400000,385.8,387.0,355.9,357.5,74306.294,1741564799999,True
2025-03-10 00:00:00,1741564800000,357.6,372.8,330.6,331.7,96571.547,1741651199999,True
2025-03-11 00:00:00,1741651200000,331.8,350.9,316.0,340.2,79397.781,1741737599999,True
2025-03-12 00:00:00,1741737600000,340.2,361.5,329.8,354.0,99152.327,1741823999999,True
2025-03-13 00:00:00,1741824000000,353.9,355.8,323.9,325.9,46519.058,1741910399999,True
2025-03-14 00:00:00,1741910400000,326.0,335.9,325.2,331.4,65046.263,1741996799999,True
2025-03-15 00:00:00,1741996800000,331.4,353.2,328.0,342.3,210973.457,1742083199999,True
2025-03-16 00:00:00,1742083200000,342.3,342.5,325.0,332.9,36851.361,1742169599999,True
2025-03-17 00:00:00,1742169600000,333.0,342.4,331.0,337.5,35104.02,1742255999999,True
2025-03-18 00:00:00,1742256000000,337.5,343.6,329.2,335.3,35380.791,1742342399999,True
2025-03-19 00:00:00,1742342400000,335.3,346.8,332.3,345.3,48205.129,1742428799999,True
2025-03-20 00:00:00,1742428800000,345.3,349.9,330.1,333.8,45100.349,1742515199999,True
2025-03-21 00:00:00,1742515200000,333.7,335.7,320.1,323.2,40086.343,1742601599999,True
2025-03-22 00:00:00,1742601600000,323.2,326.3,320.9,322.4,22669.174,1742687999999,True
2025-03-23 00:00:00,1742688000000,322.3,326.0,320.4,325.4,23856.987,1742774399999,True
2025-03-24 00:00:00,1742774400000,325.3,336.8,321.5,332.5,39858.979,1742860799999,True
2025-03-25 00:00:00,1742860800000,332.5,340.0,326.5,336.0,39064.765,1742947199999,True
2025-03-26 00:00:00,1742947200000,336.1,342.1,328.4,335.1,85556.732,1743033599999,True
2025-03-27 00:00:00,1743033600000,335.2,340.0,321.1,324.7,49687.401,1743119999999,True
2025-03-28 00:00:00,1743120000000,324.8,328.4,304.7,307.7,35278.042,1743206399999,True
2025-03-29 00:00:00,1743206400000,307.7,309.1,298.6,303.3,27689.899,1743292799999,True
2025-03-30 00:00:00,1743292800000,303.4,308.2,293.8,299.2,24186.933,1743379199999,True
2025-03-31 00:00:00,1743379200000,299.3,306.1,289.8,303.5,58453.875,1743465599999,True
2025-04-01 00:00:00,1743465600000,303.5,318.7,302.3,308.1,35726.95,1743551999999,True
2025-04-02 00:00:00,1743552000000,308.2,317.3,290.2,293.0,73469.756,1743638399999,True
2025-04-03 00:00:00,1743638400000,293.1,307.8,291.5,301.3,54662.45,1743724799999,True
2025-04-04 00:00:00,1743724800000,301.4,310.2,294.2,301.4,43123.868,1743811199999,True
2025-04-05 00:00:00,1743811200000,301.4,304.4,297.1,304.1,15461.303,1743897599999,True
2025-04-06 00:00:00,1743897600000,304.1,308.3,265.4,272.2,56611.326,1743983999999,True
2025-04-07 00:00:00,1743984000000,272.3,282.2,249.4,275.4,88888.61,1744070399999,True
2025-04-08 00:00:00,1744070400000,275.4,284.8,266.9,269.2,38724.576,1744156799999,True
2025-04-09 00:00:00,1744156800000,269.2,311.5,259.1,301.4,84182.799,1744243199999,True
2025-04-10 00:00:00,1744243200000,301.3,304.0,282.4,289.8,36769.936,1744329599999,True
2025-04-11 00:00:00,1744329600000,289.8,316.1,289.5,312.9,78188.394,1744415999999,True
2025-04-12 00:00:00,1744416000000,312.8,358.9,311.3,344.7,80210.878,1744502399999,True
2025-04-13 00:00:00,1744502400000,344.7,353.5,336.1,342.8,43455.549,1744588799999,True
2025-04-14 00:00:00,1744588800000,342.8,375.0,322.9,323.6,89607.553,1744675199999,True
2025-04-15 00:00:00,1744675200000,323.6,337.6,317.0,319.6,51537.035,1744761599999,True
2025-04-16 00:00:00,1744761600000,319.6,325.8,314.1,321.6,28670.514,1744847999999,True
2025-04-17 00:00:00,1744848000000,321.6,340.6,320.9,334.0,47653.836,1744934399999,True
2025-04-18 00:00:00,1744934400000,334.0,345.0,327.3,335.0,32464.916,1745020799999,True
2025-04-19 00:00:00,1745020800000,335.1,340.1,332.5,335.4,14217.261,1745107199999,True
2025-04-20 00:00:00,1745107200000,335.4,342.7,331.5,336.1,27170.606,1745193599999,True
2025-04-21 00:00:00,1745193600000,336.2,348.2,335.7,345.0,46746.311,1745279999999,True
2025-04-22 00:00:00,1745280000000,345.1,365.0,336.9,362.3,82331.517,1745366399999,True
2025-04-23 00:00:00,1745366400000,362.3,364.0,353.6,358.3,61558.221,1745452799999,True
2025-04-24 00:00:00,1745452800000,358.2,368.7,343.3,356.7,103046.636,1745539199999,True
2025-04-25 00:00:00,1745539200000,356.8,384.9,348.0,373.1,102987.973,1745625599999,True
2025-04-26 00:00:00,1745625600000,373.1,377.4,355.0,355.4,54881.373,1745711999999,True
2025-04-27 00:00:00,1745712000000,355.4,360.1,344.8,345.5,46972.594,1745798399999,True
2025-04-28 00:00:00,1745798400000,345.6,370.6,341.6,364.1,59935.047,1745884799999,True
2025-04-29 00:00:00,1745884800000,364.2,378.0,360.6,363.8,72593.636,1745971199999,True
2025-04-30 00:00:00,1745971200000,363.7,369.7,354.9,366.1,46643.859,1746057599999,True
2025-05-01 00:00:00,1746057600000,366.1,375.1,360.1,360.8,37888.917,1746143999999,True
2025-05-02 00:00:00,1746144000000,360.8,387.1,359.1,382.8,76273.509,1746230399999,True
2025-05-03 00:00:00,1746230400000,382.8,383.6,362.3,362.7,48350.15,1746316799999,True
2025-05-04 00:00:00,1746316800000,362.7,371.2,352.9,356.2,41601.952,1746403199999,True
2025-05-05 00:00:00,1746403200000,356.2,361.3,349.2,353.3,25766.821,1746489599999,True
2025-05-06 00:00:00,1746489600000,353.4,374.8,350.4,374.6,77302.329,1746575999999,True
2025-05-07 00:00:00,1746576000000,374.7,391.7,355.0,383.5,99412.597,1746662399999,True
2025-05-08 00:00:00,1746662400000,383.6,430.5,381.0,421.8,156646.916,1746748799999,True
2025-05-09 00:00:00,1746748800000,421.8,429.6,402.9,413.7,106699.74,1746835199999,True
2025-05-10 00:00:00,1746835200000,413.7,433.3,409.9,431.2,61314.569,1746921599999,True
2025-05-11 00:00:00,1746921600000,431.1,432.2,401.9,408.4,52024.634,1747007999999,True
2025-05-12 00:00:00,1747008000000,408.4,419.8,396.0,410.8,66511.317,1747094399999,True
2025-05-13 00:00:00,1747094400000,410.8,416.0,391.4,411.2,38880.608,1747180799999,True
2025-05-14 00:00:00,1747180800000,411.3,414.6,398.6,402.7,32396.364,1747267199999,True
2025-05-15 00:00:00,1747267200000,402.7,405.1,383.1,396.1,50236.8,1747353599999,True
2025-05-16 00:00:00,1747353600000,396.1,404.0,392.7,395.9,27132.16,1747439999999,True
2025-05-17 00:00:00,1747440000000,395.9,401.7,385.8,392.3,30414.328,1747526399999,True
2025-05-18 00:00:00,1747526400000,392.3,408.1,389.0,406.5,37753.83,1747612799999,True
2025-05-19 00:00:00,1747612800000,406.5,408.6,375.7,392.7,36738.028,1747699199999,True
2025-05-20 00:00:00,1747699200000,392.8,398.6,383.9,394.1,21143.562,1747785599999,True
2025-05-21 00:00:00,1747785600000,394.2,412.3,390.2,407.2,42819.45,1747871999999,True
2025-05-22 00:00:00,1747872000000,407.2,446.2,407.2,444.4,107258.217,1747958399999,True
2025-05-23 00:00:00,1747958400000,444.5,462.0,423.9,426.4,102905.575,1748044799999,True
2025-05-24 00:00:00,1748044800000,426.5,432.5,419.1,421.4,24777.968,1748131199999,True
2025-05-25 00:00:00,1748131200000,421.5,427.3,407.6,422.7,27101.743,1748217599999,True
2025-05-26 00:00:00,1748217600000,422.6,428.7,412.9,415.4,25935.841,1748303999999,True
2025-05-27 00:00:00,1748304000000,415.3,424.3,408.3,414.6,25926.633,1748390399999,True
2025-05-28 00:00:00,1748390400000,414.7,427.6,404.4,424.8,28637.537,1748476799999,True
2025-05-29 00:00:00,1748476800000,424.8,428.1,405.4,409.6,31238.374,1748563199999,True
2025-05-30 00:00:00,1748563200000,409.6,414.6,394.2,398.4,37741.864,1748649599999,True
2025-05-31 00:00:00,1748649600000,398.5,422.7,388.8,415.0,48950.752,1748735999999,True
2025-06-01 00:00:00,1748736000000,415.1,415.5,397.0,403.4,20000.137,1748822399999,True
2025-06-02 00:00:00,1748822400000,403.4,407.2,397.0,403.6,17796.181,1748908799999,True
2025-06-03 00:00:00,1748908800000,403.6,409.0,399.8,400.7,19108.809,1748995199999,True
2025-06-04 00:00:00,1748995200000,400.7,410.7,396.8,400.2,16472.876,1749081599999,True
2025-06-05 00:00:00,1749081600000,400.2,405.0,377.5,385.0,36244.261,1749167999999,True
2025-06-06 00:00:00,1749168000000,385.2,399.7,380.4,395.6,35734.452,1749254399999,True
2025-06-07 00:00:00,1749254400000,395.7,411.7,393.7,409.4,38699.571,1749340799999,True
2025-06-08 00:00:00,1749340800000,409.5,419.7,406.3,410.8,24440.277,1749427199999,True
2025-06-09 00:00:00,1749427200000,410.9,429.7,410.6,424.9,37221.322,1749513599999,True
2025-06-10 00:00:00,1749513600000,425.0,443.5,417.8,438.2,86515.816,1749599999999,True
2025-06-11 00:00:00,1749600000000,438.1,447.2,421.7,428.9,106365.549,1749686399999,True
2025-06-12 00:00:00,1749686400000,428.8,441.8,423.3,424.0,37375.468,1749772799999,True
2025-06-13 00:00:00,1749772800000,424.0,454.0,397.7,448.7,91918.58,1749859199999,True
2025-06-14 00:00:00,1749859200000,448.8,450.2,421.1,430.9,34424.81,1749945599999,True
2025-06-15 00:00:00,1749945600000,431.0,469.9,431.0,460.4,75780.609,1750031999999,True
2025-06-16 00:00:00,1750032000000,460.4,476.5,450.0,463.7,84831.992,1750118399999,True
2025-06-17 00:00:00,1750118400000,463.6,483.2,456.8,462.6,85599.488,1750204799999,True
2025-06-18 00:00:00,1750204800000,462.7,481.5,456.6,459.7,49330.154,1750291199999,True
2025-06-19 00:00:00,1750291200000,459.7,505.2,453.1,497.1,136996.729,1750377599999,True
2025-06-20 00:00:00,1750377600000,497.2,501.0,472.1,473.7,83574.092,1750463999999,True
2025-06-21 00:00:00,1750464000000,473.7,479.3,457.7,467.3,44332.58,1750550399999,True
2025-06-22 00:00:00,1750550400000,467.4,470.6,436.9,454.9,162641.385,1750636799999,True
2025-06-23 00:00:00,1750636800000,454.9,470.0,437.7,462.7,73916.037,1750723199999,True
2025-06-24 00:00:00,1750723200000,462.7,467.4,448.9,453.8,52913.653,1750809599999,True
2025-06-25 00:00:00,1750809600000,453.9,494.9,453.5,482.8,123078.933,1750895999999,True
2025-06-26 00:00:00,1750896000000,482.8,507.3,481.5,489.2,74856.578,1750982399999,True
2025-06-27 00:00:00,1750982400000,489.1,510.5,484.2,504.8,69937.872,1751068799999,True
2025-06-28 00:00:00,1751068800000,504.8,505.3,487.0,491.0,33933.251,1751155199999,True
2025-06-29 00:00:00,1751155200000,491.0,508.9,488.4,504.5,42443.137,1751241599999,True
2025-06-30 00:00:00,1751241600000,504.5,522.4,488.1,505.7,68960.109,1751327999999,True
2025-07-01 00:00:00,1751328000000,505.8,530.0,497.3,500.2,95849.299,1751414399999,True
2025-07-02 00:00:00,1751414400000,500.3,512.2,498.5,510.9,44958.517,1751500799999,True
2025-07-03 00:00:00,1751500800000,511.0,515.0,490.9,496.4,53299.198,1751587199999,True
2025-07-04 00:00:00,1751587200000,496.4,496.7,468.8,483.9,50309.419,1751673599999,True
2025-07-05 00:00:00,1751673600000,484.0,489.7,480.6,489.3,22673.019,1751759999999,True
2025-07-06 00:00:00,1751760000000,489.4,500.3,482.8,491.5,24353.735,1751846399999,True
2025-07-07 00:00:00,1751846400000,491.5,500.3,487.5,496.6,26412.364,1751932799999,True
2025-07-08 00:00:00,1751932800000,496.6,508.4,493.9,501.1,30667.256,1752019199999,True
2025-07-09 00:00:00,1752019200000,501.2,516.9,499.9,514.5,50698.16,1752105599999,True
2025-07-10 00:00:00,1752105600000,514.5,521.1,501.3,518.4,67726.536,1752191999999,True
2025-07-11 00:00:00,1752192000000,518.5,539.4,513.9,531.5,75313.609,1752278399999,True
2025-07-12 00:00:00,1752278400000,531.5,535.2,502.0,506.3,54446.243,1752364799999,True
2025-07-13 00:00:00,1752364800000,506.3,514.1,501.0,508.0,53421.991,1752451199999,True
2025-07-14 00:00:00,1752451200000,508.1,527.2,498.0,504.9,55081.924,1752537599999,True
2025-07-15 00:00:00,1752537600000,504.9,505.9,481.9,497.9,41908.422,1752623999999,True
2025-07-16 00:00:00,1752624000000,498.0,508.8,491.1,498.7,44220.24,1752710399999,True
2025-07-17 00:00:00,1752710400000,498.8,505.1,487.3,500.0,48551.577,1752796799999,True
2025-07-18 00:00:00,1752796800000,500.0,541.9,499.1,514.5,119750.317,1752883199999,True
2025-07-19 00:00:00,1752883200000,514.5,522.5,501.8,513.1,46244.337,1752969599999,True
2025-07-20 00:00:00,1752969600000,513.1,553.5,509.1,548.0,108500.905,1753055999999,True
2025-07-21 00:00:00,1753056000000,548.0,548.6,516.8,522.6,170042.922,1753142399999,True
2025-07-22 00:00:00,1753142400000,522.7,535.2,511.4,526.1,69803.008,1753228799999,True
2025-07-23 00:00:00,1753228800000,526.2,529.8,497.5,512.2,71635.653,1753315199999,True
2025-07-24 00:00:00,1753315200000,512.2,528.5,490.2,513.0,130810.703,1753401599999,True
2025-07-25 00:00:00,1753401600000,513.0,565.0,509.3,557.3,171946.478,1753487999999,True
2025-07-26 00:00:00,1753488000000,557.3,563.3,551.4,559.1,35736.241,1753574399999,True
2025-07-27 00:00:00,1753574400000,559.0,608.2,555.4,590.0,134446.939,1753660799999,True
2025-07-28 00:00:00,1753660800000,590.0,607.2,568.9,572.6,116811.607,1753747199999,True
2025-07-29 00:00:00,1753747200000,572.6,587.1,560.2,564.2,59556.726,1753833599999,True
2025-07-30 00:00:00,1753833600000,564.2,595.1,551.2,590.1,77233.16,1753919999999,True
2025-07-31 00:00:00,1753920000000,590.1,597.1,560.3,561.5,62659.315,1754006399999,True
2025-08-01 00:00:00,1754006400000,561.4,577.3,527.8,536.2,60868.686,1754092799999,True
2025-08-02 00:00:00,1754092800000,536.2,544.3,517.9,520.2,28246.051,1754179199999,True
2025-08-03 00:00:00,1754179200000,520.2,548.4,514.5,544.2,22055.577,1754265599999,True
2025-08-04 00:00:00,1754265600000,544.3,581.9,544.2,574.5,59696.97,1754351999999,True
2025-08-05 00:00:00,1754352000000,574.4,584.2,541.6,551.8,72354.106,1754438399999,True
2025-08-06 00:00:00,1754438400000,551.7,573.7,547.5,571.1,35713.657,1754524799999,True
2025-08-07 00:00:00,1754524800000,571.1,585.4,567.2,582.2,191182.855,1754611199999,True
2025-08-08 00:00:00,1754611200000,582.2,589.3,572.7,586.0,34369.08,1754697599999,True
2025-08-09 00:00:00,1754697600000,585.9,592.3,565.1,566.1,37699.87,1754783999999,True
2025-08-10 00:00:00,1754784000000,566.2,586.8,559.3,570.5,44724.008,1754870399999,True
2025-08-11 00:00:00,1754870400000,570.4,600.0,569.7,578.5,81323.391,1754956799999,True
2025-08-12 00:00:00,1754956800000,578.6,626.5,578.2,618.8,108077.277,1755043199999,True
2025-08-13 00:00:00,1755043200000,618.9,634.3,601.2,616.2,123882.679,1755129599999,True
2025-08-14 00:00:00,1755129600000,616.3,627.2,578.9,593.2,90929.522,1755215999999,True
2025-08-15 00:00:00,1755216000000,593.2,602.0,580.1,592.5,33935.026,1755302399999,True
2025-08-16 00:00:00,1755302400000,592.5,597.8,575.5,587.3,18199.24,1755388799999,True
2025-08-17 00:00:00,1755388800000,587.3,592.2,580.2,582.0,21580.669,1755475199999,True
2025-08-18 00:00:00,1755475200000,582.1,582.5,560.7,568.8,30721.151,1755561599999,True
2025-08-19 00:00:00,1755561600000,568.9,573.7,547.6,548.5,27576.515,1755647999999,True
2025-08-20 00:00:00,1755648000000,548.5,562.8,543.2,560.9,29304.046,1755734399999,True
2025-08-21 00:00:00,1755734400000,560.9,565.0,550.2,554.7,23171.963,1755820799999,True
2025-08-22 00:00:00,1755820800000,554.8,608.0,550.6,599.8,66814.965,1755907199999,True
2025-08-23 00:00:00,1755907200000,599.8,601.8,584.2,591.3,36268.322,1755993599999,True
2025-08-24 00:00:00,1755993600000,591.4,600.0,581.9,583.2,29071.398,1756079999999,True
2025-08-25 00:00:00,1756080000000,583.3,589.6,536.1,543.6,46152.479,1756166399999,True
2025-08-26 00:00:00,1756166400000,543.6,556.4,532.4,550.9,59689.001,1756252799999,True
2025-08-27 00:00:00,1756252800000,550.9,564.0,544.2,550.2,49634.208,1756339199999,True
2025-08-28 00:00:00,1756339200000,550.2,567.0,548.4,557.9,20413.265,1756425599999,True
2025-08-29 00:00:00,1756425600000,557.9,560.4,527.2,530.7,91087.191,1756511999999,True
2025-08-30 00:00:00,1756512000000,530.8,554.3,524.0,552.8,38450.048,1756598399999,True
2025-08-31 00:00:00,1756598400000,552.8,556.0,542.4,544.2,22285.821,1756684799999,True
2025-09-01 00:00:00,1756684800000,544.2,552.0,530.0,545.1,39807.815,1756771199999,True
2025-09-02 00:00:00,1756771200000,545.2,587.7,543.4,584.7,85623.251,1756857599999,True
2025-09-03 00:00:00,1756857600000,584.7,612.5,578.5,603.7,132537.686,1756943999999,True
2025-09-04 00:00:00,1756944000000,603.6,604.6,583.1,586.6,52590.844,1757030399999,True
2025-09-05 00:00:00,1757030400000,586.6,629.8,584.7,606.8,153538.911,1757116799999,True
2025-09-06 00:00:00,1757116800000,606.8,617.2,583.6,595.3,102093.53,1757203199999,True
2025-09-07 00:00:00,1757203200000,595.2,608.5,593.3,603.2,23119.197,1757289599999,True
2025-09-08 00:00:00,1757289600000,603.2,606.1,585.4,588.4,94263.031,1757375999999,True
2025-09-09 00:00:00,1757376000000,588.3,594.3,574.5,580.5,62742.771,1757462399999,True
2025-09-10 00:00:00,1757462400000,580.4,591.1,576.9,581.1,48566.109,1757548799999,True
2025-09-11 00:00:00,1757548800000,581.0,604.1,576.1,596.4,65679.152,1757635199999,True
2025-09-12 00:00:00,1757635200000,596.3,601.8,587.2,598.3,39108.596,1757721599999,True
2025-09-13 00:00:00,1757721600000,598.4,605.5,593.8,598.5,30294.454,1757807999999,True
2025-09-14 00:00:00,1757808000000,598.6,607.3,588.1,601.6,50172.323,1757894399999,True
2025-09-15 00:00:00,1757894400000,601.5,616.9,587.8,593.7,41905.517,1757980799999,True
2025-09-16 00:00:00,1757980800000,593.7,601.9,588.9,598.8,20308.14,1758067199999,True
2025-09-17 00:00:00,1758067200000,598.7,625.7,590.5,616.7,56876.096,1758153599999,True
2025-09-18 00:00:00,1758153600000,616.8,651.0,612.3,624.4,104972.479,1758239999999,True
2025-09-19 00:00:00,1758240000000,624.3,632.4,598.0,600.6,51420.182,1758326399999,True
2025-09-20 00:00:00,1758326400000,600.6,606.9,593.1,594.5,18318.968,1758412799999,True
2025-09-21 00:00:00,1758412800000,594.5,602.3,593.5,593.6,11037.133,1758499199999,True
2025-09-22 00:00:00,1758499200000,593.6,594.8,553.0,567.1,41757.036,1758585599999,True
2025-09-23 00:00:00,1758585600000,567.1,569.8,553.7,556.7,38572.096,1758671999999,True
2025-09-24 00:00:00,1758672000000,556.7,563.7,548.5,556.4,21315.882,1758758399999,True
2025-09-25 00:00:00,1758758400000,556.4,557.5,531.5,536.5,41678.736,1758844799999,True
2025-09-26 00:00:00,1758844800000,536.5,551.1,534.4,548.1,22936.742,1758931199999,True
2025-09-27 00:00:00,1758931200000,548.1,548.1,539.5,543.7,6722.933,1759017599999,True
2025-09-28 00:00:00,1759017600000,543.7,558.2,535.8,556.4,20975.3,1759103999999,True
2025-09-29 00:00:00,1759104000000,556.4,563.1,550.0,561.0,17868.091,1759190399999,True
2025-09-30 00:00:00,1759190400000,561.0,563.2,549.2,560.6,19237.268,1759276799999,True
2025-10-01 00:00:00,1759276800000,560.6,600.0,559.4,592.8,39731.767,1759363199999,True
2025-10-02 00:00:00,1759363200000,592.8,598.1,579.9,594.5,47411.802,1759449599999,True
2025-10-03 00:00:00,1759449600000,594.5,615.3,590.8,608.5,37951.908,1759535999999,True
2025-10-04 00:00:00,1759536000000,608.5,609.4,584.3,589.9,20534.869,1759622399999,True
2025-10-05 00:00:00,1759622400000,590.0,615.3,587.6,594.2,30815.17,1759708799999,True
2025-10-06 00:00:00,1759708800000,594.3,606.7,592.1,598.8,17978.129,1759795199999,True
2025-10-07 00:00:00,1759795200000,598.9,599.9,574.1,576.2,28936.468,1759881599999,True
2025-10-08 00:00:00,1759881600000,576.3,588.0,573.2,583.1,13300.528,1759967999999,True
2025-10-09 00:00:00,1759968000000,583.2,594.3,568.3,580.0,24992.372,1760054399999,True
2025-10-10 00:00:00,1760054400000,579.9,601.2,482.0,513.5,158421.141,1760140799999,True
2025-10-11 00:00:00,1760140800000,513.4,540.3,477.7,500.1,76072.051,1760227199999,True
2025-10-12 00:00:00,1760227200000,500.1,545.4,495.6,540.7,53846.725,1760313599999,True
2025-10-13 00:00:00,1760313600000,540.6,549.4,530.7,546.5,32077.736,1760399999999,True
2025-10-14 00:00:00,1760400000000,546.5,547.2,507.6,538.0,138364.629,1760486399999,True
2025-10-15 00:00:00,1760486400000,538.0,546.0,517.4,522.2,23601.449,1760572799999,True
2025-10-16 00:00:00,1760572800000,522.2,529.7,501.3,504.8,29780.766,1760659199999,True
2025-10-17 00:00:00,1760659200000,504.8,510.8,443.2,469.8,109617.497,1760745599999,True
2025-10-18 00:00:00,1760745600000,469.8,483.7,462.2,468.5,24439.907,1760831999999,True
2025-10-19 00:00:00,1760832000000,468.4,479.1,456.6,472.7,38553.232,1760918399999,True
2025-10-20 00:00:00,1760918400000,472.6,486.6,467.0,478.7,39713.623,1761004799999,True
2025-10-21 00:00:00,1761004800000,478.7,515.5,464.0,480.8,115892.321,1761091199999,True
2025-10-22 00:00:00,1761091200000,480.8,486.0,462.2,473.2,32576.111,1761177599999,True
2025-10-23 00:00:00,1761177600000,473.2,491.9,472.7,480.3,181958.644,1761263999999,True
2025-10-24 00:00:00,1761264000000,480.3,510.0,478.3,503.2,54287.727,1761350399999,True
2025-10-25 00:00:00,1761350400000,503.2,512.8,495.9,508.2,50338.594,1761436799999,True
2025-10-26 00:00:00,1761436800000,508.2,565.7,508.2,559.4,100673.139,1761523199999,True
2025-10-27 00:00:00,1761523200000,559.4,580.0,545.8,555.6,86828.777,1761609599999,True
2025-10-28 00:00:00,1761609600000,555.6,580.0,550.0,557.6,150063.487,1761695999999,True
2025-10-29 00:00:00,1761696000000,557.6,566.7,546.9,555.6,75881.151,1761782399999,True
2025-10-30 00:00:00,1761782400000,555.6,576.2,527.3,541.2,78455.106,1761868799999,True
2025-10-31 00:00:00,1761868800000,541.2,568.1,532.6,535.1,79423.966,1761955199999,True
2025-11-01 00:00:00,1761955200000,535.1,563.0,531.1,554.0,57782.0,1762041599999,True
2025-11-02 00:00:00,1762041600000,554.1,556.1,522.9,536.9,53863.402,1762127999999,True
2025-11-03 00:00:00,1762128000000,536.9,537.0,492.6,505.9,63621.999,1762214399999,True
2025-11-04 00:00:00,1762214400000,505.9,512.7,460.3,480.0,70285.875,1762300799999,True
2025-11-05 00:00:00,1762300800000,480.1,494.6,460.5,489.1,25353.458,1762387199999,True
2025-11-06 00:00:00,1762387200000,489.1,489.9,464.2,472.9,23718.467,1762473599999,True
2025-11-07 00:00:00,1762473600000,473.0,524.8,470.4,512.3,186171.869,1762559999999,True
2025-11-08 00:00:00,1762560000000,512.4,515.6,485.8,495.8,20711.574,1762646399999,True
2025-11-09 00:00:00,1762646400000,495.7,507.3,488.7,503.5,30337.769,1762732799999,True
2025-11-10 00:00:00,1762732800000,503.5,525.7,500.8,517.6,33742.937,1762819199999,True
2025-11-11 00:00:00,1762819200000,517.6,532.1,503.8,505.7,74373.851,1762905599999,True
2025-11-12 00:00:00,1762905600000,505.7,532.6,498.4,507.4,42374.514,1762991999999,True
2025-11-13 00:00:00,1762992000000,507.3,531.6,494.1,509.3,83367.445,1763078399999,True
2025-11-14 00:00:00,1763078400000,509.3,518.1,475.6,479.6,52378.561,1763164799999,True
2025-11-15 00:00:00,1763164800000,479.6,519.8,479.4,502.5,53795.099,1763251199999,True
2025-11-16 00:00:00,1763251200000,502.4,504.4,472.5,483.4,26967.15,1763337599999,True
2025-11-17 00:00:00,1763337600000,483.4,515.6,480.8,490.8,42251.379,1763423999999,True
2025-11-18 00:00:00,1763424000000,490.7,538.0,475.8,523.2,101787.353,1763510399999,True
2025-11-19 00:00:00,1763510400000,523.2,523.4,470.9,486.4,58385.656,1763596799999,True
2025-11-20 00:00:00,1763596800000,486.4,513.0,474.1,480.8,77540.035,1763683199999,True
2025-11-21 00:00:00,1763683200000,480.8,550.7,446.9,533.5,171524.787,1763769599999,True
2025-11-22 00:00:00,1763769600000,533.5,568.1,521.2,556.7,152643.725,1763855999999,True
2025-11-23 00:00:00,1763856000000,556.7,558.5,536.5,539.3,66458.993,1763942399999,True
2025-11-24 00:00:00,1763942400000,539.3,564.5,537.1,549.3,67672.654,1764028799999,True
2025-11-25 00:00:00,1764028800000,549.4,550.0,516.2,527.3,51763.364,1764115199999,True
2025-11-26 00:00:00,1764115200000,527.3,549.1,525.9,543.7,118543.402,1764201599999,True
2025-11-27 00:00:00,1764201600000,543.7,551.0,531.4,532.7,51401.123,1764287999999,True
2025-11-28 00:00:00,1764288000000,532.7,554.6,530.8,548.6,180678.262,1764374399999,True
2025-11-29 00:00:00,1764374400000,548.7,548.8,517.5,521.5,89057.137,1764460799999,True
2025-11-30 00:00:00,1764460800000,521.6,562.6,518.1,540.8,82833.151,1764547199999,True
2025-12-01 00:00:00,1764547200000,540.7,544.8,508.8,523.2,94571.734,1764633599999,True
2025-12-02 00:00:00,1764633600000,523.1,558.5,519.9,545.3,84212.038,1764719999999,True
2025-12-03 00:00:00,1764720000000,545.3,607.4,543.5,590.6,143540.998,1764806399999,True
2025-12-04 00:00:00,1764806400000,590.5,600.0,566.3,574.9,57320.174,1764892799999,True
2025-12-05 00:00:00,1764892800000,574.9,583.7,557.0,559.6,42663.376,1764979199999,True
2025-12-06 00:00:00,1764979200000,559.6,596.9,557.9,583.5,49121.844,1765065599999,True
2025-12-07 00:00:00,1765065600000,583.6,605.0,567.7,598.5,41420.536,1765151999999,True
2025-12-08 00:00:00,1765152000000,598.5,605.0,575.8,579.1,36561.435,1765238399999,True
2025-12-09 00:00:00,1765238400000,579.2,591.3,570.0,585.0,96628.13,1765324799999,True
2025-12-10 00:00:00,1765324800000,584.9,588.9,558.8,572.6,96044.058,1765411199999,True
2025-12-11 00:00:00,1765411200000,572.7,576.6,551.5,574.3,45546.917,1765497599999,True
2025-12-12 00:00:00,1765497600000,574.3,588.4,567.9,581.9,59279.981,1765583999999,True
2025-12-13 00:00:00,1765584000000,581.9,586.8,568.2,579.9,19244.263,1765670399999,True
2025-12-14 00:00:00,1765670400000,580.0,585.3,554.2,558.3,30902.916,1765756799999,True
2025-12-15 00:00:00,1765756800000,558.2,573.8,518.5,536.1,50432.952,1765843199999,True
2025-12-16 00:00:00,1765843200000,536.1,557.8,527.7,546.3,39953.943,1765929599999,True
2025-12-17 00:00:00,1765929600000,546.2,568.8,539.8,546.7,51341.419,1766015999999,True
2025-12-18 00:00:00,1766016000000,546.6,588.0,528.1,565.9,101010.714,1766102399999,True
2025-12-19 00:00:00,1766102400000,565.9,631.7,557.1,624.9,97388.929,1766188799999,True
2025-12-20 00:00:00,1766188800000,624.8,625.9,588.5,592.1,62967.314,1766275199999,True
2025-12-21 00:00:00,1766275200000,592.0,602.9,576.8,591.1,30621.097,1766361599999,True
2025-12-22 00:00:00,1766361600000,591.2,598.6,571.4,590.4,63563.171,1766447999999,True
2025-12-23 00:00:00,1766448000000,590.4,593.9,570.6,572.5,33806.856,1766534399999,True
2025-12-24 00:00:00,1766534400000,572.6,581.1,563.3,568.7,46526.491,1766620799999,True
2025-12-25 00:00:00,1766620800000,568.7,600.1,566.4,589.8,42451.451,1766707199999,True
2025-12-26 00:00:00,1766707200000,589.7,614.5,586.8,594.9,51345.087,1766793599999,True
2025-12-27 00:00:00,1766793600000,594.8,625.8,593.2,623.4,41932.253,1766879999999,True
2025-12-28 00:00:00,1766880000000,623.3,638.0,610.5,622.4,53213.955,1766966399999,True
2025-12-29 00:00:00,1766966400000,622.4,627.2,592.9,599.2,103775.537,1767052799999,True
2025-12-30 00:00:00,1767052800000,599.2,608.1,591.3,595.8,67362.527,1767139199999,True
2025-12-31 00:00:00,1767139200000,595.8,603.4,592.9,599.5,27177.493,1767225599999,True
2026-01-01 00:00:00,1767225600000,599.6,606.5,585.9,593.2,34439.413,1767311999999,True
2026-01-02 00:00:00,1767312000000,593.3,618.7,585.4,609.8,57714.786,1767398399999,True
2026-01-03 00:00:00,1767398400000,609.9,664.1,608.5,654.5,92733.465,1767484799999,True
2026-01-04 00:00:00,1767484800000,654.5,662.5,635.4,639.1,88728.675,1767571199999,True
2026-01-05 00:00:00,1767571200000,639.2,669.6,639.0,645.2,87698.158,1767657599999,True
2026-01-06 00:00:00,1767657600000,645.3,658.0,624.1,638.2,65951.659,1767743999999,True
2026-01-07 00:00:00,1767744000000,638.2,638.2,622.2,629.2,21367.687,1767830399999,True
2026-01-08 00:00:00,1767830400000,629.3,653.4,619.0,632.0,54007.428,1767916799999,True
2026-01-09 00:00:00,1767916800000,632.1,642.5,625.0,634.7,34426.625,1768003199999,True
2026-01-10 00:00:00,1768003200000,634.7,650.4,631.4,643.9,21844.69,1768089599999,True
2026-01-11 00:00:00,1768089600000,644.0,667.0,638.1,649.1,124934.69,1768175999999,True
2026-01-12 00:00:00,1768176000000,649.2,661.2,613.1,621.7,133573.83,1768262399999,True
2026-01-13 00:00:00,1768262400000,621.6,626.6,605.1,617.0,101028.819,1768348799999,True
2026-01-14 00:00:00,1768348800000,617.0,619.5,593.6,597.4,116833.267,1768435199999,True
2026-01-15 00:00:00,1768435200000,597.5,630.6,574.5,590.8,211491.276,1768521599999,True
2026-01-16 00:00:00,1768521600000,590.9,606.9,589.5,599.5,114365.314,1768607999999,True
2026-01-17 00:00:00,1768608000000,599.6,602.7,588.9,594.1,64836.315,1768694399999,True
2026-01-18 00:00:00,1768694400000,594.1,602.3,587.7,591.4,24086.238,1768780799999,True
2026-01-19 00:00:00,1768780800000,591.4,594.8,562.8,584.0,51379.087,1768867199999,True
2026-01-20 00:00:00,1768867200000,584.0,587.2,564.2,573.2,58930.105,1768953599999,True
2026-01-21 00:00:00,1768953600000,573.1,598.0,570.2,584.8,63001.86,1769039999999,True
2026-01-22 00:00:00,1769040000000,584.8,604.0,584.5,599.2,25155.548,1769126399999,True
2026-01-23 00:00:00,1769126400000,599.2,601.5,586.5,595.7,19873.144,1769212799999,True
2026-01-24 00:00:00,1769212800000,595.7,599.1,590.8,593.6,8196.232,1769299199999,True
2026-01-25 00:00:00,1769299200000,593.6,595.9,563.6,572.2,23802.139,1769385599999,True
2026-01-26 00:00:00,1769385600000,572.1,583.3,571.2,578.7,14970.053,1769471999999,True
2026-01-27 00:00:00,1769472000000,578.7,603.9,577.6,600.2,36032.425,1769558399999,True
2026-01-28 00:00:00,1769558400000,600.2,602.0,589.4,591.1,18786.675,1769644799999,True
2026-01-29 00:00:00,1769644800000,591.2,591.4,548.2,554.1,27886.294,1769731199999,True
2026-01-30 00:00:00,1769731200000,554.1,559.8,533.4,553.2,49495.202,1769817599999,True
2026-01-31 00:00:00,1769817600000,553.3,554.1,467.2,507.5,72516.898,1769903999999,True
2026-02-01 00:00:00,1769904000000,507.6,538.4,506.2,516.2,84361.113,1769990399999,True
2026-02-02 00:00:00,1769990400000,516.3,544.1,497.4,539.7,52571.702,1770076799999,True
2026-02-03 00:00:00,1770076800000,539.6,542.1,509.6,527.1,36642.32,1770163199999,True
2026-02-04 00:00:00,1770163200000,527.0,539.9,515.0,532.5,37639.924,1770249599999,True
2026-02-05 00:00:00,1770249600000,532.5,542.6,452.6,453.9,93295.953,1770335999999,True
2026-02-06 00:00:00,1770336000000,453.8,542.8,423.0,523.2,131309.698,1770422399999,True
2026-02-07 00:00:00,1770422400000,523.1,540.5,514.2,525.1,77624.275,1770508799999,True
2026-02-08 00:00:00,1770508800000,525.2,540.8,516.8,527.0,34730.786,1770595199999,True
2026-02-09 00:00:00,1770595200000,527.0,538.0,511.2,533.0,31391.099,1770681599999,True
2026-02-10 00:00:00,1770681600000,533.0,534.3,511.8,524.3,38388.19,1770767999999,True
2026-02-11 00:00:00,1770768000000,524.3,528.0,507.6,516.2,38933.857,1770854399999,True
2026-02-12 00:00:00,1770854400000,516.2,521.0,493.8,503.0,25899.034,1770940799999,True
2026-02-13 00:00:00,1770940800000,503.0,570.0,499.9,563.9,52303.621,1771027199999,True
2026-02-14 00:00:00,1771027200000,563.9,572.6,557.6,562.9,30470.359,1771113599999,True
2026-02-15 00:00:00,1771113600000,563.0,566.6,550.4,553.5,22397.933,1771199999999,True
2026-02-16 00:00:00,1771200000000,553.5,581.5,551.5,569.2,31961.491,1771286399999,True
2026-02-17 00:00:00,1771286400000,569.2,578.0,549.5,563.4,25801.022,1771372799999,True
2026-02-18 00:00:00,1771372800000,563.5,570.2,550.6,558.0,21799.75,1771459199999,True
2026-02-19 00:00:00,1771459200000,557.9,564.9,538.7,560.4,29747.781,1771545599999,True
2026-02-20 00:00:00,1771545600000,560.2,570.7,540.8,562.4,66675.695,1771631999999,True
2026-02-21 00:00:00,1771632000000,562.5,577.0,558.5,564.1,19789.479,1771718399999,True
2026-02-22 00:00:00,1771718400000,564.1,586.2,559.0,570.7,50444.272,1771804799999,True
2026-02-23 00:00:00,1771804800000,570.8,570.8,487.3,495.8,76023.825,1771891199999,True
2026-02-24 00:00:00,1771891200000,495.7,499.1,470.8,484.8,72609.414,1771977599999,True
2026-02-25 00:00:00,1771977600000,484.8,520.3,483.9,492.9,53756.738,1772063999999,True
2026-02-26 00:00:00,1772064000000,492.8,505.8,476.6,478.4,29976.65,1772150399999,True
2026-02-27 00:00:00,1772150400000,478.4,491.1,455.1,461.5,32169.414,1772236799999,True
2026-02-28 00:00:00,1772236800000,461.4,468.4,439.6,457.6,42894.538,1772323199999,True
2026-03-01 00:00:00,1772323200000,457.6,466.9,432.0,441.7,28623.582,1772409599999,True
2026-03-02 00:00:00,1772409600000,441.7,454.4,436.1,445.3,35460.97,1772495999999,True
2026-03-03 00:00:00,1772496000000,445.4,450.1,432.2,443.9,24297.435,1772582399999,True
2026-03-04 00:00:00,1772582400000,443.9,476.8,439.0,466.9,44261.326,1772668799999,True
2026-03-05 00:00:00,1772668800000,466.8,467.8,454.3,461.6,30348.687,1772755199999,True
2026-03-06 00:00:00,1772755200000,461.5,463.3,442.2,449.7,21438.593,1772841599999,True
2026-03-07 00:00:00,1772841600000,449.6,454.1,445.7,450.2,13844.826,1772927999999,True
2026-03-08 00:00:00,1772928000000,450.2,455.4,440.4,443.1,14209.03,1773014399999,True
2026-03-09 00:00:00,1773014400000,443.0,456.9,442.9,444.6,23746.392,1773100799999,True
2026-03-10 00:00:00,1773100800000,444.5,454.3,442.6,447.1,27205.973,1773187199999,True
2026-03-11 00:00:00,1773187200000,447.0,461.2,445.7,455.1,19453.148,1773273599999,True
2026-03-12 00:00:00,1773273600000,455.1,461.5,451.6,455.2,11218.469,1773359999999,True
2026-03-13 00:00:00,1773360000000,455.2,475.6,454.8,461.0,39232.293,1773446399999,True
2026-03-14 00:00:00,1773446400000,460.9,468.5,454.3,467.6,16336.77,1773532799999,True
2026-03-15 00:00:00,1773532800000,467.6,470.7,459.8,469.7,17886.861,1773619199999,True
2026-03-16 00:00:00,1773619200000,469.6,483.8,465.1,478.8,25463.505,1773705599999,True
2026-03-17 00:00:00,1773705600000,478.8,481.2,470.2,470.7,13922.653,1773791999999,True
2026-03-18 00:00:00,1773792000000,470.7,472.6,446.5,456.9,18368.338,1773878399999,True
2026-03-19 00:00:00,1773878400000,456.9,460.7,449.7,455.6,18252.727,1773964799999,True
2026-03-20 00:00:00,1773964800000,455.7,475.2,454.9,474.6,21846.582,1774051199999,True
2026-03-21 00:00:00,1774051200000,474.6,477.2,459.7,462.6,13083.112,1774137599999,True
2026-03-22 00:00:00,1774137600000,462.5,471.4,457.4,467.4,20206.795,1774223999999,True
2026-03-23 00:00:00,1774224000000,467.4,486.3,462.6,478.0,26604.513,1774310399999,True
2026-03-24 00:00:00,1774310400000,478.1,480.2,468.6,477.4,23114.362,1774396799999,True
2026-03-25 00:00:00,1774396800000,477.4,480.3,471.4,473.6,13866.679,1774483199999,True
2026-03-26 00:00:00,1774483200000,473.6,474.1,458.7,461.9,18277.488,1774569599999,True
2026-03-27 00:00:00,1774569600000,462.0,475.0,458.2,472.9,57189.175,1774655999999,True
2026-03-28 00:00:00,1774656000000,472.9,484.2,470.8,481.2,25019.844,1774742399999,True
2026-03-29 00:00:00,1774742400000,481.2,484.8,446.9,452.7,93699.265,1774828799999,True
2026-03-30 00:00:00,1774828800000,452.7,467.4,450.6,460.3,33395.922,1774915199999,True
2026-03-31 00:00:00,1774915200000,460.3,477.9,460.0,466.5,39604.712,1775001599999,True
2026-04-01 00:00:00,1775001600000,466.5,466.6,453.7,455.1,37116.947,1775087999999,True
2026-04-02 00:00:00,1775088000000,455.1,455.8,439.4,444.3,23884.47,1775174399999,True
2026-04-03 00:00:00,1775174400000,444.2,446.7,439.6,443.0,8808.812,1775260799999,True
2026-04-04 00:00:00,1775260800000,443.0,445.1,440.9,441.2,6996.991,1775347199999,True
2026-04-05 00:00:00,1775347200000,441.1,442.5,420.4,428.6,23521.355,1775433599999,True
2026-04-06 00:00:00,1775433600000,428.7,440.6,428.7,435.1,17547.854,1775519999999,True
2026-04-07 00:00:00,1775520000000,435.0,448.4,429.9,445.9,17971.893,1775606399999,True
2026-04-08 00:00:00,1775606400000,446.0,449.9,440.1,441.3,18131.002,1775692799999,True
2026-04-09 00:00:00,1775692800000,441.3,446.9,433.0,443.1,19468.639,1775779199999,True
2026-04-10 00:00:00,1775779200000,443.2,446.8,434.3,443.8,13141.794,1775865599999,True
2026-04-11 00:00:00,1775865600000,443.7,445.3,436.6,437.7,8778.886,1775951999999,True
2026-04-12 00:00:00,1775952000000,437.6,438.0,419.5,421.3,25425.501,1776038399999,True
2026-04-13 00:00:00,1776038400000,421.2,440.6,421.1,438.2,15504.761,1776124799999,True
2026-04-14 00:00:00,1776124800000,438.3,444.2,433.5,436.2,14172.971,1776211199999,True
2026-04-15 00:00:00,1776211200000,436.2,443.4,427.5,440.8,11572.838,1776297599999,True
2026-04-16 00:00:00,1776297600000,440.8,457.5,434.1,454.9,18450.396,1776383999999,True
2026-04-17 00:00:00,1776384000000,454.8,461.8,446.6,453.4,18935.659,1776470399999,True
2026-04-18 00:00:00,1776470400000,453.4,456.1,443.3,443.5,9480.008,1776556799999,True
2026-04-19 00:00:00,1776556800000,443.6,446.2,433.9,435.1,9877.988,1776643199999,True
2026-04-20 00:00:00,1776643200000,435.3,446.4,435.2,443.6,8005.93,1776729599999,True
2026-04-21 00:00:00,1776729600000,443.6,449.7,440.5,448.5,12511.708,1776815999999,True
2026-04-22 00:00:00,1776816000000,448.6,474.0,447.5,460.3,30013.685,1776902399999,True
2026-04-23 00:00:00,1776902400000,460.3,461.0,452.5,460.8,18193.907,1776988799999,True
2026-04-24 00:00:00,1776988800000,460.9,461.7,454.5,456.2,9324.242,1777075199999,True
2026-04-25 00:00:00,1777075200000,456.2,456.5,452.1,453.0,4766.45,1777161599999,True
2026-04-26 00:00:00,1777161600000,453.1,456.3,450.3,454.9,7114.758,1777247999999,True
2026-04-27 00:00:00,1777248000000,455.0,458.2,446.1,449.8,13050.617,1777334399999,True
2026-04-28 00:00:00,1777334400000,449.8,454.2,442.7,453.7,8021.206,1777420799999,True
2026-04-29 00:00:00,1777420800000,453.7,455.6,441.9,447.5,10733.693,1777507199999,True
2026-04-30 00:00:00,1777507200000,447.5,449.3,440.3,440.9,6651.632,1777593599999,True
2026-05-01 00:00:00,1777593600000,441.0,458.2,440.9,450.5,10072.882,1777679999999,True
2026-05-02 00:00:00,1777680000000,450.6,453.2,444.4,445.7,4276.149,1777766399999,True
2026-05-03 00:00:00,1777766400000,445.6,447.5,442.4,443.2,5230.95,1777852799999,True
2026-05-04 00:00:00,1777852800000,443.1,450.8,437.0,443.7,25745.13,1777939199999,True
2026-05-05 00:00:00,1777939200000,443.8,464.5,443.0,461.4,35728.834,1778025599999,True
2026-05-06 00:00:00,1778025600000,461.5,489.3,458.5,465.7,66112.583,1778111999999,True
2026-05-07 00:00:00,1778112000000,465.7,466.4,447.0,450.2,16635.574,1778198399999,True
2026-05-08 00:00:00,1778198400000,450.3,454.5,447.8,450.5,14290.65,1778284799999,True
2026-05-09 00:00:00,1778284800000,450.5,453.9,448.3,449.8,11516.573,1778371199999,True
2026-05-10 00:00:00,1778371200000,449.9,465.4,449.0,464.3,15360.681,1778457599999,True
2026-05-11 00:00:00,1778457600000,464.4,465.3,447.9,450.2,15052.634,1778543999999,True
2026-05-12 00:00:00,1778544000000,450.2,450.4,436.0,439.6,22805.876,1778630399999,True
2026-05-13 00:00:00,1778630400000,439.6,444.8,430.0,434.1,22082.849,1778716799999,True
2026-05-14 00:00:00,1778716800000,434.2,438.9,431.5,435.0,8061.695,1778803199999,True
2026-05-15 00:00:00,1778803200000,434.9,437.5,423.8,426.8,20813.41,1778889599999,True
2026-05-16 00:00:00,1778889600000,426.8,428.2,410.6,415.8,34719.605,1778975999999,True
2026-05-17 00:00:00,1778976000000,415.8,416.8,400.0,404.8,11386.055,1779062399999,True
2026-05-18 00:00:00,1779062400000,404.8,404.8,348.3,378.8,135835.464,1779148799999,True
2026-05-19 00:00:00,1779148800000,378.8,386.7,360.8,370.4,49253.812,1779235199999,True
2026-05-20 00:00:00,1779235200000,370.4,375.2,364.0,373.1,22274.251,1779321599999,True
2026-05-21 00:00:00,1779321600000,373.2,383.5,372.9,380.4,19384.169,1779407999999,True
2026-05-22 00:00:00,1779408000000,380.5,382.3,359.1,360.7,19132.754,1779494399999,True
2026-05-23 00:00:00,1779494400000,360.7,364.7,342.9,355.5,40041.832,1779580799999,True
2026-05-24 00:00:00,1779580800000,355.6,358.0,333.5,347.0,19754.598,1779667199999,True
2026-05-25 00:00:00,1779667200000,347.0,352.5,344.1,351.7,11407.986,1779753599999,True
2026-05-26 00:00:00,1779753600000,351.8,355.2,342.7,343.4,16884.038,1779839999999,True
2026-05-27 00:00:00,1779840000000,343.4,347.5,332.0,334.8,17294.609,1779926399999,True
2026-05-28 00:00:00,1779926400000,334.7,336.2,287.8,300.3,129934.702,1780012799999,True
2026-05-29 00:00:00,1780012800000,300.2,312.4,296.6,302.3,86978.39,1780099199999,True
2026-05-30 00:00:00,1780099200000,302.3,308.1,296.8,303.7,20483.925,1780185599999,True
2026-05-31 00:00:00,1780185600000,303.7,308.2,297.5,302.9,38984.331,1780271999999,True
2026-06-01 00:00:00,1780272000000,302.8,304.8,278.1,293.8,44690.258,1780358399999,True
2026-06-02 00:00:00,1780358400000,293.9,294.1,265.1,268.7,48215.329,1780444799999,True
2026-06-03 00:00:00,1780444800000,268.7,271.6,239.5,243.3,325825.13,1780531199999,True
2026-06-04 00:00:00,1780531200000,243.3,252.1,230.2,245.6,90407.306,1780617599999,True
2026-06-05 00:00:00,1780617600000,245.5,246.1,207.9,210.0,96259.357,1780703999999,True
2026-06-06 00:00:00,1780704000000,209.9,227.2,202.0,217.4,71645.453,1780790399999,True
2026-06-07 00:00:00,1780790400000,217.4,234.6,215.7,230.3,43523.297,1780876799999,True
2026-06-08 00:00:00,1780876800000,230.3,231.6,199.1,209.4,345559.487,1780963199999,True
2026-06-09 00:00:00,1780963200000,209.4,211.0,201.0,203.4,62023.639,1781049599999,True
2026-06-10 00:00:00,1781049600000,203.4,204.5,191.7,194.5,58489.66,1781135999999,True
2026-06-11 00:00:00,1781136000000,194.4,209.8,192.6,205.3,75570.137,1781222399999,True
2026-06-12 00:00:00,1781222400000,205.3,209.1,201.0,202.2,38456.175,1781308799999,True
2026-06-13 00:00:00,1781308800000,202.2,209.7,200.9,208.7,30161.232,1781395199999,True
2026-06-14 00:00:00,1781395200000,208.7,210.8,196.7,210.7,44020.625,1781481599999,True
2026-06-15 00:00:00,1781481600000,210.6,231.1,209.5,224.6,65295.268,1781567999999,True
2026-06-16 00:00:00,1781568000000,224.5,228.2,212.5,214.1,98108.415,1781654399999,True
2026-06-17 00:00:00,1781654400000,214.0,218.2,208.5,212.5,47381.509,1781740799999,True
2026-06-18 00:00:00,1781740800000,212.6,215.4,192.8,199.7,66118.945,1781827199999,True
2026-06-19 00:00:00,1781827200000,199.7,200.0,192.9,198.6,39896.556,1781913599999,True
2026-06-20 00:00:00,1781913600000,198.6,200.9,195.6,200.1,19193.263,1781999999999,True
2026-06-21 00:00:00,1782000000000,200.1,200.2,194.4,194.9,13393.42,1782086399999,True
2026-06-22 00:00:00,1782086400000,195.0,205.3,194.9,197.7,26062.55,1782172799999,True
2026-06-23 00:00:00,1782172800000,197.6,198.4,186.4,194.6,111979.48,1782259199999,True
2026-06-24 00:00:00,1782259200000,194.7,196.6,181.0,190.4,49757.298,1782345599999,True
2026-06-25 00:00:00,1782345600000,190.5,197.2,182.4,193.1,44870.465,1782431999999,True
2026-06-26 00:00:00,1782432000000,193.1,203.0,184.9,197.3,47424.406,1782518399999,True
2026-06-27 00:00:00,1782518400000,197.4,200.1,194.4,195.5,16689.964,1782604799999,True
2026-06-28 00:00:00,1782604800000,195.4,198.0,188.3,191.0,17411.023,1782691199999,True
2026-06-29 00:00:00,1782691200000,191.0,203.0,188.5,201.2,24363.872,1782777599999,True
2026-06-30 00:00:00,1782777600000,201.3,202.6,194.3,200.0,30537.838,1782863999999,True
