date,open_time,open,high,low,close,volume,close_time,is_closed
2021-01-01 00:00:00,1609459200000,9.262,9.428,8.0729,8.2776,40444969.81,1609545599999,True
2021-01-02 00:00:00,1609545600000,8.2775,9.89,7.89,9.2037,41542040.61,1609631999999,True
2021-01-03 00:00:00,1609632000000,9.2056,10.5,8.8448,10.1307,37224723.44,1609718399999,True
2021-01-04 00:00:00,1609718400000,10.1453,10.5169,8.7,9.5126,35233997.11,1609804799999,True
2021-01-05 00:00:00,1609804800000,9.5147,10.0441,9.01,9.7084,20433614.97,1609891199999,True
2021-01-06 00:00:00,1609891200000,9.7126,10.4452,9.4611,10.0679,24556008.75,1609977599999,True
2021-01-07 00:00:00,1609977600000,10.0679,10.68,9.38,9.6439,23807905.1,1610063999999,True
2021-01-08 00:00:00,1610064000000,9.6432,9.814,8.7788,9.2998,18487740.39,1610150399999,True
2021-01-09 00:00:00,1610150400000,9.2959,9.815,9.0418,9.7354,11628693.46,1610236799999,True
2021-01-10 00:00:00,1610236800000,9.7354,9.9889,8.6054,9.2911,13493639.61,1610323199999,True
2021-01-11 00:00:00,1610323200000,9.2962,9.32,7.1642,8.2691,39051182.14,1610409599999,True
2021-01-12 00:00:00,1610409600000,8.2736,8.7243,7.9201,8.3078,17770135.49,1610495999999,True
2021-01-13 00:00:00,1610496000000,8.3072,11.4407,7.9833,10.9486,33973317.45,1610582399999,True
2021-01-14 00:00:00,1610582400000,10.9417,14.68,10.8801,14.4867,50546604.14,1610668799999,True
2021-01-15 00:00:00,1610668800000,14.4862,14.9599,11.7619,13.1679,56797246.56,1610755199999,True
2021-01-16 00:00:00,1610755200000,13.1638,19.4,13.1567,17.9893,80460090.2,1610841599999,True
2021-01-17 00:00:00,1610841600000,17.9849,18.2677,16.28,17.0832,50659218.35,1610927999999,True
2021-01-18 00:00:00,1610928000000,17.0897,18.221,15.7,16.5898,26097571.18,1611014399999,True
2021-01-19 00:00:00,1611014400000,16.5786,17.49,15.887,16.3933,23747474.38,1611100799999,True
2021-01-20 00:00:00,1611100800000,16.3951,18.2078,14.79,17.9808,33656669.48,1611187199999,True
2021-01-21 00:00:00,1611187200000,17.9798,18.15,14.982,15.9818,38757498.25,1611273599999,True
2021-01-22 00:00:00,1611273600000,15.9837,18.0178,14.7111,17.1207,31458042.07,1611359999999,True
2021-01-23 00:00:00,1611360000000,17.1243,18.8,16.7951,18.7446,24293114.74,1611446399999,True
2021-01-24 00:00:00,1611446400000,18.7447,18.7646,17.22,17.9745,15685459.56,1611532799999,True
2021-01-25 00:00:00,1611532800000,17.9757,19.1,17.069,17.207,19765645.59,1611619199999,True
2021-01-26 00:00:00,1611619200000,17.2075,17.7844,16.0,17.1013,14031585.41,1611705599999,True
2021-01-27 00:00:00,1611705600000,17.1115,17.127,15.0316,15.43,18777450.02,1611791999999,True
2021-01-28 00:00:00,1611792000000,15.435,17.4938,15.2583,16.8643,18773126.13,1611878399999,True
2021-01-29 00:00:00,1611878400000,16.8716,17.7522,15.9389,16.7968,24085491.74,1611964799999,True
2021-01-30 00:00:00,1611964800000,16.7995,17.0808,16.1327,16.5349,10071916.92,1612051199999,True
2021-01-31 00:00:00,1612051200000,16.5423,17.5332,15.6438,16.1128,13322271.39,1612137599999,True
2021-02-01 00:00:00,1612137600000,16.1153,16.5615,15.5807,16.4385,10427226.81,1612223999999,True
2021-02-02 00:00:00,1612224000000,16.4401,17.67,15.9813,17.1765,17507006.87,1612310399999,True
2021-02-03 00:00:00,1612310400000,17.1766,20.9322,16.8,20.8538,28799999.03,1612396799999,True
2021-02-04 00:00:00,1612396800000,20.8588,21.7321,18.57,19.6677,25501882.41,1612483199999,True
2021-02-05 00:00:00,1612483200000,19.6682,21.4,19.3472,20.84,17350792.08,1612569599999,True
2021-02-06 00:00:00,1612569600000,20.8259,21.399,19.8425,20.3734,11925117.12,1612655999999,True
2021-02-07 00:00:00,1612656000000,20.369,20.8031,18.46,19.7345,15159822.49,1612742399999,True
2021-02-08 00:00:00,1612742400000,19.7365,23.6969,19.1828,22.9853,25522324.88,1612828799999,True
2021-02-09 00:00:00,1612828800000,22.984,24.12,22.2269,23.0846,16067713.73,1612915199999,True
2021-02-10 00:00:00,1612915200000,23.089,24.8498,21.8916,23.5821,16612771.89,1613001599999,True
2021-02-11 00:00:00,1613001600000,23.5784,25.7071,23.2357,25.0224,13943337.77,1613087999999,True
2021-02-12 00:00:00,1613088000000,25.0036,29.7272,24.5,28.6555,15767764.9,1613174399999,True
2021-02-13 00:00:00,1613174400000,28.6523,30.21,27.2203,27.9364,15559714.6,1613260799999,True
2021-02-14 00:00:00,1613260800000,27.9602,29.4142,26.4,26.8724,10698732.39,1613347199999,True
2021-02-15 00:00:00,1613347200000,26.88,29.5365,23.1555,27.8021,20272317.43,1613433599999,True
2021-02-16 00:00:00,1613433600000,27.8201,31.0606,26.8002,30.0832,20070860.93,1613519999999,True
2021-02-17 00:00:00,1613520000000,30.0897,32.4,29.6109,31.9862,14917487.45,1613606399999,True
2021-02-18 00:00:00,1613606400000,31.9849,32.5926,30.5453,31.11,7915382.55,1613692799999,True
2021-02-19 00:00:00,1613692800000,31.11,35.0,29.5,34.824,16536466.18,1613779199999,True
2021-02-20 00:00:00,1613779200000,34.8093,42.2848,34.7,38.942,29189715.44,1613865599999,True
2021-02-21 00:00:00,1613865600000,38.9381,40.6992,38.0,39.5863,15160345.53,1613951999999,True
2021-02-22 00:00:00,1613952000000,39.5867,39.7434,30.8104,37.6143,27519472.04,1614038399999,True
2021-02-23 00:00:00,1614038400000,37.6369,37.8,26.5,34.5325,40437206.88,1614124799999,True
2021-02-24 00:00:00,1614124800000,34.5697,36.8,31.1,33.6396,20265938.21,1614211199999,True
2021-02-25 00:00:00,1614211200000,33.6315,35.26,30.8582,31.2341,13365957.05,1614297599999,True
2021-02-26 00:00:00,1614297600000,31.2282,33.5516,28.0001,31.4362,25275240.2,1614383999999,True
2021-02-27 00:00:00,1614384000000,31.4506,35.6618,31.3471,33.4575,20330311.63,1614470399999,True
2021-02-28 00:00:00,1614470400000,33.4664,34.56,29.7,33.8,19977135.54,1614556799999,True
2021-03-01 00:00:00,1614556800000,33.7964,35.66,33.0149,35.6273,13666144.31,1614643199999,True
2021-03-02 00:00:00,1614643200000,35.6278,37.9247,34.3777,36.1393,15276420.14,1614729599999,True
2021-03-03 00:00:00,1614729600000,36.1485,38.68,36.1031,37.0985,11641704.64,1614815999999,True
2021-03-04 00:00:00,1614816000000,37.0661,38.38,34.35,35.2166,11601602.41,1614902399999,True
2021-03-05 00:00:00,1614902400000,35.2251,35.2687,31.31,33.6194,15293689.83,1614988799999,True
2021-03-06 00:00:00,1614988800000,33.5926,34.1997,32.05,33.3596,6037223.17,1615075199999,True
2021-03-07 00:00:00,1615075200000,33.3628,35.2999,33.3628,35.095,6061093.36,1615161599999,True
2021-03-08 00:00:00,1615161600000,35.0898,35.5566,33.4053,34.9737,6813802.79,1615247999999,True
2021-03-09 00:00:00,1615248000000,34.9867,38.8788,34.5148,38.1882,12891833.92,1615334399999,True
2021-03-10 00:00:00,1615334400000,38.1845,39.6,36.2181,37.5494,12012623.7,1615420799999,True
2021-03-11 00:00:00,1615420800000,37.5534,38.0434,35.8675,36.9026,8664283.5,1615507199999,True
2021-03-12 00:00:00,1615507200000,36.8988,37.4995,34.3773,35.9551,6812852.03,1615593599999,True
2021-03-13 00:00:00,1615593600000,35.9582,38.2742,34.6873,37.1418,7399275.26,1615679999999,True
2021-03-14 00:00:00,1615680000000,37.1308,37.9979,36.2477,36.4427,4741817.09,1615766399999,True
2021-03-15 00:00:00,1615766400000,36.4427,38.5636,33.8351,34.2963,10731480.2,1615852799999,True
2021-03-16 00:00:00,1615852800000,34.2868,35.5422,32.07,35.3987,9126077.86,1615939199999,True
2021-03-17 00:00:00,1615939200000,35.3981,36.4495,34.3879,36.1036,6842523.37,1616025599999,True
2021-03-18 00:00:00,1616025600000,36.1157,37.0187,34.9648,35.3399,5558730.76,1616111999999,True
2021-03-19 00:00:00,1616112000000,35.3399,38.8636,34.6,38.1735,9561406.59,1616198399999,True
2021-03-20 00:00:00,1616198400000,38.1735,40.1,37.1559,37.2279,8583160.2,1616284799999,True
2021-03-21 00:00:00,1616284800000,37.2293,38.0995,36.1001,36.6851,6631041.19,1616371199999,True
2021-03-22 00:00:00,1616371200000,36.6802,37.7803,35.0572,35.2338,6137342.07,1616457599999,True
2021-03-23 00:00:00,1616457600000,35.2202,36.2896,34.0325,34.2174,5897723.07,1616543999999,True
2021-03-24 00:00:00,1616544000000,34.1961,36.1468,27.4586,30.2209,13285955.46,1616630399999,True
2021-03-25 00:00:00,1616630400000,30.2139,31.2676,28.3,29.8059,17474869.14,1616716799999,True
2021-03-26 00:00:00,1616716800000,29.8059,33.3689,29.7894,33.1782,7973987.37,1616803199999,True
2021-03-27 00:00:00,1616803200000,33.1607,33.5,31.1119,32.5884,6080754.51,1616889599999,True
2021-03-28 00:00:00,1616889600000,32.5873,33.2231,31.2276,32.2331,4896790.56,1616975999999,True
2021-03-29 00:00:00,1616976000000,32.2331,34.714,31.7496,34.3403,6754322.38,1617062399999,True
2021-03-30 00:00:00,1617062400000,34.3404,34.8,33.4855,33.9778,5489182.37,1617148799999,True
2021-03-31 00:00:00,1617148800000,33.9778,38.28,33.22,37.0765,14303159.29,1617235199999,True
2021-04-01 00:00:00,1617235200000,37.0784,38.945,36.0021,37.461,9608182.24,1617321599999,True
2021-04-02 00:00:00,1617321600000,37.4655,41.4081,36.5721,41.0271,10204662.65,1617407999999,True
2021-04-03 00:00:00,1617408000000,41.0344,46.8,40.9103,41.3802,18075397.33,1617494399999,True
2021-04-04 00:00:00,1617494400000,41.38,45.0858,40.6666,44.3135,8717890.34,1617580799999,True
2021-04-05 00:00:00,1617580800000,44.3204,45.8694,41.806,45.8003,7991387.42,1617667199999,True
2021-04-06 00:00:00,1617667200000,45.8,46.2616,41.56,43.35,9415415.87,1617753599999,True
2021-04-07 00:00:00,1617753600000,43.3547,43.5038,37.69,39.5013,11787515.43,1617839999999,True
2021-04-08 00:00:00,1617840000000,39.51,41.5999,39.2121,41.334,5879782.79,1617926399999,True
2021-04-09 00:00:00,1617926400000,41.3248,42.0984,40.0501,40.8085,4356116.29,1618012799999,True
2021-04-10 00:00:00,1618012800000,40.8085,42.757,39.9777,41.5868,5302312.77,1618099199999,True
2021-04-11 00:00:00,1618099200000,41.6,41.87,39.9818,41.3196,5023884.47,1618185599999,True
2021-04-12 00:00:00,1618185600000,41.3133,41.7699,39.3643,40.46,6509499.53,1618271999999,True
2021-04-13 00:00:00,1618272000000,40.4601,43.3554,39.809,42.9301,9390973.4,1618358399999,True
2021-04-14 00:00:00,1618358400000,42.9301,44.5594,40.0,42.5171,10710847.58,1618444799999,True
2021-04-15 00:00:00,1618444800000,42.5217,44.3,41.4046,43.4318,8291327.15,1618531199999,True
2021-04-16 00:00:00,1618531200000,43.4169,43.8252,40.0007,41.3898,9269576.83,1618617599999,True
2021-04-17 00:00:00,1618617600000,41.3931,48.36,41.37,42.0577,17205151.16,1618703999999,True
2021-04-18 00:00:00,1618704000000,42.0568,42.7051,32.0,37.363,25846971.85,1618790399999,True
2021-04-19 00:00:00,1618790400000,37.3623,38.7007,34.0,34.7373,11880828.89,1618876799999,True
2021-04-20 00:00:00,1618876800000,34.7371,35.7508,31.5542,35.4133,14345901.28,1618963199999,True
2021-04-21 00:00:00,1618963200000,35.4112,36.3172,33.0261,33.7953,11604140.78,1619049599999,True
2021-04-22 00:00:00,1619049600000,33.7714,36.7635,32.8,32.9571,17785821.28,1619135999999,True
2021-04-23 00:00:00,1619136000000,32.947,33.4998,26.6355,32.2323,25328983.32,1619222399999,True
2021-04-24 00:00:00,1619222400000,32.2402,32.4026,28.53,28.9629,12019207.5,1619308799999,True
2021-04-25 00:00:00,1619308800000,28.9819,31.3,28.1,29.83,7392943.065,1619395199999,True
2021-04-26 00:00:00,1619395200000,29.83,33.473,29.755,33.4,12586853.239,1619481599999,True
2021-04-27 00:00:00,1619481600000,33.396,34.94,33.141,34.845,10126562.837,1619567999999,True
2021-04-28 00:00:00,1619568000000,34.845,35.389,32.566,33.972,9168443.638,1619654399999,True
2021-04-29 00:00:00,1619654400000,33.968,36.0,32.966,35.979,8746880.388,1619740799999,True
2021-04-30 00:00:00,1619740800000,35.979,36.811,35.087,36.522,11153636.937,1619827199999,True
2021-05-01 00:00:00,1619827200000,36.511,37.46,35.8,36.908,7426793.568,1619913599999,True
2021-05-02 00:00:00,1619913600000,36.904,37.179,35.485,36.626,6899280.736,1619999999999,True
2021-05-03 00:00:00,1620000000000,36.62,38.3,36.571,37.25,8437636.158,1620086399999,True
2021-05-04 00:00:00,1620086400000,37.249,37.931,34.366,34.777,13221688.847,1620172799999,True
2021-05-05 00:00:00,1620172800000,34.778,40.761,34.522,40.422,15940781.371,1620259199999,True
2021-05-06 00:00:00,1620259200000,40.423,43.9,37.98,41.588,19626530.967,1620345599999,True
2021-05-07 00:00:00,1620345600000,41.564,42.8,38.34,39.864,13673656.089,1620431999999,True
2021-05-08 00:00:00,1620432000000,39.869,40.646,38.693,39.899,7174506.876,1620518399999,True
2021-05-09 00:00:00,1620518400000,39.898,40.558,38.2,40.3,9941002.399,1620604799999,True
2021-05-10 00:00:00,1620604800000,40.309,41.85,32.059,36.488,15156271.812,1620691199999,True
2021-05-11 00:00:00,1620691200000,36.488,38.683,35.529,38.637,10529252.621,1620777599999,True
2021-05-12 00:00:00,1620777600000,38.638,42.472,33.74,35.128,19203754.059,1620863999999,True
2021-05-13 00:00:00,1620864000000,35.129,41.869,33.0,39.988,32382529.916,1620950399999,True
2021-05-14 00:00:00,1620950400000,39.982,48.0,39.381,47.979,25755875.959,1621036799999,True
2021-05-15 00:00:00,1621036800000,47.97,49.78,42.723,43.643,29713880.387,1621123199999,True
2021-05-16 00:00:00,1621123200000,43.638,46.722,39.277,42.436,19390116.793,1621209599999,True
2021-05-17 00:00:00,1621209600000,42.426,42.471,35.1,38.693,22756823.567,1621295999999,True
2021-05-18 00:00:00,1621296000000,38.691,42.598,37.653,40.595,18784123.607,1621382399999,True
2021-05-19 00:00:00,1621382400000,40.603,41.403,18.0,25.044,76760027.408,1621468799999,True
2021-05-20 00:00:00,1621468800000,25.044,31.288,21.2,28.958,46079545.709,1621555199999,True
2021-05-21 00:00:00,1621555200000,28.944,30.999,20.0,24.399,49259719.832,1621641599999,True
2021-05-22 00:00:00,1621641600000,24.386,24.6,20.314,22.057,32371263.631,1621727999999,True
2021-05-23 00:00:00,1621728000000,22.05,23.465,13.638,17.912,65071228.803,1621814399999,True
2021-05-24 00:00:00,1621814400000,17.913,23.482,17.098,23.261,43581078.152,1621900799999,True
2021-05-25 00:00:00,1621900800000,23.267,24.217,19.65,22.16,34789720.032,1621987199999,True
2021-05-26 00:00:00,1621987200000,22.149,24.771,21.603,24.528,26085513.265,1622073599999,True
2021-05-27 00:00:00,1622073600000,24.529,24.946,21.747,23.982,22582359.517,1622159999999,True
2021-05-28 00:00:00,1622160000000,23.987,26.22,20.0,21.35,40752090.288,1622246399999,True
2021-05-29 00:00:00,1622246400000,21.349,22.319,18.779,19.868,20620470.347,1622332799999,True
2021-05-30 00:00:00,1622332800000,19.881,21.356,18.416,20.465,17307772.375,1622419199999,True
2021-05-31 00:00:00,1622419200000,20.46,23.45,19.06,23.264,21593146.82,1622505599999,True
2021-06-01 00:00:00,1622505600000,23.273,23.539,21.6,22.84,18793956.11,1622591999999,True
2021-06-02 00:00:00,1622592000000,22.84,26.87,22.649,25.916,24489800.102,1622678399999,True
2021-06-03 00:00:00,1622678400000,25.913,28.6,25.673,27.004,22096623.219,1622764799999,True
2021-06-04 00:00:00,1622764800000,27.005,27.019,23.605,24.988,23200131.881,1622851199999,True
2021-06-05 00:00:00,1622851200000,24.991,26.4,22.933,23.771,15159286.356,1622937599999,True
2021-06-06 00:00:00,1622937600000,23.772,24.501,23.433,24.184,8542620.371,1623023999999,True
2021-06-07 00:00:00,1623024000000,24.189,25.283,21.3,21.686,16728777.96,1623110399999,True
2021-06-08 00:00:00,1623110400000,21.686,22.291,19.6,21.65,22854699.756,1623196799999,True
2021-06-09 00:00:00,1623196800000,21.643,23.335,20.361,23.214,17895882.483,1623283199999,True
2021-06-10 00:00:00,1623283200000,23.216,24.6,22.042,22.683,18698941.752,1623369599999,True
2021-06-11 00:00:00,1623369600000,22.68,23.206,20.487,20.95,12851416.712,1623455999999,True
2021-06-12 00:00:00,1623456000000,20.945,21.262,19.5,20.742,12547282.803,1623542399999,True
2021-06-13 00:00:00,1623542400000,20.742,22.412,19.928,22.04,9398764.597,1623628799999,True
2021-06-14 00:00:00,1623628800000,22.041,26.026,21.233,25.858,23122012.59,1623715199999,True
2021-06-15 00:00:00,1623715200000,25.858,26.009,23.514,23.942,17728382.399,1623801599999,True
2021-06-16 00:00:00,1623801600000,23.942,24.584,22.491,23.033,13836266.103,1623887999999,True
2021-06-17 00:00:00,1623888000000,23.028,24.0,22.0,22.533,10290433.237,1623974399999,True
2021-06-18 00:00:00,1623974400000,22.536,22.566,20.205,21.432,10556068.528,1624060799999,True
2021-06-19 00:00:00,1624060800000,21.432,21.632,20.215,20.222,7447145.388,1624147199999,True
2021-06-20 00:00:00,1624147200000,20.221,21.0,18.871,20.617,11045346.054,1624233599999,True
2021-06-21 00:00:00,1624233600000,20.616,20.794,15.35,15.707,27185128.197,1624319999999,True
2021-06-22 00:00:00,1624320000000,15.711,16.936,13.0,14.688,42443370.028,1624406399999,True
2021-06-23 00:00:00,1624406400000,14.684,16.8,13.963,15.792,24268090.268,1624492799999,True
2021-06-24 00:00:00,1624492800000,15.794,16.609,14.724,16.223,14150471.665,1624579199999,True
2021-06-25 00:00:00,1624579200000,16.224,16.742,14.414,14.422,15832639.428,1624665599999,True
2021-06-26 00:00:00,1624665600000,14.424,14.981,13.616,14.511,13921587.238,1624751999999,True
2021-06-27 00:00:00,1624752000000,14.507,15.027,14.03,15.01,10035136.207,1624838399999,True
2021-06-28 00:00:00,1624838400000,15.008,16.026,14.584,15.794,12407568.948,1624924799999,True
2021-06-29 00:00:00,1624924800000,15.793,17.029,15.714,16.3,15069027.291,1625011199999,True
2021-06-30 00:00:00,1625011200000,16.305,16.628,15.086,16.402,13522533.232,1625097599999,True
2021-07-01 00:00:00,1625097600000,16.4,16.411,14.85,15.174,10239264.118,1625183999999,True
2021-07-02 00:00:00,1625184000000,15.173,15.455,14.622,15.289,7898912.744,1625270399999,True
2021-07-03 00:00:00,1625270400000,15.288,15.752,15.019,15.52,7020623.727,1625356799999,True
2021-07-04 00:00:00,1625356800000,15.523,16.575,15.162,15.975,8386779.841,1625443199999,True
2021-07-05 00:00:00,1625443200000,15.974,15.975,14.5,15.228,10609352.577,1625529599999,True
2021-07-06 00:00:00,1625529600000,15.229,16.191,15.194,16.135,12531769.007,1625615999999,True
2021-07-07 00:00:00,1625616000000,16.127,17.668,16.085,16.861,18479476.985,1625702399999,True
2021-07-08 00:00:00,1625702400000,16.862,16.893,14.99,15.317,13613806.663,1625788799999,True
2021-07-09 00:00:00,1625788800000,15.311,15.918,14.82,15.681,8527447.532,1625875199999,True
2021-07-10 00:00:00,1625875200000,15.681,15.999,15.038,15.276,7361515.051,1625961599999,True
2021-07-11 00:00:00,1625961600000,15.277,15.708,15.138,15.495,5220591.256,1626047999999,True
2021-07-12 00:00:00,1626048000000,15.495,15.65,14.381,14.845,7384762.29,1626134399999,True
2021-07-13 00:00:00,1626134400000,14.845,15.099,14.011,14.19,7000669.871,1626220799999,True
2021-07-14 00:00:00,1626220800000,14.191,14.227,13.164,13.801,11240723.808,1626307199999,True
2021-07-15 00:00:00,1626307200000,13.798,14.108,12.739,13.095,11295460.335,1626393599999,True
2021-07-16 00:00:00,1626393600000,13.095,13.313,12.0,12.026,11747810.942,1626479999999,True
2021-07-17 00:00:00,1626480000000,12.025,12.742,11.71,12.294,12685758.457,1626566399999,True
2021-07-18 00:00:00,1626566400000,12.296,12.934,12.258,12.647,8943548.853,1626652799999,True
2021-07-19 00:00:00,1626652800000,12.648,12.735,11.354,11.46,13496594.169,1626739199999,True
2021-07-20 00:00:00,1626739200000,11.463,11.558,10.373,10.958,15411227.688,1626825599999,True
2021-07-21 00:00:00,1626825600000,10.962,12.861,10.673,12.343,20720488.404,1626911999999,True
2021-07-22 00:00:00,1626912000000,12.344,13.37,11.81,13.152,17109976.612,1626998399999,True
2021-07-23 00:00:00,1626998400000,13.154,13.52,12.321,13.401,14319244.955,1627084799999,True
2021-07-24 00:00:00,1627084800000,13.4,14.057,13.123,13.754,13352533.272,1627171199999,True
2021-07-25 00:00:00,1627171200000,13.759,13.827,13.085,13.734,10636601.766,1627257599999,True
2021-07-26 00:00:00,1627257600000,13.732,15.298,13.634,13.925,25704112.204,1627343999999,True
2021-07-27 00:00:00,1627344000000,13.924,14.54,13.349,14.365,16376850.101,1627430399999,True
2021-07-28 00:00:00,1627430400000,14.364,14.762,13.921,14.546,13296413.169,1627516799999,True
2021-07-29 00:00:00,1627516800000,14.542,15.391,14.257,15.254,16761635.313,1627603199999,True
2021-07-30 00:00:00,1627603200000,15.258,15.859,14.404,15.793,12163617.879,1627689599999,True
2021-07-31 00:00:00,1627689600000,15.791,17.018,15.58,16.784,12127994.279,1627775999999,True
2021-08-01 00:00:00,1627776000000,16.779,19.9,16.539,18.418,29839953.331,1627862399999,True
2021-08-02 00:00:00,1627862400000,18.418,18.938,17.555,17.984,17843839.093,1627948799999,True
2021-08-03 00:00:00,1627948800000,17.984,18.546,16.811,17.425,15066105.66,1628035199999,True
2021-08-04 00:00:00,1628035200000,17.426,19.584,17.094,19.15,17035350.579,1628121599999,True
2021-08-05 00:00:00,1628121600000,19.146,19.458,17.861,19.124,17528313.721,1628207999999,True
2021-08-06 00:00:00,1628208000000,19.124,20.8,18.522,20.416,17461334.492,1628294399999,True
2021-08-07 00:00:00,1628294400000,20.417,21.683,20.025,20.963,16386907.83,1628380799999,True
2021-08-08 00:00:00,1628380800000,20.963,21.205,19.192,19.65,11727291.345,1628467199999,True
2021-08-09 00:00:00,1628467200000,19.651,21.267,18.706,20.566,12450237.876,1628553599999,True
2021-08-10 00:00:00,1628553600000,20.566,21.419,20.08,20.616,13345048.98,1628639999999,True
2021-08-11 00:00:00,1628640000000,20.61,22.45,20.54,21.347,17980834.426,1628726399999,True
2021-08-12 00:00:00,1628726400000,21.346,22.314,19.9,20.755,13916627.074,1628812799999,True
2021-08-13 00:00:00,1628812800000,20.759,22.729,20.503,22.723,10079219.543,1628899199999,True
2021-08-14 00:00:00,1628899200000,22.723,23.488,21.771,22.835,12206858.981,1628985599999,True
2021-08-15 00:00:00,1628985600000,22.833,23.33,21.836,23.15,10311557.705,1629071999999,True
2021-08-16 00:00:00,1629072000000,23.15,25.699,22.821,24.432,23210244.18,1629158399999,True
2021-08-17 00:00:00,1629158400000,24.419,27.422,23.01,23.545,29082405.854,1629244799999,True
2021-08-18 00:00:00,1629244800000,23.548,25.183,22.5,23.868,20325842.456,1629331199999,True
2021-08-19 00:00:00,1629331200000,23.868,26.849,23.464,26.582,18955398.089,1629417599999,True
2021-08-20 00:00:00,1629417600000,26.579,28.477,26.066,28.149,18087062.298,1629503999999,True
2021-08-21 00:00:00,1629504000000,28.149,29.351,27.47,27.863,15380800.777,1629590399999,True
2021-08-22 00:00:00,1629590400000,27.861,28.52,26.5,27.685,12726834.131,1629676799999,True
2021-08-23 00:00:00,1629676800000,27.683,28.627,27.312,27.877,12452305.837,1629763199999,True
2021-08-24 00:00:00,1629763200000,27.876,28.172,24.351,25.067,15563782.332,1629849599999,True
2021-08-25 00:00:00,1629849600000,25.07,26.55,24.471,25.982,13580763.063,1629935999999,True
2021-08-26 00:00:00,1629936000000,25.982,26.4,23.46,23.92,12202094.793,1630022399999,True
2021-08-27 00:00:00,1630022400000,23.92,26.79,23.45,26.53,12760582.382,1630108799999,True
2021-08-28 00:00:00,1630108800000,26.53,26.76,25.4,25.96,6962096.43,1630195199999,True
2021-08-29 00:00:00,1630195200000,25.96,26.46,25.24,25.7,5969161.7,1630281599999,True
2021-08-30 00:00:00,1630281600000,25.71,27.58,24.32,26.03,14865324.488,1630367999999,True
2021-08-31 00:00:00,1630368000000,26.05,31.95,25.61,31.35,40601758.669,1630454399999,True
2021-09-01 00:00:00,1630454400000,31.34,33.838,29.6,33.18,26017654.839,1630540799999,True
2021-09-02 00:00:00,1630540800000,33.17,33.2,31.24,31.79,13487628.41,1630627199999,True
2021-09-03 00:00:00,1630627200000,31.78,34.0,30.51,33.57,14346166.884,1630713599999,True
2021-09-04 00:00:00,1630713600000,33.58,34.13,32.0,32.4,7731353.806,1630799999999,True
2021-09-05 00:00:00,1630800000000,32.41,34.78,31.97,34.42,9486930.418,1630886399999,True
2021-09-06 00:00:00,1630886400000,34.43,35.1,32.3,34.35,12428084.43,1630972799999,True
2021-09-07 00:00:00,1630972800000,34.35,35.68,22.66,27.97,40408249.411,1631059199999,True
2021-09-08 00:00:00,1631059200000,27.97,28.88,25.2,27.76,23830480.97,1631145599999,True
2021-09-09 00:00:00,1631145600000,27.76,31.88,27.0,29.82,21170365.5,1631231999999,True
2021-09-10 00:00:00,1631232000000,29.82,32.65,28.0,29.19,27860740.96,1631318399999,True
2021-09-11 00:00:00,1631318400000,29.18,32.1,28.25,31.57,15331069.56,1631404799999,True
2021-09-12 00:00:00,1631404800000,31.57,36.45,30.66,35.79,28871476.13,1631491199999,True
2021-09-13 00:00:00,1631491200000,35.81,38.07,31.5,34.84,49715992.152,1631577599999,True
2021-09-14 00:00:00,1631577600000,34.84,38.77,34.08,37.36,23675929.094,1631663999999,True
2021-09-15 00:00:00,1631664000000,37.35,38.01,35.55,36.47,12212842.72,1631750399999,True
2021-09-16 00:00:00,1631750400000,36.46,36.97,34.0,35.5,13726309.35,1631836799999,True
2021-09-17 00:00:00,1631836800000,35.51,36.94,32.19,33.03,14073919.0,1631923199999,True
2021-09-18 00:00:00,1631923200000,33.04,35.9,32.51,34.87,9990438.88,1632009599999,True
2021-09-19 00:00:00,1632009600000,34.86,34.9,33.01,33.85,7884331.02,1632095999999,True
2021-09-20 00:00:00,1632096000000,33.86,33.91,26.55,28.31,28383483.49,1632182399999,True
2021-09-21 00:00:00,1632182400000,28.31,30.38,25.5,26.39,24316299.56,1632268799999,True
2021-09-22 00:00:00,1632268800000,26.39,32.0,25.91,31.6,18161430.28,1632355199999,True
2021-09-23 00:00:00,1632355200000,31.58,33.6,30.37,33.41,13516616.87,1632441599999,True
2021-09-24 00:00:00,1632441600000,33.42,33.54,27.9,30.79,28521525.89,1632527999999,True
2021-09-25 00:00:00,1632528000000,30.79,32.22,29.41,29.82,13368526.84,1632614399999,True
2021-09-26 00:00:00,1632614400000,29.83,30.06,26.76,28.84,18340714.24,1632700799999,True
2021-09-27 00:00:00,1632700800000,28.84,30.26,27.5,27.71,11094418.1,1632787199999,True
2021-09-28 00:00:00,1632787200000,27.72,28.38,26.14,26.31,9784154.53,1632873599999,True
2021-09-29 00:00:00,1632873600000,26.31,28.59,26.11,27.28,10207287.33,1632959999999,True
2021-09-30 00:00:00,1632960000000,27.28,28.99,27.13,28.62,8201551.44,1633046399999,True
2021-10-01 00:00:00,1633046400000,28.61,32.33,28.5,31.94,13176348.21,1633132799999,True
2021-10-02 00:00:00,1633132800000,31.94,33.39,31.52,32.01,8748363.88,1633219199999,True
2021-10-03 00:00:00,1633219200000,32.01,32.69,31.17,32.11,7871434.22,1633305599999,True
2021-10-04 00:00:00,1633305600000,32.1,32.11,30.04,31.15,9287969.05,1633391999999,True
2021-10-05 00:00:00,1633392000000,31.15,32.16,30.52,31.39,8537858.77,1633478399999,True
2021-10-06 00:00:00,1633478400000,31.39,33.09,29.11,32.19,14373589.09,1633564799999,True
2021-10-07 00:00:00,1633564800000,32.19,35.31,30.93,33.98,20356598.29,1633651199999,True
2021-10-08 00:00:00,1633651200000,33.98,34.49,33.03,33.35,11134583.44,1633737599999,True
2021-10-09 00:00:00,1633737600000,33.36,36.9,33.0,36.33,12546752.37,1633823999999,True
2021-10-10 00:00:00,1633824000000,36.33,37.45,34.13,34.43,13147574.66,1633910399999,True
2021-10-11 00:00:00,1633910400000,34.42,36.09,33.25,34.13,11467492.31,1633996799999,True
2021-10-12 00:00:00,1633996800000,34.12,35.43,32.07,35.17,13326459.4,1634083199999,True
2021-10-13 00:00:00,1634083200000,35.16,43.22,33.57,41.69,36492731.213,1634169599999,True
2021-10-14 00:00:00,1634169600000,41.69,42.54,39.33,40.71,20178003.61,1634255999999,True
2021-10-15 00:00:00,1634256000000,40.69,44.24,39.45,43.28,22085746.426,1634342399999,True
2021-10-16 00:00:00,1634342400000,43.27,44.78,41.26,41.75,13673173.229,1634428799999,True
2021-10-17 00:00:00,1634428800000,41.74,42.87,39.52,42.12,10386680.07,1634515199999,True
2021-10-18 00:00:00,1634515200000,42.11,43.25,40.25,41.17,10911226.84,1634601599999,True
2021-10-19 00:00:00,1634601600000,41.16,41.65,40.01,41.34,8843904.77,1634687999999,True
2021-10-20 00:00:00,1634688000000,41.35,45.22,41.08,44.42,13310248.053,1634774399999,True
2021-10-21 00:00:00,1634774400000,44.41,45.53,41.91,42.84,14782015.916,1634860799999,True
2021-10-22 00:00:00,1634860800000,42.83,46.39,42.68,43.51,16062749.38,1634947199999,True
2021-10-23 00:00:00,1634947200000,43.5,44.79,43.08,43.95,6138290.14,1635033599999,True
2021-10-24 00:00:00,1635033600000,43.94,44.17,41.27,42.31,7260724.06,1635119999999,True
2021-10-25 00:00:00,1635120000000,42.3,44.8,42.11,44.55,7291785.53,1635206399999,True
2021-10-26 00:00:00,1635206400000,44.55,46.0,43.31,44.93,9161833.46,1635292799999,True
2021-10-27 00:00:00,1635292800000,44.93,45.77,38.7,40.44,17560562.15,1635379199999,True
2021-10-28 00:00:00,1635379200000,40.43,43.12,39.81,41.82,11629300.38,1635465599999,True
2021-10-29 00:00:00,1635465600000,41.82,44.35,41.56,44.2,8788034.21,1635551999999,True
2021-10-30 00:00:00,1635552000000,44.19,44.31,42.08,42.73,5254551.32,1635638399999,True
2021-10-31 00:00:00,1635638400000,42.73,43.36,41.01,42.77,6375433.77,1635724799999,True
2021-11-01 00:00:00,1635724800000,42.78,51.57,41.7,49.98,23714028.213,1635811199999,True
2021-11-02 00:00:00,1635811200000,49.98,53.35,48.01,51.66,19822814.528,1635897599999,True
2021-11-03 00:00:00,1635897600000,51.66,54.54,49.07,53.34,17237167.47,1635983999999,True
2021-11-04 00:00:00,1635984000000,53.35,55.09,52.16,53.82,14091354.818,1636070399999,True
2021-11-05 00:00:00,1636070400000,53.83,53.93,50.56,51.76,8742278.8,1636156799999,True
2021-11-06 00:00:00,1636156800000,51.75,52.42,49.0,52.02,8114011.78,1636243199999,True
2021-11-07 00:00:00,1636243200000,52.03,53.53,51.29,52.22,7102199.25,1636329599999,True
2021-11-08 00:00:00,1636329600000,52.22,53.87,51.63,53.36,7797418.81,1636415999999,True
2021-11-09 00:00:00,1636416000000,53.36,53.39,50.52,50.78,10322506.13,1636502399999,True
2021-11-10 00:00:00,1636502400000,50.79,52.08,42.5,46.74,19625912.74,1636588799999,True
2021-11-11 00:00:00,1636588800000,46.74,49.44,45.55,47.44,9323684.55,1636675199999,True
2021-11-12 00:00:00,1636675200000,47.44,47.72,44.04,45.9,10700975.88,1636761599999,True
2021-11-13 00:00:00,1636761600000,45.9,47.55,44.86,47.07,6068714.1,1636847999999,True
2021-11-14 00:00:00,1636848000000,47.07,47.83,45.02,46.39,4667465.13,1636934399999,True
2021-11-15 00:00:00,1636934400000,46.39,47.46,44.5,44.77,6580865.03,1637020799999,True
2021-11-16 00:00:00,1637020800000,44.78,44.78,38.1,40.84,19699792.9,1637107199999,True
2021-11-17 00:00:00,1637107200000,40.84,42.78,38.76,42.75,11336082.44,1637193599999,True
2021-11-18 00:00:00,1637193600000,42.75,43.27,37.53,39.03,14653376.83,1637279999999,True
2021-11-19 00:00:00,1637280000000,39.03,42.28,38.36,41.24,8936329.85,1637366399999,True
2021-11-20 00:00:00,1637366400000,41.23,42.1,39.83,42.1,5821401.36,1637452799999,True
2021-11-21 00:00:00,1637452800000,42.09,43.56,40.64,41.94,6646315.92,1637539199999,True
2021-11-22 00:00:00,1637539200000,41.95,42.16,38.8,39.49,8474290.45,1637625599999,True
2021-11-23 00:00:00,1637625600000,39.48,41.47,38.54,40.78,6985881.02,1637711999999,True
2021-11-24 00:00:00,1637712000000,40.76,40.92,38.04,38.28,7264687.01,1637798399999,True
2021-11-25 00:00:00,1637798400000,38.27,40.93,38.04,39.47,7371944.97,1637884799999,True
2021-11-26 00:00:00,1637884800000,39.48,39.62,33.67,34.56,16596267.73,1637971199999,True
2021-11-27 00:00:00,1637971200000,34.55,36.12,34.43,35.16,6817533.23,1638057599999,True
2021-11-28 00:00:00,1638057600000,35.16,35.85,32.21,35.76,10439305.23,1638143999999,True
2021-11-29 00:00:00,1638144000000,35.75,37.53,35.4,37.1,7442054.72,1638230399999,True
2021-11-30 00:00:00,1638230400000,37.1,39.35,35.28,37.95,9758902.6,1638316799999,True
2021-12-01 00:00:00,1638316800000,37.96,38.78,36.22,36.76,6936636.91,1638403199999,True
2021-12-02 00:00:00,1638403200000,36.76,36.79,35.05,35.75,5653240.06,1638489599999,True
2021-12-03 00:00:00,1638489600000,35.76,36.84,32.56,33.7,9114532.42,1638575999999,True
2021-12-04 00:00:00,1638576000000,33.7,33.86,24.35,29.38,24608037.9,1638662399999,True
2021-12-05 00:00:00,1638662400000,29.38,29.74,26.33,28.31,11536652.53,1638748799999,True
2021-12-06 00:00:00,1638748800000,28.31,28.92,24.84,28.13,16137260.41,1638835199999,True
2021-12-07 00:00:00,1638835200000,28.12,31.49,27.69,30.5,13072414.91,1638921599999,True
2021-12-08 00:00:00,1638921600000,30.49,30.63,28.02,29.84,10373073.12,1639007999999,True
2021-12-09 00:00:00,1639008000000,29.85,30.13,26.8,26.9,9383772.0,1639094399999,True
2021-12-10 00:00:00,1639094400000,26.91,28.43,25.71,26.44,11306697.95,1639180799999,True
2021-12-11 00:00:00,1639180800000,26.44,28.18,25.81,27.81,8148503.07,1639267199999,True
2021-12-12 00:00:00,1639267200000,27.82,30.12,27.31,29.54,5833358.42,1639353599999,True
2021-12-13 00:00:00,1639353600000,29.54,29.87,25.54,25.96,10566935.28,1639439999999,True
2021-12-14 00:00:00,1639440000000,25.97,26.71,25.0,26.15,10443455.71,1639526399999,True
2021-12-15 00:00:00,1639526400000,26.14,28.03,24.27,27.14,13450685.93,1639612799999,True
2021-12-16 00:00:00,1639612800000,27.14,27.84,25.55,26.02,14427194.9,1639699199999,True
2021-12-17 00:00:00,1639699200000,26.02,26.21,24.16,24.64,10403388.65,1639785599999,True
2021-12-18 00:00:00,1639785600000,24.64,25.72,24.21,25.49,7437623.45,1639871999999,True
2021-12-19 00:00:00,1639872000000,25.48,25.86,24.63,24.78,5757699.98,1639958399999,True
2021-12-20 00:00:00,1639958400000,24.78,25.01,23.27,24.07,7053641.28,1640044799999,True
2021-12-21 00:00:00,1640044800000,24.07,25.59,23.74,25.16,7752931.61,1640131199999,True
2021-12-22 00:00:00,1640131200000,25.16,28.23,24.98,27.22,10788179.43,1640217599999,True
2021-12-23 00:00:00,1640217600000,27.23,29.81,26.73,29.16,10938539.93,1640303999999,True
2021-12-24 00:00:00,1640304000000,29.16,29.67,27.83,28.14,6450389.72,1640390399999,True
2021-12-25 00:00:00,1640390400000,28.14,29.12,27.94,28.84,3990671.82,1640476799999,True
2021-12-26 00:00:00,1640476800000,28.86,31.74,28.27,31.32,9409786.98,1640563199999,True
2021-12-27 00:00:00,1640563200000,31.32,32.78,30.83,30.97,8619790.22,1640649599999,True
2021-12-28 00:00:00,1640649600000,30.96,30.97,27.46,27.83,15826935.59,1640735999999,True
2021-12-29 00:00:00,1640736000000,27.84,28.96,26.48,26.82,9578005.6,1640822399999,True
2021-12-30 00:00:00,1640822400000,26.81,28.42,26.17,27.54,7797319.16,1640908799999,True
2021-12-31 00:00:00,1640908800000,27.54,28.12,26.24,26.66,9510787.97,1640995199999,True
2022-01-01 00:00:00,1640995200000,26.67,28.65,26.66,28.6,5227230.45,1641081599999,True
2022-01-02 00:00:00,1641081600000,28.6,30.62,27.82,29.69,8942930.92,1641167999999,True
2022-01-03 00:00:00,1641168000000,29.69,30.88,28.62,30.11,11890491.01,1641254399999,True
2022-01-04 00:00:00,1641254400000,30.1,30.58,28.66,28.69,11149885.08,1641340799999,True
2022-01-05 00:00:00,1641340800000,28.69,30.39,25.05,26.72,14135011.01,1641427199999,True
2022-01-06 00:00:00,1641427200000,26.73,27.36,25.5,26.72,11412775.24,1641513599999,True
2022-01-07 00:00:00,1641513600000,26.72,26.86,24.24,24.9,14333874.43,1641599999999,True
2022-01-08 00:00:00,1641600000000,24.9,25.54,23.12,23.99,9965873.23,1641686399999,True
2022-01-09 00:00:00,1641686400000,23.98,25.32,23.67,24.63,7523995.26,1641772799999,True
2022-01-10 00:00:00,1641772800000,24.63,25.22,22.43,23.72,11667129.55,1641859199999,True
2022-01-11 00:00:00,1641859200000,23.73,26.0,23.48,25.56,9473674.68,1641945599999,True
2022-01-12 00:00:00,1641945600000,25.56,27.58,25.45,27.32,7566219.5,1642031999999,True
2022-01-13 00:00:00,1642032000000,27.33,27.68,25.71,25.79,7656681.93,1642118399999,True
2022-01-14 00:00:00,1642118400000,25.79,27.88,25.53,27.75,9449831.9,1642204799999,True
2022-01-15 00:00:00,1642204800000,27.75,28.41,26.83,27.6,5575781.94,1642291199999,True
2022-01-16 00:00:00,1642291200000,27.6,28.47,27.26,27.7,7073389.72,1642377599999,True
2022-01-17 00:00:00,1642377600000,27.7,27.76,25.1,25.69,8233269.46,1642463999999,True
2022-01-18 00:00:00,1642464000000,25.69,26.07,24.24,25.15,7145666.21,1642550399999,True
2022-01-19 00:00:00,1642550400000,25.15,25.3,23.68,24.05,6462252.41,1642636799999,True
2022-01-20 00:00:00,1642636800000,24.06,25.62,22.84,23.01,6578668.82,1642723199999,True
2022-01-21 00:00:00,1642723200000,23.01,23.48,19.04,19.67,17269209.912,1642809599999,True
2022-01-22 00:00:00,1642809600000,19.66,20.16,16.17,18.27,23239217.068,1642895999999,True
2022-01-23 00:00:00,1642896000000,18.27,19.2,17.73,18.81,11483380.21,1642982399999,True
2022-01-24 00:00:00,1642982400000,18.81,18.82,15.83,18.02,20381626.573,1643068799999,True
2022-01-25 00:00:00,1643068800000,18.02,19.05,17.36,18.31,9945213.12,1643155199999,True
2022-01-26 00:00:00,1643155200000,18.32,20.06,17.51,18.08,14459131.31,1643241599999,True
2022-01-27 00:00:00,1643241600000,18.08,18.42,17.14,18.12,9271719.1,1643327999999,True
2022-01-28 00:00:00,1643328000000,18.12,18.49,17.36,18.34,7390664.94,1643414399999,True
2022-01-29 00:00:00,1643414400000,18.34,19.06,18.08,18.74,4892745.7,1643500799999,True
2022-01-30 00:00:00,1643500800000,18.75,19.0,17.8,18.15,5074979.97,1643587199999,True
2022-01-31 00:00:00,1643587200000,18.15,19.61,17.12,19.37,8316149.9,1643673599999,True
2022-02-01 00:00:00,1643673600000,19.38,20.0,19.15,19.57,8041127.34,1643759999999,True
2022-02-02 00:00:00,1643760000000,19.57,20.58,18.53,18.76,8769960.78,1643846399999,True
2022-02-03 00:00:00,1643846400000,18.77,18.96,17.97,18.92,6622008.64,1643932799999,True
2022-02-04 00:00:00,1643932800000,18.91,20.53,18.71,20.48,9084604.77,1644019199999,True
2022-02-05 00:00:00,1644019200000,20.49,22.29,20.3,21.33,8873091.18,1644105599999,True
2022-02-06 00:00:00,1644105600000,21.32,21.93,20.78,21.91,4783912.16,1644191999999,True
2022-02-07 00:00:00,1644192000000,21.91,22.7,21.39,22.35,9933306.22,1644278399999,True
2022-02-08 00:00:00,1644278400000,22.36,23.19,21.06,21.66,10692150.43,1644364799999,True
2022-02-09 00:00:00,1644364800000,21.66,22.24,21.05,21.94,5280116.45,1644451199999,True
2022-02-10 00:00:00,1644451200000,21.95,22.48,20.49,20.51,9903304.31,1644537599999,True
2022-02-11 00:00:00,1644537600000,20.51,20.73,18.58,18.98,9586582.78,1644623999999,True
2022-02-12 00:00:00,1644624000000,18.98,19.42,18.25,18.82,6512111.12,1644710399999,True
2022-02-13 00:00:00,1644710400000,18.83,19.28,18.38,18.73,4675422.19,1644796799999,True
2022-02-14 00:00:00,1644796800000,18.74,18.95,18.02,18.7,5075585.02,1644883199999,True
2022-02-15 00:00:00,1644883200000,18.7,20.34,18.64,20.16,5428840.64,1644969599999,True
2022-02-16 00:00:00,1644969600000,20.17,20.19,19.05,19.76,5643848.37,1645055999999,True
2022-02-17 00:00:00,1645056000000,19.77,20.01,17.8,18.16,7873044.6,1645142399999,True
2022-02-18 00:00:00,1645142400000,18.17,18.6,17.59,17.82,6205167.39,1645228799999,True
2022-02-19 00:00:00,1645228800000,17.82,18.22,17.34,17.84,3507413.77,1645315199999,True
2022-02-20 00:00:00,1645315200000,17.85,17.87,16.67,16.91,6518197.69,1645401599999,True
2022-02-21 00:00:00,1645401600000,16.91,17.74,16.03,16.18,11178458.24,1645487999999,True
2022-02-22 00:00:00,1645488000000,16.18,16.73,15.8,16.6,8427783.22,1645574399999,True
2022-02-23 00:00:00,1645574400000,16.61,17.51,15.91,15.97,10055911.02,1645660799999,True
2022-02-24 00:00:00,1645660800000,15.97,16.75,14.05,16.16,22293881.528,1645747199999,True
2022-02-25 00:00:00,1645747200000,16.17,17.52,15.78,17.25,8246998.11,1645833599999,True
2022-02-26 00:00:00,1645833600000,17.26,18.78,17.16,18.03,10979780.48,1645919999999,True
2022-02-27 00:00:00,1645920000000,18.03,18.72,17.07,17.5,9879341.39,1646006399999,True
2022-02-28 00:00:00,1646006400000,17.5,19.11,16.62,18.94,14924830.91,1646092799999,True
2022-03-01 00:00:00,1646092800000,18.94,19.56,18.32,18.89,11677345.78,1646179199999,True
2022-03-02 00:00:00,1646179200000,18.9,19.26,18.35,18.61,8422865.21,1646265599999,True
2022-03-03 00:00:00,1646265600000,18.61,18.67,17.77,18.02,7635060.13,1646351999999,True
2022-03-04 00:00:00,1646352000000,18.02,18.06,16.5,16.79,8560042.35,1646438399999,True
2022-03-05 00:00:00,1646438400000,16.79,17.8,16.18,17.33,5101742.9,1646524799999,True
2022-03-06 00:00:00,1646524800000,17.33,17.59,16.51,16.99,5491289.2,1646611199999,True
2022-03-07 00:00:00,1646611200000,16.99,17.14,16.0,16.41,7318888.43,1646697599999,True
2022-03-08 00:00:00,1646697600000,16.41,17.28,16.31,16.97,6275907.39,1646783999999,True
2022-03-09 00:00:00,1646784000000,16.97,18.09,16.88,17.86,5742934.66,1646870399999,True
2022-03-10 00:00:00,1646870400000,17.87,17.93,16.68,16.96,5040333.69,1646956799999,True
2022-03-11 00:00:00,1646956800000,16.97,18.49,16.69,17.69,9499810.42,1647043199999,True
2022-03-12 00:00:00,1647043200000,17.7,18.75,17.68,18.14,6497976.77,1647129599999,True
2022-03-13 00:00:00,1647129600000,18.14,18.4,17.13,17.22,4818274.4,1647215999999,True
2022-03-14 00:00:00,1647216000000,17.22,17.86,17.0,17.7,4696610.2,1647302399999,True
2022-03-15 00:00:00,1647302400000,17.7,18.06,17.05,17.81,4076701.31,1647388799999,True
2022-03-16 00:00:00,1647388800000,17.81,19.19,17.69,19.05,8986827.35,1647475199999,True
2022-03-17 00:00:00,1647475200000,19.05,19.35,18.63,18.75,4721544.69,1647561599999,True
2022-03-18 00:00:00,1647561600000,18.75,19.2,18.13,18.95,4587101.48,1647647999999,True
2022-03-19 00:00:00,1647648000000,18.95,19.79,18.86,19.4,4955267.89,1647734399999,True
2022-03-20 00:00:00,1647734400000,19.4,19.46,18.32,18.65,3665220.06,1647820799999,True
2022-03-21 00:00:00,1647820800000,18.66,19.06,18.4,18.74,4133739.8,1647907199999,True
2022-03-22 00:00:00,1647907200000,18.75,20.48,18.68,20.21,8290773.03,1647993599999,True
2022-03-23 00:00:00,1647993600000,20.22,21.13,19.8,21.02,8218890.14,1648079999999,True
2022-03-24 00:00:00,1648080000000,21.02,21.5,20.25,21.26,7157667.86,1648166399999,True
2022-03-25 00:00:00,1648166400000,21.26,21.38,20.18,20.53,5860263.46,1648252799999,True
2022-03-26 00:00:00,1648252800000,20.54,21.04,20.24,20.91,3152433.21,1648339199999,True
2022-03-27 00:00:00,1648339200000,20.92,22.48,20.71,22.46,5215022.34,1648425599999,True
2022-03-28 00:00:00,1648425600000,22.47,23.33,21.78,21.99,9121823.41,1648511999999,True
2022-03-29 00:00:00,1648512000000,21.99,22.96,21.83,22.42,7738475.52,1648598399999,True
2022-03-30 00:00:00,1648598400000,22.43,23.0,21.62,22.45,7985199.05,1648684799999,True
2022-03-31 00:00:00,1648684800000,22.46,23.06,21.08,21.33,8749758.6,1648771199999,True
2022-04-01 00:00:00,1648771200000,21.33,22.17,20.6,22.07,7952049.94,1648857599999,True
2022-04-02 00:00:00,1648857600000,22.07,23.85,21.95,22.61,10723061.37,1648943999999,True
2022-04-03 00:00:00,1648944000000,22.61,23.57,22.51,23.21,7497259.93,1649030399999,True
2022-04-04 00:00:00,1649030400000,23.21,23.23,21.6,22.89,7444175.86,1649116799999,True
2022-04-05 00:00:00,1649116800000,22.9,23.12,21.68,21.78,6045973.86,1649203199999,True
2022-04-06 00:00:00,1649203200000,21.78,21.82,19.71,19.85,8285158.05,1649289599999,True
2022-04-07 00:00:00,1649289600000,19.84,20.65,19.45,20.4,5000936.99,1649375999999,True
2022-04-08 00:00:00,1649376000000,20.4,20.58,19.14,19.43,4641004.36,1649462399999,True
2022-04-09 00:00:00,1649462400000,19.43,19.83,19.29,19.75,2328439.0,1649548799999,True
2022-04-10 00:00:00,1649548800000,19.76,20.25,19.16,19.22,3716291.3,1649635199999,True
2022-04-11 00:00:00,1649635200000,19.23,19.29,17.0,17.2,7676575.11,1649721599999,True
2022-04-12 00:00:00,1649721600000,17.2,18.04,17.16,17.77,5075204.98,1649807999999,True
2022-04-13 00:00:00,1649808000000,17.77,18.3,17.37,18.2,3723536.86,1649894399999,True
2022-04-14 00:00:00,1649894400000,18.2,18.48,17.47,17.91,3580226.26,1649980799999,True
2022-04-15 00:00:00,1649980800000,17.91,18.43,17.78,18.34,2489380.26,1650067199999,True
2022-04-16 00:00:00,1650067200000,18.35,18.7,18.17,18.61,2340391.42,1650153599999,True
2022-04-17 00:00:00,1650153600000,18.61,18.81,17.65,17.74,2796505.88,1650239999999,True
2022-04-18 00:00:00,1650240000000,17.74,18.36,17.1,18.15,4831063.54,1650326399999,True
2022-04-19 00:00:00,1650326400000,18.16,18.96,18.04,18.88,3242472.57,1650412799999,True
2022-04-20 00:00:00,1650412800000,18.89,19.54,18.54,19.09,5373410.27,1650499199999,True
2022-04-21 00:00:00,1650499200000,19.1,19.68,18.03,18.18,4574629.37,1650585599999,True
2022-04-22 00:00:00,1650585600000,18.17,18.53,18.07,18.28,3634735.07,1650671999999,True
2022-04-23 00:00:00,1650672000000,18.28,19.27,17.96,18.69,3583194.77,1650758399999,True
2022-04-24 00:00:00,1650758400000,18.69,19.16,18.07,18.17,3027438.28,1650844799999,True
2022-04-25 00:00:00,1650844800000,18.17,18.25,17.12,18.1,5316099.45,1650931199999,True
2022-04-26 00:00:00,1650931200000,18.11,18.34,16.4,16.68,5792628.08,1651017599999,True
2022-04-27 00:00:00,1651017600000,16.68,17.27,16.48,16.94,3781290.25,1651103999999,True
2022-04-28 00:00:00,1651104000000,16.94,17.43,16.75,16.99,4260939.1,1651190399999,True
2022-04-29 00:00:00,1651190400000,16.99,17.07,15.99,16.19,4036404.24,1651276799999,True
2022-04-30 00:00:00,1651276800000,16.19,16.45,14.18,14.5,6047042.51,1651363199999,True
2022-05-01 00:00:00,1651363200000,14.5,15.53,14.48,15.36,5066643.89,1651449599999,True
2022-05-02 00:00:00,1651449600000,15.36,15.6,14.56,14.96,5385162.38,1651535999999,True
2022-05-03 00:00:00,1651536000000,14.97,15.23,14.52,14.72,3404204.43,1651622399999,True
2022-05-04 00:00:00,1651622400000,14.73,16.35,14.66,16.34,6243464.14,1651708799999,True
2022-05-05 00:00:00,1651708800000,16.34,16.45,14.02,14.58,9116577.82,1651795199999,True
2022-05-06 00:00:00,1651795200000,14.58,14.67,13.81,14.32,6781078.5,1651881599999,True
2022-05-07 00:00:00,1651881600000,14.33,14.38,13.36,13.75,4305832.068,1651967999999,True
2022-05-08 00:00:00,1651968000000,13.75,13.88,13.03,13.25,7019382.931,1652054399999,True
2022-05-09 00:00:00,1652054400000,13.26,13.49,10.51,10.62,19395824.829,1652140799999,True
2022-05-10 00:00:00,1652140800000,10.63,12.44,10.31,11.36,18906768.511,1652227199999,True
2022-05-11 00:00:00,1652227200000,11.35,11.66,8.06,9.09,31995073.859,1652313599999,True
2022-05-12 00:00:00,1652313600000,9.07,9.52,7.3,8.71,25729345.375,1652399999999,True
2022-05-13 00:00:00,1652400000000,8.7,11.79,8.56,10.46,25890493.66,1652486399999,True
2022-05-14 00:00:00,1652486400000,10.45,11.56,9.76,11.3,15902710.63,1652572799999,True
2022-05-15 00:00:00,1652572800000,11.31,11.87,10.57,11.81,11082707.18,1652659199999,True
2022-05-16 00:00:00,1652659200000,11.81,11.81,10.37,10.63,10051194.44,1652745599999,True
2022-05-17 00:00:00,1652745600000,10.62,11.34,10.43,11.04,8641438.95,1652831999999,True
2022-05-18 00:00:00,1652832000000,11.03,11.17,9.43,9.49,10809076.66,1652918399999,True
2022-05-19 00:00:00,1652918400000,9.49,10.41,9.22,10.03,10352256.32,1653004799999,True
2022-05-20 00:00:00,1653004800000,10.04,10.26,9.45,9.67,8304278.67,1653091199999,True
2022-05-21 00:00:00,1653091200000,9.67,10.1,9.46,10.0,4106354.74,1653177599999,True
2022-05-22 00:00:00,1653177600000,10.0,10.34,9.87,10.16,4485374.89,1653263999999,True
2022-05-23 00:00:00,1653264000000,10.16,10.8,9.8,9.88,9534059.79,1653350399999,True
2022-05-24 00:00:00,1653350400000,9.88,10.27,9.56,10.19,6933332.57,1653436799999,True
2022-05-25 00:00:00,1653436800000,10.19,10.34,9.77,9.87,6770708.75,1653523199999,True
2022-05-26 00:00:00,1653523200000,9.87,10.0,8.82,9.14,13610458.18,1653609599999,True
2022-05-27 00:00:00,1653609600000,9.14,10.0,8.56,9.12,15631681.11,1653695999999,True
2022-05-28 00:00:00,1653696000000,9.12,9.8,8.95,9.65,5955686.38,1653782399999,True
2022-05-29 00:00:00,1653782400000,9.66,10.04,9.33,9.98,5865314.46,1653868799999,True
2022-05-30 00:00:00,1653868800000,9.99,10.79,9.91,10.47,8473368.99,1653955199999,True
2022-05-31 00:00:00,1653955200000,10.47,10.65,9.94,10.35,8792549.01,1654041599999,True
2022-06-01 00:00:00,1654041600000,10.36,10.75,9.26,9.46,10157569.75,1654127999999,True
2022-06-02 00:00:00,1654128000000,9.45,10.13,9.29,9.89,5917176.47,1654214399999,True
2022-06-03 00:00:00,1654214400000,9.88,9.93,9.2,9.37,5185222.06,1654300799999,True
2022-06-04 00:00:00,1654300800000,9.38,9.56,9.14,9.44,2764967.02,1654387199999,True
2022-06-05 00:00:00,1654387200000,9.45,9.56,9.25,9.35,2387500.54,1654473599999,True
2022-06-06 00:00:00,1654473600000,9.35,9.94,9.32,9.51,5016416.01,1654559999999,True
2022-06-07 00:00:00,1654560000000,9.51,9.51,8.84,9.23,5096057.45,1654646399999,True
2022-06-08 00:00:00,1654646400000,9.22,9.4,8.9,9.01,3812382.23,1654732799999,True
2022-06-09 00:00:00,1654732800000,9.01,9.47,8.91,9.24,4879363.93,1654819199999,True
2022-06-10 00:00:00,1654819200000,9.23,9.37,8.52,8.65,6447468.57,1654905599999,True
2022-06-11 00:00:00,1654905600000,8.66,8.85,7.9,8.03,6779329.31,1654991999999,True
2022-06-12 00:00:00,1654992000000,8.04,8.11,7.38,7.41,9340811.88,1655078399999,True
2022-06-13 00:00:00,1655078400000,7.4,7.48,6.36,7.04,18666647.181,1655164799999,True
2022-06-14 00:00:00,1655164800000,7.04,7.56,6.68,7.36,14217216.87,1655251199999,True
2022-06-15 00:00:00,1655251200000,7.36,8.79,6.84,8.49,18683708.96,1655337599999,True
2022-06-16 00:00:00,1655337600000,8.5,8.56,6.97,7.13,11913274.4,1655423999999,True
2022-06-17 00:00:00,1655424000000,7.13,7.47,7.03,7.28,6187728.4,1655510399999,True
2022-06-18 00:00:00,1655510400000,7.28,7.41,6.47,7.05,10420321.76,1655596799999,True
2022-06-19 00:00:00,1655596800000,7.06,7.65,6.76,7.53,7341233.58,1655683199999,True
2022-06-20 00:00:00,1655683200000,7.53,8.02,7.17,7.87,8079205.13,1655769599999,True
2022-06-21 00:00:00,1655769600000,7.88,8.28,7.67,7.77,6447239.03,1655855999999,True
2022-06-22 00:00:00,1655856000000,7.76,7.82,7.35,7.39,5249428.04,1655942399999,True
2022-06-23 00:00:00,1655942400000,7.4,7.82,7.36,7.78,4766745.68,1656028799999,True
2022-06-24 00:00:00,1656028800000,7.78,8.34,7.72,8.18,5534788.24,1656115199999,True
2022-06-25 00:00:00,1656115200000,8.19,8.37,7.79,8.13,3861028.21,1656201599999,True
2022-06-26 00:00:00,1656201600000,8.14,8.49,7.81,7.84,4772371.56,1656287999999,True
2022-06-27 00:00:00,1656288000000,7.84,8.2,7.68,7.74,4689419.47,1656374399999,True
2022-06-28 00:00:00,1656374400000,7.74,8.0,7.26,7.31,6104944.23,1656460799999,True
2022-06-29 00:00:00,1656460800000,7.31,7.44,6.95,7.03,6972853.93,1656547199999,True
2022-06-30 00:00:00,1656547200000,7.04,7.1,6.64,7.06,6917468.18,1656633599999,True
2022-07-01 00:00:00,1656633600000,7.06,7.26,6.54,6.75,7477875.43,1656719999999,True
2022-07-02 00:00:00,1656720000000,6.75,6.91,6.62,6.83,3127372.77,1656806399999,True
2022-07-03 00:00:00,1656806400000,6.83,6.99,6.61,6.85,3092743.9,1656892799999,True
2022-07-04 00:00:00,1656892800000,6.86,7.21,6.66,7.17,4883415.15,1656979199999,True
2022-07-05 00:00:00,1656979200000,7.17,7.23,6.6,6.84,8211754.6,1657065599999,True
2022-07-06 00:00:00,1657065600000,6.84,7.01,6.69,6.93,5792837.78,1657151999999,True
2022-07-07 00:00:00,1657152000000,6.92,7.36,6.88,7.3,6147860.15,1657238399999,True
2022-07-08 00:00:00,1657238400000,7.3,7.46,6.94,7.04,6835377.2,1657324799999,True
2022-07-09 00:00:00,1657324800000,7.04,7.36,7.03,7.25,3537025.96,1657411199999,True
2022-07-10 00:00:00,1657411200000,7.25,7.27,6.76,6.86,4503146.23,1657497599999,True
2022-07-11 00:00:00,1657497600000,6.85,6.91,6.5,6.53,4986347.38,1657583999999,True
2022-07-12 00:00:00,1657584000000,6.53,6.63,6.26,6.28,4787702.68,1657670399999,True
2022-07-13 00:00:00,1657670400000,6.29,6.55,6.0,6.47,6999118.42,1657756799999,True
2022-07-14 00:00:00,1657756800000,6.47,6.77,6.29,6.72,5683331.12,1657843199999,True
2022-07-15 00:00:00,1657843200000,6.73,6.99,6.65,6.79,6331276.95,1657929599999,True
2022-07-16 00:00:00,1657929600000,6.79,7.22,6.56,7.2,6479588.08,1658015999999,True
2022-07-17 00:00:00,1658016000000,7.2,7.33,6.88,6.92,5172727.22,1658102399999,True
2022-07-18 00:00:00,1658102400000,6.91,7.73,6.9,7.66,12596431.22,1658188799999,True
2022-07-19 00:00:00,1658188800000,7.65,8.03,7.49,7.79,14586041.75,1658275199999,True
2022-07-20 00:00:00,1658275200000,7.79,8.08,7.35,7.47,12266325.33,1658361599999,True
2022-07-21 00:00:00,1658361600000,7.47,7.6,7.18,7.53,6317817.35,1658447999999,True
2022-07-22 00:00:00,1658448000000,7.53,7.85,7.26,7.29,7248162.69,1658534399999,True
2022-07-23 00:00:00,1658534400000,7.3,7.49,7.08,7.33,4514593.17,1658620799999,True
2022-07-24 00:00:00,1658620800000,7.32,7.58,7.31,7.4,4842364.46,1658707199999,True
2022-07-25 00:00:00,1658707200000,7.4,7.44,6.74,6.76,7316840.25,1658793599999,True
2022-07-26 00:00:00,1658793600000,6.76,6.79,6.52,6.78,6507781.48,1658879999999,True
2022-07-27 00:00:00,1658880000000,6.78,7.71,6.65,7.68,8439914.15,1658966399999,True
2022-07-28 00:00:00,1658966400000,7.69,8.07,7.46,7.86,12081142.61,1659052799999,True
2022-07-29 00:00:00,1659052800000,7.86,8.43,7.76,8.19,11715078.94,1659139199999,True
2022-07-30 00:00:00,1659139200000,8.18,8.85,8.15,8.21,10970826.27,1659225599999,True
2022-07-31 00:00:00,1659225600000,8.22,9.21,8.08,8.62,12551305.77,1659311999999,True
2022-08-01 00:00:00,1659312000000,8.63,8.99,8.03,8.17,9843579.01,1659398399999,True
2022-08-02 00:00:00,1659398400000,8.18,8.28,7.68,7.93,10097632.4,1659484799999,True
2022-08-03 00:00:00,1659484800000,7.93,8.45,7.68,8.0,7508188.39,1659571199999,True
2022-08-04 00:00:00,1659571200000,8.0,8.28,7.88,8.1,5416271.31,1659657599999,True
2022-08-05 00:00:00,1659657600000,8.1,8.84,8.07,8.8,8360224.87,1659743999999,True
2022-08-06 00:00:00,1659744000000,8.81,8.88,8.48,8.52,5612299.3,1659830399999,True
2022-08-07 00:00:00,1659830400000,8.52,8.93,8.34,8.65,4827855.46,1659916799999,True
2022-08-08 00:00:00,1659916800000,8.65,9.39,8.63,9.27,10473879.27,1660003199999,True
2022-08-09 00:00:00,1660003200000,9.27,9.47,8.64,8.89,9792612.79,1660089599999,True
2022-08-10 00:00:00,1660089600000,8.89,9.65,8.54,9.52,12143248.28,1660175999999,True
2022-08-11 00:00:00,1660176000000,9.53,9.65,9.13,9.2,8899036.11,1660262399999,True
2022-08-12 00:00:00,1660262400000,9.19,9.5,9.03,9.48,6113019.59,1660348799999,True
2022-08-13 00:00:00,1660348800000,9.48,9.68,9.25,9.31,4978042.86,1660435199999,True
2022-08-14 00:00:00,1660435200000,9.31,9.56,8.83,8.96,6244622.85,1660521599999,True
2022-08-15 00:00:00,1660521600000,8.95,9.39,8.62,8.78,7236619.06,1660607999999,True
2022-08-16 00:00:00,1660608000000,8.78,8.95,8.63,8.84,5191605.16,1660694399999,True
2022-08-17 00:00:00,1660694400000,8.84,9.17,8.32,8.37,6653592.91,1660780799999,True
2022-08-18 00:00:00,1660780800000,8.37,8.6,8.0,8.08,4518903.95,1660867199999,True
2022-08-19 00:00:00,1660867200000,8.08,8.1,7.22,7.31,7862959.78,1660953599999,True
2022-08-20 00:00:00,1660953600000,7.3,7.52,7.03,7.22,4731587.73,1661039999999,True
2022-08-21 00:00:00,1661040000000,7.23,7.53,7.16,7.44,3047725.62,1661126399999,True
2022-08-22 00:00:00,1661126400000,7.43,7.45,7.0,7.41,4283982.1,1661212799999,True
2022-08-23 00:00:00,1661212800000,7.4,7.72,7.18,7.64,4831764.65,1661299199999,True
2022-08-24 00:00:00,1661299200000,7.64,7.78,7.41,7.56,3720336.76,1661385599999,True
2022-08-25 00:00:00,1661385600000,7.56,7.76,7.46,7.58,2939414.77,1661471999999,True
2022-08-26 00:00:00,1661472000000,7.58,7.68,6.86,6.93,6009344.97,1661558399999,True
2022-08-27 00:00:00,1661558400000,6.93,7.12,6.8,7.04,4334932.37,1661644799999,True
2022-08-28 00:00:00,1661644800000,7.05,7.15,6.81,6.86,2870607.63,1661731199999,True
2022-08-29 00:00:00,1661731200000,6.86,7.31,6.79,7.27,4881958.91,1661817599999,True
2022-08-30 00:00:00,1661817600000,7.27,7.38,6.88,7.0,5028135.43,1661903999999,True
2022-08-31 00:00:00,1661904000000,7.01,7.29,6.98,7.03,4314442.79,1661990399999,True
2022-09-01 00:00:00,1661990400000,7.03,7.2,6.86,7.18,4554476.61,1662076799999,True
2022-09-02 00:00:00,1662076800000,7.19,7.57,7.12,7.3,5870327.75,1662163199999,True
2022-09-03 00:00:00,1662163200000,7.3,7.31,7.17,7.28,2939572.83,1662249599999,True
2022-09-04 00:00:00,1662249600000,7.29,7.42,7.15,7.37,3798954.38,1662335999999,True
2022-09-05 00:00:00,1662336000000,7.38,7.64,7.26,7.36,5190975.86,1662422399999,True
2022-09-06 00:00:00,1662422400000,7.37,7.7,6.81,6.87,8014227.23,1662508799999,True
2022-09-07 00:00:00,1662508800000,6.88,7.3,6.75,7.2,5657008.11,1662595199999,True
2022-09-08 00:00:00,1662595200000,7.2,7.45,7.03,7.39,6134106.21,1662681599999,True
2022-09-09 00:00:00,1662681600000,7.39,7.94,7.36,7.75,9603978.87,1662767999999,True
2022-09-10 00:00:00,1662768000000,7.76,7.88,7.57,7.77,4854345.6,1662854399999,True
2022-09-11 00:00:00,1662854400000,7.77,7.9,7.54,7.7,4569653.61,1662940799999,True
2022-09-12 00:00:00,1662940800000,7.71,8.05,7.56,7.66,8935374.52,1663027199999,True
2022-09-13 00:00:00,1663027200000,7.67,7.96,7.03,7.06,9252301.09,1663113599999,True
2022-09-14 00:00:00,1663113600000,7.06,7.31,7.01,7.21,5914357.47,1663199999999,True
2022-09-15 00:00:00,1663200000000,7.2,7.24,6.87,6.93,7556924.27,1663286399999,True
2022-09-16 00:00:00,1663286400000,6.94,6.98,6.7,6.9,6058337.4,1663372799999,True
2022-09-17 00:00:00,1663372800000,6.91,7.16,6.9,7.06,3924016.97,1663459199999,True
2022-09-18 00:00:00,1663459200000,7.05,7.06,6.32,6.44,7888082.4,1663545599999,True
2022-09-19 00:00:00,1663545600000,6.45,6.56,6.1,6.39,9255864.1,1663631999999,True
2022-09-20 00:00:00,1663632000000,6.39,6.42,6.17,6.28,5497167.84,1663718399999,True
2022-09-21 00:00:00,1663718400000,6.28,6.58,5.97,6.12,9829632.502,1663804799999,True
2022-09-22 00:00:00,1663804800000,6.12,6.53,6.08,6.45,6063122.51,1663891199999,True
2022-09-23 00:00:00,1663891200000,6.45,6.64,6.19,6.44,9016451.68,1663977599999,True
2022-09-24 00:00:00,1663977600000,6.44,6.51,6.23,6.27,3955623.65,1664063999999,True
2022-09-25 00:00:00,1664064000000,6.27,6.38,6.08,6.2,3734926.28,1664150399999,True
2022-09-26 00:00:00,1664150400000,6.2,6.58,6.15,6.56,8553957.35,1664236799999,True
2022-09-27 00:00:00,1664236800000,6.55,6.8,6.24,6.37,7249174.06,1664323199999,True
2022-09-28 00:00:00,1664323200000,6.37,6.47,6.17,6.38,5452664.8,1664409599999,True
2022-09-29 00:00:00,1664409600000,6.39,6.49,6.26,6.43,5600368.3,1664495999999,True
2022-09-30 00:00:00,1664496000000,6.44,6.58,6.21,6.32,8082261.96,1664582399999,True
2022-10-01 00:00:00,1664582400000,6.33,6.34,6.21,6.27,3450155.56,1664668799999,True
2022-10-02 00:00:00,1664668800000,6.26,6.33,6.13,6.15,3801773.23,1664755199999,True
2022-10-03 00:00:00,1664755200000,6.16,6.41,6.09,6.37,4977131.51,1664841599999,True
2022-10-04 00:00:00,1664841600000,6.37,6.54,6.34,6.5,4072739.41,1664927999999,True
2022-10-05 00:00:00,1664928000000,6.5,6.51,6.27,6.44,4166685.22,1665014399999,True
2022-10-06 00:00:00,1665014400000,6.44,6.52,6.31,6.34,4214865.72,1665100799999,True
2022-10-07 00:00:00,1665100800000,6.34,6.4,6.25,6.33,2949396.86,1665187199999,True
2022-10-08 00:00:00,1665187200000,6.33,6.4,6.26,6.31,1422016.0,1665273599999,True
2022-10-09 00:00:00,1665273600000,6.31,6.5,6.28,6.48,2462447.16,1665359999999,True
2022-10-10 00:00:00,1665360000000,6.48,6.54,6.24,6.25,3764636.2,1665446399999,True
2022-10-11 00:00:00,1665446400000,6.25,6.26,6.13,6.17,3272884.8,1665532799999,True
2022-10-12 00:00:00,1665532800000,6.18,6.25,6.13,6.18,2393433.73,1665619199999,True
2022-10-13 00:00:00,1665619200000,6.18,6.18,5.68,6.11,7380068.704,1665705599999,True
2022-10-14 00:00:00,1665705600000,6.11,6.27,6.01,6.05,3863936.64,1665791999999,True
2022-10-15 00:00:00,1665792000000,6.05,6.1,6.02,6.05,1706785.75,1665878399999,True
2022-10-16 00:00:00,1665878400000,6.05,6.25,6.04,6.18,2485868.92,1665964799999,True
2022-10-17 00:00:00,1665964800000,6.19,6.29,6.12,6.26,3223265.91,1666051199999,True
2022-10-18 00:00:00,1666051200000,6.26,6.3,6.07,6.16,3868946.94,1666137599999,True
2022-10-19 00:00:00,1666137600000,6.16,6.26,6.06,6.1,4401418.42,1666223999999,True
2022-10-20 00:00:00,1666224000000,6.11,6.16,5.82,5.89,5073844.54,1666310399999,True
2022-10-21 00:00:00,1666310400000,5.88,5.9,5.73,5.84,6612206.88,1666396799999,True
2022-10-22 00:00:00,1666396800000,5.83,5.87,5.77,5.85,2971915.78,1666483199999,True
2022-10-23 00:00:00,1666483200000,5.85,5.98,5.75,5.97,2942177.38,1666569599999,True
2022-10-24 00:00:00,1666569600000,5.96,5.99,5.8,5.92,3823238.57,1666655999999,True
2022-10-25 00:00:00,1666656000000,5.91,6.63,5.89,6.43,9006229.17,1666742399999,True
2022-10-26 00:00:00,1666742400000,6.44,6.61,6.41,6.47,6443103.67,1666828799999,True
2022-10-27 00:00:00,1666828800000,6.47,6.65,6.28,6.34,6785956.61,1666915199999,True
2022-10-28 00:00:00,1666915200000,6.33,6.59,6.26,6.52,4911921.1,1667001599999,True
2022-10-29 00:00:00,1667001600000,6.51,6.78,6.49,6.63,6052975.69,1667087999999,True
2022-10-30 00:00:00,1667088000000,6.63,6.75,6.51,6.66,4310912.76,1667174399999,True
2022-10-31 00:00:00,1667174400000,6.65,6.84,6.57,6.62,7120046.35,1667260799999,True
2022-11-01 00:00:00,1667260800000,6.62,6.72,6.45,6.46,3710854.82,1667347199999,True
2022-11-02 00:00:00,1667347200000,6.45,6.53,6.16,6.25,6160529.66,1667433599999,True
2022-11-03 00:00:00,1667433600000,6.26,6.53,6.23,6.41,5454796.72,1667519999999,True
2022-11-04 00:00:00,1667520000000,6.42,7.1,6.38,7.05,9531817.15,1667606399999,True
2022-11-05 00:00:00,1667606400000,7.06,7.25,6.94,7.03,7379052.14,1667692799999,True
2022-11-06 00:00:00,1667692800000,7.03,7.15,6.79,6.81,5716020.12,1667779199999,True
2022-11-07 00:00:00,1667779200000,6.81,7.42,6.65,7.12,9474204.99,1667865599999,True
2022-11-08 00:00:00,1667865600000,7.12,7.2,5.86,6.3,17011590.68,1667951999999,True
2022-11-09 00:00:00,1667952000000,6.3,6.38,5.34,5.41,15523101.01,1668038399999,True
2022-11-10 00:00:00,1668038400000,5.42,6.18,5.32,5.97,12598434.37,1668124799999,True
2022-11-11 00:00:00,1668124800000,5.97,6.05,5.5,5.75,8907098.41,1668211199999,True
2022-11-12 00:00:00,1668211200000,5.75,5.88,5.56,5.77,3603570.5,1668297599999,True
2022-11-13 00:00:00,1668297600000,5.78,5.97,5.62,5.75,5069240.31,1668383999999,True
2022-11-14 00:00:00,1668384000000,5.75,5.9,5.44,5.86,5738361.29,1668470399999,True
2022-11-15 00:00:00,1668470400000,5.87,6.05,5.8,5.92,3301786.7,1668556799999,True
2022-11-16 00:00:00,1668556800000,5.92,6.0,5.61,5.71,3209428.37,1668643199999,True
2022-11-17 00:00:00,1668643200000,5.7,5.73,5.56,5.67,2822106.06,1668729599999,True
2022-11-18 00:00:00,1668729600000,5.68,5.78,5.6,5.65,2187119.21,1668815999999,True
2022-11-19 00:00:00,1668816000000,5.65,5.66,5.53,5.61,1602398.67,1668902399999,True
2022-11-20 00:00:00,1668902400000,5.61,5.66,5.25,5.3,3870989.34,1668988799999,True
2022-11-21 00:00:00,1668988800000,5.3,5.3,5.07,5.18,6524218.75,1669075199999,True
2022-11-22 00:00:00,1669075200000,5.19,5.32,5.0,5.28,5740050.28,1669161599999,True
2022-11-23 00:00:00,1669161600000,5.28,5.49,5.25,5.44,4175250.0,1669247999999,True
2022-11-24 00:00:00,1669248000000,5.43,5.53,5.33,5.39,3739397.2,1669334399999,True
2022-11-25 00:00:00,1669334400000,5.38,5.39,5.25,5.26,2770201.53,1669420799999,True
2022-11-26 00:00:00,1669420800000,5.27,5.46,5.24,5.3,2879533.81,1669507199999,True
2022-11-27 00:00:00,1669507200000,5.3,5.44,5.26,5.3,2262349.07,1669593599999,True
2022-11-28 00:00:00,1669593600000,5.31,5.32,5.06,5.13,5094640.21,1669679999999,True
2022-11-29 00:00:00,1669680000000,5.13,5.35,5.09,5.3,3879496.66,1669766399999,True
2022-11-30 00:00:00,1669766400000,5.3,5.51,5.3,5.46,4722700.97,1669852799999,True
2022-12-01 00:00:00,1669852800000,5.46,5.48,5.32,5.41,4001779.36,1669939199999,True
2022-12-02 00:00:00,1669939200000,5.4,5.69,5.37,5.62,6607178.18,1670025599999,True
2022-12-03 00:00:00,1670025600000,5.62,5.71,5.48,5.49,4453433.15,1670111999999,True
2022-12-04 00:00:00,1670112000000,5.5,5.61,5.49,5.59,2771876.82,1670198399999,True
2022-12-05 00:00:00,1670198400000,5.6,5.73,5.44,5.48,3645172.05,1670284799999,True
2022-12-06 00:00:00,1670284800000,5.48,5.52,5.42,5.5,2713444.43,1670371199999,True
2022-12-07 00:00:00,1670371200000,5.49,5.53,5.24,5.29,5307370.08,1670457599999,True
2022-12-08 00:00:00,1670457600000,5.29,5.47,5.25,5.42,4019638.16,1670543999999,True
2022-12-09 00:00:00,1670544000000,5.42,5.44,5.26,5.3,2687576.39,1670630399999,True
2022-12-10 00:00:00,1670630400000,5.29,5.33,5.26,5.27,1281589.14,1670716799999,True
2022-12-11 00:00:00,1670716800000,5.28,5.33,5.13,5.17,2136325.82,1670803199999,True
2022-12-12 00:00:00,1670803200000,5.16,5.21,5.0,5.17,4090252.3,1670889599999,True
2022-12-13 00:00:00,1670889600000,5.17,5.35,4.99,5.28,5123267.46,1670975999999,True
2022-12-14 00:00:00,1670976000000,5.29,5.358,5.154,5.215,5918542.41,1671062399999,True
2022-12-15 00:00:00,1671062400000,5.214,5.254,5.116,5.23,4122946.05,1671148799999,True
2022-12-16 00:00:00,1671148800000,5.23,5.25,4.52,4.652,7256168.85,1671235199999,True
2022-12-17 00:00:00,1671235200000,4.653,4.724,4.583,4.708,4616715.62,1671321599999,True
2022-12-18 00:00:00,1671321600000,4.709,4.716,4.617,4.657,2749549.56,1671407999999,True
2022-12-19 00:00:00,1671408000000,4.657,4.705,4.41,4.481,4752800.99,1671494399999,True
2022-12-20 00:00:00,1671494400000,4.479,4.653,4.461,4.605,3310151.54,1671580799999,True
2022-12-21 00:00:00,1671580800000,4.606,4.616,4.442,4.485,2732722.13,1671667199999,True
2022-12-22 00:00:00,1671667200000,4.486,4.537,4.37,4.531,2979884.33,1671753599999,True
2022-12-23 00:00:00,1671753600000,4.532,4.546,4.454,4.473,2669853.97,1671839999999,True
2022-12-24 00:00:00,1671840000000,4.473,4.492,4.43,4.452,1305078.13,1671926399999,True
2022-12-25 00:00:00,1671926400000,4.451,4.498,4.396,4.492,1726195.69,1672012799999,True
2022-12-26 00:00:00,1672012800000,4.492,4.578,4.465,4.571,1955878.56,1672099199999,True
2022-12-27 00:00:00,1672099200000,4.571,4.585,4.455,4.478,2694420.81,1672185599999,True
2022-12-28 00:00:00,1672185600000,4.479,4.484,4.24,4.286,5301428.71,1672271999999,True
2022-12-29 00:00:00,1672272000000,4.286,4.355,4.224,4.309,2461379.78,1672358399999,True
2022-12-30 00:00:00,1672358400000,4.308,4.341,4.226,4.324,2037686.16,1672444799999,True
2022-12-31 00:00:00,1672444800000,4.324,4.394,4.298,4.309,1499221.97,1672531199999,True
2023-01-01 00:00:00,1672531200000,4.308,4.387,4.275,4.371,1341743.7,1672617599999,True
2023-01-02 00:00:00,1672617600000,4.371,4.56,4.316,4.492,3164787.56,1672703999999,True
2023-01-03 00:00:00,1672704000000,4.492,4.545,4.462,4.526,1964103.62,1672790399999,True
2023-01-04 00:00:00,1672790400000,4.526,4.689,4.526,4.632,3126367.78,1672876799999,True
2023-01-05 00:00:00,1672876800000,4.631,4.649,4.545,4.62,2923627.93,1672963199999,True
2023-01-06 00:00:00,1672963200000,4.621,4.706,4.552,4.684,3264757.81,1673049599999,True
2023-01-07 00:00:00,1673049600000,4.684,4.705,4.636,4.664,1594150.21,1673135999999,True
2023-01-08 00:00:00,1673136000000,4.665,4.828,4.602,4.826,3227517.66,1673222399999,True
2023-01-09 00:00:00,1673222400000,4.826,5.083,4.8,4.887,6257669.61,1673308799999,True
2023-01-10 00:00:00,1673308800000,4.886,4.97,4.823,4.92,2874898.27,1673395199999,True
2023-01-11 00:00:00,1673395200000,4.92,5.139,4.828,5.135,4492624.63,1673481599999,True
2023-01-12 00:00:00,1673481600000,5.134,5.263,5.015,5.232,5972215.45,1673567999999,True
2023-01-13 00:00:00,1673568000000,5.233,5.424,5.163,5.401,4812544.83,1673654399999,True
2023-01-14 00:00:00,1673654400000,5.401,6.523,5.396,6.026,15720921.5,1673740799999,True
2023-01-15 00:00:00,1673740800000,6.026,6.066,5.771,5.929,5959244.43,1673827199999,True
2023-01-16 00:00:00,1673827200000,5.928,6.087,5.61,5.812,7588428.7,1673913599999,True
2023-01-17 00:00:00,1673913600000,5.812,6.21,5.691,5.956,7799551.36,1673999999999,True
2023-01-18 00:00:00,1674000000000,5.957,6.221,5.564,5.653,9689343.05,1674086399999,True
2023-01-19 00:00:00,1674086400000,5.648,5.848,5.643,5.802,3346968.36,1674172799999,True
2023-01-20 00:00:00,1674172800000,5.802,6.295,5.752,6.247,5373230.43,1674259199999,True
2023-01-21 00:00:00,1674259200000,6.249,6.464,6.007,6.237,8330369.73,1674345599999,True
2023-01-22 00:00:00,1674345600000,6.237,6.457,6.085,6.207,5762744.72,1674431999999,True
2023-01-23 00:00:00,1674432000000,6.207,6.84,6.198,6.56,10282785.38,1674518399999,True
2023-01-24 00:00:00,1674518400000,6.56,6.708,6.117,6.191,6235582.4,1674604799999,True
2023-01-25 00:00:00,1674604800000,6.191,6.563,6.01,6.399,7441471.55,1674691199999,True
2023-01-26 00:00:00,1674691200000,6.4,6.563,6.301,6.472,6830192.66,1674777599999,True
2023-01-27 00:00:00,1674777600000,6.472,6.623,6.27,6.585,5365147.79,1674863999999,True
2023-01-28 00:00:00,1674864000000,6.585,6.664,6.321,6.397,3866647.74,1674950399999,True
2023-01-29 00:00:00,1674950400000,6.396,6.7,6.327,6.611,4745086.65,1675036799999,True
2023-01-30 00:00:00,1675036800000,6.612,6.65,6.02,6.19,5572642.9,1675123199999,True
2023-01-31 00:00:00,1675123200000,6.19,6.33,6.142,6.26,3778549.45,1675209599999,True
2023-02-01 00:00:00,1675209600000,6.26,6.491,6.027,6.467,5790692.06,1675295999999,True
2023-02-02 00:00:00,1675296000000,6.467,6.917,6.451,6.543,8407701.21,1675382399999,True
2023-02-03 00:00:00,1675382400000,6.543,7.126,6.504,7.008,10176943.45,1675468799999,True
2023-02-04 00:00:00,1675468800000,7.008,7.075,6.818,6.873,3786921.97,1675555199999,True
2023-02-05 00:00:00,1675555200000,6.872,6.895,6.513,6.637,5167240.5,1675641599999,True
2023-02-06 00:00:00,1675641600000,6.638,6.789,6.401,6.494,4695000.22,1675727999999,True
2023-02-07 00:00:00,1675728000000,6.494,6.949,6.473,6.941,5490955.62,1675814399999,True
2023-02-08 00:00:00,1675814400000,6.94,7.02,6.615,6.757,4810790.32,1675900799999,True
2023-02-09 00:00:00,1675900800000,6.757,6.976,6.088,6.235,10458985.31,1675987199999,True
2023-02-10 00:00:00,1675987200000,6.235,6.308,6.12,6.186,4981218.12,1676073599999,True
2023-02-11 00:00:00,1676073600000,6.184,6.293,6.158,6.278,1700227.29,1676159999999,True
2023-02-12 00:00:00,1676160000000,6.278,6.387,6.074,6.181,2375027.69,1676246399999,True
2023-02-13 00:00:00,1676246400000,6.18,6.259,5.878,6.143,6431367.53,1676332799999,True
2023-02-14 00:00:00,1676332800000,6.141,6.264,5.95,6.227,5370812.92,1676419199999,True
2023-02-15 00:00:00,1676419200000,6.228,6.618,6.16,6.612,6593492.92,1676505599999,True
2023-02-16 00:00:00,1676505600000,6.612,6.949,6.318,6.327,9174248.37,1676591999999,True
2023-02-17 00:00:00,1676592000000,6.327,7.418,6.291,7.284,18071582.97,1676678399999,True
2023-02-18 00:00:00,1676678400000,7.284,7.375,7.105,7.229,8168832.05,1676764799999,True
2023-02-19 00:00:00,1676764800000,7.23,7.9,7.185,7.438,14912594.12,1676851199999,True
2023-02-20 00:00:00,1676851200000,7.44,7.568,7.25,7.551,7886712.3,1676937599999,True
2023-02-21 00:00:00,1676937600000,7.551,7.575,7.117,7.251,6671197.7,1677023999999,True
2023-02-22 00:00:00,1677024000000,7.251,7.27,6.88,7.186,7597418.57,1677110399999,True
2023-02-23 00:00:00,1677110400000,7.186,7.384,7.015,7.093,5906199.95,1677196799999,True
2023-02-24 00:00:00,1677196800000,7.095,7.146,6.47,6.614,7399291.71,1677283199999,True
2023-02-25 00:00:00,1677283200000,6.614,6.649,6.342,6.544,3497010.8,1677369599999,True
2023-02-26 00:00:00,1677369600000,6.544,6.73,6.503,6.691,3363024.11,1677455999999,True
2023-02-27 00:00:00,1677456000000,6.692,6.785,6.489,6.579,4411661.72,1677542399999,True
2023-02-28 00:00:00,1677542400000,6.58,6.6,6.276,6.347,4169725.04,1677628799999,True
2023-03-01 00:00:00,1677628800000,6.349,6.598,6.306,6.535,4300464.0,1677715199999,True
2023-03-02 00:00:00,1677715200000,6.534,6.56,6.221,6.335,2989319.83,1677801599999,True
2023-03-03 00:00:00,1677801600000,6.335,6.338,5.792,6.037,5503764.91,1677887999999,True
2023-03-04 00:00:00,1677888000000,6.038,6.058,5.73,5.917,2603387.07,1677974399999,True
2023-03-05 00:00:00,1677974400000,5.917,6.066,5.89,5.978,2368080.13,1678060799999,True
2023-03-06 00:00:00,1678060800000,5.977,6.043,5.856,5.92,2790540.69,1678147199999,True
2023-03-07 00:00:00,1678147200000,5.922,6.019,5.74,5.847,4741858.19,1678233599999,True
2023-03-08 00:00:00,1678233600000,5.846,5.943,5.501,5.601,6663332.34,1678319999999,True
2023-03-09 00:00:00,1678320000000,5.6,5.803,5.25,5.385,7590734.25,1678406399999,True
2023-03-10 00:00:00,1678406400000,5.386,5.582,5.15,5.549,9610786.57,1678492799999,True
2023-03-11 00:00:00,1678492800000,5.548,5.678,5.223,5.463,7374280.77,1678579199999,True
2023-03-12 00:00:00,1678579200000,5.463,5.903,5.36,5.895,6697046.08,1678665599999,True
2023-03-13 00:00:00,1678665600000,5.894,6.143,5.706,6.1,10435277.93,1678751999999,True
2023-03-14 00:00:00,1678752000000,6.101,6.537,5.987,6.223,10272410.97,1678838399999,True
2023-03-15 00:00:00,1678838400000,6.22,6.377,5.777,5.874,9060374.0,1678924799999,True
2023-03-16 00:00:00,1678924800000,5.873,6.142,5.758,6.088,5974943.99,1679011199999,True
2023-03-17 00:00:00,1679011200000,6.087,6.631,6.026,6.618,7687668.38,1679097599999,True
2023-03-18 00:00:00,1679097600000,6.617,6.699,6.283,6.313,6601084.28,1679183999999,True
2023-03-19 00:00:00,1679184000000,6.314,6.601,6.312,6.451,4887337.41,1679270399999,True
2023-03-20 00:00:00,1679270400000,6.454,6.485,6.052,6.092,5512709.62,1679356799999,True
2023-03-21 00:00:00,1679356800000,6.091,6.458,6.0,6.363,5510022.95,1679443199999,True
2023-03-22 00:00:00,1679443200000,6.363,6.4,5.911,6.053,6799970.34,1679529599999,True
2023-03-23 00:00:00,1679529600000,6.054,6.421,5.991,6.321,4307141.06,1679615999999,True
2023-03-24 00:00:00,1679616000000,6.321,6.341,5.95,6.021,3721415.5,1679702399999,True
2023-03-25 00:00:00,1679702400000,6.022,6.08,5.83,5.905,2201417.88,1679788799999,True
2023-03-26 00:00:00,1679788800000,5.905,6.107,5.878,6.042,1783486.74,1679875199999,True
2023-03-27 00:00:00,1679875200000,6.044,6.115,5.745,5.867,3393287.18,1679961599999,True
2023-03-28 00:00:00,1679961600000,5.867,6.109,5.787,6.056,2901986.46,1680047999999,True
2023-03-29 00:00:00,1680048000000,6.057,6.285,6.048,6.183,3767888.67,1680134399999,True
2023-03-30 00:00:00,1680134400000,6.183,6.295,6.025,6.122,3863516.22,1680220799999,True
2023-03-31 00:00:00,1680220800000,6.122,6.385,6.101,6.343,4320037.0,1680307199999,True
2023-04-01 00:00:00,1680307200000,6.343,6.393,6.19,6.344,2562358.07,1680393599999,True
2023-04-02 00:00:00,1680393600000,6.344,6.446,6.18,6.263,3027603.59,1680479999999,True
2023-04-03 00:00:00,1680480000000,6.263,6.5,6.09,6.419,5348344.83,1680566399999,True
2023-04-04 00:00:00,1680566400000,6.419,6.533,6.367,6.439,4385744.74,1680652799999,True
2023-04-05 00:00:00,1680652800000,6.437,6.586,6.32,6.406,3707843.14,1680739199999,True
2023-04-06 00:00:00,1680739200000,6.405,6.417,6.256,6.281,2705532.09,1680825599999,True
2023-04-07 00:00:00,1680825600000,6.28,6.318,6.134,6.178,2659031.62,1680911999999,True
2023-04-08 00:00:00,1680912000000,6.178,6.235,6.09,6.13,2071466.55,1680998399999,True
2023-04-09 00:00:00,1680998400000,6.131,6.26,6.097,6.211,2172474.5,1681084799999,True
2023-04-10 00:00:00,1681084800000,6.212,6.313,6.117,6.291,2564574.59,1681171199999,True
2023-04-11 00:00:00,1681171200000,6.29,6.49,6.276,6.415,4183538.72,1681257599999,True
2023-04-12 00:00:00,1681257600000,6.416,6.469,6.214,6.403,4545433.57,1681343999999,True
2023-04-13 00:00:00,1681344000000,6.404,6.65,6.349,6.634,4560331.92,1681430399999,True
2023-04-14 00:00:00,1681430400000,6.634,6.865,6.535,6.731,6593166.92,1681516799999,True
2023-04-15 00:00:00,1681516800000,6.731,6.871,6.633,6.804,3719680.31,1681603199999,True
2023-04-16 00:00:00,1681603200000,6.803,6.883,6.673,6.824,3729598.19,1681689599999,True
2023-04-17 00:00:00,1681689600000,6.824,6.834,6.616,6.696,4193096.98,1681775999999,True
2023-04-18 00:00:00,1681776000000,6.698,7.0,6.571,6.914,5118143.99,1681862399999,True
2023-04-19 00:00:00,1681862400000,6.916,6.92,6.24,6.309,6052908.31,1681948799999,True
2023-04-20 00:00:00,1681948800000,6.309,6.438,6.063,6.111,5249007.89,1682035199999,True
2023-04-21 00:00:00,1682035200000,6.111,6.171,5.777,5.849,4612277.77,1682121599999,True
2023-04-22 00:00:00,1682121600000,5.849,5.978,5.82,5.949,2053514.4,1682207999999,True
2023-04-23 00:00:00,1682208000000,5.949,5.972,5.768,5.906,2377100.04,1682294399999,True
2023-04-24 00:00:00,1682294400000,5.907,6.029,5.8,5.885,2775196.21,1682380799999,True
2023-04-25 00:00:00,1682380800000,5.885,6.012,5.778,5.999,2687822.25,1682467199999,True
2023-04-26 00:00:00,1682467200000,5.999,6.22,5.6,5.852,6083740.49,1682553599999,True
2023-04-27 00:00:00,1682553600000,5.85,6.052,5.831,5.97,3633819.81,1682639999999,True
2023-04-28 00:00:00,1682640000000,5.971,5.981,5.771,5.947,3150009.51,1682726399999,True
2023-04-29 00:00:00,1682726400000,5.947,6.056,5.919,6.041,2093279.06,1682812799999,True
2023-04-30 00:00:00,1682812800000,6.041,6.087,5.844,5.877,2601857.52,1682899199999,True
2023-05-01 00:00:00,1682899200000,5.877,5.909,5.596,5.666,3218928.53,1682985599999,True
2023-05-02 00:00:00,1682985600000,5.666,5.757,5.618,5.713,2302881.33,1683071999999,True
2023-05-03 00:00:00,1683072000000,5.712,5.812,5.55,5.778,2833604.94,1683158399999,True
2023-05-04 00:00:00,1683158400000,5.779,5.798,5.619,5.671,1642330.91,1683244799999,True
2023-05-05 00:00:00,1683244800000,5.671,5.901,5.651,5.847,2688794.26,1683331199999,True
2023-05-06 00:00:00,1683331200000,5.846,5.894,5.584,5.633,2186936.32,1683417599999,True
2023-05-07 00:00:00,1683417600000,5.632,5.7,5.601,5.632,1536706.1,1683503999999,True
2023-05-08 00:00:00,1683504000000,5.632,5.648,5.17,5.369,5071223.12,1683590399999,True
2023-05-09 00:00:00,1683590400000,5.368,5.412,5.291,5.323,2384156.76,1683676799999,True
2023-05-10 00:00:00,1683676800000,5.324,5.523,5.209,5.463,3980709.56,1683763199999,True
2023-05-11 00:00:00,1683763200000,5.463,5.47,5.18,5.278,2732930.39,1683849599999,True
2023-05-12 00:00:00,1683849600000,5.278,5.35,5.117,5.342,2844970.82,1683935999999,True
2023-05-13 00:00:00,1683936000000,5.342,5.396,5.313,5.346,1362265.01,1684022399999,True
2023-05-14 00:00:00,1684022400000,5.347,5.448,5.31,5.347,1414347.84,1684108799999,True
2023-05-15 00:00:00,1684108800000,5.349,5.431,5.267,5.313,2109633.37,1684195199999,True
2023-05-16 00:00:00,1684195200000,5.313,5.337,5.232,5.296,1827920.88,1684281599999,True
2023-05-17 00:00:00,1684281600000,5.297,5.44,5.221,5.422,2843186.06,1684367999999,True
2023-05-18 00:00:00,1684368000000,5.423,5.467,5.246,5.338,2885485.35,1684454399999,True
2023-05-19 00:00:00,1684454400000,5.338,5.393,5.313,5.372,1832422.71,1684540799999,True
2023-05-20 00:00:00,1684540800000,5.372,5.446,5.329,5.409,1506151.33,1684627199999,True
2023-05-21 00:00:00,1684627200000,5.409,5.433,5.242,5.273,1554875.25,1684713599999,True
2023-05-22 00:00:00,1684713600000,5.273,5.337,5.224,5.311,1716607.63,1684799999999,True
2023-05-23 00:00:00,1684800000000,5.312,5.45,5.29,5.401,1761134.4,1684886399999,True
2023-05-24 00:00:00,1684886400000,5.401,5.405,5.196,5.252,2314581.38,1684972799999,True
2023-05-25 00:00:00,1684972800000,5.253,5.297,5.14,5.245,2043413.21,1685059199999,True
2023-05-26 00:00:00,1685059200000,5.245,5.273,5.188,5.245,1672238.06,1685145599999,True
2023-05-27 00:00:00,1685145600000,5.244,5.375,5.231,5.337,1923151.28,1685231999999,True
2023-05-28 00:00:00,1685232000000,5.336,5.561,5.316,5.502,2093452.08,1685318399999,True
2023-05-29 00:00:00,1685318400000,5.502,5.539,5.414,5.459,1871798.74,1685404799999,True
2023-05-30 00:00:00,1685404800000,5.459,5.53,5.407,5.442,2241581.42,1685491199999,True
2023-05-31 00:00:00,1685491200000,5.441,5.463,5.269,5.315,2704545.15,1685577599999,True
2023-06-01 00:00:00,1685577600000,5.315,5.335,5.187,5.206,2320022.58,1685663999999,True
2023-06-02 00:00:00,1685664000000,5.206,5.435,5.16,5.278,2814835.17,1685750399999,True
2023-06-03 00:00:00,1685750400000,5.277,5.341,5.24,5.341,1228101.12,1685836799999,True
2023-06-04 00:00:00,1685836800000,5.341,5.384,5.306,5.314,1791577.75,1685923199999,True
2023-06-05 00:00:00,1685923200000,5.314,5.322,4.9,5.065,5436176.7,1686009599999,True
2023-06-06 00:00:00,1686009600000,5.065,5.27,4.985,5.202,3042165.47,1686095999999,True
2023-06-07 00:00:00,1686096000000,5.202,5.212,4.976,5.024,2788128.22,1686182399999,True
2023-06-08 00:00:00,1686182400000,5.024,5.058,4.977,5.023,2253377.78,1686268799999,True
2023-06-09 00:00:00,1686268800000,5.023,5.07,4.93,4.982,1851425.12,1686355199999,True
2023-06-10 00:00:00,1686355200000,4.982,4.986,4.2,4.517,11793308.25,1686441599999,True
2023-06-11 00:00:00,1686441600000,4.516,4.553,4.424,4.523,2824128.89,1686527999999,True
2023-06-12 00:00:00,1686528000000,4.523,4.556,4.411,4.535,2692091.23,1686614399999,True
2023-06-13 00:00:00,1686614400000,4.535,4.721,4.495,4.627,2663019.47,1686700799999,True
2023-06-14 00:00:00,1686700800000,4.627,4.802,4.505,4.569,3575780.44,1686787199999,True
2023-06-15 00:00:00,1686787200000,4.568,4.62,4.272,4.374,7444659.22,1686873599999,True
2023-06-16 00:00:00,1686873600000,4.375,4.468,4.276,4.422,3261216.97,1686959999999,True
2023-06-17 00:00:00,1686960000000,4.423,4.567,4.396,4.53,2348383.65,1687046399999,True
2023-06-18 00:00:00,1687046400000,4.53,4.667,4.478,4.536,2497125.54,1687132799999,True
2023-06-19 00:00:00,1687132800000,4.537,4.588,4.433,4.53,2442478.42,1687219199999,True
2023-06-20 00:00:00,1687219200000,4.53,4.678,4.374,4.662,3232432.59,1687305599999,True
2023-06-21 00:00:00,1687305600000,4.662,4.92,4.635,4.821,4584261.68,1687391999999,True
2023-06-22 00:00:00,1687392000000,4.821,4.976,4.745,4.825,4144355.55,1687478399999,True
2023-06-23 00:00:00,1687478400000,4.824,5.138,4.82,5.098,4776899.26,1687564799999,True
2023-06-24 00:00:00,1687564800000,5.098,5.139,4.905,5.008,2775434.8,1687651199999,True
2023-06-25 00:00:00,1687651200000,5.008,5.246,5.002,5.194,4469195.22,1687737599999,True
2023-06-26 00:00:00,1687737600000,5.194,5.238,5.0,5.024,5174613.73,1687823999999,True
2023-06-27 00:00:00,1687824000000,5.024,5.154,4.997,5.096,2553579.31,1687910399999,True
2023-06-28 00:00:00,1687910400000,5.095,5.099,4.746,4.879,3414960.81,1687996799999,True
2023-06-29 00:00:00,1687996800000,4.881,5.236,4.87,4.985,4821782.23,1688083199999,True
2023-06-30 00:00:00,1688083200000,4.986,5.2,4.789,5.18,6600936.81,1688169599999,True
2023-07-01 00:00:00,1688169600000,5.18,5.392,5.112,5.351,4991687.74,1688255999999,True
2023-07-02 00:00:00,1688256000000,5.351,5.53,5.224,5.496,4416008.07,1688342399999,True
2023-07-03 00:00:00,1688342400000,5.495,5.635,5.377,5.431,3882932.74,1688428799999,True
2023-07-04 00:00:00,1688428800000,5.429,5.513,5.256,5.348,3200600.98,1688515199999,True
2023-07-05 00:00:00,1688515200000,5.348,5.38,5.117,5.208,2843294.07,1688601599999,True
2023-07-06 00:00:00,1688601600000,5.207,5.368,5.01,5.014,2938752.21,1688687999999,True
2023-07-07 00:00:00,1688688000000,5.015,5.179,4.975,5.119,1988995.87,1688774399999,True
2023-07-08 00:00:00,1688774400000,5.119,5.196,5.055,5.128,1200936.94,1688860799999,True
2023-07-09 00:00:00,1688860800000,5.126,5.16,5.062,5.081,1198821.42,1688947199999,True
2023-07-10 00:00:00,1688947200000,5.081,5.23,4.98,5.131,2539022.61,1689033599999,True
2023-07-11 00:00:00,1689033600000,5.13,5.217,5.089,5.214,1663952.63,1689119999999,True
2023-07-12 00:00:00,1689120000000,5.213,5.31,5.1,5.147,2569152.05,1689206399999,True
2023-07-13 00:00:00,1689206400000,5.146,5.55,5.096,5.545,5509995.96,1689292799999,True
2023-07-14 00:00:00,1689292800000,5.544,5.76,5.3,5.451,6354310.66,1689379199999,True
2023-07-15 00:00:00,1689379200000,5.451,5.564,5.383,5.432,1900188.55,1689465599999,True
2023-07-16 00:00:00,1689465600000,5.432,5.448,5.256,5.311,2128124.43,1689551999999,True
2023-07-17 00:00:00,1689552000000,5.311,5.416,5.173,5.304,3209841.19,1689638399999,True
2023-07-18 00:00:00,1689638400000,5.303,5.391,5.1,5.181,3684193.8,1689724799999,True
2023-07-19 00:00:00,1689724800000,5.179,5.257,5.129,5.193,2323483.99,1689811199999,True
2023-07-20 00:00:00,1689811200000,5.191,5.488,5.184,5.355,3840654.42,1689897599999,True
2023-07-21 00:00:00,1689897600000,5.355,5.71,5.337,5.485,5401854.57,1689983999999,True
2023-07-22 00:00:00,1689984000000,5.486,5.518,5.266,5.314,2248518.21,1690070399999,True
2023-07-23 00:00:00,1690070400000,5.315,5.493,5.275,5.391,2228062.7,1690156799999,True
2023-07-24 00:00:00,1690156800000,5.391,5.416,5.1,5.209,3366607.8,1690243199999,True
2023-07-25 00:00:00,1690243200000,5.21,5.256,5.129,5.175,1752052.61,1690329599999,True
2023-07-26 00:00:00,1690329600000,5.176,5.295,5.117,5.235,1716359.24,1690415999999,True
2023-07-27 00:00:00,1690416000000,5.235,5.336,5.182,5.239,1624000.67,1690502399999,True
2023-07-28 00:00:00,1690502400000,5.239,5.273,5.16,5.219,1745955.05,1690588799999,True
2023-07-29 00:00:00,1690588800000,5.218,5.259,5.204,5.248,840163.33,1690675199999,True
2023-07-30 00:00:00,1690675200000,5.248,5.276,5.1,5.184,1630741.35,1690761599999,True
2023-07-31 00:00:00,1690761600000,5.183,5.261,5.046,5.109,2162179.25,1690847999999,True
2023-08-01 00:00:00,1690848000000,5.109,5.209,4.95,5.208,2583489.21,1690934399999,True
2023-08-02 00:00:00,1690934400000,5.207,5.22,5.012,5.061,1875088.24,1691020799999,True
2023-08-03 00:00:00,1691020800000,5.06,5.075,4.929,4.979,1578703.36,1691107199999,True
2023-08-04 00:00:00,1691107200000,4.978,5.046,4.939,4.993,1321512.55,1691193599999,True
2023-08-05 00:00:00,1691193600000,4.993,4.996,4.929,4.974,694952.49,1691279999999,True
2023-08-06 00:00:00,1691280000000,4.975,5.046,4.959,5.005,1124716.73,1691366399999,True
2023-08-07 00:00:00,1691366400000,5.006,5.049,4.835,4.971,1664265.82,1691452799999,True
2023-08-08 00:00:00,1691452800000,4.971,5.098,4.933,5.059,1388611.45,1691539199999,True
2023-08-09 00:00:00,1691539200000,5.06,5.106,4.997,5.059,1393130.31,1691625599999,True
2023-08-10 00:00:00,1691625600000,5.06,5.067,4.977,5.006,1155363.93,1691711999999,True
2023-08-11 00:00:00,1691712000000,5.005,5.02,4.956,5.007,1022335.23,1691798399999,True
2023-08-12 00:00:00,1691798400000,5.008,5.044,4.997,5.04,817443.05,1691884799999,True
2023-08-13 00:00:00,1691884800000,5.039,5.045,4.968,4.987,1063886.17,1691971199999,True
2023-08-14 00:00:00,1691971200000,4.987,5.058,4.951,4.989,1470525.11,1692057599999,True
2023-08-15 00:00:00,1692057600000,4.989,4.998,4.622,4.818,2154803.35,1692143999999,True
2023-08-16 00:00:00,1692144000000,4.817,4.842,4.531,4.672,2433575.41,1692230399999,True
2023-08-17 00:00:00,1692230400000,4.672,4.982,4.312,4.429,4837864.01,1692316799999,True
2023-08-18 00:00:00,1692316800000,4.429,4.56,4.365,4.51,2973054.24,1692403199999,True
2023-08-19 00:00:00,1692403200000,4.511,4.553,4.454,4.517,992385.44,1692489599999,True
2023-08-20 00:00:00,1692489600000,4.517,4.533,4.466,4.519,1000903.19,1692575999999,True
2023-08-21 00:00:00,1692576000000,4.521,4.537,4.362,4.427,1589298.11,1692662399999,True
2023-08-22 00:00:00,1692662400000,4.427,4.45,4.25,4.423,2514612.21,1692748799999,True
2023-08-23 00:00:00,1692748800000,4.425,4.537,4.378,4.489,2111348.0,1692835199999,True
2023-08-24 00:00:00,1692835200000,4.489,4.517,4.368,4.424,1954030.49,1692921599999,True
2023-08-25 00:00:00,1692921600000,4.422,4.496,4.357,4.49,1865483.14,1693007999999,True
2023-08-26 00:00:00,1693008000000,4.49,4.514,4.476,4.507,1360546.99,1693094399999,True
2023-08-27 00:00:00,1693094400000,4.505,4.544,4.461,4.489,1274702.18,1693180799999,True
2023-08-28 00:00:00,1693180800000,4.489,4.622,4.416,4.61,3101890.05,1693267199999,True
2023-08-29 00:00:00,1693267200000,4.61,4.806,4.54,4.678,4406290.23,1693353599999,True
2023-08-30 00:00:00,1693353600000,4.678,4.68,4.5,4.534,2107999.59,1693439999999,True
2023-08-31 00:00:00,1693440000000,4.535,4.535,4.234,4.271,5159773.24,1693526399999,True
2023-09-01 00:00:00,1693526400000,4.271,4.295,4.136,4.218,3247599.73,1693612799999,True
2023-09-02 00:00:00,1693612800000,4.218,4.274,4.201,4.261,1385184.88,1693699199999,True
2023-09-03 00:00:00,1693699200000,4.262,4.3,4.226,4.259,1249649.68,1693785599999,True
2023-09-04 00:00:00,1693785600000,4.26,4.321,4.193,4.26,2592614.46,1693871999999,True
2023-09-05 00:00:00,1693872000000,4.26,4.303,4.198,4.257,1833680.97,1693958399999,True
2023-09-06 00:00:00,1693958400000,4.257,4.289,4.171,4.272,2292602.88,1694044799999,True
2023-09-07 00:00:00,1694044800000,4.273,4.31,4.235,4.294,2015368.19,1694131199999,True
2023-09-08 00:00:00,1694131200000,4.294,4.332,4.204,4.253,1911730.39,1694217599999,True
2023-09-09 00:00:00,1694217600000,4.253,4.278,4.236,4.236,810888.38,1694303999999,True
2023-09-10 00:00:00,1694304000000,4.236,4.238,4.103,4.149,2602755.63,1694390399999,True
2023-09-11 00:00:00,1694390400000,4.149,4.155,3.908,3.989,4954332.39,1694476799999,True
2023-09-12 00:00:00,1694476800000,3.988,4.097,3.953,3.986,3322442.65,1694563199999,True
2023-09-13 00:00:00,1694563200000,3.987,4.1,3.95,3.998,2434240.08,1694649599999,True
2023-09-14 00:00:00,1694649600000,3.999,4.088,3.973,4.058,2826450.26,1694735999999,True
2023-09-15 00:00:00,1694736000000,4.059,4.172,4.046,4.139,2403258.06,1694822399999,True
2023-09-16 00:00:00,1694822400000,4.138,4.225,4.134,4.185,1814021.69,1694908799999,True
2023-09-17 00:00:00,1694908800000,4.187,4.189,4.046,4.07,1800037.06,1694995199999,True
2023-09-18 00:00:00,1694995200000,4.07,4.22,4.014,4.106,2979553.42,1695081599999,True
2023-09-19 00:00:00,1695081600000,4.106,4.17,4.079,4.152,2631215.34,1695167999999,True
2023-09-20 00:00:00,1695168000000,4.154,4.168,4.065,4.138,1646018.87,1695254399999,True
2023-09-21 00:00:00,1695254400000,4.139,4.166,4.001,4.012,1780734.04,1695340799999,True
2023-09-22 00:00:00,1695340800000,4.012,4.038,3.976,4.019,1633445.47,1695427199999,True
2023-09-23 00:00:00,1695427200000,4.019,4.038,3.998,4.033,1005804.33,1695513599999,True
2023-09-24 00:00:00,1695513600000,4.033,4.058,3.971,3.993,1093945.04,1695599999999,True
2023-09-25 00:00:00,1695600000000,3.99,4.09,3.947,4.068,2354682.85,1695686399999,True
2023-09-26 00:00:00,1695686400000,4.067,4.092,3.974,4.013,2176205.87,1695772799999,True
2023-09-27 00:00:00,1695772800000,4.013,4.075,3.967,3.993,2220464.79,1695859199999,True
2023-09-28 00:00:00,1695859200000,3.993,4.101,3.981,4.073,2423443.08,1695945599999,True
2023-09-29 00:00:00,1695945600000,4.074,4.12,4.055,4.074,2088662.26,1696031999999,True
2023-09-30 00:00:00,1696032000000,4.074,4.119,4.071,4.103,1275233.11,1696118399999,True
2023-10-01 00:00:00,1696118400000,4.104,4.289,4.102,4.263,2265876.1,1696204799999,True
2023-10-02 00:00:00,1696204800000,4.264,4.31,4.058,4.12,3854026.25,1696291199999,True
2023-10-03 00:00:00,1696291200000,4.121,4.162,4.05,4.077,1564379.73,1696377599999,True
2023-10-04 00:00:00,1696377600000,4.076,4.076,3.958,4.042,2554470.06,1696463999999,True
2023-10-05 00:00:00,1696464000000,4.042,4.088,4.0,4.024,1725328.6,1696550399999,True
2023-10-06 00:00:00,1696550400000,4.024,4.094,3.998,4.068,1399327.65,1696636799999,True
2023-10-07 00:00:00,1696636800000,4.069,4.114,4.044,4.051,1027727.79,1696723199999,True
2023-10-08 00:00:00,1696723200000,4.052,4.072,4.0,4.012,1327658.78,1696809599999,True
2023-10-09 00:00:00,1696809600000,4.012,4.03,3.756,3.881,3725371.284,1696895999999,True
2023-10-10 00:00:00,1696896000000,3.88,3.895,3.77,3.811,1997871.04,1696982399999,True
2023-10-11 00:00:00,1696982400000,3.812,3.823,3.7,3.74,2158166.14,1697068799999,True
2023-10-12 00:00:00,1697068800000,3.739,3.741,3.621,3.676,2722797.38,1697155199999,True
2023-10-13 00:00:00,1697155200000,3.676,3.776,3.667,3.721,1628293.29,1697241599999,True
2023-10-14 00:00:00,1697241600000,3.721,3.762,3.717,3.735,1024225.4,1697327999999,True
2023-10-15 00:00:00,1697328000000,3.734,3.782,3.707,3.753,1572397.09,1697414399999,True
2023-10-16 00:00:00,1697414400000,3.753,3.9,3.736,3.776,3758880.85,1697500799999,True
2023-10-17 00:00:00,1697500800000,3.776,3.779,3.636,3.67,2232638.47,1697587199999,True
2023-10-18 00:00:00,1697587200000,3.669,3.723,3.629,3.654,1660166.05,1697673599999,True
2023-10-19 00:00:00,1697673600000,3.653,3.66,3.562,3.649,2373829.06,1697759999999,True
2023-10-20 00:00:00,1697760000000,3.649,3.805,3.638,3.718,3760071.55,1697846399999,True
2023-10-21 00:00:00,1697846400000,3.72,3.98,3.706,3.909,3652845.43,1697932799999,True
2023-10-22 00:00:00,1697932800000,3.909,3.973,3.795,3.967,3393543.88,1698019199999,True
2023-10-23 00:00:00,1698019200000,3.967,4.368,3.918,4.357,8758003.44,1698105599999,True
2023-10-24 00:00:00,1698105600000,4.358,4.425,4.096,4.19,9440500.3,1698191999999,True
2023-10-25 00:00:00,1698192000000,4.189,4.355,4.137,4.291,5030468.8,1698278399999,True
2023-10-26 00:00:00,1698278400000,4.292,4.451,4.15,4.234,5741821.06,1698364799999,True
2023-10-27 00:00:00,1698364800000,4.234,4.236,4.01,4.135,5100506.33,1698451199999,True
2023-10-28 00:00:00,1698451200000,4.134,4.225,4.13,4.181,2924361.17,1698537599999,True
2023-10-29 00:00:00,1698537600000,4.181,4.355,4.126,4.315,3308326.4,1698623999999,True
2023-10-30 00:00:00,1698624000000,4.315,4.532,4.233,4.525,6732331.76,1698710399999,True
2023-10-31 00:00:00,1698710400000,4.525,4.603,4.272,4.449,7122930.14,1698796799999,True
2023-11-01 00:00:00,1698796800000,4.448,4.804,4.322,4.727,8664657.37,1698883199999,True
2023-11-02 00:00:00,1698883200000,4.728,4.795,4.51,4.629,7516552.17,1698969599999,True
2023-11-03 00:00:00,1698969600000,4.63,4.646,4.456,4.61,4994752.05,1699055999999,True
2023-11-04 00:00:00,1699056000000,4.611,4.78,4.585,4.681,3730420.45,1699142399999,True
2023-11-05 00:00:00,1699142400000,4.682,4.91,4.653,4.762,8339719.52,1699228799999,True
2023-11-06 00:00:00,1699228800000,4.763,4.994,4.677,4.967,8062202.56,1699315199999,True
2023-11-07 00:00:00,1699315200000,4.967,5.05,4.719,4.927,6434501.97,1699401599999,True
2023-11-08 00:00:00,1699401600000,4.927,5.094,4.86,5.033,7479657.7,1699487999999,True
2023-11-09 00:00:00,1699488000000,5.032,5.265,4.457,5.09,11953209.53,1699574399999,True
2023-11-10 00:00:00,1699574400000,5.093,5.317,4.964,5.3,8809057.17,1699660799999,True
2023-11-11 00:00:00,1699660800000,5.3,5.682,5.086,5.557,13408385.78,1699747199999,True
2023-11-12 00:00:00,1699747200000,5.557,5.859,5.344,5.709,12507667.74,1699833599999,True
2023-11-13 00:00:00,1699833600000,5.709,5.89,5.331,5.348,10036536.86,1699919999999,True
2023-11-14 00:00:00,1699920000000,5.349,5.522,5.0,5.197,8881631.37,1700006399999,True
2023-11-15 00:00:00,1700006400000,5.198,5.64,5.185,5.564,8603942.41,1700092799999,True
2023-11-16 00:00:00,1700092800000,5.563,5.809,5.271,5.352,11216571.93,1700179199999,True
2023-11-17 00:00:00,1700179200000,5.352,5.486,5.05,5.244,6627256.73,1700265599999,True
2023-11-18 00:00:00,1700265600000,5.243,5.29,4.991,5.289,5049686.4,1700351999999,True
2023-11-19 00:00:00,1700352000000,5.29,5.481,5.176,5.434,5288348.36,1700438399999,True
2023-11-20 00:00:00,1700438400000,5.433,5.569,5.255,5.302,6191396.11,1700524799999,True
2023-11-21 00:00:00,1700524800000,5.302,5.326,4.819,4.858,9809122.53,1700611199999,True
2023-11-22 00:00:00,1700611200000,4.857,5.287,4.843,5.174,6324028.79,1700697599999,True
2023-11-23 00:00:00,1700697600000,5.174,5.219,5.082,5.139,3046432.52,1700783999999,True
2023-11-24 00:00:00,1700784000000,5.139,5.294,5.118,5.242,5725071.98,1700870399999,True
2023-11-25 00:00:00,1700870400000,5.242,5.389,5.213,5.328,3228936.41,1700956799999,True
2023-11-26 00:00:00,1700956800000,5.328,5.415,5.145,5.329,4327342.3,1701043199999,True
2023-11-27 00:00:00,1701043200000,5.329,5.377,5.037,5.156,6281479.69,1701129599999,True
2023-11-28 00:00:00,1701129600000,5.156,5.313,5.102,5.275,5448920.48,1701215999999,True
2023-11-29 00:00:00,1701216000000,5.275,5.4,5.15,5.161,4978065.6,1701302399999,True
2023-11-30 00:00:00,1701302400000,5.161,5.591,5.118,5.473,9449624.6,1701388799999,True
2023-12-01 00:00:00,1701388800000,5.473,5.525,5.369,5.471,3790598.48,1701475199999,True
2023-12-02 00:00:00,1701475200000,5.47,5.604,5.45,5.562,3691046.39,1701561599999,True
2023-12-03 00:00:00,1701561600000,5.562,5.624,5.43,5.541,4369800.25,1701647999999,True
2023-12-04 00:00:00,1701648000000,5.54,5.721,5.421,5.632,8239235.76,1701734399999,True
2023-12-05 00:00:00,1701734400000,5.633,5.946,5.511,5.907,11736819.83,1701820799999,True
2023-12-06 00:00:00,1701820800000,5.907,6.205,5.77,6.046,11202513.64,1701907199999,True
2023-12-07 00:00:00,1701907200000,6.045,6.3,5.901,6.242,8281399.33,1701993599999,True
2023-12-08 00:00:00,1701993600000,6.242,6.914,6.166,6.837,11355959.93,1702079999999,True
2023-12-09 00:00:00,1702080000000,6.838,7.689,6.83,7.101,16985044.2,1702166399999,True
2023-12-10 00:00:00,1702166400000,7.102,7.362,6.959,7.348,6780828.9,1702252799999,True
2023-12-11 00:00:00,1702252800000,7.348,7.361,6.285,6.709,12451395.17,1702339199999,True
2023-12-12 00:00:00,1702339200000,6.706,7.353,6.696,7.131,13610015.42,1702425599999,True
2023-12-13 00:00:00,1702425600000,7.133,7.648,6.613,7.603,11463964.93,1702511999999,True
2023-12-14 00:00:00,1702512000000,7.602,7.769,6.955,7.507,12681742.91,1702598399999,True
2023-12-15 00:00:00,1702598400000,7.508,7.564,6.926,6.951,10696904.91,1702684799999,True
2023-12-16 00:00:00,1702684800000,6.951,7.352,6.859,7.092,6517746.9,1702771199999,True
2023-12-17 00:00:00,1702771200000,7.092,7.163,6.749,6.784,6649743.84,1702857599999,True
2023-12-18 00:00:00,1702857600000,6.785,6.886,6.368,6.885,7414872.74,1702943999999,True
2023-12-19 00:00:00,1702944000000,6.884,7.049,6.612,6.706,5474784.2,1703030399999,True
2023-12-20 00:00:00,1703030400000,6.706,7.136,6.618,6.951,8621839.76,1703116799999,True
2023-12-21 00:00:00,1703116800000,6.952,8.435,6.915,8.42,27166695.07,1703203199999,True
2023-12-22 00:00:00,1703203200000,8.422,8.58,7.841,7.954,16078478.66,1703289599999,True
2023-12-23 00:00:00,1703289600000,7.954,8.446,7.578,8.326,12748793.29,1703375999999,True
2023-12-24 00:00:00,1703376000000,8.326,9.2,8.315,8.611,26401737.92,1703462399999,True
2023-12-25 00:00:00,1703462400000,8.612,9.4,8.499,9.191,19304116.18,1703548799999,True
2023-12-26 00:00:00,1703548800000,9.192,9.593,8.353,8.819,14922261.11,1703635199999,True
2023-12-27 00:00:00,1703635200000,8.819,9.063,8.402,8.694,9947554.08,1703721599999,True
2023-12-28 00:00:00,1703721600000,8.695,8.912,8.263,8.426,9422637.54,1703807999999,True
2023-12-29 00:00:00,1703808000000,8.427,8.686,8.049,8.291,11281188.12,1703894399999,True
2023-12-30 00:00:00,1703894400000,8.291,8.489,8.095,8.346,4747990.66,1703980799999,True
2023-12-31 00:00:00,1703980800000,8.346,8.648,8.025,8.202,6738987.99,1704067199999,True
2024-01-01 00:00:00,1704067200000,8.203,8.63,8.061,8.595,5268802.23,1704153599999,True
2024-01-02 00:00:00,1704153600000,8.594,8.806,8.317,8.411,6792266.31,1704239999999,True
2024-01-03 00:00:00,1704240000000,8.408,8.575,6.5,7.626,14473959.94,1704326399999,True
2024-01-04 00:00:00,1704326400000,7.626,7.999,7.469,7.879,7500909.27,1704412799999,True
2024-01-05 00:00:00,1704412800000,7.879,7.954,7.178,7.45,7631254.61,1704499199999,True
2024-01-06 00:00:00,1704499200000,7.448,7.448,6.943,7.133,4644445.49,1704585599999,True
2024-01-07 00:00:00,1704585600000,7.132,7.327,6.817,6.899,4713975.33,1704671999999,True
2024-01-08 00:00:00,1704672000000,6.899,7.506,6.51,7.483,8524497.42,1704758399999,True
2024-01-09 00:00:00,1704758400000,7.483,7.527,6.908,7.129,6989170.94,1704844799999,True
2024-01-10 00:00:00,1704844800000,7.128,8.091,6.8,7.991,9967541.16,1704931199999,True
2024-01-11 00:00:00,1704931200000,7.99,8.58,7.85,8.148,12836225.08,1705017599999,True
2024-01-12 00:00:00,1705017600000,8.147,8.212,7.31,7.567,8688542.18,1705103999999,True
2024-01-13 00:00:00,1705104000000,7.566,7.753,7.37,7.617,4481440.54,1705190399999,True
2024-01-14 00:00:00,1705190400000,7.618,7.699,7.316,7.319,3486216.3,1705276799999,True
2024-01-15 00:00:00,1705276800000,7.319,7.692,7.308,7.509,4209668.41,1705363199999,True
2024-01-16 00:00:00,1705363200000,7.509,7.688,7.339,7.493,4432209.01,1705449599999,True
2024-01-17 00:00:00,1705449600000,7.492,7.597,7.255,7.35,4237892.42,1705535999999,True
2024-01-18 00:00:00,1705536000000,7.349,7.39,6.82,7.017,6630266.6,1705622399999,True
2024-01-19 00:00:00,1705622400000,7.018,7.052,6.571,6.894,6152238.35,1705708799999,True
2024-01-20 00:00:00,1705708800000,6.894,6.951,6.778,6.913,3231059.21,1705795199999,True
2024-01-21 00:00:00,1705795200000,6.913,6.977,6.801,6.817,2659737.77,1705881599999,True
2024-01-22 00:00:00,1705881600000,6.815,6.848,6.293,6.341,8335532.94,1705967999999,True
2024-01-23 00:00:00,1705968000000,6.342,6.455,5.979,6.361,7491685.08,1706054399999,True
2024-01-24 00:00:00,1706054400000,6.362,6.542,6.26,6.462,4831265.54,1706140799999,True
2024-01-25 00:00:00,1706140800000,6.461,6.579,6.346,6.438,3968963.16,1706227199999,True
2024-01-26 00:00:00,1706227200000,6.438,6.73,6.361,6.672,5226941.0,1706313599999,True
2024-01-27 00:00:00,1706313600000,6.671,6.753,6.53,6.669,3827612.45,1706399999999,True
2024-01-28 00:00:00,1706400000000,6.669,6.875,6.567,6.872,5140566.57,1706486399999,True
2024-01-29 00:00:00,1706486400000,6.871,7.298,6.705,7.032,9464149.78,1706572799999,True
2024-01-30 00:00:00,1706572800000,7.031,7.087,6.822,6.836,5806026.21,1706659199999,True
2024-01-31 00:00:00,1706659200000,6.838,6.888,6.584,6.654,5331313.42,1706745599999,True
2024-02-01 00:00:00,1706745600000,6.653,6.816,6.53,6.791,3801576.85,1706831999999,True
2024-02-02 00:00:00,1706832000000,6.791,7.028,6.763,6.947,3879893.39,1706918399999,True
2024-02-03 00:00:00,1706918400000,6.947,7.01,6.813,6.825,2228612.1,1707004799999,True
2024-02-04 00:00:00,1707004800000,6.826,6.826,6.647,6.666,1847358.83,1707091199999,True
2024-02-05 00:00:00,1707091200000,6.666,6.976,6.592,6.737,4053934.37,1707177599999,True
2024-02-06 00:00:00,1707177600000,6.737,6.832,6.639,6.807,3262058.56,1707263999999,True
2024-02-07 00:00:00,1707264000000,6.806,6.966,6.671,6.941,3978510.79,1707350399999,True
2024-02-08 00:00:00,1707350400000,6.941,7.11,6.87,7.013,5636725.94,1707436799999,True
2024-02-09 00:00:00,1707436800000,7.014,7.329,6.96,7.196,6703902.0,1707523199999,True
2024-02-10 00:00:00,1707523200000,7.197,7.29,7.059,7.2,3362657.29,1707609599999,True
2024-02-11 00:00:00,1707609600000,7.2,7.342,7.077,7.099,4140070.61,1707695999999,True
2024-02-12 00:00:00,1707696000000,7.099,7.377,6.978,7.34,6638724.11,1707782399999,True
2024-02-13 00:00:00,1707782400000,7.34,7.45,7.111,7.353,5806068.65,1707868799999,True
2024-02-14 00:00:00,1707868800000,7.354,7.71,7.273,7.649,6998063.16,1707955199999,True
2024-02-15 00:00:00,1707955200000,7.648,7.95,7.526,7.781,8076847.34,1708041599999,True
2024-02-16 00:00:00,1708041600000,7.781,7.868,7.537,7.647,5128123.74,1708127999999,True
2024-02-17 00:00:00,1708128000000,7.647,7.709,7.34,7.704,3946834.47,1708214399999,True
2024-02-18 00:00:00,1708214400000,7.704,7.92,7.676,7.86,4114553.53,1708300799999,True
2024-02-19 00:00:00,1708300800000,7.86,8.148,7.651,8.029,8186553.0,1708387199999,True
2024-02-20 00:00:00,1708387200000,8.029,8.117,7.399,7.731,9552318.01,1708473599999,True
2024-02-21 00:00:00,1708473600000,7.731,7.732,7.225,7.466,6514766.28,1708559999999,True
2024-02-22 00:00:00,1708560000000,7.466,7.687,7.274,7.48,5384307.43,1708646399999,True
2024-02-23 00:00:00,1708646400000,7.481,7.646,7.269,7.563,6638489.31,1708732799999,True
2024-02-24 00:00:00,1708732800000,7.564,7.891,7.431,7.819,6116096.37,1708819199999,True
2024-02-25 00:00:00,1708819200000,7.819,7.95,7.677,7.923,4176758.99,1708905599999,True
2024-02-26 00:00:00,1708905600000,7.924,8.117,7.583,8.109,7572230.28,1708991999999,True
2024-02-27 00:00:00,1708992000000,8.109,8.449,7.987,8.371,10449184.54,1709078399999,True
2024-02-28 00:00:00,1709078400000,8.371,8.715,7.713,8.342,15023729.48,1709164799999,True
2024-02-29 00:00:00,1709164800000,8.342,8.899,8.029,8.261,11567082.87,1709251199999,True
2024-03-01 00:00:00,1709251200000,8.263,8.673,8.263,8.661,7440771.13,1709337599999,True
2024-03-02 00:00:00,1709337600000,8.661,9.467,8.576,9.463,12812343.11,1709423999999,True
2024-03-03 00:00:00,1709424000000,9.463,9.9,8.576,9.781,15549955.02,1709510399999,True
2024-03-04 00:00:00,1709510400000,9.781,10.31,9.5,9.862,20642389.86,1709596799999,True
2024-03-05 00:00:00,1709596800000,9.862,10.762,8.17,9.32,31707926.36,1709683199999,True
2024-03-06 00:00:00,1709683200000,9.32,10.56,8.924,10.544,17135241.23,1709769599999,True
2024-03-07 00:00:00,1709769600000,10.544,11.0,10.209,10.402,11994126.73,1709855999999,True
2024-03-08 00:00:00,1709856000000,10.404,10.7,9.946,10.637,12982892.21,1709942399999,True
2024-03-09 00:00:00,1709942400000,10.637,10.95,10.409,10.493,9384527.61,1710028799999,True
2024-03-10 00:00:00,1710028800000,10.494,10.574,9.963,10.261,7587844.77,1710115199999,True
2024-03-11 00:00:00,1710115200000,10.262,11.249,9.791,11.043,14996657.84,1710201599999,True
2024-03-12 00:00:00,1710201600000,11.043,11.15,10.02,10.736,12039946.94,1710287999999,True
2024-03-13 00:00:00,1710288000000,10.736,11.46,10.638,11.374,11969881.19,1710374399999,True
2024-03-14 00:00:00,1710374400000,11.374,11.889,10.675,11.558,20155350.19,1710460799999,True
2024-03-15 00:00:00,1710460800000,11.557,11.706,9.975,10.81,20216540.26,1710547199999,True
2024-03-16 00:00:00,1710547200000,10.811,10.899,9.502,9.682,13825011.98,1710633599999,True
2024-03-17 00:00:00,1710633600000,9.684,10.252,9.19,10.083,9420189.81,1710719999999,True
2024-03-18 00:00:00,1710720000000,10.083,10.456,9.602,9.902,9838197.4,1710806399999,True
2024-03-19 00:00:00,1710806400000,9.901,9.994,8.6,8.766,15363075.8,1710892799999,True
2024-03-20 00:00:00,1710892800000,8.766,9.567,8.488,9.483,12729562.23,1710979199999,True
2024-03-21 00:00:00,1710979200000,9.483,9.583,9.067,9.179,7536093.12,1711065599999,True
2024-03-22 00:00:00,1711065600000,9.179,9.367,8.694,8.936,6104700.92,1711151999999,True
2024-03-23 00:00:00,1711152000000,8.939,9.224,8.852,8.968,3464506.12,1711238399999,True
2024-03-24 00:00:00,1711238400000,8.967,9.43,8.952,9.37,3551552.34,1711324799999,True
2024-03-25 00:00:00,1711324800000,9.372,9.832,9.287,9.735,6350466.97,1711411199999,True
2024-03-26 00:00:00,1711411200000,9.737,10.057,9.525,9.689,8244078.96,1711497599999,True
2024-03-27 00:00:00,1711497600000,9.689,9.814,9.304,9.445,7078224.52,1711583999999,True
2024-03-28 00:00:00,1711584000000,9.448,9.659,9.3,9.522,5433742.81,1711670399999,True
2024-03-29 00:00:00,1711670400000,9.524,9.81,9.344,9.601,6430200.46,1711756799999,True
2024-03-30 00:00:00,1711756800000,9.601,9.699,9.387,9.429,3097586.67,1711843199999,True
2024-03-31 00:00:00,1711843200000,9.429,9.649,9.414,9.647,2347041.29,1711929599999,True
2024-04-01 00:00:00,1711929600000,9.647,9.747,8.923,9.143,6554213.02,1712015999999,True
2024-04-02 00:00:00,1712016000000,9.143,9.143,8.37,8.582,8040640.57,1712102399999,True
2024-04-03 00:00:00,1712102400000,8.582,8.78,8.284,8.416,5456340.4,1712188799999,True
2024-04-04 00:00:00,1712188800000,8.416,8.711,8.263,8.486,5143837.32,1712275199999,True
2024-04-05 00:00:00,1712275200000,8.486,8.511,8.076,8.379,4594358.61,1712361599999,True
2024-04-06 00:00:00,1712361600000,8.379,8.555,8.329,8.494,3135750.79,1712447999999,True
2024-04-07 00:00:00,1712448000000,8.495,8.741,8.458,8.704,3777830.16,1712534399999,True
2024-04-08 00:00:00,1712534400000,8.704,9.096,8.57,9.043,5282323.07,1712620799999,True
2024-04-09 00:00:00,1712620800000,9.043,9.137,8.632,8.659,6315720.0,1712707199999,True
2024-04-10 00:00:00,1712707200000,8.657,8.701,8.122,8.408,6364196.82,1712793599999,True
2024-04-11 00:00:00,1712793600000,8.408,8.528,8.183,8.384,4548223.43,1712879999999,True
2024-04-12 00:00:00,1712880000000,8.382,8.49,6.503,7.24,18112289.17,1712966399999,True
2024-04-13 00:00:00,1712966400000,7.24,7.334,5.693,6.388,21049661.8,1713052799999,True
2024-04-14 00:00:00,1713052800000,6.389,6.929,6.193,6.855,15785330.1,1713139199999,True
2024-04-15 00:00:00,1713139200000,6.855,7.206,6.429,6.708,9782724.46,1713225599999,True
2024-04-16 00:00:00,1713225600000,6.708,6.821,6.371,6.702,5720075.35,1713311999999,True
2024-04-17 00:00:00,1713312000000,6.7,6.779,6.326,6.583,4881081.63,1713398399999,True
2024-04-18 00:00:00,1713398400000,6.58,6.829,6.445,6.784,3726348.91,1713484799999,True
2024-04-19 00:00:00,1713484800000,6.783,6.917,6.274,6.682,7702126.65,1713571199999,True
2024-04-20 00:00:00,1713571200000,6.681,7.283,6.608,7.241,3963964.15,1713657599999,True
2024-04-21 00:00:00,1713657600000,7.241,7.288,6.962,7.14,2994106.76,1713743999999,True
2024-04-22 00:00:00,1713744000000,7.139,7.583,7.089,7.466,5143305.97,1713830399999,True
2024-04-23 00:00:00,1713830400000,7.467,7.543,7.205,7.242,4802056.52,1713916799999,True
2024-04-24 00:00:00,1713916800000,7.243,7.5,6.857,6.931,6094306.22,1714003199999,True
2024-04-25 00:00:00,1714003200000,6.932,7.001,6.703,6.862,4296277.37,1714089599999,True
2024-04-26 00:00:00,1714089600000,6.863,6.951,6.714,6.764,4650325.63,1714175999999,True
2024-04-27 00:00:00,1714176000000,6.765,6.866,6.511,6.807,3888055.62,1714262399999,True
2024-04-28 00:00:00,1714262400000,6.808,6.951,6.69,6.728,2445507.2,1714348799999,True
2024-04-29 00:00:00,1714348800000,6.726,6.826,6.47,6.587,3658934.18,1714435199999,True
2024-04-30 00:00:00,1714435200000,6.588,6.669,6.04,6.425,7667235.19,1714521599999,True
2024-05-01 00:00:00,1714521600000,6.423,6.935,6.129,6.899,9928379.44,1714607999999,True
2024-05-02 00:00:00,1714608000000,6.9,7.409,6.694,7.273,5866303.67,1714694399999,True
2024-05-03 00:00:00,1714694400000,7.272,7.386,7.002,7.245,6917886.48,1714780799999,True
2024-05-04 00:00:00,1714780800000,7.244,7.28,7.105,7.122,3557671.87,1714867199999,True
2024-05-05 00:00:00,1714867200000,7.122,7.4,7.014,7.302,4163778.64,1714953599999,True
2024-05-06 00:00:00,1714953600000,7.303,7.473,7.06,7.121,4753151.15,1715039999999,True
2024-05-07 00:00:00,1715040000000,7.119,7.295,6.979,6.993,3682848.45,1715126399999,True
2024-05-08 00:00:00,1715126400000,6.992,7.189,6.893,6.983,3774626.84,1715212799999,True
2024-05-09 00:00:00,1715212800000,6.982,7.089,6.782,7.05,3379414.81,1715299199999,True
2024-05-10 00:00:00,1715299200000,7.049,7.149,6.69,6.746,4044018.42,1715385599999,True
2024-05-11 00:00:00,1715385600000,6.745,6.809,6.635,6.659,2377967.87,1715471999999,True
2024-05-12 00:00:00,1715472000000,6.659,6.793,6.586,6.617,1576234.91,1715558399999,True
2024-05-13 00:00:00,1715558400000,6.616,6.826,6.431,6.669,3606786.8,1715644799999,True
2024-05-14 00:00:00,1715644800000,6.671,6.698,6.469,6.485,2744202.98,1715731199999,True
2024-05-15 00:00:00,1715731200000,6.485,7.029,6.461,6.961,4442558.01,1715817599999,True
2024-05-16 00:00:00,1715817600000,6.961,7.066,6.812,7.025,3415709.35,1715903999999,True
2024-05-17 00:00:00,1715904000000,7.025,7.299,6.999,7.199,4256397.78,1715990399999,True
2024-05-18 00:00:00,1715990400000,7.198,7.232,7.063,7.157,1889934.65,1716076799999,True
2024-05-19 00:00:00,1716076800000,7.157,7.18,6.889,6.931,1874582.61,1716163199999,True
2024-05-20 00:00:00,1716163200000,6.93,7.584,6.851,7.575,4828245.07,1716249599999,True
2024-05-21 00:00:00,1716249600000,7.574,7.671,7.428,7.61,4957810.67,1716335999999,True
2024-05-22 00:00:00,1716336000000,7.609,7.701,7.38,7.467,4310060.98,1716422399999,True
2024-05-23 00:00:00,1716422400000,7.466,7.604,6.895,7.2,8045710.66,1716508799999,True
2024-05-24 00:00:00,1716508800000,7.199,7.386,7.017,7.244,3827983.04,1716595199999,True
2024-05-25 00:00:00,1716595200000,7.244,7.438,7.22,7.425,2016462.27,1716681599999,True
2024-05-26 00:00:00,1716681600000,7.426,7.64,7.367,7.557,2927564.39,1716767999999,True
2024-05-27 00:00:00,1716768000000,7.556,7.775,7.38,7.64,3611626.96,1716854399999,True
2024-05-28 00:00:00,1716854400000,7.64,7.667,7.277,7.37,4935005.61,1716940799999,True
2024-05-29 00:00:00,1716940800000,7.371,7.562,7.145,7.178,4221424.57,1717027199999,True
2024-05-30 00:00:00,1717027200000,7.178,7.243,6.923,6.998,4211075.5,1717113599999,True
2024-05-31 00:00:00,1717113600000,6.997,7.054,6.803,6.984,2478066.66,1717199999999,True
2024-06-01 00:00:00,1717200000000,6.984,7.135,6.959,7.062,1506527.64,1717286399999,True
2024-06-02 00:00:00,1717286400000,7.061,7.125,6.917,6.988,1812466.32,1717372799999,True
2024-06-03 00:00:00,1717372800000,6.989,7.191,6.932,7.009,3867604.77,1717459199999,True
2024-06-04 00:00:00,1717459200000,7.009,7.236,6.941,7.177,2889356.19,1717545599999,True
2024-06-05 00:00:00,1717545600000,7.178,7.298,7.148,7.251,2836358.18,1717631999999,True
2024-06-06 00:00:00,1717632000000,7.25,7.288,7.056,7.144,2433999.18,1717718399999,True
2024-06-07 00:00:00,1717718400000,7.145,7.291,6.053,6.659,8416185.59,1717804799999,True
2024-06-08 00:00:00,1717804800000,6.659,6.683,6.338,6.384,3615115.34,1717891199999,True
2024-06-09 00:00:00,1717891200000,6.384,6.54,6.375,6.527,2659717.39,1717977599999,True
2024-06-10 00:00:00,1717977600000,6.527,6.582,6.357,6.506,2942181.04,1718063999999,True
2024-06-11 00:00:00,1718064000000,6.506,6.527,6.217,6.378,5420734.07,1718150399999,True
2024-06-12 00:00:00,1718150400000,6.378,6.931,6.276,6.738,7033186.82,1718236799999,True
2024-06-13 00:00:00,1718236800000,6.737,6.743,6.336,6.359,3581239.76,1718323199999,True
2024-06-14 00:00:00,1718323200000,6.36,6.488,6.0,6.163,5069082.95,1718409599999,True
2024-06-15 00:00:00,1718409600000,6.162,6.258,6.109,6.223,1928449.76,1718495999999,True
2024-06-16 00:00:00,1718496000000,6.223,6.428,6.149,6.396,3423193.06,1718582399999,True
2024-06-17 00:00:00,1718582400000,6.397,6.418,5.987,6.069,4149733.54,1718668799999,True
2024-06-18 00:00:00,1718668800000,6.069,6.089,5.46,5.771,10700166.19,1718755199999,True
2024-06-19 00:00:00,1718755200000,5.771,5.993,5.73,5.799,4114058.81,1718841599999,True
2024-06-20 00:00:00,1718841600000,5.798,5.972,5.6,5.642,3352117.74,1718927999999,True
2024-06-21 00:00:00,1718928000000,5.643,5.737,5.549,5.611,3503011.61,1719014399999,True
2024-06-22 00:00:00,1719014400000,5.612,5.805,5.541,5.751,2939866.91,1719100799999,True
2024-06-23 00:00:00,1719100800000,5.752,5.83,5.587,5.652,1702329.17,1719187199999,True
2024-06-24 00:00:00,1719187200000,5.651,5.74,5.389,5.729,5455119.88,1719273599999,True
2024-06-25 00:00:00,1719273600000,5.727,5.976,5.705,5.842,3888721.25,1719359999999,True
2024-06-26 00:00:00,1719360000000,5.841,5.949,5.757,5.799,2681962.98,1719446399999,True
2024-06-27 00:00:00,1719446400000,5.799,6.38,5.706,6.287,6316840.04,1719532799999,True
2024-06-28 00:00:00,1719532800000,6.286,6.442,6.159,6.19,3765151.4,1719619199999,True
2024-06-29 00:00:00,1719619200000,6.189,6.305,6.063,6.08,1478576.61,1719705599999,True
2024-06-30 00:00:00,1719705600000,6.08,6.26,6.023,6.215,1831777.53,1719791999999,True
2024-07-01 00:00:00,1719792000000,6.216,6.45,6.195,6.329,3174108.21,1719878399999,True
2024-07-02 00:00:00,1719878400000,6.33,6.611,6.314,6.531,5472083.79,1719964799999,True
2024-07-03 00:00:00,1719964800000,6.531,6.545,5.998,6.081,4570764.83,1720051199999,True
2024-07-04 00:00:00,1720051200000,6.082,6.134,5.539,5.556,6705156.48,1720137599999,True
2024-07-05 00:00:00,1720137600000,5.556,5.918,4.915,5.687,20535452.4,1720223999999,True
2024-07-06 00:00:00,1720224000000,5.686,6.312,5.631,6.24,11542351.46,1720310399999,True
2024-07-07 00:00:00,1720310400000,6.24,6.313,5.882,5.911,5276684.6,1720396799999,True
2024-07-08 00:00:00,1720396800000,5.909,6.293,5.695,5.944,6138945.03,1720483199999,True
2024-07-09 00:00:00,1720483200000,5.943,6.2,5.84,6.117,4353640.81,1720569599999,True
2024-07-10 00:00:00,1720569600000,6.117,6.26,6.05,6.097,4110238.98,1720655999999,True
2024-07-11 00:00:00,1720656000000,6.096,6.248,5.895,5.903,2350422.86,1720742399999,True
2024-07-12 00:00:00,1720742400000,5.902,6.104,5.801,6.103,2711128.45,1720828799999,True
2024-07-13 00:00:00,1720828800000,6.102,6.306,6.074,6.232,2003082.88,1720915199999,True
2024-07-14 00:00:00,1720915200000,6.233,6.357,6.159,6.32,2826709.6,1721001599999,True
2024-07-15 00:00:00,1721001600000,6.32,6.543,6.295,6.484,5049392.8,1721087999999,True
2024-07-16 00:00:00,1721088000000,6.486,6.513,6.126,6.337,4558393.8,1721174399999,True
2024-07-17 00:00:00,1721174400000,6.335,6.535,6.246,6.255,3182801.28,1721260799999,True
2024-07-18 00:00:00,1721260800000,6.254,6.407,6.02,6.093,3370663.16,1721347199999,True
2024-07-19 00:00:00,1721347200000,6.092,6.48,5.978,6.338,2757057.53,1721433599999,True
2024-07-20 00:00:00,1721433600000,6.337,6.397,6.224,6.333,1720991.41,1721519999999,True
2024-07-21 00:00:00,1721520000000,6.332,6.445,6.1,6.43,2339766.13,1721606399999,True
2024-07-22 00:00:00,1721606400000,6.43,6.476,6.08,6.096,2585309.02,1721692799999,True
2024-07-23 00:00:00,1721692800000,6.095,6.165,5.799,5.917,2986487.42,1721779199999,True
2024-07-24 00:00:00,1721779200000,5.917,5.997,5.654,5.748,2358741.13,1721865599999,True
2024-07-25 00:00:00,1721865600000,5.747,5.779,5.54,5.755,2972357.49,1721951999999,True
2024-07-26 00:00:00,1721952000000,5.755,5.891,5.726,5.867,2528303.82,1722038399999,True
2024-07-27 00:00:00,1722038400000,5.867,5.942,5.715,5.825,2061613.39,1722124799999,True
2024-07-28 00:00:00,1722124800000,5.825,5.844,5.67,5.718,1204090.29,1722211199999,True
2024-07-29 00:00:00,1722211200000,5.72,5.88,5.622,5.649,2552750.24,1722297599999,True
2024-07-30 00:00:00,1722297600000,5.65,5.726,5.481,5.519,1921244.42,1722383999999,True
2024-07-31 00:00:00,1722384000000,5.519,5.559,5.335,5.389,2644241.77,1722470399999,True
2024-08-01 00:00:00,1722470400000,5.389,5.422,5.026,5.34,4408677.71,1722556799999,True
2024-08-02 00:00:00,1722556800000,5.341,5.369,5.0,5.122,3554684.74,1722643199999,True
2024-08-03 00:00:00,1722643200000,5.123,5.209,4.854,5.045,3126943.96,1722729599999,True
2024-08-04 00:00:00,1722729600000,5.044,5.097,4.534,4.688,4876624.24,1722815999999,True
2024-08-05 00:00:00,1722816000000,4.688,4.726,3.59,4.2,21997702.93,1722902399999,True
2024-08-06 00:00:00,1722902400000,4.199,4.604,4.194,4.509,5497287.59,1722988799999,True
2024-08-07 00:00:00,1722988800000,4.509,4.641,4.403,4.579,5243270.78,1723075199999,True
2024-08-08 00:00:00,1723075200000,4.579,4.904,4.48,4.879,4847719.81,1723161599999,True
2024-08-09 00:00:00,1723161600000,4.879,4.924,4.73,4.783,2737150.09,1723247999999,True
2024-08-10 00:00:00,1723248000000,4.783,4.832,4.723,4.754,1189116.19,1723334399999,True
2024-08-11 00:00:00,1723334400000,4.753,4.829,4.466,4.495,1800885.03,1723420799999,True
2024-08-12 00:00:00,1723420800000,4.495,4.68,4.45,4.588,2055574.69,1723507199999,True
2024-08-13 00:00:00,1723507200000,4.587,4.65,4.398,4.547,2199766.63,1723593599999,True
2024-08-14 00:00:00,1723593600000,4.546,4.554,4.343,4.383,2361315.25,1723679999999,True
2024-08-15 00:00:00,1723680000000,4.383,4.481,4.227,4.277,2334737.9,1723766399999,True
2024-08-16 00:00:00,1723766400000,4.278,4.387,4.211,4.292,1920753.49,1723852799999,True
2024-08-17 00:00:00,1723852800000,4.293,4.384,4.275,4.369,859646.82,1723939199999,True
2024-08-18 00:00:00,1723939200000,4.37,4.529,4.346,4.39,2034044.35,1724025599999,True
2024-08-19 00:00:00,1724025600000,4.391,4.504,4.344,4.481,1876212.07,1724111999999,True
2024-08-20 00:00:00,1724112000000,4.481,4.604,4.455,4.524,2015995.76,1724198399999,True
2024-08-21 00:00:00,1724198400000,4.524,4.749,4.492,4.663,2872074.59,1724284799999,True
2024-08-22 00:00:00,1724284800000,4.664,4.72,4.591,4.689,3039748.99,1724371199999,True
2024-08-23 00:00:00,1724371200000,4.69,4.953,4.684,4.891,3604290.98,1724457599999,True
2024-08-24 00:00:00,1724457600000,4.892,5.1,4.845,4.981,3274573.09,1724543999999,True
2024-08-25 00:00:00,1724544000000,4.982,4.995,4.744,4.819,3038021.47,1724630399999,True
2024-08-26 00:00:00,1724630400000,4.823,4.866,4.53,4.558,2919726.61,1724716799999,True
2024-08-27 00:00:00,1724716800000,4.557,4.658,4.24,4.378,4020085.47,1724803199999,True
2024-08-28 00:00:00,1724803200000,4.378,4.453,4.165,4.254,3363625.7,1724889599999,True
2024-08-29 00:00:00,1724889600000,4.255,4.403,4.179,4.252,2528160.83,1724975999999,True
2024-08-30 00:00:00,1724976000000,4.252,4.335,4.101,4.277,2493943.55,1725062399999,True
2024-08-31 00:00:00,1725062400000,4.277,4.318,4.218,4.258,1087944.03,1725148799999,True
2024-09-01 00:00:00,1725148800000,4.259,4.259,4.032,4.068,2516218.02,1725235199999,True
2024-09-02 00:00:00,1725235200000,4.068,4.234,4.051,4.208,2199151.08,1725321599999,True
2024-09-03 00:00:00,1725321600000,4.209,4.285,4.056,4.062,2045219.35,1725407999999,True
2024-09-04 00:00:00,1725408000000,4.063,4.197,3.868,4.111,4271469.46,1725494399999,True
2024-09-05 00:00:00,1725494400000,4.111,4.127,3.973,4.021,1907467.81,1725580799999,True
2024-09-06 00:00:00,1725580800000,4.022,4.096,3.818,3.959,3968575.54,1725667199999,True
2024-09-07 00:00:00,1725667200000,3.96,4.133,3.935,4.079,1686608.94,1725753599999,True
2024-09-08 00:00:00,1725753600000,4.08,4.208,4.059,4.161,1503933.15,1725839999999,True
2024-09-09 00:00:00,1725840000000,4.162,4.341,4.111,4.286,2798131.43,1725926399999,True
2024-09-10 00:00:00,1725926400000,4.286,4.289,4.197,4.251,1848659.47,1726012799999,True
2024-09-11 00:00:00,1726012800000,4.25,4.257,4.058,4.191,2947171.99,1726099199999,True
2024-09-12 00:00:00,1726099200000,4.192,4.3,4.189,4.294,2205112.48,1726185599999,True
2024-09-13 00:00:00,1726185600000,4.294,4.472,4.27,4.42,3251739.87,1726271999999,True
2024-09-14 00:00:00,1726272000000,4.42,4.445,4.344,4.437,1857961.23,1726358399999,True
2024-09-15 00:00:00,1726358400000,4.437,4.558,4.355,4.393,2920077.53,1726444799999,True
2024-09-16 00:00:00,1726444800000,4.393,4.393,4.148,4.196,3152928.3,1726531199999,True
2024-09-17 00:00:00,1726531200000,4.195,4.288,4.127,4.157,3322360.31,1726617599999,True
2024-09-18 00:00:00,1726617600000,4.158,4.178,3.973,4.176,4814848.56,1726703999999,True
2024-09-19 00:00:00,1726704000000,4.177,4.352,4.177,4.255,4658192.56,1726790399999,True
2024-09-20 00:00:00,1726790400000,4.255,4.404,4.19,4.34,4540903.46,1726876799999,True
2024-09-21 00:00:00,1726876800000,4.339,4.477,4.282,4.462,2465166.54,1726963199999,True
2024-09-22 00:00:00,1726963200000,4.46,4.483,4.234,4.311,2410272.28,1727049599999,True
2024-09-23 00:00:00,1727049600000,4.31,4.462,4.233,4.458,3549403.67,1727135999999,True
2024-09-24 00:00:00,1727136000000,4.458,4.684,4.401,4.635,4816662.23,1727222399999,True
2024-09-25 00:00:00,1727222400000,4.636,4.773,4.59,4.637,3965799.79,1727308799999,True
2024-09-26 00:00:00,1727308800000,4.637,4.878,4.564,4.814,3813731.87,1727395199999,True
2024-09-27 00:00:00,1727395200000,4.814,4.964,4.809,4.882,4302233.12,1727481599999,True
2024-09-28 00:00:00,1727481600000,4.883,4.93,4.746,4.794,2346081.15,1727567999999,True
2024-09-29 00:00:00,1727568000000,4.794,4.858,4.682,4.767,2288995.53,1727654399999,True
2024-09-30 00:00:00,1727654400000,4.767,4.771,4.399,4.432,4303691.53,1727740799999,True
2024-10-01 00:00:00,1727740800000,4.432,4.563,4.051,4.154,8519076.94,1727827199999,True
2024-10-02 00:00:00,1727827200000,4.154,4.27,4.004,4.102,4868593.35,1727913599999,True
2024-10-03 00:00:00,1727913600000,4.102,4.173,3.989,4.129,4867140.66,1727999999999,True
2024-10-04 00:00:00,1728000000000,4.129,4.212,4.106,4.194,3025511.57,1728086399999,True
2024-10-05 00:00:00,1728086400000,4.194,4.234,4.075,4.139,1785207.19,1728172799999,True
2024-10-06 00:00:00,1728172800000,4.139,4.195,4.097,4.191,1577602.61,1728259199999,True
2024-10-07 00:00:00,1728259200000,4.19,4.272,4.126,4.131,3779052.3,1728345599999,True
2024-10-08 00:00:00,1728345600000,4.13,4.184,4.045,4.104,3238080.04,1728431999999,True
2024-10-09 00:00:00,1728432000000,4.105,4.15,3.951,4.024,3076173.21,1728518399999,True
2024-10-10 00:00:00,1728518400000,4.024,4.077,3.962,4.073,2490257.83,1728604799999,True
2024-10-11 00:00:00,1728604800000,4.073,4.196,4.053,4.171,2347729.65,1728691199999,True
2024-10-12 00:00:00,1728691200000,4.172,4.263,4.152,4.205,2311858.57,1728777599999,True
2024-10-13 00:00:00,1728777600000,4.205,4.216,4.086,4.162,1965193.65,1728863999999,True
2024-10-14 00:00:00,1728864000000,4.163,4.4,4.134,4.378,4101366.34,1728950399999,True
2024-10-15 00:00:00,1728950400000,4.379,4.535,4.291,4.406,6569159.09,1729036799999,True
2024-10-16 00:00:00,1729036800000,4.407,4.411,4.287,4.314,3164327.04,1729123199999,True
2024-10-17 00:00:00,1729123200000,4.313,4.35,4.146,4.193,2710997.96,1729209599999,True
2024-10-18 00:00:00,1729209600000,4.193,4.312,4.173,4.31,2869979.62,1729295999999,True
2024-10-19 00:00:00,1729296000000,4.311,4.483,4.31,4.432,3363117.5,1729382399999,True
2024-10-20 00:00:00,1729382400000,4.433,4.594,4.357,4.579,3366066.45,1729468799999,True
2024-10-21 00:00:00,1729468800000,4.578,4.615,4.334,4.377,3629142.83,1729555199999,True
2024-10-22 00:00:00,1729555200000,4.378,4.437,4.271,4.322,3090937.0,1729641599999,True
2024-10-23 00:00:00,1729641600000,4.324,4.332,4.104,4.21,3130845.0,1729727999999,True
2024-10-24 00:00:00,1729728000000,4.21,4.26,4.143,4.206,3252270.96,1729814399999,True
2024-10-25 00:00:00,1729814400000,4.206,4.22,3.848,3.996,5549275.62,1729900799999,True
2024-10-26 00:00:00,1729900800000,3.996,4.061,3.943,4.035,3482001.47,1729987199999,True
2024-10-27 00:00:00,1729987200000,4.036,4.136,4.007,4.128,2787235.2,1730073599999,True
2024-10-28 00:00:00,1730073600000,4.129,4.226,4.004,4.132,5064133.38,1730159999999,True
2024-10-29 00:00:00,1730160000000,4.133,4.251,4.119,4.193,5447880.2,1730246399999,True
2024-10-30 00:00:00,1730246400000,4.193,4.218,4.119,4.191,4299714.15,1730332799999,True
2024-10-31 00:00:00,1730332800000,4.192,4.215,3.901,3.959,6741494.0,1730419199999,True
2024-11-01 00:00:00,1730419200000,3.959,3.996,3.845,3.908,5578717.23,1730505599999,True
2024-11-02 00:00:00,1730505600000,3.908,3.949,3.823,3.908,3320709.06,1730591999999,True
2024-11-03 00:00:00,1730592000000,3.908,3.931,3.665,3.784,6064734.41,1730678399999,True
2024-11-04 00:00:00,1730678400000,3.786,3.839,3.679,3.752,3353577.29,1730764799999,True
2024-11-05 00:00:00,1730764800000,3.751,3.919,3.746,3.855,3347876.96,1730851199999,True
2024-11-06 00:00:00,1730851200000,3.856,4.13,3.855,4.111,9391141.87,1730937599999,True
2024-11-07 00:00:00,1730937600000,4.111,4.199,4.045,4.163,7086769.64,1731023999999,True
2024-11-08 00:00:00,1731024000000,4.164,4.392,4.116,4.325,11448594.98,1731110399999,True
2024-11-09 00:00:00,1731110400000,4.324,4.641,4.262,4.63,8503678.87,1731196799999,True
2024-11-10 00:00:00,1731196800000,4.632,5.478,4.582,5.241,35504372.79,1731283199999,True
2024-11-11 00:00:00,1731283200000,5.242,5.786,4.972,5.71,21631063.61,1731369599999,True
2024-11-12 00:00:00,1731369600000,5.71,5.839,5.116,5.308,26930359.43,1731455999999,True
2024-11-13 00:00:00,1731456000000,5.309,5.429,4.908,5.073,20191236.54,1731542399999,True
2024-11-14 00:00:00,1731542400000,5.072,5.216,4.686,4.775,13094082.94,1731628799999,True
2024-11-15 00:00:00,1731628800000,4.777,5.174,4.704,5.161,10257406.37,1731715199999,True
2024-11-16 00:00:00,1731715200000,5.16,5.803,5.132,5.787,17564833.99,1731801599999,True
2024-11-17 00:00:00,1731801600000,5.786,6.147,5.304,5.424,18374242.79,1731887999999,True
2024-11-18 00:00:00,1731888000000,5.425,6.1,5.392,6.008,16117811.2,1731974399999,True
2024-11-19 00:00:00,1731974400000,6.008,6.044,5.659,5.805,9028491.8,1732060799999,True
2024-11-20 00:00:00,1732060800000,5.805,6.08,5.532,5.724,13729161.22,1732147199999,True
2024-11-21 00:00:00,1732147200000,5.724,5.968,5.473,5.93,13681255.17,1732233599999,True
2024-11-22 00:00:00,1732233600000,5.932,6.687,5.878,6.63,21148336.67,1732319999999,True
2024-11-23 00:00:00,1732320000000,6.631,9.432,6.585,8.515,60359355.47,1732406399999,True
2024-11-24 00:00:00,1732406400000,8.515,10.5,8.042,8.825,55980685.72,1732492799999,True
2024-11-25 00:00:00,1732492800000,8.824,9.359,8.11,8.232,23515306.26,1732579199999,True
2024-11-26 00:00:00,1732579200000,8.231,8.468,7.55,8.065,20294174.75,1732665599999,True
2024-11-27 00:00:00,1732665600000,8.065,8.568,7.842,8.456,15952780.89,1732751999999,True
2024-11-28 00:00:00,1732752000000,8.457,8.752,8.002,8.615,12382641.04,1732838399999,True
2024-11-29 00:00:00,1732838400000,8.615,9.076,8.44,9.026,16424896.92,1732924799999,True
2024-11-30 00:00:00,1732924800000,9.027,9.224,8.604,8.945,18065505.49,1733011199999,True
2024-12-01 00:00:00,1733011200000,8.945,9.388,8.696,9.289,14685246.0,1733097599999,True
2024-12-02 00:00:00,1733097600000,9.291,10.198,8.455,10.011,30869602.68,1733183999999,True
2024-12-03 00:00:00,1733184000000,10.011,10.39,9.055,9.78,30261037.54,1733270399999,True
2024-12-04 00:00:00,1733270400000,9.781,11.649,9.663,10.512,40288736.88,1733356799999,True
2024-12-05 00:00:00,1733356800000,10.513,11.233,9.895,10.369,25573286.13,1733443199999,True
2024-12-06 00:00:00,1733443200000,10.37,10.887,10.011,10.673,16867235.82,1733529599999,True
2024-12-07 00:00:00,1733529600000,10.673,10.928,10.306,10.592,11608605.32,1733615999999,True
2024-12-08 00:00:00,1733616000000,10.592,10.8,10.1,10.392,9936977.11,1733702399999,True
2024-12-09 00:00:00,1733702400000,10.393,10.397,7.5,8.468,30556061.58,1733788799999,True
2024-12-10 00:00:00,1733788800000,8.468,8.718,7.59,8.395,23727142.47,1733875199999,True
2024-12-11 00:00:00,1733875200000,8.394,9.269,8.023,8.993,16541944.16,1733961599999,True
2024-12-12 00:00:00,1733961600000,8.993,9.669,8.911,9.061,17978417.97,1734047999999,True
2024-12-13 00:00:00,1734048000000,9.062,9.234,8.772,9.089,11250987.35,1734134399999,True
2024-12-14 00:00:00,1734134400000,9.088,9.212,8.347,8.551,10546490.88,1734220799999,True
2024-12-15 00:00:00,1734220800000,8.553,9.264,8.367,9.028,12168923.08,1734307199999,True
2024-12-16 00:00:00,1734307200000,9.028,9.204,8.587,8.756,11767882.69,1734393599999,True
2024-12-17 00:00:00,1734393600000,8.756,8.972,8.379,8.487,9689503.83,1734479999999,True
2024-12-18 00:00:00,1734480000000,8.49,8.545,7.563,7.679,14284782.32,1734566399999,True
2024-12-19 00:00:00,1734566400000,7.679,7.802,6.76,6.941,22054262.66,1734652799999,True
2024-12-20 00:00:00,1734652800000,6.942,7.36,6.01,7.29,23182838.78,1734739199999,True
2024-12-21 00:00:00,1734739200000,7.291,7.802,6.836,6.973,12411891.98,1734825599999,True
2024-12-22 00:00:00,1734825600000,6.976,7.27,6.682,6.842,8776666.68,1734911999999,True
2024-12-23 00:00:00,1734912000000,6.844,7.572,6.654,7.385,10441949.73,1734998399999,True
2024-12-24 00:00:00,1734998400000,7.384,7.64,7.154,7.552,7945555.67,1735084799999,True
2024-12-25 00:00:00,1735084800000,7.551,7.678,7.353,7.502,5305255.63,1735171199999,True
2024-12-26 00:00:00,1735171200000,7.502,7.592,6.881,6.932,5952209.03,1735257599999,True
2024-12-27 00:00:00,1735257600000,6.933,7.312,6.815,6.91,6318307.4,1735343999999,True
2024-12-28 00:00:00,1735344000000,6.912,7.184,6.792,7.113,4219904.23,1735430399999,True
2024-12-29 00:00:00,1735430400000,7.114,7.152,6.81,6.865,3618120.74,1735516799999,True
2024-12-30 00:00:00,1735516800000,6.867,7.109,6.537,6.704,6758873.72,1735603199999,True
2024-12-31 00:00:00,1735603200000,6.706,6.929,6.565,6.643,4270052.58,1735689599999,True
2025-01-01 00:00:00,1735689600000,6.642,7.141,6.52,7.051,4854650.19,1735775999999,True
2025-01-02 00:00:00,1735776000000,7.052,7.36,7.051,7.177,5662998.77,1735862399999,True
2025-01-03 00:00:00,1735862400000,7.179,8.044,7.135,7.754,10892070.17,1735948799999,True
2025-01-04 00:00:00,1735948800000,7.753,7.882,7.604,7.677,5399719.09,1736035199999,True
2025-01-05 00:00:00,1736035200000,7.678,7.735,7.46,7.671,3864962.36,1736121599999,True
2025-01-06 00:00:00,1736121600000,7.672,7.988,7.54,7.768,7081416.98,1736207999999,True
2025-01-07 00:00:00,1736208000000,7.77,7.888,7.006,7.014,12003377.11,1736294399999,True
2025-01-08 00:00:00,1736294400000,7.013,7.136,6.421,6.76,12158592.89,1736380799999,True
2025-01-09 00:00:00,1736380800000,6.759,6.847,6.454,6.559,7236598.9,1736467199999,True
2025-01-10 00:00:00,1736467200000,6.558,6.81,6.482,6.732,6645927.74,1736553599999,True
2025-01-11 00:00:00,1736553600000,6.731,6.878,6.582,6.742,3109598.81,1736639999999,True
2025-01-12 00:00:00,1736640000000,6.741,6.817,6.542,6.632,2241615.84,1736726399999,True
2025-01-13 00:00:00,1736726400000,6.632,6.808,6.0,6.396,10199678.51,1736812799999,True
2025-01-14 00:00:00,1736812800000,6.397,6.69,6.367,6.665,5174378.72,1736899199999,True
2025-01-15 00:00:00,1736899200000,6.668,7.196,6.558,7.165,9177823.38,1736985599999,True
2025-01-16 00:00:00,1736985600000,7.166,7.393,6.847,7.15,10781374.02,1737071999999,True
2025-01-17 00:00:00,1737072000000,7.154,7.6,7.152,7.503,8017976.75,1737158399999,True
2025-01-18 00:00:00,1737158400000,7.504,7.589,6.839,7.043,8528830.03,1737244799999,True
2025-01-19 00:00:00,1737244800000,7.043,7.237,6.11,6.247,18463335.53,1737331199999,True
2025-01-20 00:00:00,1737331200000,6.246,7.109,6.054,6.381,21982145.76,1737417599999,True
2025-01-21 00:00:00,1737417600000,6.381,6.845,6.155,6.622,8255422.94,1737503999999,True
2025-01-22 00:00:00,1737504000000,6.623,6.696,6.412,6.447,4674155.01,1737590399999,True
2025-01-23 00:00:00,1737590400000,6.447,6.503,6.191,6.351,6958597.48,1737676799999,True
2025-01-24 00:00:00,1737676800000,6.351,6.546,6.203,6.32,4639656.86,1737763199999,True
2025-01-25 00:00:00,1737763200000,6.319,6.41,6.246,6.323,3418652.69,1737849599999,True
2025-01-26 00:00:00,1737849600000,6.323,6.47,6.166,6.177,3801099.68,1737935999999,True
2025-01-27 00:00:00,1737936000000,6.176,6.212,5.485,5.953,12932411.15,1738022399999,True
2025-01-28 00:00:00,1738022400000,5.953,6.037,5.6,5.649,5048053.65,1738108799999,True
2025-01-29 00:00:00,1738108800000,5.648,5.881,5.544,5.768,6047240.35,1738195199999,True
2025-01-30 00:00:00,1738195200000,5.767,6.257,5.722,6.125,5322849.22,1738281599999,True
2025-01-31 00:00:00,1738281600000,6.125,6.499,6.029,6.321,8668790.29,1738367999999,True
2025-02-01 00:00:00,1738368000000,6.322,6.492,5.861,5.905,6999151.58,1738454399999,True
2025-02-02 00:00:00,1738454400000,5.906,6.048,4.863,5.153,17423977.29,1738540799999,True
2025-02-03 00:00:00,1738540800000,5.155,5.28,3.78,5.176,44336682.05,1738627199999,True
2025-02-04 00:00:00,1738627200000,5.177,5.229,4.581,4.742,16164176.0,1738713599999,True
2025-02-05 00:00:00,1738713600000,4.743,4.865,4.628,4.689,6698304.03,1738799999999,True
2025-02-06 00:00:00,1738800000000,4.689,4.838,4.441,4.49,6626961.02,1738886399999,True
2025-02-07 00:00:00,1738886400000,4.49,4.938,4.459,4.593,9796463.72,1738972799999,True
2025-02-08 00:00:00,1738972800000,4.594,4.765,4.499,4.745,4650038.29,1739059199999,True
2025-02-09 00:00:00,1739059200000,4.745,4.878,4.511,4.762,7038964.34,1739145599999,True
2025-02-10 00:00:00,1739145600000,4.763,4.92,4.608,4.845,7055381.19,1739231999999,True
2025-02-11 00:00:00,1739232000000,4.846,5.21,4.749,4.809,9664290.61,1739318399999,True
2025-02-12 00:00:00,1739318400000,4.809,5.332,4.752,5.227,15217967.69,1739404799999,True
2025-02-13 00:00:00,1739404800000,5.228,5.277,5.067,5.131,6378691.02,1739491199999,True
2025-02-14 00:00:00,1739491200000,5.132,5.378,5.1,5.17,6591725.25,1739577599999,True
2025-02-15 00:00:00,1739577600000,5.17,5.22,4.976,5.022,4188333.3,1739663999999,True
2025-02-16 00:00:00,1739664000000,5.022,5.047,4.826,4.88,3661323.85,1739750399999,True
2025-02-17 00:00:00,1739750400000,4.88,5.07,4.776,4.89,6062988.09,1739836799999,True
2025-02-18 00:00:00,1739836800000,4.89,4.918,4.56,4.769,7479844.27,1739923199999,True
2025-02-19 00:00:00,1739923200000,4.77,4.908,4.699,4.886,4658637.52,1740009599999,True
2025-02-20 00:00:00,1740009600000,4.886,5.069,4.881,5.047,6201014.48,1740095999999,True
2025-02-21 00:00:00,1740096000000,5.047,5.339,4.952,5.061,11452215.06,1740182399999,True
2025-02-22 00:00:00,1740182400000,5.062,5.216,5.025,5.043,5842036.36,1740268799999,True
2025-02-23 00:00:00,1740268800000,5.043,5.135,4.905,4.953,3679542.01,1740355199999,True
2025-02-24 00:00:00,1740355200000,4.953,4.981,4.336,4.416,9862579.39,1740441599999,True
2025-02-25 00:00:00,1740441600000,4.416,4.758,4.138,4.64,19174046.17,1740527999999,True
2025-02-26 00:00:00,1740528000000,4.64,4.931,4.591,4.754,12186062.66,1740614399999,True
2025-02-27 00:00:00,1740614400000,4.755,5.183,4.714,4.934,13238904.52,1740700799999,True
2025-02-28 00:00:00,1740700800000,4.934,4.935,4.454,4.712,14950436.65,1740787199999,True
2025-03-01 00:00:00,1740787200000,4.713,4.819,4.525,4.664,6300022.18,1740873599999,True
2025-03-02 00:00:00,1740873600000,4.663,5.23,4.568,5.205,14370599.81,1740959999999,True
2025-03-03 00:00:00,1740960000000,5.205,5.25,4.435,4.473,14498771.22,1741046399999,True
2025-03-04 00:00:00,1741046400000,4.474,4.515,4.017,4.33,16361521.68,1741132799999,True
2025-03-05 00:00:00,1741132800000,4.33,4.549,4.278,4.526,7554050.49,1741219199999,True
2025-03-06 00:00:00,1741219200000,4.525,4.664,4.343,4.431,7174387.38,1741305599999,True
2025-03-07 00:00:00,1741305600000,4.431,4.677,4.213,4.413,12234991.06,1741391999999,True
2025-03-08 00:00:00,1741392000000,4.412,4.446,4.26,4.289,4166889.83,1741478399999,True
2025-03-09 00:00:00,1741478400000,4.289,4.353,3.978,4.019,8567666.17,1741564799999,True
2025-03-10 00:00:00,1741564800000,4.019,4.285,3.775,3.868,11244883.73,1741651199999,True
2025-03-11 00:00:00,1741651200000,3.87,4.123,3.65,4.042,11221604.68,1741737599999,True
2025-03-12 00:00:00,1741737600000,4.044,4.097,3.847,3.968,9411906.66,1741823999999,True
2025-03-13 00:00:00,1741824000000,3.968,4.109,3.826,3.981,7535359.95,1741910399999,True
2025-03-14 00:00:00,1741910400000,3.98,4.228,3.969,4.187,7564082.21,1741996799999,True
2025-03-15 00:00:00,1741996800000,4.187,4.429,4.186,4.349,4603294.28,1742083199999,True
2025-03-16 00:00:00,1742083200000,4.35,4.366,4.183,4.298,4860914.03,1742169599999,True
2025-03-17 00:00:00,1742169600000,4.298,4.468,4.298,4.37,4964214.66,1742255999999,True
2025-03-18 00:00:00,1742256000000,4.372,4.487,4.232,4.45,4943541.34,1742342399999,True
2025-03-19 00:00:00,1742342400000,4.45,4.596,4.438,4.538,7492558.96,1742428799999,True
2025-03-20 00:00:00,1742428800000,4.538,4.567,4.327,4.399,4472127.93,1742515199999,True
2025-03-21 00:00:00,1742515200000,4.4,4.586,4.378,4.499,5759787.32,1742601599999,True
2025-03-22 00:00:00,1742601600000,4.5,4.547,4.415,4.446,3327416.15,1742687999999,True
2025-03-23 00:00:00,1742688000000,4.446,4.518,4.4,4.502,2678878.36,1742774399999,True
2025-03-24 00:00:00,1742774400000,4.503,4.773,4.469,4.62,5907545.08,1742860799999,True
2025-03-25 00:00:00,1742860800000,4.62,4.721,4.582,4.637,3866173.71,1742947199999,True
2025-03-26 00:00:00,1742947200000,4.637,4.767,4.596,4.694,5629934.83,1743033599999,True
2025-03-27 00:00:00,1743033600000,4.695,4.759,4.495,4.625,5678166.73,1743119999999,True
2025-03-28 00:00:00,1743120000000,4.623,4.646,4.242,4.282,5665177.03,1743206399999,True
2025-03-29 00:00:00,1743206400000,4.282,4.304,3.996,4.05,4478918.92,1743292799999,True
2025-03-30 00:00:00,1743292800000,4.05,4.173,3.985,4.042,3302917.68,1743379199999,True
2025-03-31 00:00:00,1743379200000,4.043,4.093,3.949,4.02,4622562.33,1743465599999,True
2025-04-01 00:00:00,1743465600000,4.021,4.282,4.015,4.171,4417348.85,1743551999999,True
2025-04-02 00:00:00,1743552000000,4.171,4.24,3.911,3.965,6989787.29,1743638399999,True
2025-04-03 00:00:00,1743638400000,3.965,4.111,3.845,4.059,5063977.24,1743724799999,True
2025-04-04 00:00:00,1743724800000,4.06,4.131,3.946,4.035,4789003.5,1743811199999,True
2025-04-05 00:00:00,1743811200000,4.034,4.069,3.897,3.956,2096452.45,1743897599999,True
2025-04-06 00:00:00,1743897600000,3.955,3.976,3.601,3.683,6022544.15,1743983999999,True
2025-04-07 00:00:00,1743984000000,3.685,3.735,3.282,3.593,15127726.43,1744070399999,True
2025-04-08 00:00:00,1744070400000,3.592,3.706,3.342,3.378,5407861.13,1744156799999,True
2025-04-09 00:00:00,1744156800000,3.377,3.753,3.25,3.643,11027926.38,1744243199999,True
2025-04-10 00:00:00,1744243200000,3.643,3.65,3.389,3.463,7342100.4,1744329599999,True
2025-04-11 00:00:00,1744329600000,3.462,3.599,3.45,3.557,5169131.93,1744415999999,True
2025-04-12 00:00:00,1744416000000,3.558,3.756,3.525,3.713,4420760.89,1744502399999,True
2025-04-13 00:00:00,1744502400000,3.713,3.816,3.615,3.668,6619352.13,1744588799999,True
2025-04-14 00:00:00,1744588800000,3.669,3.798,3.633,3.677,5218014.54,1744675199999,True
2025-04-15 00:00:00,1744675200000,3.676,3.735,3.516,3.519,4692519.65,1744761599999,True
2025-04-16 00:00:00,1744761600000,3.519,3.619,3.469,3.557,4278941.46,1744847999999,True
2025-04-17 00:00:00,1744848000000,3.557,3.698,3.54,3.634,3658951.76,1744934399999,True
2025-04-18 00:00:00,1744934400000,3.636,3.748,3.613,3.675,2261720.31,1745020799999,True
2025-04-19 00:00:00,1745020800000,3.675,3.892,3.645,3.88,2997616.3,1745107199999,True
2025-04-20 00:00:00,1745107200000,3.88,3.952,3.787,3.878,3877366.27,1745193599999,True
2025-04-21 00:00:00,1745193600000,3.879,3.982,3.771,3.78,4698554.41,1745279999999,True
2025-04-22 00:00:00,1745280000000,3.78,4.04,3.689,4.007,7580714.41,1745366399999,True
2025-04-23 00:00:00,1745366400000,4.008,4.198,3.999,4.093,7854197.12,1745452799999,True
2025-04-24 00:00:00,1745452800000,4.093,4.286,3.929,4.269,6601559.83,1745539199999,True
2025-04-25 00:00:00,1745539200000,4.268,4.374,4.215,4.254,6676283.69,1745625599999,True
2025-04-26 00:00:00,1745625600000,4.254,4.362,4.201,4.263,4527685.25,1745711999999,True
2025-04-27 00:00:00,1745712000000,4.264,4.291,4.056,4.09,5800570.8,1745798399999,True
2025-04-28 00:00:00,1745798400000,4.09,4.267,4.009,4.242,5819426.05,1745884799999,True
2025-04-29 00:00:00,1745884800000,4.242,4.33,4.101,4.147,3884592.85,1745971199999,True
2025-04-30 00:00:00,1745971200000,4.146,4.175,4.026,4.065,4199576.05,1746057599999,True
2025-05-01 00:00:00,1746057600000,4.066,4.224,4.064,4.177,3925860.31,1746143999999,True
2025-05-02 00:00:00,1746144000000,4.177,4.287,4.126,4.161,3231292.82,1746230399999,True
2025-05-03 00:00:00,1746230400000,4.161,4.172,4.012,4.028,2386438.85,1746316799999,True
2025-05-04 00:00:00,1746316800000,4.028,4.051,3.894,3.92,4232639.09,1746403199999,True
2025-05-05 00:00:00,1746403200000,3.919,4.022,3.884,3.918,3957728.74,1746489599999,True
2025-05-06 00:00:00,1746489600000,3.918,3.977,3.823,3.971,4277490.05,1746575999999,True
2025-05-07 00:00:00,1746576000000,3.972,4.007,3.88,3.969,2714666.36,1746662399999,True
2025-05-08 00:00:00,1746662400000,3.968,4.494,3.966,4.456,8866998.35,1746748799999,True
2025-05-09 00:00:00,1746748800000,4.455,4.863,4.434,4.799,11614442.99,1746835199999,True
2025-05-10 00:00:00,1746835200000,4.799,5.323,4.797,5.309,11854751.74,1746921599999,True
2025-05-11 00:00:00,1746921600000,5.309,5.362,4.954,5.097,8101384.06,1747007999999,True
2025-05-12 00:00:00,1747008000000,5.097,5.4,4.89,5.068,9921543.44,1747094399999,True
2025-05-13 00:00:00,1747094400000,5.069,5.273,4.823,5.195,6748215.11,1747180799999,True
2025-05-14 00:00:00,1747180800000,5.194,5.267,4.947,4.98,5284499.6,1747267199999,True
2025-05-15 00:00:00,1747267200000,4.981,5.028,4.679,4.779,7496534.85,1747353599999,True
2025-05-16 00:00:00,1747353600000,4.778,4.956,4.711,4.755,4420510.08,1747439999999,True
2025-05-17 00:00:00,1747440000000,4.755,4.768,4.557,4.612,3799964.46,1747526399999,True
2025-05-18 00:00:00,1747526400000,4.613,4.921,4.508,4.793,4741500.76,1747612799999,True
2025-05-19 00:00:00,1747612800000,4.794,4.821,4.412,4.596,5563926.25,1747699199999,True
2025-05-20 00:00:00,1747699200000,4.597,4.727,4.519,4.677,4133769.06,1747785599999,True
2025-05-21 00:00:00,1747785600000,4.677,4.877,4.612,4.74,6374820.22,1747871999999,True
2025-05-22 00:00:00,1747872000000,4.741,4.977,4.732,4.948,4934402.45,1747958399999,True
2025-05-23 00:00:00,1747958400000,4.948,5.12,4.531,4.561,10214231.78,1748044799999,True
2025-05-24 00:00:00,1748044800000,4.562,4.633,4.511,4.545,3091142.26,1748131199999,True
2025-05-25 00:00:00,1748131200000,4.546,4.564,4.35,4.523,3942315.1,1748217599999,True
2025-05-26 00:00:00,1748217600000,4.523,4.617,4.426,4.468,3794527.16,1748303999999,True
2025-05-27 00:00:00,1748304000000,4.468,4.614,4.373,4.535,3874357.43,1748390399999,True
2025-05-28 00:00:00,1748390400000,4.536,4.661,4.419,4.587,4289732.2,1748476799999,True
2025-05-29 00:00:00,1748476800000,4.588,4.682,4.33,4.332,4814923.2,1748563199999,True
2025-05-30 00:00:00,1748563200000,4.333,4.358,4.008,4.049,8486843.25,1748649599999,True
2025-05-31 00:00:00,1748649600000,4.049,4.121,3.895,4.076,5429234.96,1748735999999,True
2025-06-01 00:00:00,1748736000000,4.077,4.102,3.971,4.066,2555495.93,1748822399999,True
2025-06-02 00:00:00,1748822400000,4.066,4.171,3.952,4.148,3601436.52,1748908799999,True
2025-06-03 00:00:00,1748908800000,4.149,4.223,4.097,4.137,3668892.34,1748995199999,True
2025-06-04 00:00:00,1748995200000,4.137,4.214,3.985,4.006,5036516.92,1749081599999,True
2025-06-05 00:00:00,1749081600000,4.006,4.078,3.742,3.814,6640572.84,1749167999999,True
2025-06-06 00:00:00,1749168000000,3.814,3.992,3.802,3.884,3530206.93,1749254399999,True
2025-06-07 00:00:00,1749254400000,3.886,4.058,3.868,4.031,2274474.36,1749340799999,True
2025-06-08 00:00:00,1749340800000,4.031,4.112,3.977,4.025,2726928.43,1749427199999,True
2025-06-09 00:00:00,1749427200000,4.026,4.162,3.963,4.151,4628656.78,1749513599999,True
2025-06-10 00:00:00,1749513600000,4.152,4.317,4.097,4.294,6662210.27,1749599999999,True
2025-06-11 00:00:00,1749600000000,4.295,4.346,4.146,4.189,5328497.22,1749686399999,True
2025-06-12 00:00:00,1749686400000,4.188,4.204,3.907,3.919,5999705.47,1749772799999,True
2025-06-13 00:00:00,1749772800000,3.919,3.919,3.664,3.838,9117736.81,1749859199999,True
2025-06-14 00:00:00,1749859200000,3.838,3.846,3.716,3.781,2930108.58,1749945599999,True
2025-06-15 00:00:00,1749945600000,3.782,3.834,3.735,3.821,1774308.52,1750031999999,True
2025-06-16 00:00:00,1750032000000,3.821,3.991,3.786,3.847,4011866.39,1750118399999,True
2025-06-17 00:00:00,1750118400000,3.846,3.897,3.663,3.719,5144535.08,1750204799999,True
2025-06-18 00:00:00,1750204800000,3.719,3.786,3.572,3.622,6307506.25,1750291199999,True
2025-06-19 00:00:00,1750291200000,3.622,3.657,3.496,3.548,6333647.02,1750377599999,True
2025-06-20 00:00:00,1750377600000,3.547,3.577,3.33,3.437,7730014.2,1750463999999,True
2025-06-21 00:00:00,1750464000000,3.437,3.508,3.209,3.324,5927367.37,1750550399999,True
2025-06-22 00:00:00,1750550400000,3.325,3.363,3.007,3.153,11019675.81,1750636799999,True
2025-06-23 00:00:00,1750636800000,3.153,3.421,3.111,3.416,8879579.75,1750723199999,True
2025-06-24 00:00:00,1750723200000,3.416,3.525,3.385,3.439,4687786.75,1750809599999,True
2025-06-25 00:00:00,1750809600000,3.438,3.465,3.341,3.352,3894305.42,1750895999999,True
2025-06-26 00:00:00,1750896000000,3.352,3.433,3.271,3.299,3980149.78,1750982399999,True
2025-06-27 00:00:00,1750982400000,3.299,3.394,3.274,3.359,3955846.51,1751068799999,True
2025-06-28 00:00:00,1751068800000,3.36,3.426,3.33,3.407,1866680.64,1751155199999,True
2025-06-29 00:00:00,1751155200000,3.408,3.582,3.379,3.541,2800833.68,1751241599999,True
2025-06-30 00:00:00,1751241600000,3.542,3.56,3.352,3.397,3677669.93,1751327999999,True
2025-07-01 00:00:00,1751328000000,3.397,3.42,3.256,3.281,3435357.79,1751414399999,True
2025-07-02 00:00:00,1751414400000,3.28,3.625,3.241,3.545,6939908.98,1751500799999,True
2025-07-03 00:00:00,1751500800000,3.545,3.665,3.499,3.539,5719860.72,1751587199999,True
2025-07-04 00:00:00,1751587200000,3.539,3.561,3.313,3.358,5659272.37,1751673599999,True
2025-07-05 00:00:00,1751673600000,3.358,3.39,3.308,3.356,2237505.07,1751759999999,True
2025-07-06 00:00:00,1751760000000,3.356,3.448,3.328,3.395,3771010.63,1751846399999,True
2025-07-07 00:00:00,1751846400000,3.395,3.437,3.323,3.369,2853677.78,1751932799999,True
2025-07-08 00:00:00,1751932800000,3.369,3.477,3.327,3.448,3238505.57,1752019199999,True
2025-07-09 00:00:00,1752019200000,3.448,3.659,3.417,3.62,5645429.86,1752105599999,True
2025-07-10 00:00:00,1752105600000,3.62,3.893,3.59,3.881,7702932.38,1752191999999,True
2025-07-11 00:00:00,1752192000000,3.882,4.11,3.81,3.907,11587795.88,1752278399999,True
2025-07-12 00:00:00,1752278400000,3.906,4.065,3.796,3.891,6362410.61,1752364799999,True
2025-07-13 00:00:00,1752364800000,3.891,4.067,3.876,3.984,4490493.77,1752451199999,True
2025-07-14 00:00:00,1752451200000,3.986,4.196,3.901,3.95,7927204.23,1752537599999,True
2025-07-15 00:00:00,1752537600000,3.951,4.099,3.8,4.083,7487065.71,1752623999999,True
2025-07-16 00:00:00,1752624000000,4.082,4.269,4.011,4.156,8644793.78,1752710399999,True
2025-07-17 00:00:00,1752710400000,4.156,4.303,4.065,4.26,10269842.37,1752796799999,True
2025-07-18 00:00:00,1752796800000,4.26,4.624,4.137,4.227,15308346.29,1752883199999,True
2025-07-19 00:00:00,1752883200000,4.228,4.454,4.133,4.409,5326771.73,1752969599999,True
2025-07-20 00:00:00,1752969600000,4.41,4.587,4.348,4.48,8442881.82,1753055999999,True
2025-07-21 00:00:00,1753056000000,4.48,4.673,4.395,4.499,10863654.36,1753142399999,True
2025-07-22 00:00:00,1753142400000,4.499,4.554,4.279,4.549,12364489.73,1753228799999,True
2025-07-23 00:00:00,1753228800000,4.551,4.551,4.0,4.113,13057291.53,1753315199999,True
2025-07-24 00:00:00,1753315200000,4.114,4.202,3.894,4.0,13015319.69,1753401599999,True
2025-07-25 00:00:00,1753401600000,4.001,4.1,3.863,4.088,8036783.72,1753487999999,True
2025-07-26 00:00:00,1753488000000,4.088,4.195,4.069,4.124,3803852.35,1753574399999,True
2025-07-27 00:00:00,1753574400000,4.124,4.25,4.113,4.24,3861788.18,1753660799999,True
2025-07-28 00:00:00,1753660800000,4.239,4.309,3.93,3.965,8173653.83,1753747199999,True
2025-07-29 00:00:00,1753747200000,3.965,4.084,3.82,3.905,8196464.85,1753833599999,True
2025-07-30 00:00:00,1753833600000,3.905,3.921,3.626,3.805,9521746.16,1753919999999,True
2025-07-31 00:00:00,1753920000000,3.807,3.921,3.665,3.682,6961247.47,1754006399999,True
2025-08-01 00:00:00,1754006400000,3.682,3.723,3.446,3.547,12325057.3,1754092799999,True
2025-08-02 00:00:00,1754092800000,3.547,3.631,3.427,3.509,7331432.98,1754179199999,True
2025-08-03 00:00:00,1754179200000,3.508,3.627,3.459,3.602,4271487.01,1754265599999,True
2025-08-04 00:00:00,1754265600000,3.603,3.757,3.597,3.72,5254660.42,1754351999999,True
2025-08-05 00:00:00,1754352000000,3.72,3.725,3.538,3.621,4867850.77,1754438399999,True
2025-08-06 00:00:00,1754438400000,3.62,3.696,3.553,3.673,4176179.49,1754524799999,True
2025-08-07 00:00:00,1754524800000,3.673,3.872,3.644,3.867,6942776.28,1754611199999,True
2025-08-08 00:00:00,1754611200000,3.867,3.998,3.809,3.979,9301135.78,1754697599999,True
2025-08-09 00:00:00,1754697600000,3.98,4.167,3.971,4.138,6335022.21,1754783999999,True
2025-08-10 00:00:00,1754784000000,4.138,4.181,3.965,4.046,6706646.13,1754870399999,True
2025-08-11 00:00:00,1754870400000,4.047,4.158,3.817,3.854,8300985.31,1754956799999,True
2025-08-12 00:00:00,1754956800000,3.854,4.234,3.837,4.157,9675655.97,1755043199999,True
2025-08-13 00:00:00,1755043200000,4.157,4.317,4.097,4.276,10297928.08,1755129599999,True
2025-08-14 00:00:00,1755129600000,4.277,4.371,3.903,3.986,15790612.61,1755215999999,True
2025-08-15 00:00:00,1755216000000,3.985,4.103,3.812,3.896,10343199.92,1755302399999,True
2025-08-16 00:00:00,1755302400000,3.895,3.997,3.89,3.966,3322722.85,1755388799999,True
2025-08-17 00:00:00,1755388800000,3.965,4.193,3.923,4.051,6055265.18,1755475199999,True
2025-08-18 00:00:00,1755475200000,4.052,4.062,3.83,3.914,9368368.75,1755561599999,True
2025-08-19 00:00:00,1755561600000,3.915,3.96,3.712,3.719,7305952.56,1755647999999,True
2025-08-20 00:00:00,1755648000000,3.72,3.905,3.697,3.884,6469886.1,1755734399999,True
2025-08-21 00:00:00,1755734400000,3.884,3.923,3.773,3.797,3624305.24,1755820799999,True
2025-08-22 00:00:00,1755820800000,3.797,4.207,3.69,4.18,13159075.02,1755907199999,True
2025-08-23 00:00:00,1755907200000,4.181,4.265,4.026,4.228,7634548.17,1755993599999,True
2025-08-24 00:00:00,1755993600000,4.228,4.283,4.013,4.11,10514865.37,1756079999999,True
2025-08-25 00:00:00,1756080000000,4.11,4.146,3.689,3.734,12839625.21,1756166399999,True
2025-08-26 00:00:00,1756166400000,3.733,3.923,3.708,3.887,5875192.67,1756252799999,True
2025-08-27 00:00:00,1756252800000,3.887,3.934,3.824,3.837,5843493.47,1756339199999,True
2025-08-28 00:00:00,1756339200000,3.837,4.021,3.807,3.981,9442655.7,1756425599999,True
2025-08-29 00:00:00,1756425600000,3.98,4.002,3.724,3.774,11616215.46,1756511999999,True
2025-08-30 00:00:00,1756512000000,3.775,3.825,3.712,3.811,3739627.01,1756598399999,True
2025-08-31 00:00:00,1756598400000,3.81,3.875,3.735,3.742,5058032.28,1756684799999,True
2025-09-01 00:00:00,1756684800000,3.742,3.887,3.612,3.693,9277624.68,1756771199999,True
2025-09-02 00:00:00,1756771200000,3.694,3.826,3.676,3.82,5209474.46,1756857599999,True
2025-09-03 00:00:00,1756857600000,3.819,3.906,3.786,3.865,3962287.04,1756943999999,True
2025-09-04 00:00:00,1756944000000,3.866,3.877,3.725,3.764,3587924.75,1757030399999,True
2025-09-05 00:00:00,1757030400000,3.764,3.894,3.757,3.828,5370012.94,1757116799999,True
2025-09-06 00:00:00,1757116800000,3.827,3.885,3.782,3.823,2898761.54,1757203199999,True
2025-09-07 00:00:00,1757203200000,3.824,4.089,3.822,3.995,8531584.81,1757289599999,True
2025-09-08 00:00:00,1757289600000,3.996,4.082,3.981,4.045,8214086.86,1757375999999,True
2025-09-09 00:00:00,1757376000000,4.045,4.182,4.004,4.14,9473367.09,1757462399999,True
2025-09-10 00:00:00,1757462400000,4.139,4.227,4.054,4.216,8171709.85,1757548799999,True
2025-09-11 00:00:00,1757548800000,4.216,4.26,4.119,4.242,6936262.84,1757635199999,True
2025-09-12 00:00:00,1757635200000,4.242,4.322,4.153,4.319,6911202.75,1757721599999,True
2025-09-13 00:00:00,1757721600000,4.319,4.626,4.303,4.492,11803303.5,1757807999999,True
2025-09-14 00:00:00,1757808000000,4.492,4.498,4.28,4.316,6172903.79,1757894399999,True
2025-09-15 00:00:00,1757894400000,4.316,4.405,4.104,4.151,7903428.85,1757980799999,True
2025-09-16 00:00:00,1757980800000,4.151,4.295,4.109,4.253,7509246.75,1758067199999,True
2025-09-17 00:00:00,1758067200000,4.254,4.432,4.136,4.403,8161416.41,1758153599999,True
2025-09-18 00:00:00,1758153600000,4.403,4.595,4.373,4.533,9989936.15,1758239999999,True
2025-09-19 00:00:00,1758240000000,4.533,4.882,4.318,4.359,16139500.94,1758326399999,True
2025-09-20 00:00:00,1758326400000,4.358,4.463,4.289,4.356,6646556.19,1758412799999,True
2025-09-21 00:00:00,1758412800000,4.356,4.387,4.236,4.262,4486161.2,1758499199999,True
2025-09-22 00:00:00,1758499200000,4.261,4.279,3.821,4.037,13684796.77,1758585599999,True
2025-09-23 00:00:00,1758585600000,4.037,4.059,3.938,3.966,5764633.15,1758671999999,True
2025-09-24 00:00:00,1758672000000,3.965,4.115,3.889,3.992,6311985.33,1758758399999,True
2025-09-25 00:00:00,1758758400000,3.992,4.005,3.771,3.804,11887593.18,1758844799999,True
2025-09-26 00:00:00,1758844800000,3.804,3.97,3.776,3.924,6107591.86,1758931199999,True
2025-09-27 00:00:00,1758931200000,3.924,3.927,3.851,3.889,2788713.49,1759017599999,True
2025-09-28 00:00:00,1759017600000,3.889,4.03,3.792,3.997,4451365.02,1759103999999,True
2025-09-29 00:00:00,1759104000000,3.997,4.023,3.858,3.98,6112476.63,1759190399999,True
2025-09-30 00:00:00,1759190400000,3.98,3.992,3.808,3.909,4219657.99,1759276799999,True
2025-10-01 00:00:00,1759276800000,3.909,4.126,3.883,4.126,6247286.83,1759363199999,True
2025-10-02 00:00:00,1759363200000,4.126,4.34,4.1,4.306,8406597.21,1759449599999,True
2025-10-03 00:00:00,1759449600000,4.307,4.384,4.179,4.32,7021367.23,1759535999999,True
2025-10-04 00:00:00,1759536000000,4.321,4.329,4.135,4.187,4829228.68,1759622399999,True
2025-10-05 00:00:00,1759622400000,4.189,4.375,4.077,4.134,6376106.76,1759708799999,True
2025-10-06 00:00:00,1759708800000,4.134,4.439,4.109,4.398,9254105.48,1759795199999,True
2025-10-07 00:00:00,1759795200000,4.399,4.434,4.106,4.139,8608356.86,1759881599999,True
2025-10-08 00:00:00,1759881600000,4.139,4.241,4.063,4.194,7048183.35,1759967999999,True
2025-10-09 00:00:00,1759968000000,4.194,4.198,3.962,4.075,7419770.28,1760054399999,True
2025-10-10 00:00:00,1760054400000,4.074,4.291,0.633,2.946,50685534.833,1760140799999,True
2025-10-11 00:00:00,1760140800000,2.945,3.317,2.873,2.997,33673506.59,1760227199999,True
2025-10-12 00:00:00,1760227200000,2.997,3.307,2.907,3.241,13812032.64,1760313599999,True
2025-10-13 00:00:00,1760313600000,3.241,3.448,3.194,3.374,14008985.74,1760399999999,True
2025-10-14 00:00:00,1760400000000,3.375,3.399,3.066,3.248,13079428.0,1760486399999,True
2025-10-15 00:00:00,1760486400000,3.248,3.341,3.089,3.137,8028268.55,1760572799999,True
2025-10-16 00:00:00,1760572800000,3.137,3.208,2.97,3.016,11684100.23,1760659199999,True
2025-10-17 00:00:00,1760659200000,3.017,3.061,2.772,2.892,14335134.66,1760745599999,True
2025-10-18 00:00:00,1760745600000,2.892,2.971,2.889,2.932,3912674.58,1760831999999,True
2025-10-19 00:00:00,1760832000000,2.933,3.057,2.886,3.009,5985335.93,1760918399999,True
2025-10-20 00:00:00,1760918400000,3.009,3.132,2.949,3.086,6738711.38,1761004799999,True
2025-10-21 00:00:00,1761004800000,3.085,3.19,2.95,3.006,8717666.16,1761091199999,True
2025-10-22 00:00:00,1761091200000,3.005,3.028,2.834,2.918,7679721.12,1761177599999,True
2025-10-23 00:00:00,1761177600000,2.919,3.036,2.912,3.002,5244770.87,1761263999999,True
2025-10-24 00:00:00,1761264000000,3.003,3.125,2.992,3.078,4802271.08,1761350399999,True
2025-10-25 00:00:00,1761350400000,3.079,3.106,3.027,3.09,2210795.91,1761436799999,True
2025-10-26 00:00:00,1761436800000,3.091,3.239,3.059,3.195,3798617.54,1761523199999,True
2025-10-27 00:00:00,1761523200000,3.195,3.247,3.119,3.139,5085535.81,1761609599999,True
2025-10-28 00:00:00,1761609600000,3.138,3.195,2.992,3.051,6077354.59,1761695999999,True
2025-10-29 00:00:00,1761696000000,3.05,3.177,3.023,3.079,5626477.7,1761782399999,True
2025-10-30 00:00:00,1761782400000,3.08,3.118,2.78,2.871,10939988.93,1761868799999,True
2025-10-31 00:00:00,1761868800000,2.871,2.925,2.827,2.882,5497768.43,1761955199999,True
2025-11-01 00:00:00,1761955200000,2.882,2.974,2.865,2.971,4217933.18,1762041599999,True
2025-11-02 00:00:00,1762041600000,2.971,3.016,2.866,2.985,4366321.14,1762127999999,True
2025-11-03 00:00:00,1762128000000,2.985,2.993,2.5,2.585,14377248.98,1762214399999,True
2025-11-04 00:00:00,1762214400000,2.585,2.662,2.343,2.508,16629831.45,1762300799999,True
2025-11-05 00:00:00,1762300800000,2.508,2.685,2.384,2.672,8870378.0,1762387199999,True
2025-11-06 00:00:00,1762387200000,2.671,2.683,2.527,2.669,9282186.59,1762473599999,True
2025-11-07 00:00:00,1762473600000,2.669,3.34,2.664,3.254,30723299.04,1762559999999,True
2025-11-08 00:00:00,1762560000000,3.254,3.533,3.086,3.252,23331422.94,1762646399999,True
2025-11-09 00:00:00,1762646400000,3.252,3.31,3.037,3.232,12947626.4,1762732799999,True
2025-11-10 00:00:00,1762732800000,3.232,3.316,3.125,3.266,13970827.39,1762819199999,True
2025-11-11 00:00:00,1762819200000,3.267,3.387,3.041,3.054,11303001.65,1762905599999,True
2025-11-12 00:00:00,1762905600000,3.055,3.146,2.876,2.927,9353590.68,1762991999999,True
2025-11-13 00:00:00,1762992000000,2.928,3.045,2.763,2.853,8814259.15,1763078399999,True
2025-11-14 00:00:00,1763078400000,2.853,2.921,2.749,2.815,10689974.59,1763164799999,True
2025-11-15 00:00:00,1763164800000,2.815,2.949,2.813,2.832,4839072.65,1763251199999,True
2025-11-16 00:00:00,1763251200000,2.832,2.899,2.695,2.784,5772741.72,1763337599999,True
2025-11-17 00:00:00,1763337600000,2.785,2.867,2.627,2.666,8259234.67,1763423999999,True
2025-11-18 00:00:00,1763424000000,2.666,2.802,2.617,2.755,7655812.28,1763510399999,True
2025-11-19 00:00:00,1763510400000,2.755,2.767,2.569,2.692,6386470.03,1763596799999,True
2025-11-20 00:00:00,1763596800000,2.693,2.82,2.503,2.543,9026877.87,1763683199999,True
2025-11-21 00:00:00,1763683200000,2.543,2.593,2.252,2.348,12620524.53,1763769599999,True
2025-11-22 00:00:00,1763769600000,2.348,2.357,2.257,2.311,5480201.78,1763855999999,True
2025-11-23 00:00:00,1763856000000,2.311,2.37,2.248,2.258,4928467.72,1763942399999,True
2025-11-24 00:00:00,1763942400000,2.258,2.397,2.242,2.34,7557391.45,1764028799999,True
2025-11-25 00:00:00,1764028800000,2.34,2.349,2.176,2.296,7202523.95,1764115199999,True
2025-11-26 00:00:00,1764115200000,2.296,2.371,2.24,2.344,5647328.47,1764201599999,True
2025-11-27 00:00:00,1764201600000,2.344,2.39,2.308,2.337,4044236.62,1764287999999,True
2025-11-28 00:00:00,1764288000000,2.336,2.376,2.26,2.284,4916940.56,1764374399999,True
2025-11-29 00:00:00,1764374400000,2.284,2.298,2.227,2.259,2700560.48,1764460799999,True
2025-11-30 00:00:00,1764460800000,2.258,2.293,2.204,2.21,2272280.97,1764547199999,True
2025-12-01 00:00:00,1764547200000,2.209,2.209,1.961,2.042,12815413.41,1764633599999,True
2025-12-02 00:00:00,1764633600000,2.042,2.286,2.033,2.249,8246867.07,1764719999999,True
2025-12-03 00:00:00,1764720000000,2.25,2.4,2.241,2.366,7695403.08,1764806399999,True
2025-12-04 00:00:00,1764806400000,2.365,2.376,2.245,2.272,6470520.84,1764892799999,True
2025-12-05 00:00:00,1764892800000,2.272,2.308,2.084,2.125,6393803.73,1764979199999,True
2025-12-06 00:00:00,1764979200000,2.125,2.164,2.087,2.128,3686360.78,1765065599999,True
2025-12-07 00:00:00,1765065600000,2.128,2.16,2.04,2.094,6185412.28,1765151999999,True
2025-12-08 00:00:00,1765152000000,2.094,2.179,2.084,2.129,7982758.73,1765238399999,True
2025-12-09 00:00:00,1765238400000,2.13,2.393,2.089,2.293,10684211.99,1765324799999,True
2025-12-10 00:00:00,1765324800000,2.292,2.316,2.183,2.19,6862399.14,1765411199999,True
2025-12-11 00:00:00,1765411200000,2.19,2.193,2.008,2.066,11632964.04,1765497599999,True
2025-12-12 00:00:00,1765497600000,2.066,2.096,1.945,2.012,8591083.66,1765583999999,True
2025-12-13 00:00:00,1765584000000,2.012,2.058,2.008,2.038,2858760.03,1765670399999,True
2025-12-14 00:00:00,1765670400000,2.037,2.046,1.932,1.952,5678126.98,1765756799999,True
2025-12-15 00:00:00,1765756800000,1.953,2.01,1.829,1.902,8037020.67,1765843199999,True
2025-12-16 00:00:00,1765843200000,1.902,1.943,1.862,1.898,5523119.29,1765929599999,True
2025-12-17 00:00:00,1765929600000,1.898,1.955,1.79,1.816,9627196.53,1766015999999,True
2025-12-18 00:00:00,1766016000000,1.815,1.889,1.722,1.759,9653339.53,1766102399999,True
2025-12-19 00:00:00,1766102400000,1.76,1.88,1.738,1.849,8061605.69,1766188799999,True
2025-12-20 00:00:00,1766188800000,1.849,1.869,1.827,1.832,2802648.5,1766275199999,True
2025-12-21 00:00:00,1766275200000,1.832,1.852,1.751,1.802,4326686.91,1766361599999,True
2025-12-22 00:00:00,1766361600000,1.803,1.854,1.757,1.784,6861199.0,1766447999999,True
2025-12-23 00:00:00,1766448000000,1.784,1.802,1.728,1.765,5729160.19,1766534399999,True
2025-12-24 00:00:00,1766534400000,1.764,1.776,1.706,1.738,4384897.36,1766620799999,True
2025-12-25 00:00:00,1766620800000,1.738,1.753,1.678,1.685,4915432.64,1766707199999,True
2025-12-26 00:00:00,1766707200000,1.685,1.753,1.653,1.723,7309973.8,1766793599999,True
2025-12-27 00:00:00,1766793600000,1.724,1.928,1.723,1.91,9958154.22,1766879999999,True
2025-12-28 00:00:00,1766880000000,1.91,1.915,1.828,1.851,4854587.77,1766966399999,True
2025-12-29 00:00:00,1766966400000,1.851,1.904,1.818,1.824,7103805.42,1767052799999,True
2025-12-30 00:00:00,1767052800000,1.823,1.847,1.792,1.811,4858758.99,1767139199999,True
2025-12-31 00:00:00,1767139200000,1.811,1.845,1.762,1.789,3980800.81,1767225599999,True
2026-01-01 00:00:00,1767225600000,1.789,2.033,1.765,1.999,10513359.81,1767311999999,True
2026-01-02 00:00:00,1767312000000,1.998,2.17,1.968,2.166,10929863.57,1767398399999,True
2026-01-03 00:00:00,1767398400000,2.165,2.22,2.108,2.125,6758275.83,1767484799999,True
2026-01-04 00:00:00,1767484800000,2.125,2.18,2.116,2.142,4649012.22,1767571199999,True
2026-01-05 00:00:00,1767571200000,2.143,2.238,2.096,2.208,8403018.63,1767657599999,True
2026-01-06 00:00:00,1767657600000,2.207,2.263,2.112,2.235,8857748.56,1767743999999,True
2026-01-07 00:00:00,1767744000000,2.234,2.249,2.12,2.145,5563858.69,1767830399999,True
2026-01-08 00:00:00,1767830400000,2.145,2.159,2.084,2.111,4670604.57,1767916799999,True
2026-01-09 00:00:00,1767916800000,2.111,2.144,2.048,2.083,4701944.8,1768003199999,True
2026-01-10 00:00:00,1768003200000,2.083,2.13,2.069,2.093,2303538.23,1768089599999,True
2026-01-11 00:00:00,1768089600000,2.093,2.125,2.034,2.07,2644638.02,1768175999999,True
2026-01-12 00:00:00,1768176000000,2.071,2.153,2.022,2.055,5469757.83,1768262399999,True
2026-01-13 00:00:00,1768262400000,2.054,2.343,2.052,2.282,13301063.71,1768348799999,True
2026-01-14 00:00:00,1768348800000,2.283,2.298,2.195,2.226,7108770.22,1768435199999,True
2026-01-15 00:00:00,1768435200000,2.225,2.239,2.097,2.117,6339482.62,1768521599999,True
2026-01-16 00:00:00,1768521600000,2.117,2.156,2.056,2.119,5970610.99,1768607999999,True
2026-01-17 00:00:00,1768608000000,2.12,2.235,2.113,2.179,5627984.65,1768694399999,True
2026-01-18 00:00:00,1768694400000,2.178,2.203,2.063,2.065,5133672.79,1768780799999,True
2026-01-19 00:00:00,1768780800000,2.065,2.065,1.834,2.028,11523563.0,1768867199999,True
2026-01-20 00:00:00,1768867200000,2.028,2.051,1.881,1.897,7570140.82,1768953599999,True
2026-01-21 00:00:00,1768953600000,1.898,2.0,1.873,1.955,5604820.5,1769039999999,True
2026-01-22 00:00:00,1769040000000,1.955,1.982,1.905,1.927,2987992.66,1769126399999,True
2026-01-23 00:00:00,1769126400000,1.927,1.984,1.897,1.926,3817856.64,1769212799999,True
2026-01-24 00:00:00,1769212800000,1.926,1.941,1.899,1.93,1695777.33,1769299199999,True
2026-01-25 00:00:00,1769299200000,1.929,1.944,1.78,1.823,5011621.15,1769385599999,True
2026-01-26 00:00:00,1769385600000,1.823,1.898,1.818,1.875,4395513.56,1769471999999,True
2026-01-27 00:00:00,1769472000000,1.876,1.899,1.828,1.876,3778155.37,1769558399999,True
2026-01-28 00:00:00,1769558400000,1.877,1.896,1.831,1.87,6001177.52,1769644799999,True
2026-01-29 00:00:00,1769644800000,1.87,1.875,1.697,1.736,7419230.56,1769731199999,True
2026-01-30 00:00:00,1769731200000,1.736,1.748,1.652,1.69,8782609.93,1769817599999,True
2026-01-31 00:00:00,1769817600000,1.69,1.691,1.399,1.547,14030240.75,1769903999999,True
2026-02-01 00:00:00,1769904000000,1.548,1.56,1.459,1.495,7323300.46,1769990399999,True
2026-02-02 00:00:00,1769990400000,1.496,1.576,1.452,1.543,7959613.28,1770076799999,True
2026-02-03 00:00:00,1770076800000,1.543,1.566,1.431,1.5,11599952.77,1770163199999,True
2026-02-04 00:00:00,1770163200000,1.499,1.534,1.425,1.461,6999588.65,1770249599999,True
2026-02-05 00:00:00,1770249600000,1.462,1.478,1.232,1.248,19723447.25,1770335999999,True
2026-02-06 00:00:00,1770336000000,1.248,1.407,1.101,1.368,20408661.56,1770422399999,True
2026-02-07 00:00:00,1770422400000,1.367,1.403,1.316,1.372,9699017.55,1770508799999,True
2026-02-08 00:00:00,1770508800000,1.372,1.377,1.325,1.337,3572670.0,1770595199999,True
2026-02-09 00:00:00,1770595200000,1.336,1.351,1.277,1.32,5230593.27,1770681599999,True
2026-02-10 00:00:00,1770681600000,1.32,1.328,1.265,1.283,4359481.45,1770767999999,True
2026-02-11 00:00:00,1770768000000,1.283,1.297,1.225,1.256,6362045.55,1770854399999,True
2026-02-12 00:00:00,1770854400000,1.255,1.304,1.249,1.283,4483978.99,1770940799999,True
2026-02-13 00:00:00,1770940800000,1.283,1.341,1.252,1.33,4532467.32,1771027199999,True
2026-02-14 00:00:00,1771027200000,1.331,1.44,1.33,1.421,4174084.23,1771113599999,True
2026-02-15 00:00:00,1771113600000,1.421,1.439,1.331,1.357,5627915.61,1771199999999,True
2026-02-16 00:00:00,1771200000000,1.357,1.391,1.332,1.376,3599652.05,1771286399999,True
2026-02-17 00:00:00,1771286400000,1.377,1.381,1.34,1.347,3462703.77,1771372799999,True
2026-02-18 00:00:00,1771372800000,1.347,1.372,1.3,1.311,3803204.9,1771459199999,True
2026-02-19 00:00:00,1771459200000,1.311,1.322,1.26,1.287,3960231.45,1771545599999,True
2026-02-20 00:00:00,1771545600000,1.287,1.364,1.274,1.341,6388269.43,1771631999999,True
2026-02-21 00:00:00,1771632000000,1.341,1.398,1.328,1.36,4005534.49,1771718399999,True
2026-02-22 00:00:00,1771718400000,1.359,1.366,1.303,1.313,3333549.12,1771804799999,True
2026-02-23 00:00:00,1771804800000,1.313,1.314,1.239,1.265,7458108.2,1771891199999,True
2026-02-24 00:00:00,1771891200000,1.265,1.279,1.225,1.238,6332543.71,1771977599999,True
2026-02-25 00:00:00,1771977600000,1.239,1.752,1.235,1.663,40082501.97,1772063999999,True
2026-02-26 00:00:00,1772064000000,1.663,1.696,1.522,1.609,29187050.32,1772150399999,True
2026-02-27 00:00:00,1772150400000,1.609,1.683,1.547,1.599,18268978.26,1772236799999,True
2026-02-28 00:00:00,1772236800000,1.6,1.675,1.458,1.662,19455922.95,1772323199999,True
2026-03-01 00:00:00,1772323200000,1.662,1.681,1.504,1.534,11826274.49,1772409599999,True
2026-03-02 00:00:00,1772409600000,1.535,1.603,1.498,1.509,14931124.9,1772495999999,True
2026-03-03 00:00:00,1772496000000,1.509,1.557,1.473,1.533,8253153.19,1772582399999,True
2026-03-04 00:00:00,1772582400000,1.533,1.574,1.508,1.541,9346138.31,1772668799999,True
2026-03-05 00:00:00,1772668800000,1.541,1.556,1.482,1.53,6108684.73,1772755199999,True
2026-03-06 00:00:00,1772755200000,1.529,1.547,1.453,1.488,5125595.36,1772841599999,True
2026-03-07 00:00:00,1772841600000,1.489,1.517,1.431,1.448,4297384.3,1772927999999,True
2026-03-08 00:00:00,1772928000000,1.448,1.485,1.425,1.452,4938152.76,1773014399999,True
2026-03-09 00:00:00,1773014400000,1.453,1.533,1.452,1.494,6242706.57,1773100799999,True
2026-03-10 00:00:00,1773100800000,1.494,1.546,1.479,1.486,6262818.66,1773187199999,True
2026-03-11 00:00:00,1773187200000,1.486,1.555,1.473,1.522,5773554.61,1773273599999,True
2026-03-12 00:00:00,1773273600000,1.523,1.528,1.485,1.518,4195825.0,1773359999999,True
2026-03-13 00:00:00,1773360000000,1.517,1.55,1.447,1.464,9201809.0,1773446399999,True
2026-03-14 00:00:00,1773446400000,1.463,1.463,1.403,1.414,4828537.28,1773532799999,True
2026-03-15 00:00:00,1773532800000,1.413,1.446,1.392,1.441,6187751.89,1773619199999,True
2026-03-16 00:00:00,1773619200000,1.442,1.662,1.432,1.64,22041939.73,1773705599999,True
2026-03-17 00:00:00,1773705600000,1.641,1.643,1.582,1.62,7562724.5,1773791999999,True
2026-03-18 00:00:00,1773792000000,1.621,1.654,1.539,1.577,7269010.46,1773878399999,True
2026-03-19 00:00:00,1773878400000,1.577,1.579,1.496,1.521,4869424.19,1773964799999,True
2026-03-20 00:00:00,1773964800000,1.522,1.553,1.494,1.499,3622808.3,1774051199999,True
2026-03-21 00:00:00,1774051200000,1.499,1.516,1.457,1.468,3209315.5,1774137599999,True
2026-03-22 00:00:00,1774137600000,1.467,1.483,1.393,1.413,3782595.47,1774223999999,True
2026-03-23 00:00:00,1774224000000,1.413,1.493,1.402,1.421,7892507.7,1774310399999,True
2026-03-24 00:00:00,1774310400000,1.421,1.429,1.36,1.401,7890723.75,1774396799999,True
2026-03-25 00:00:00,1774396800000,1.402,1.412,1.346,1.363,8355450.23,1774483199999,True
2026-03-26 00:00:00,1774483200000,1.363,1.369,1.301,1.321,8359715.18,1774569599999,True
2026-03-27 00:00:00,1774569600000,1.321,1.34,1.27,1.292,6120335.65,1774655999999,True
2026-03-28 00:00:00,1774656000000,1.291,1.306,1.253,1.259,5134154.6,1774742399999,True
2026-03-29 00:00:00,1774742400000,1.259,1.276,1.221,1.261,3214125.71,1774828799999,True
2026-03-30 00:00:00,1774828800000,1.261,1.288,1.233,1.243,6223675.83,1774915199999,True
2026-03-31 00:00:00,1774915200000,1.244,1.278,1.226,1.253,6836567.44,1775001599999,True
2026-04-01 00:00:00,1775001600000,1.253,1.303,1.247,1.255,6054854.02,1775087999999,True
2026-04-02 00:00:00,1775088000000,1.256,1.269,1.204,1.237,5677094.61,1775174399999,True
2026-04-03 00:00:00,1775174400000,1.237,1.267,1.23,1.239,3036914.91,1775260799999,True
2026-04-04 00:00:00,1775260800000,1.238,1.265,1.233,1.254,2124399.58,1775347199999,True
2026-04-05 00:00:00,1775347200000,1.254,1.27,1.216,1.245,4990235.71,1775433599999,True
2026-04-06 00:00:00,1775433600000,1.245,1.317,1.232,1.241,5616931.89,1775519999999,True
2026-04-07 00:00:00,1775520000000,1.24,1.33,1.205,1.314,6266594.29,1775606399999,True
2026-04-08 00:00:00,1775606400000,1.314,1.335,1.265,1.269,5519824.88,1775692799999,True
2026-04-09 00:00:00,1775692800000,1.268,1.361,1.235,1.3,6517543.15,1775779199999,True
2026-04-10 00:00:00,1775779200000,1.3,1.328,1.282,1.305,4555791.41,1775865599999,True
2026-04-11 00:00:00,1775865600000,1.306,1.315,1.265,1.286,4168985.01,1775951999999,True
2026-04-12 00:00:00,1775952000000,1.287,1.288,1.217,1.225,5620079.89,1776038399999,True
2026-04-13 00:00:00,1776038400000,1.225,1.242,1.148,1.229,19105149.08,1776124799999,True
2026-04-14 00:00:00,1776124800000,1.23,1.231,1.147,1.167,11563925.42,1776211199999,True
2026-04-15 00:00:00,1776211200000,1.166,1.198,1.147,1.182,7145815.84,1776297599999,True
2026-04-16 00:00:00,1776297600000,1.182,1.353,1.171,1.329,20870959.17,1776383999999,True
2026-04-17 00:00:00,1776384000000,1.328,1.355,1.285,1.334,10674935.49,1776470399999,True
2026-04-18 00:00:00,1776470400000,1.334,1.342,1.27,1.272,6337921.01,1776556799999,True
2026-04-19 00:00:00,1776556800000,1.273,1.291,1.235,1.24,4985687.05,1776643199999,True
2026-04-20 00:00:00,1776643200000,1.239,1.295,1.238,1.281,4734339.71,1776729599999,True
2026-04-21 00:00:00,1776729600000,1.28,1.292,1.257,1.279,4607824.13,1776815999999,True
2026-04-22 00:00:00,1776816000000,1.279,1.327,1.269,1.272,6321105.58,1776902399999,True
2026-04-23 00:00:00,1776902400000,1.272,1.278,1.212,1.241,6901663.77,1776988799999,True
2026-04-24 00:00:00,1776988800000,1.24,1.269,1.227,1.254,5153548.73,1777075199999,True
2026-04-25 00:00:00,1777075200000,1.254,1.275,1.237,1.246,3401813.69,1777161599999,True
2026-04-26 00:00:00,1777161600000,1.246,1.274,1.235,1.26,3157052.64,1777247999999,True
2026-04-27 00:00:00,1777248000000,1.26,1.275,1.21,1.233,5056416.11,1777334399999,True
2026-04-28 00:00:00,1777334400000,1.232,1.241,1.216,1.229,2951297.01,1777420799999,True
2026-04-29 00:00:00,1777420800000,1.229,1.259,1.179,1.211,5983034.37,1777507199999,True
2026-04-30 00:00:00,1777507200000,1.212,1.226,1.197,1.204,3118654.86,1777593599999,True
2026-05-01 00:00:00,1777593600000,1.205,1.229,1.193,1.204,5432647.91,1777679999999,True
2026-05-02 00:00:00,1777680000000,1.205,1.241,1.195,1.227,3293914.38,1777766399999,True
2026-05-03 00:00:00,1777766400000,1.228,1.229,1.204,1.209,2901036.9,1777852799999,True
2026-05-04 00:00:00,1777852800000,1.209,1.263,1.197,1.228,7455752.31,1777939199999,True
2026-05-05 00:00:00,1777939200000,1.229,1.296,1.225,1.279,6134359.85,1778025599999,True
2026-05-06 00:00:00,1778025600000,1.278,1.334,1.269,1.319,7727592.01,1778111999999,True
2026-05-07 00:00:00,1778112000000,1.318,1.338,1.29,1.311,6201270.31,1778198399999,True
2026-05-08 00:00:00,1778198400000,1.311,1.391,1.293,1.374,7832265.64,1778284799999,True
2026-05-09 00:00:00,1778284800000,1.375,1.393,1.338,1.346,4172174.87,1778371199999,True
2026-05-10 00:00:00,1778371200000,1.346,1.419,1.329,1.383,7477681.95,1778457599999,True
2026-05-11 00:00:00,1778457600000,1.383,1.386,1.335,1.364,5397668.42,1778543999999,True
2026-05-12 00:00:00,1778544000000,1.363,1.369,1.303,1.335,4320185.37,1778630399999,True
2026-05-13 00:00:00,1778630400000,1.335,1.438,1.314,1.329,8356018.84,1778716799999,True
2026-05-14 00:00:00,1778716800000,1.328,1.422,1.313,1.364,6364000.58,1778803199999,True
2026-05-15 00:00:00,1778803200000,1.364,1.376,1.289,1.316,5124475.27,1778889599999,True
2026-05-16 00:00:00,1778889600000,1.316,1.321,1.247,1.268,4113649.76,1778975999999,True
2026-05-17 00:00:00,1778976000000,1.267,1.294,1.214,1.25,3716138.49,1779062399999,True
2026-05-18 00:00:00,1779062400000,1.25,1.255,1.215,1.252,6882454.89,1779148799999,True
2026-05-19 00:00:00,1779148800000,1.252,1.261,1.219,1.225,3407128.41,1779235199999,True
2026-05-20 00:00:00,1779235200000,1.225,1.258,1.219,1.249,3833908.49,1779321599999,True
2026-05-21 00:00:00,1779321600000,1.249,1.309,1.244,1.292,7991012.83,1779407999999,True
2026-05-22 00:00:00,1779408000000,1.292,1.347,1.25,1.258,11575215.16,1779494399999,True
2026-05-23 00:00:00,1779494400000,1.259,1.338,1.2,1.295,11466855.09,1779580799999,True
2026-05-24 00:00:00,1779580800000,1.295,1.298,1.227,1.246,5346806.66,1779667199999,True
2026-05-25 00:00:00,1779667200000,1.246,1.295,1.24,1.26,5282572.13,1779753599999,True
2026-05-26 00:00:00,1779753600000,1.261,1.308,1.235,1.249,7955798.73,1779839999999,True
2026-05-27 00:00:00,1779840000000,1.25,1.279,1.223,1.23,7504379.75,1779926399999,True
2026-05-28 00:00:00,1779926400000,1.23,1.236,1.176,1.213,8444615.02,1780012799999,True
2026-05-29 00:00:00,1780012800000,1.212,1.234,1.178,1.194,6402809.05,1780099199999,True
2026-05-30 00:00:00,1780099200000,1.194,1.221,1.183,1.19,4899374.59,1780185599999,True
2026-05-31 00:00:00,1780185600000,1.19,1.203,1.157,1.188,5376112.78,1780271999999,True
2026-06-01 00:00:00,1780272000000,1.188,1.206,1.125,1.159,10594942.48,1780358399999,True
2026-06-02 00:00:00,1780358400000,1.159,1.162,1.055,1.079,10193564.52,1780444799999,True
2026-06-03 00:00:00,1780444800000,1.08,1.133,1.056,1.104,8897548.57,1780531199999,True
2026-06-04 00:00:00,1780531200000,1.104,1.117,1.008,1.038,11773785.01,1780617599999,True
2026-06-05 00:00:00,1780617600000,1.037,1.043,0.911,0.946,15874855.56,1780703999999,True
2026-06-06 00:00:00,1780704000000,0.947,0.962,0.884,0.943,9308308.26,1780790399999,True
2026-06-07 00:00:00,1780790400000,0.943,1.001,0.94,0.974,8323442.85,1780876799999,True
2026-06-08 00:00:00,1780876800000,0.973,0.996,0.951,0.974,5477592.0,1780963199999,True
2026-06-09 00:00:00,1780963200000,0.975,0.978,0.928,0.957,5446571.85,1781049599999,True
2026-06-10 00:00:00,1781049600000,0.957,0.966,0.903,0.916,5764238.03,1781135999999,True
2026-06-11 00:00:00,1781136000000,0.917,0.975,0.917,0.951,6147628.6,1781222399999,True
2026-06-12 00:00:00,1781222400000,0.952,0.975,0.941,0.957,6047010.13,1781308799999,True
2026-06-13 00:00:00,1781308800000,0.958,0.995,0.956,0.98,6768630.23,1781395199999,True
2026-06-14 00:00:00,1781395200000,0.981,0.998,0.949,0.998,5556444.72,1781481599999,True
2026-06-15 00:00:00,1781481600000,0.998,1.047,0.985,1.011,10134074.92,1781567999999,True
2026-06-16 00:00:00,1781568000000,1.011,1.034,0.988,1.013,5242698.99,1781654399999,True
2026-06-17 00:00:00,1781654400000,1.014,1.043,0.986,1.004,7349969.14,1781740799999,True
2026-06-18 00:00:00,1781740800000,1.004,1.01,0.94,0.974,6756333.79,1781827199999,True
2026-06-19 00:00:00,1781827200000,0.975,0.982,0.947,0.961,4610690.94,1781913599999,True
2026-06-20 00:00:00,1781913600000,0.961,0.976,0.949,0.969,3656225.21,1781999999999,True
2026-06-21 00:00:00,1782000000000,0.97,0.975,0.94,0.941,3106257.63,1782086399999,True
2026-06-22 00:00:00,1782086400000,0.942,0.979,0.929,0.937,4339394.16,1782172799999,True
2026-06-23 00:00:00,1782172800000,0.936,0.939,0.883,0.91,5246189.19,1782259199999,True
2026-06-24 00:00:00,1782259200000,0.91,0.92,0.842,0.888,7275736.27,1782345599999,True
2026-06-25 00:00:00,1782345600000,0.888,0.899,0.819,0.844,5987794.27,1782431999999,True
2026-06-26 00:00:00,1782432000000,0.843,0.868,0.804,0.852,7318627.66,1782518399999,True
2026-06-27 00:00:00,1782518400000,0.853,0.861,0.808,0.816,3726004.01,1782604799999,True
2026-06-28 00:00:00,1782604800000,0.816,0.822,0.795,0.81,5884504.74,1782691199999,True
2026-06-29 00:00:00,1782691200000,0.811,0.84,0.806,0.826,6076766.61,1782777599999,True
2026-06-30 00:00:00,1782777600000,0.825,0.833,0.801,0.822,5484032.82,1782863999999,True
