date,open_time,open,high,low,close,volume,close_time,is_closed
2021-01-01 00:00:00,1609459200000,0.03183,0.03375,0.03151,0.03298,47025335.6,1609545599999,True
2021-01-02 00:00:00,1609545600000,0.03298,0.03535,0.03196,0.03335,45112833.4,1609631999999,True
2021-01-03 00:00:00,1609632000000,0.03335,0.03399,0.03153,0.03305,51873098.1,1609718399999,True
2021-01-04 00:00:00,1609718400000,0.03309,0.03605,0.02965,0.03245,79791269.9,1609804799999,True
2021-01-05 00:00:00,1609804800000,0.03243,0.03999,0.03235,0.03754,239842643.8,1609891199999,True
2021-01-06 00:00:00,1609891200000,0.03743,0.03979,0.035,0.03834,208426976.1,1609977599999,True
2021-01-07 00:00:00,1609977600000,0.03824,0.04198,0.03677,0.03824,178001461.7,1610063999999,True
2021-01-08 00:00:00,1610064000000,0.03832,0.06741,0.03781,0.06091,1087527215.0,1610150399999,True
2021-01-09 00:00:00,1610150400000,0.0612,0.0622,0.04835,0.05074,316256174.4,1610236799999,True
2021-01-10 00:00:00,1610236800000,0.05075,0.053,0.04277,0.04941,180778069.8,1610323199999,True
2021-01-11 00:00:00,1610323200000,0.04892,0.04963,0.037,0.0428,147305265.2,1610409599999,True
2021-01-12 00:00:00,1610409600000,0.04284,0.0485,0.04151,0.04698,154171915.0,1610495999999,True
2021-01-13 00:00:00,1610496000000,0.04698,0.055,0.04402,0.05325,182165435.3,1610582399999,True
2021-01-14 00:00:00,1610582400000,0.05325,0.0617,0.0508,0.05689,191148139.3,1610668799999,True
2021-01-15 00:00:00,1610668800000,0.05689,0.05753,0.04886,0.05511,147224674.5,1610755199999,True
2021-01-16 00:00:00,1610755200000,0.05523,0.065,0.05416,0.05952,194453324.8,1610841599999,True
2021-01-17 00:00:00,1610841600000,0.05961,0.06817,0.05412,0.06136,204921267.2,1610927999999,True
2021-01-18 00:00:00,1610928000000,0.06136,0.06485,0.05731,0.06454,140821315.4,1611014399999,True
2021-01-19 00:00:00,1611014400000,0.06469,0.07279,0.06153,0.07166,210053821.1,1611100799999,True
2021-01-20 00:00:00,1611100800000,0.07164,0.116,0.06778,0.10057,1159464395.0,1611187199999,True
2021-01-21 00:00:00,1611187200000,0.10053,0.12467,0.091,0.09332,626176971.5,1611273599999,True
2021-01-22 00:00:00,1611273600000,0.09386,0.1033,0.07712,0.09718,377743973.7,1611359999999,True
2021-01-23 00:00:00,1611360000000,0.09718,0.10197,0.09,0.09573,193926479.1,1611446399999,True
2021-01-24 00:00:00,1611446400000,0.09572,0.099,0.08966,0.09383,140088132.4,1611532799999,True
2021-01-25 00:00:00,1611532800000,0.09384,0.09721,0.09015,0.09125,134403780.0,1611619199999,True
2021-01-26 00:00:00,1611619200000,0.09123,0.09493,0.08309,0.08978,150732325.1,1611705599999,True
2021-01-27 00:00:00,1611705600000,0.0898,0.08993,0.07636,0.07946,140842450.5,1611791999999,True
2021-01-28 00:00:00,1611792000000,0.07939,0.09606,0.07542,0.09156,210013293.6,1611878399999,True
2021-01-29 00:00:00,1611878400000,0.09192,0.09533,0.084,0.08714,165243752.8,1611964799999,True
2021-01-30 00:00:00,1611964800000,0.087,0.08783,0.07958,0.08151,165392965.7,1612051199999,True
2021-01-31 00:00:00,1612051200000,0.08142,0.08767,0.07653,0.08251,305556017.7,1612137599999,True
2021-02-01 00:00:00,1612137600000,0.08262,0.092,0.078,0.08913,232407898.9,1612223999999,True
2021-02-02 00:00:00,1612224000000,0.08898,0.1,0.08413,0.09318,290705268.3,1612310399999,True
2021-02-03 00:00:00,1612310400000,0.09313,0.0975,0.08957,0.09632,203658375.3,1612396799999,True
2021-02-04 00:00:00,1612396800000,0.09631,0.0972,0.08702,0.09002,153911431.9,1612483199999,True
2021-02-05 00:00:00,1612483200000,0.08978,0.09997,0.08944,0.0995,172481167.3,1612569599999,True
2021-02-06 00:00:00,1612569600000,0.0995,0.11369,0.098,0.10366,245991072.0,1612655999999,True
2021-02-07 00:00:00,1612656000000,0.10349,0.10549,0.08953,0.0967,172635827.2,1612742399999,True
2021-02-08 00:00:00,1612742400000,0.09653,0.10233,0.0931,0.10014,143688780.3,1612828799999,True
2021-02-09 00:00:00,1612828800000,0.10013,0.11349,0.09771,0.105,251453812.3,1612915199999,True
2021-02-10 00:00:00,1612915200000,0.105,0.11733,0.0992,0.10906,201929700.3,1613001599999,True
2021-02-11 00:00:00,1613001600000,0.10866,0.14262,0.1035,0.13401,394766223.3,1613087999999,True
2021-02-12 00:00:00,1613088000000,0.13433,0.1432,0.12585,0.1377,182832330.9,1613174399999,True
2021-02-13 00:00:00,1613174400000,0.13782,0.14825,0.12698,0.13849,166791137.3,1613260799999,True
2021-02-14 00:00:00,1613260800000,0.1385,0.13952,0.122,0.12699,108826496.7,1613347199999,True
2021-02-15 00:00:00,1613347200000,0.12697,0.1531,0.1094,0.144,271809307.4,1613433599999,True
2021-02-16 00:00:00,1613433600000,0.144,0.14899,0.131,0.13702,174149621.8,1613519999999,True
2021-02-17 00:00:00,1613520000000,0.13679,0.1429,0.1275,0.1387,115705528.2,1613606399999,True
2021-02-18 00:00:00,1613606400000,0.13905,0.15008,0.13712,0.14945,119754332.0,1613692799999,True
2021-02-19 00:00:00,1613692800000,0.14946,0.16,0.13738,0.1524,147269975.0,1613779199999,True
2021-02-20 00:00:00,1613779200000,0.15239,0.15331,0.13599,0.14004,139963115.0,1613865599999,True
2021-02-21 00:00:00,1613865600000,0.14032,0.1517,0.13699,0.14573,100156774.5,1613951999999,True
2021-02-22 00:00:00,1613952000000,0.14583,0.14596,0.114,0.13629,166290726.1,1614038399999,True
2021-02-23 00:00:00,1614038400000,0.13596,0.13999,0.09,0.11919,254457709.5,1614124799999,True
2021-02-24 00:00:00,1614124800000,0.1192,0.14459,0.10973,0.12859,248251489.0,1614211199999,True
2021-02-25 00:00:00,1614211200000,0.12834,0.14199,0.11552,0.11756,215374405.4,1614297599999,True
2021-02-26 00:00:00,1614297600000,0.11758,0.1241,0.10977,0.11807,148207735.4,1614383999999,True
2021-02-27 00:00:00,1614384000000,0.11834,0.1243,0.11577,0.11877,69176803.9,1614470399999,True
2021-02-28 00:00:00,1614470400000,0.11895,0.12344,0.10311,0.11484,101422328.4,1614556799999,True
2021-03-01 00:00:00,1614556800000,0.11484,0.12734,0.11366,0.12492,357169154.0,1614643199999,True
2021-03-02 00:00:00,1614643200000,0.12489,0.12736,0.1161,0.12275,88914414.6,1614729599999,True
2021-03-03 00:00:00,1614729600000,0.1225,0.13132,0.12005,0.12835,100239040.0,1614815999999,True
2021-03-04 00:00:00,1614816000000,0.12841,0.178,0.12807,0.15856,647201782.3,1614902399999,True
2021-03-05 00:00:00,1614902400000,0.15855,0.15885,0.14198,0.14865,210995465.9,1614988799999,True
2021-03-06 00:00:00,1614988800000,0.14866,0.15373,0.13689,0.14512,119094189.9,1615075199999,True
2021-03-07 00:00:00,1615075200000,0.14512,0.15627,0.14491,0.15255,124457669.2,1615161599999,True
2021-03-08 00:00:00,1615161600000,0.15221,0.18484,0.148,0.1741,287786566.1,1615247999999,True
2021-03-09 00:00:00,1615248000000,0.17413,0.2142,0.16809,0.20977,368621166.4,1615334399999,True
2021-03-10 00:00:00,1615334400000,0.20977,0.23998,0.185,0.22,367203699.9,1615420799999,True
2021-03-11 00:00:00,1615420800000,0.221,0.27888,0.20851,0.26945,527482887.3,1615507199999,True
2021-03-12 00:00:00,1615507200000,0.26912,0.27907,0.24365,0.27162,299035002.3,1615593599999,True
2021-03-13 00:00:00,1615593600000,0.27162,0.27863,0.255,0.27756,199021589.9,1615679999999,True
2021-03-14 00:00:00,1615680000000,0.27752,0.39429,0.27737,0.36336,705769483.2,1615766399999,True
2021-03-15 00:00:00,1615766400000,0.36337,0.4555,0.355,0.40195,512130654.5,1615852799999,True
2021-03-16 00:00:00,1615852800000,0.40194,0.40892,0.32578,0.34302,334359774.3,1615939199999,True
2021-03-17 00:00:00,1615939200000,0.34329,0.38088,0.2935,0.36001,453313527.4,1616025599999,True
2021-03-18 00:00:00,1616025600000,0.36003,0.375,0.33082,0.34357,166957209.0,1616111999999,True
2021-03-19 00:00:00,1616112000000,0.34379,0.36293,0.32981,0.3441,120048910.5,1616198399999,True
2021-03-20 00:00:00,1616198400000,0.34378,0.35056,0.315,0.31641,113302336.4,1616284799999,True
2021-03-21 00:00:00,1616284800000,0.31668,0.37,0.30776,0.34149,149745968.2,1616371199999,True
2021-03-22 00:00:00,1616371200000,0.34123,0.35548,0.305,0.31379,154585374.8,1616457599999,True
2021-03-23 00:00:00,1616457600000,0.31369,0.33714,0.3,0.32063,116581133.6,1616543999999,True
2021-03-24 00:00:00,1616544000000,0.31994,0.34,0.28852,0.29765,127361227.1,1616630399999,True
2021-03-25 00:00:00,1616630400000,0.2973,0.3145,0.281,0.3016,103634822.5,1616716799999,True
2021-03-26 00:00:00,1616716800000,0.30146,0.34762,0.30019,0.34575,93308200.6,1616803199999,True
2021-03-27 00:00:00,1616803200000,0.34575,0.356,0.32004,0.33828,96841845.0,1616889599999,True
2021-03-28 00:00:00,1616889600000,0.33807,0.345,0.3251,0.3384,64950024.1,1616975999999,True
2021-03-29 00:00:00,1616976000000,0.33839,0.43838,0.3339,0.37028,368169111.6,1617062399999,True
2021-03-30 00:00:00,1617062400000,0.37056,0.41338,0.36065,0.38566,228404781.9,1617148799999,True
2021-03-31 00:00:00,1617148800000,0.38567,0.38782,0.34,0.36058,160382218.4,1617235199999,True
2021-04-01 00:00:00,1617235200000,0.36058,0.36499,0.33521,0.34544,126479678.4,1617321599999,True
2021-04-02 00:00:00,1617321600000,0.34529,0.3548,0.33386,0.35209,99569617.3,1617407999999,True
2021-04-03 00:00:00,1617408000000,0.3524,0.35417,0.30602,0.31154,127575970.5,1617494399999,True
2021-04-04 00:00:00,1617494400000,0.31145,0.33745,0.30582,0.32477,85207826.2,1617580799999,True
2021-04-05 00:00:00,1617580800000,0.32477,0.32843,0.30386,0.31731,152920490.4,1617667199999,True
2021-04-06 00:00:00,1617667200000,0.3176,0.3382,0.305,0.326,211049927.8,1617753599999,True
2021-04-07 00:00:00,1617753600000,0.32602,0.32956,0.279,0.29919,142627697.6,1617839999999,True
2021-04-08 00:00:00,1617840000000,0.29946,0.3278,0.29686,0.32759,114619197.5,1617926399999,True
2021-04-09 00:00:00,1617926400000,0.32755,0.36689,0.32696,0.3384,185317443.0,1618012799999,True
2021-04-10 00:00:00,1618012800000,0.33845,0.346,0.3189,0.33098,121274857.1,1618099199999,True
2021-04-11 00:00:00,1618099200000,0.33138,0.3835,0.33089,0.34813,238917640.3,1618185599999,True
2021-04-12 00:00:00,1618185600000,0.34841,0.36568,0.33,0.35717,156779119.2,1618271999999,True
2021-04-13 00:00:00,1618272000000,0.35721,0.41367,0.33369,0.4101,190426185.0,1618358399999,True
2021-04-14 00:00:00,1618358400000,0.41007,0.41455,0.35979,0.37449,296898236.2,1618444799999,True
2021-04-15 00:00:00,1618444800000,0.37444,0.38485,0.36251,0.3801,184464710.9,1618531199999,True
2021-04-16 00:00:00,1618531200000,0.38022,0.38229,0.328,0.34894,208766747.2,1618617599999,True
2021-04-17 00:00:00,1618617600000,0.34913,0.37165,0.33941,0.34218,154758862.5,1618703999999,True
2021-04-18 00:00:00,1618704000000,0.34189,0.34537,0.24236,0.30956,233229698.1,1618790399999,True
2021-04-19 00:00:00,1618790400000,0.30931,0.32281,0.26832,0.2881,217986705.2,1618876799999,True
2021-04-20 00:00:00,1618876800000,0.28804,0.34669,0.26352,0.32387,310923102.8,1618963199999,True
2021-04-21 00:00:00,1618963200000,0.32431,0.325,0.28663,0.29119,181637274.4,1619049599999,True
2021-04-22 00:00:00,1619049600000,0.29121,0.305,0.2506,0.2578,169536483.5,1619135999999,True
2021-04-23 00:00:00,1619136000000,0.2578,0.26982,0.191,0.2686,280064078.8,1619222399999,True
2021-04-24 00:00:00,1619222400000,0.26842,0.269,0.23783,0.24355,108653747.3,1619308799999,True
2021-04-25 00:00:00,1619308800000,0.24384,0.266,0.23223,0.246,105641561.4,1619395199999,True
2021-04-26 00:00:00,1619395200000,0.24632,0.29139,0.24241,0.2848,152210382.2,1619481599999,True
2021-04-27 00:00:00,1619481600000,0.28503,0.31481,0.2784,0.30405,138676234.2,1619567999999,True
2021-04-28 00:00:00,1619568000000,0.30364,0.31,0.275,0.2872,104194532.8,1619654399999,True
2021-04-29 00:00:00,1619654400000,0.2872,0.31361,0.2715,0.28646,153207377.2,1619740799999,True
2021-04-30 00:00:00,1619740800000,0.28623,0.30465,0.27854,0.29998,99712009.3,1619827199999,True
2021-05-01 00:00:00,1619827200000,0.29997,0.33676,0.28248,0.32681,166941648.7,1619913599999,True
2021-05-02 00:00:00,1619913600000,0.32681,0.34535,0.29561,0.32893,160506025.2,1619999999999,True
2021-05-03 00:00:00,1620000000000,0.32891,0.34,0.31564,0.32239,123550886.4,1620086399999,True
2021-05-04 00:00:00,1620086400000,0.32221,0.32269,0.275,0.27819,177220451.8,1620172799999,True
2021-05-05 00:00:00,1620172800000,0.2782,0.31595,0.274,0.31512,133756560.6,1620259199999,True
2021-05-06 00:00:00,1620259200000,0.31472,0.31824,0.28665,0.29817,148789278.5,1620345599999,True
2021-05-07 00:00:00,1620345600000,0.29817,0.32194,0.286,0.30576,135824588.3,1620431999999,True
2021-05-08 00:00:00,1620432000000,0.30595,0.30622,0.2904,0.29762,96564701.4,1620518399999,True
2021-05-09 00:00:00,1620518400000,0.29801,0.29908,0.27511,0.29185,103687674.7,1620604799999,True
2021-05-10 00:00:00,1620604800000,0.292,0.29999,0.249,0.26414,155614905.9,1620691199999,True
2021-05-11 00:00:00,1620691200000,0.26414,0.28498,0.26158,0.28286,104272734.2,1620777599999,True
2021-05-12 00:00:00,1620777600000,0.28327,0.28588,0.2344,0.23982,119534358.3,1620863999999,True
2021-05-13 00:00:00,1620864000000,0.23981,0.40949,0.226,0.33435,964316963.7,1620950399999,True
2021-05-14 00:00:00,1620950400000,0.33435,0.39128,0.31506,0.33511,788985900.4,1621036799999,True
2021-05-15 00:00:00,1621036800000,0.33512,0.33541,0.29099,0.31385,333214789.3,1621123199999,True
2021-05-16 00:00:00,1621123200000,0.31302,0.3625,0.3,0.32843,445509807.2,1621209599999,True
2021-05-17 00:00:00,1621209600000,0.32887,0.35212,0.28511,0.292,313823914.5,1621295999999,True
2021-05-18 00:00:00,1621296000000,0.292,0.35,0.28341,0.33637,292580501.1,1621382399999,True
2021-05-19 00:00:00,1621382400000,0.33686,0.34474,0.16,0.2147,599104613.5,1621468799999,True
2021-05-20 00:00:00,1621468800000,0.2151,0.29008,0.19,0.27436,364033597.9,1621555199999,True
2021-05-21 00:00:00,1621555200000,0.27501,0.2945,0.19353,0.23718,321887440.6,1621641599999,True
2021-05-22 00:00:00,1621641600000,0.23664,0.29641,0.2041,0.2687,497734493.1,1621727999999,True
2021-05-23 00:00:00,1621728000000,0.2686,0.26889,0.18889,0.23188,369987853.0,1621814399999,True
2021-05-24 00:00:00,1621814400000,0.23199,0.27045,0.21594,0.25474,256855937.2,1621900799999,True
2021-05-25 00:00:00,1621900800000,0.2549,0.26562,0.22775,0.25289,198099324.3,1621987199999,True
2021-05-26 00:00:00,1621987200000,0.25278,0.27616,0.24603,0.27321,203806872.0,1622073599999,True
2021-05-27 00:00:00,1622073600000,0.27321,0.274,0.24809,0.2545,144847246.8,1622159999999,True
2021-05-28 00:00:00,1622160000000,0.25453,0.25953,0.20815,0.21785,226865571.7,1622246399999,True
2021-05-29 00:00:00,1622246400000,0.21787,0.2244,0.19907,0.20901,133262175.5,1622332799999,True
2021-05-30 00:00:00,1622332800000,0.20849,0.228,0.1988,0.21821,98195947.7,1622419199999,True
2021-05-31 00:00:00,1622419200000,0.2181,0.23515,0.20503,0.23348,124636559.5,1622505599999,True
2021-06-01 00:00:00,1622505600000,0.23327,0.23782,0.21637,0.22672,85357274.1,1622591999999,True
2021-06-02 00:00:00,1622592000000,0.22705,0.245,0.217,0.23186,99258256.0,1622678399999,True
2021-06-03 00:00:00,1622678400000,0.23159,0.2676,0.22912,0.25779,148792187.9,1622764799999,True
2021-06-04 00:00:00,1622764800000,0.2578,0.25904,0.22012,0.23253,146917046.8,1622851199999,True
2021-06-05 00:00:00,1622851200000,0.23211,0.24088,0.21211,0.22173,92621828.8,1622937599999,True
2021-06-06 00:00:00,1622937600000,0.22157,0.23137,0.21959,0.229,49086139.3,1623023999999,True
2021-06-07 00:00:00,1623024000000,0.22875,0.2343,0.2052,0.20732,79068841.5,1623110399999,True
2021-06-08 00:00:00,1623110400000,0.20717,0.22367,0.19,0.21577,142496324.2,1623196799999,True
2021-06-09 00:00:00,1623196800000,0.21571,0.22022,0.2001,0.21776,110181982.8,1623283199999,True
2021-06-10 00:00:00,1623283200000,0.21779,0.21896,0.2012,0.20562,93067717.6,1623369599999,True
2021-06-11 00:00:00,1623369600000,0.20586,0.21144,0.195,0.20049,73882001.6,1623455999999,True
2021-06-12 00:00:00,1623456000000,0.20043,0.20062,0.17739,0.18935,111298724.8,1623542399999,True
2021-06-13 00:00:00,1623542400000,0.18931,0.19977,0.17969,0.1967,68801771.8,1623628799999,True
2021-06-14 00:00:00,1623628800000,0.1968,0.21822,0.19092,0.20481,120811409.6,1623715199999,True
2021-06-15 00:00:00,1623715200000,0.20479,0.21866,0.20217,0.21209,98443468.6,1623801599999,True
2021-06-16 00:00:00,1623801600000,0.21211,0.21365,0.195,0.20572,96254762.0,1623887999999,True
2021-06-17 00:00:00,1623888000000,0.20551,0.21674,0.19915,0.20822,91619740.3,1623974399999,True
2021-06-18 00:00:00,1623974400000,0.20821,0.2296,0.1976,0.20716,167085203.7,1624060799999,True
2021-06-19 00:00:00,1624060800000,0.20733,0.21164,0.19491,0.19551,65785270.5,1624147199999,True
2021-06-20 00:00:00,1624147200000,0.1954,0.19999,0.17939,0.19307,72874211.5,1624233599999,True
2021-06-21 00:00:00,1624233600000,0.19327,0.19703,0.16134,0.17393,209187614.4,1624319999999,True
2021-06-22 00:00:00,1624320000000,0.17442,0.17897,0.13821,0.16639,252853860.2,1624406399999,True
2021-06-23 00:00:00,1624406400000,0.16672,0.1899,0.16161,0.18223,125826791.9,1624492799999,True
2021-06-24 00:00:00,1624492800000,0.18208,0.1952,0.17605,0.19238,75185767.5,1624579199999,True
2021-06-25 00:00:00,1624579200000,0.19238,0.195,0.163,0.16484,133408158.3,1624665599999,True
2021-06-26 00:00:00,1624665600000,0.16493,0.19303,0.16253,0.17902,190856874.3,1624751999999,True
2021-06-27 00:00:00,1624752000000,0.17904,0.18287,0.17153,0.18251,65251131.8,1624838399999,True
2021-06-28 00:00:00,1624838400000,0.18244,0.18477,0.17525,0.18288,77482482.6,1624924799999,True
2021-06-29 00:00:00,1624924800000,0.18288,0.19577,0.1815,0.19088,90705439.9,1625011199999,True
2021-06-30 00:00:00,1625011200000,0.19088,0.1956,0.17532,0.1956,86657609.8,1625097599999,True
2021-07-01 00:00:00,1625097600000,0.1956,0.2136,0.18122,0.21162,203369456.1,1625183999999,True
2021-07-02 00:00:00,1625184000000,0.21142,0.21225,0.18711,0.19292,89739557.3,1625270399999,True
2021-07-03 00:00:00,1625270400000,0.19297,0.19545,0.188,0.19363,66018830.8,1625356799999,True
2021-07-04 00:00:00,1625356800000,0.19369,0.19731,0.18835,0.19458,52056361.6,1625443199999,True
2021-07-05 00:00:00,1625443200000,0.19457,0.19457,0.17902,0.18437,53777874.6,1625529599999,True
2021-07-06 00:00:00,1625529600000,0.18421,0.19041,0.18043,0.18526,64370080.8,1625615999999,True
2021-07-07 00:00:00,1625616000000,0.18515,0.19185,0.1822,0.18568,49652337.8,1625702399999,True
2021-07-08 00:00:00,1625702400000,0.18557,0.18738,0.16946,0.1709,50934109.0,1625788799999,True
2021-07-09 00:00:00,1625788800000,0.17112,0.17787,0.1641,0.17516,54629841.0,1625875199999,True
2021-07-10 00:00:00,1625875200000,0.17507,0.17696,0.166,0.16908,36052025.4,1625961599999,True
2021-07-11 00:00:00,1625961600000,0.16915,0.1736,0.16773,0.17122,20575562.5,1626047999999,True
2021-07-12 00:00:00,1626048000000,0.17152,0.17384,0.16403,0.16792,37149521.0,1626134399999,True
2021-07-13 00:00:00,1626134400000,0.1676,0.18441,0.16532,0.17603,123443509.0,1626220799999,True
2021-07-14 00:00:00,1626220800000,0.17587,0.17656,0.163,0.17028,52940798.8,1626307199999,True
2021-07-15 00:00:00,1626307200000,0.17028,0.184,0.16512,0.1745,102801602.9,1626393599999,True
2021-07-16 00:00:00,1626393600000,0.17472,0.19982,0.1702,0.18249,217344392.7,1626479999999,True
2021-07-17 00:00:00,1626480000000,0.18246,0.19425,0.178,0.18735,97882308.1,1626566399999,True
2021-07-18 00:00:00,1626566400000,0.18735,0.19443,0.178,0.1806,46995723.6,1626652799999,True
2021-07-19 00:00:00,1626652800000,0.18064,0.18189,0.17002,0.17297,39082505.3,1626739199999,True
2021-07-20 00:00:00,1626739200000,0.17295,0.17486,0.15552,0.15795,70358892.7,1626825599999,True
2021-07-21 00:00:00,1626825600000,0.15782,0.17199,0.155,0.16949,73469566.0,1626911999999,True
2021-07-22 00:00:00,1626912000000,0.16945,0.1768,0.16266,0.17329,65585750.0,1626998399999,True
2021-07-23 00:00:00,1626998400000,0.17355,0.17506,0.16536,0.17436,41628654.2,1627084799999,True
2021-07-24 00:00:00,1627084800000,0.17462,0.1819,0.1726,0.17985,47671813.7,1627171199999,True
2021-07-25 00:00:00,1627171200000,0.17989,0.18033,0.17031,0.17688,42167771.4,1627257599999,True
2021-07-26 00:00:00,1627257600000,0.177,0.20996,0.1756,0.18353,201460541.9,1627343999999,True
2021-07-27 00:00:00,1627344000000,0.18339,0.205,0.17975,0.19777,108553774.9,1627430399999,True
2021-07-28 00:00:00,1627430400000,0.19774,0.2075,0.193,0.1971,70289071.0,1627516799999,True
2021-07-29 00:00:00,1627516800000,0.19701,0.20523,0.19416,0.20398,43653940.0,1627603199999,True
2021-07-30 00:00:00,1627603200000,0.20406,0.21793,0.199,0.21454,84393172.0,1627689599999,True
2021-07-31 00:00:00,1627689600000,0.21447,0.21858,0.20725,0.21443,46002881.5,1627775999999,True
2021-08-01 00:00:00,1627776000000,0.21409,0.219,0.202,0.2044,45782201.7,1627862399999,True
2021-08-02 00:00:00,1627862400000,0.20453,0.21292,0.20136,0.20908,42655280.2,1627948799999,True
2021-08-03 00:00:00,1627948800000,0.20886,0.228,0.20454,0.21506,102725591.7,1628035199999,True
2021-08-04 00:00:00,1628035200000,0.21489,0.21897,0.2066,0.21798,51936534.3,1628121599999,True
2021-08-05 00:00:00,1628121600000,0.21779,0.222,0.208,0.21924,56979379.3,1628207999999,True
2021-08-06 00:00:00,1628208000000,0.21916,0.2198,0.21248,0.21832,53914561.0,1628294399999,True
2021-08-07 00:00:00,1628294400000,0.21832,0.22679,0.21611,0.22519,82317247.5,1628380799999,True
2021-08-08 00:00:00,1628380800000,0.22518,0.22541,0.20918,0.2133,52750969.9,1628467199999,True
2021-08-09 00:00:00,1628467200000,0.21337,0.22297,0.2064,0.22123,48833753.5,1628553599999,True
2021-08-10 00:00:00,1628553600000,0.2212,0.23097,0.2168,0.225,74149631.3,1628639999999,True
2021-08-11 00:00:00,1628640000000,0.22503,0.24128,0.22316,0.22756,121624916.5,1628726399999,True
2021-08-12 00:00:00,1628726400000,0.22757,0.23641,0.212,0.21827,71099746.1,1628812799999,True
2021-08-13 00:00:00,1628812800000,0.21855,0.23159,0.21552,0.23123,65248359.6,1628899199999,True
2021-08-14 00:00:00,1628899200000,0.23123,0.27775,0.22501,0.26285,319287572.0,1628985599999,True
2021-08-15 00:00:00,1628985600000,0.2631,0.26487,0.2401,0.25186,143650737.4,1629071999999,True
2021-08-16 00:00:00,1629072000000,0.25186,0.26625,0.2406,0.24242,112507348.5,1629158399999,True
2021-08-17 00:00:00,1629158400000,0.24227,0.25272,0.22224,0.22717,123819857.7,1629244799999,True
2021-08-18 00:00:00,1629244800000,0.22723,0.23379,0.212,0.22323,77844785.6,1629331199999,True
2021-08-19 00:00:00,1629331200000,0.22348,0.23752,0.211,0.23733,79087299.4,1629417599999,True
2021-08-20 00:00:00,1629417600000,0.23718,0.252,0.23417,0.2471,91295184.9,1629503999999,True
2021-08-21 00:00:00,1629504000000,0.24699,0.2506,0.239,0.24229,69521502.6,1629590399999,True
2021-08-22 00:00:00,1629590400000,0.24223,0.24922,0.2323,0.24139,69362060.6,1629676799999,True
2021-08-23 00:00:00,1629676800000,0.24139,0.266,0.24052,0.26095,126050979.9,1629763199999,True
2021-08-24 00:00:00,1629763200000,0.26097,0.29117,0.25122,0.25286,241383970.4,1629849599999,True
2021-08-25 00:00:00,1629849600000,0.25261,0.26106,0.24,0.2582,106398722.6,1629935999999,True
2021-08-26 00:00:00,1629936000000,0.25823,0.26353,0.2309,0.2379,89427781.5,1630022399999,True
2021-08-27 00:00:00,1630022400000,0.238,0.2549,0.2284,0.2542,71228887.8,1630108799999,True
2021-08-28 00:00:00,1630108800000,0.2543,0.2695,0.2487,0.2608,77207561.7,1630195199999,True
2021-08-29 00:00:00,1630195200000,0.2612,0.264,0.2493,0.2521,65463452.0,1630281599999,True
2021-08-30 00:00:00,1630281600000,0.252,0.2573,0.2413,0.2446,62562271.0,1630367999999,True
2021-08-31 00:00:00,1630368000000,0.2447,0.27653,0.2401,0.2517,154514103.2,1630454399999,True
2021-09-01 00:00:00,1630454400000,0.2518,0.2666,0.2433,0.2641,100834216.0,1630540799999,True
2021-09-02 00:00:00,1630540800000,0.2641,0.2784,0.2495,0.2745,145396618.2,1630627199999,True
2021-09-03 00:00:00,1630627200000,0.2745,0.2861,0.265,0.2859,118853395.7,1630713599999,True
2021-09-04 00:00:00,1630713600000,0.2859,0.3198,0.2772,0.318,176005021.7,1630799999999,True
2021-09-05 00:00:00,1630800000000,0.318,0.318,0.296,0.3075,118009594.0,1630886399999,True
2021-09-06 00:00:00,1630886400000,0.3075,0.3194,0.2953,0.312,102705258.0,1630972799999,True
2021-09-07 00:00:00,1630972800000,0.312,0.34477,0.231,0.272,339110257.4,1631059199999,True
2021-09-08 00:00:00,1631059200000,0.2716,0.3266,0.2435,0.3188,243410350.0,1631145599999,True
2021-09-09 00:00:00,1631145600000,0.3187,0.3621,0.3041,0.331,353485394.6,1631231999999,True
2021-09-10 00:00:00,1631232000000,0.3308,0.3388,0.2928,0.3163,151986170.0,1631318399999,True
2021-09-11 00:00:00,1631318400000,0.3163,0.39,0.3134,0.363,320592718.8,1631404799999,True
2021-09-12 00:00:00,1631404800000,0.3632,0.4275,0.3469,0.4242,275601596.4,1631491199999,True
2021-09-13 00:00:00,1631491200000,0.425,0.4475,0.367,0.4317,485861970.9,1631577599999,True
2021-09-14 00:00:00,1631577600000,0.4318,0.4877,0.4013,0.4563,377588122.4,1631663999999,True
2021-09-15 00:00:00,1631664000000,0.4561,0.5695,0.4539,0.505,467415443.7,1631750399999,True
2021-09-16 00:00:00,1631750400000,0.5049,0.576,0.4602,0.4767,486075609.0,1631836799999,True
2021-09-17 00:00:00,1631836800000,0.4767,0.477,0.415,0.426,273369374.0,1631923199999,True
2021-09-18 00:00:00,1631923200000,0.4261,0.4534,0.4088,0.4294,197378012.0,1632009599999,True
2021-09-19 00:00:00,1632009600000,0.4298,0.4299,0.3882,0.3968,126772194.0,1632095999999,True
2021-09-20 00:00:00,1632096000000,0.3969,0.3971,0.3134,0.3395,349120796.0,1632182399999,True
2021-09-21 00:00:00,1632182400000,0.3395,0.3553,0.288,0.3055,347570961.0,1632268799999,True
2021-09-22 00:00:00,1632268800000,0.3056,0.3809,0.299,0.3666,278554928.0,1632355199999,True
2021-09-23 00:00:00,1632355200000,0.3664,0.3936,0.3577,0.3829,211097706.0,1632441599999,True
2021-09-24 00:00:00,1632441600000,0.3828,0.3848,0.31,0.3498,293864544.0,1632527999999,True
2021-09-25 00:00:00,1632528000000,0.3499,0.3578,0.3246,0.3417,132630865.0,1632614399999,True
2021-09-26 00:00:00,1632614400000,0.3417,0.346,0.306,0.3346,141394809.0,1632700799999,True
2021-09-27 00:00:00,1632700800000,0.3345,0.3765,0.3113,0.3193,116267929.0,1632787199999,True
2021-09-28 00:00:00,1632787200000,0.3192,0.3261,0.3017,0.3035,105676306.0,1632873599999,True
2021-09-29 00:00:00,1632873600000,0.3033,0.3268,0.3001,0.3108,113361389.0,1632959999999,True
2021-09-30 00:00:00,1632960000000,0.3108,0.3435,0.3087,0.338,118598022.0,1633046399999,True
2021-10-01 00:00:00,1633046400000,0.338,0.37,0.3274,0.365,127871203.0,1633132799999,True
2021-10-02 00:00:00,1633132800000,0.3652,0.4177,0.3569,0.3855,160431019.0,1633219199999,True
2021-10-03 00:00:00,1633219200000,0.3855,0.4196,0.3735,0.3988,149374262.0,1633305599999,True
2021-10-04 00:00:00,1633305600000,0.3989,0.428,0.3774,0.4048,202132968.0,1633391999999,True
2021-10-05 00:00:00,1633392000000,0.4047,0.4225,0.3858,0.4035,126497121.0,1633478399999,True
2021-10-06 00:00:00,1633478400000,0.4034,0.4084,0.3619,0.3815,134074685.0,1633564799999,True
2021-10-07 00:00:00,1633564800000,0.3813,0.3946,0.3651,0.378,135668223.0,1633651199999,True
2021-10-08 00:00:00,1633651200000,0.3781,0.3912,0.3692,0.3738,91472675.0,1633737599999,True
2021-10-09 00:00:00,1633737600000,0.3739,0.3781,0.3624,0.3709,72990707.0,1633823999999,True
2021-10-10 00:00:00,1633824000000,0.3709,0.3711,0.3361,0.339,72408216.0,1633910399999,True
2021-10-11 00:00:00,1633910400000,0.3392,0.3627,0.3342,0.3436,77754428.0,1633996799999,True
2021-10-12 00:00:00,1633996800000,0.3434,0.3589,0.32,0.3488,104368818.0,1634083199999,True
2021-10-13 00:00:00,1634083200000,0.3488,0.3609,0.339,0.3569,75952367.0,1634169599999,True
2021-10-14 00:00:00,1634169600000,0.3571,0.4,0.3522,0.389,131719949.0,1634255999999,True
2021-10-15 00:00:00,1634256000000,0.389,0.3893,0.3568,0.3641,102996332.0,1634342399999,True
2021-10-16 00:00:00,1634342400000,0.3641,0.3789,0.3634,0.3725,64376905.0,1634428799999,True
2021-10-17 00:00:00,1634428800000,0.3725,0.3755,0.3411,0.3551,75205174.0,1634515199999,True
2021-10-18 00:00:00,1634515200000,0.3551,0.3697,0.345,0.3559,90083357.0,1634601599999,True
2021-10-19 00:00:00,1634601600000,0.3559,0.3796,0.3505,0.3749,97914559.0,1634687999999,True
2021-10-20 00:00:00,1634688000000,0.3749,0.41,0.3686,0.4027,160522544.0,1634774399999,True
2021-10-21 00:00:00,1634774400000,0.4026,0.4084,0.3715,0.379,100999075.0,1634860799999,True
2021-10-22 00:00:00,1634860800000,0.3787,0.3912,0.3717,0.3786,59861565.0,1634947199999,True
2021-10-23 00:00:00,1634947200000,0.3785,0.3814,0.3676,0.3792,55507895.0,1635033599999,True
2021-10-24 00:00:00,1635033600000,0.3792,0.3793,0.3565,0.3669,59254333.0,1635119999999,True
2021-10-25 00:00:00,1635120000000,0.367,0.39,0.3643,0.387,83014045.0,1635206399999,True
2021-10-26 00:00:00,1635206400000,0.387,0.4146,0.3813,0.3914,129690875.0,1635292799999,True
2021-10-27 00:00:00,1635292800000,0.3913,0.3994,0.3235,0.3501,172367276.0,1635379199999,True
2021-10-28 00:00:00,1635379200000,0.3501,0.3832,0.3493,0.3704,96845503.0,1635465599999,True
2021-10-29 00:00:00,1635465600000,0.3704,0.398,0.3687,0.3905,77283331.0,1635551999999,True
2021-10-30 00:00:00,1635552000000,0.3906,0.4394,0.385,0.4187,230492994.0,1635638399999,True
2021-10-31 00:00:00,1635638400000,0.4187,0.466,0.39,0.4076,209400825.0,1635724799999,True
2021-11-01 00:00:00,1635724800000,0.4076,0.4335,0.391,0.3997,100590848.0,1635811199999,True
2021-11-02 00:00:00,1635811200000,0.3998,0.4013,0.39,0.397,78943124.0,1635897599999,True
2021-11-03 00:00:00,1635897600000,0.397,0.397,0.376,0.3904,71968289.0,1635983999999,True
2021-11-04 00:00:00,1635984000000,0.3905,0.3961,0.3772,0.3941,69812749.0,1636070399999,True
2021-11-05 00:00:00,1636070400000,0.3941,0.4043,0.3851,0.3903,70505019.0,1636156799999,True
2021-11-06 00:00:00,1636156800000,0.39,0.3982,0.3712,0.3851,44881546.0,1636243199999,True
2021-11-07 00:00:00,1636243200000,0.3855,0.3945,0.383,0.3932,38949873.0,1636329599999,True
2021-11-08 00:00:00,1636329600000,0.3932,0.43,0.3895,0.4225,181932259.0,1636415999999,True
2021-11-09 00:00:00,1636416000000,0.4225,0.4408,0.4074,0.4255,121277932.0,1636502399999,True
2021-11-10 00:00:00,1636502400000,0.4256,0.4525,0.382,0.4068,178265665.0,1636588799999,True
2021-11-11 00:00:00,1636588800000,0.4067,0.4521,0.4033,0.4315,144985544.0,1636675199999,True
2021-11-12 00:00:00,1636675200000,0.4313,0.478,0.4308,0.4518,195595680.0,1636761599999,True
2021-11-13 00:00:00,1636761600000,0.4518,0.4716,0.4359,0.4368,77944363.0,1636847999999,True
2021-11-14 00:00:00,1636848000000,0.4367,0.4457,0.42,0.4389,50253716.0,1636934399999,True
2021-11-15 00:00:00,1636934400000,0.4389,0.4411,0.4174,0.4258,53207264.0,1637020799999,True
2021-11-16 00:00:00,1637020800000,0.4258,0.4258,0.3715,0.395,115071661.0,1637107199999,True
2021-11-17 00:00:00,1637107200000,0.3948,0.4206,0.3886,0.4066,82593424.0,1637193599999,True
2021-11-18 00:00:00,1637193600000,0.4067,0.4145,0.3462,0.3582,112551772.0,1637279999999,True
2021-11-19 00:00:00,1637280000000,0.3584,0.3837,0.35,0.3795,60877491.0,1637366399999,True
2021-11-20 00:00:00,1637366400000,0.3797,0.404,0.3717,0.3879,51649930.0,1637452799999,True
2021-11-21 00:00:00,1637452800000,0.3882,0.4188,0.3517,0.3846,58096515.0,1637539199999,True
2021-11-22 00:00:00,1637539200000,0.3845,0.39,0.3551,0.3627,73142937.0,1637625599999,True
2021-11-23 00:00:00,1637625600000,0.3627,0.3712,0.3514,0.3706,64659036.0,1637711999999,True
2021-11-24 00:00:00,1637712000000,0.3703,0.3749,0.3432,0.3522,74975844.0,1637798399999,True
2021-11-25 00:00:00,1637798400000,0.352,0.3644,0.3448,0.3561,66226748.0,1637884799999,True
2021-11-26 00:00:00,1637884800000,0.3563,0.3725,0.3112,0.3241,113894581.0,1637971199999,True
2021-11-27 00:00:00,1637971200000,0.3239,0.34,0.3217,0.3311,34667952.0,1638057599999,True
2021-11-28 00:00:00,1638057600000,0.331,0.3332,0.3001,0.3323,61806940.0,1638143999999,True
2021-11-29 00:00:00,1638144000000,0.3323,0.3637,0.323,0.3591,69812805.0,1638230399999,True
2021-11-30 00:00:00,1638230400000,0.3593,0.3696,0.3412,0.3478,96981743.0,1638316799999,True
2021-12-01 00:00:00,1638316800000,0.3478,0.363,0.3411,0.3505,45406785.0,1638403199999,True
2021-12-02 00:00:00,1638403200000,0.3505,0.3506,0.3332,0.3393,33633387.0,1638489599999,True
2021-12-03 00:00:00,1638489600000,0.3393,0.3502,0.3096,0.3153,70129546.0,1638575999999,True
2021-12-04 00:00:00,1638576000000,0.3151,0.3159,0.2111,0.2856,161841636.8,1638662399999,True
2021-12-05 00:00:00,1638662400000,0.2858,0.2909,0.2626,0.2751,71477213.0,1638748799999,True
2021-12-06 00:00:00,1638748800000,0.2751,0.2832,0.2389,0.2789,78569073.0,1638835199999,True
2021-12-07 00:00:00,1638835200000,0.2789,0.2915,0.2674,0.2728,61031512.0,1638921599999,True
2021-12-08 00:00:00,1638921600000,0.2727,0.2813,0.259,0.2807,66852900.0,1639007999999,True
2021-12-09 00:00:00,1639008000000,0.281,0.2915,0.2487,0.2515,74175259.0,1639094399999,True
2021-12-10 00:00:00,1639094400000,0.2514,0.2625,0.2354,0.2366,66362489.0,1639180799999,True
2021-12-11 00:00:00,1639180800000,0.2364,0.2559,0.2326,0.2535,32937907.0,1639267199999,True
2021-12-12 00:00:00,1639267200000,0.2536,0.2586,0.2437,0.2557,31022979.0,1639353599999,True
2021-12-13 00:00:00,1639353600000,0.2555,0.2585,0.2212,0.2256,54332816.0,1639439999999,True
2021-12-14 00:00:00,1639440000000,0.2257,0.2358,0.2172,0.2332,55583661.0,1639526399999,True
2021-12-15 00:00:00,1639526400000,0.2331,0.2576,0.2259,0.2562,81029686.0,1639612799999,True
2021-12-16 00:00:00,1639612800000,0.2564,0.2902,0.2546,0.2608,97575479.0,1639699199999,True
2021-12-17 00:00:00,1639699200000,0.2608,0.2681,0.2406,0.2508,65019717.0,1639785599999,True
2021-12-18 00:00:00,1639785600000,0.2511,0.3123,0.2443,0.3083,234745006.0,1639871999999,True
2021-12-19 00:00:00,1639872000000,0.3084,0.3346,0.2898,0.324,159729955.0,1639958399999,True
2021-12-20 00:00:00,1639958400000,0.3243,0.33,0.2947,0.3049,112016260.0,1640044799999,True
2021-12-21 00:00:00,1640044800000,0.3046,0.316,0.2994,0.3084,52710007.0,1640131199999,True
2021-12-22 00:00:00,1640131200000,0.3083,0.3433,0.3082,0.3184,101538364.0,1640217599999,True
2021-12-23 00:00:00,1640217600000,0.3184,0.3338,0.3139,0.3291,55291597.0,1640303999999,True
2021-12-24 00:00:00,1640304000000,0.3292,0.3296,0.3057,0.3104,62066690.0,1640390399999,True
2021-12-25 00:00:00,1640390400000,0.3104,0.3202,0.3077,0.3148,33502728.0,1640476799999,True
2021-12-26 00:00:00,1640476800000,0.3149,0.3227,0.3025,0.3184,49386274.0,1640563199999,True
2021-12-27 00:00:00,1640563200000,0.3187,0.3255,0.3121,0.3139,44497832.0,1640649599999,True
2021-12-28 00:00:00,1640649600000,0.3137,0.314,0.2789,0.2907,74055174.0,1640735999999,True
2021-12-29 00:00:00,1640736000000,0.2907,0.2962,0.2752,0.2826,39969791.0,1640822399999,True
2021-12-30 00:00:00,1640822400000,0.2826,0.3089,0.2774,0.2976,69415158.0,1640908799999,True
2021-12-31 00:00:00,1640908800000,0.2973,0.3089,0.2831,0.2904,48786315.0,1640995199999,True
2022-01-01 00:00:00,1640995200000,0.2901,0.3015,0.289,0.3003,29120845.0,1641081599999,True
2022-01-02 00:00:00,1641081600000,0.3003,0.3194,0.2969,0.3121,59984577.0,1641167999999,True
2022-01-03 00:00:00,1641168000000,0.3118,0.3201,0.2974,0.3066,46620739.0,1641254399999,True
2022-01-04 00:00:00,1641254400000,0.3067,0.3375,0.3025,0.325,117334443.0,1641340799999,True
2022-01-05 00:00:00,1641340800000,0.325,0.3412,0.2697,0.2876,118521565.0,1641427199999,True
2022-01-06 00:00:00,1641427200000,0.2871,0.299,0.2707,0.2941,92679320.0,1641513599999,True
2022-01-07 00:00:00,1641513600000,0.2942,0.3003,0.2661,0.2729,122351520.0,1641599999999,True
2022-01-08 00:00:00,1641600000000,0.2729,0.2777,0.2521,0.2647,72681348.0,1641686399999,True
2022-01-09 00:00:00,1641686400000,0.2645,0.2762,0.262,0.2714,43622974.0,1641772799999,True
2022-01-10 00:00:00,1641772800000,0.2715,0.2756,0.2491,0.2594,54510436.0,1641859199999,True
2022-01-11 00:00:00,1641859200000,0.2593,0.2758,0.2567,0.2754,53345397.0,1641945599999,True
2022-01-12 00:00:00,1641945600000,0.2753,0.2984,0.2727,0.2965,61378014.0,1642031999999,True
2022-01-13 00:00:00,1642032000000,0.2964,0.2969,0.2763,0.2781,54011600.0,1642118399999,True
2022-01-14 00:00:00,1642118400000,0.2781,0.2857,0.273,0.2813,36315530.0,1642204799999,True
2022-01-15 00:00:00,1642204800000,0.2813,0.2846,0.2776,0.2796,26994096.0,1642291199999,True
2022-01-16 00:00:00,1642291200000,0.2795,0.2827,0.2737,0.2789,26391640.0,1642377599999,True
2022-01-17 00:00:00,1642377600000,0.2789,0.284,0.2654,0.2699,39853497.0,1642463999999,True
2022-01-18 00:00:00,1642464000000,0.2698,0.2721,0.2485,0.2657,38649383.0,1642550399999,True
2022-01-19 00:00:00,1642550400000,0.2657,0.2734,0.2522,0.2672,45593996.0,1642636799999,True
2022-01-20 00:00:00,1642636800000,0.2672,0.282,0.2584,0.2598,78238429.0,1642723199999,True
2022-01-21 00:00:00,1642723200000,0.2597,0.2682,0.228,0.2343,101604611.0,1642809599999,True
2022-01-22 00:00:00,1642809600000,0.2343,0.2392,0.202,0.222,97445890.6,1642895999999,True
2022-01-23 00:00:00,1642896000000,0.2219,0.2336,0.213,0.2225,65812737.0,1642982399999,True
2022-01-24 00:00:00,1642982400000,0.2222,0.2222,0.186,0.2064,112714001.4,1643068799999,True
2022-01-25 00:00:00,1643068800000,0.2063,0.2169,0.1972,0.2114,55187632.0,1643155199999,True
2022-01-26 00:00:00,1643155200000,0.2115,0.2245,0.2041,0.2119,63148243.0,1643241599999,True
2022-01-27 00:00:00,1643241600000,0.2117,0.224,0.1996,0.2084,48276465.0,1643327999999,True
2022-01-28 00:00:00,1643328000000,0.2084,0.2179,0.2044,0.216,33698584.0,1643414399999,True
2022-01-29 00:00:00,1643414400000,0.2159,0.2248,0.2145,0.2222,32085845.0,1643500799999,True
2022-01-30 00:00:00,1643500800000,0.2221,0.2276,0.2142,0.2189,24687480.0,1643587199999,True
2022-01-31 00:00:00,1643587200000,0.2189,0.2234,0.208,0.2217,36899967.0,1643673599999,True
2022-02-01 00:00:00,1643673600000,0.2217,0.2342,0.2208,0.2291,38636305.0,1643759999999,True
2022-02-02 00:00:00,1643760000000,0.2291,0.234,0.2187,0.2202,34104979.0,1643846399999,True
2022-02-03 00:00:00,1643846400000,0.2202,0.2471,0.2138,0.2373,131504439.0,1643932799999,True
2022-02-04 00:00:00,1643932800000,0.2373,0.2495,0.2347,0.2486,68720693.0,1644019199999,True
2022-02-05 00:00:00,1644019200000,0.2486,0.2631,0.2474,0.2576,45961626.0,1644105599999,True
2022-02-06 00:00:00,1644105600000,0.2574,0.2612,0.2496,0.2582,32393673.0,1644191999999,True
2022-02-07 00:00:00,1644192000000,0.2582,0.2695,0.2493,0.2611,65062790.0,1644278399999,True
2022-02-08 00:00:00,1644278400000,0.2611,0.2641,0.2418,0.2537,66638724.0,1644364799999,True
2022-02-09 00:00:00,1644364800000,0.254,0.2662,0.2469,0.2567,43071882.0,1644451199999,True
2022-02-10 00:00:00,1644451200000,0.2567,0.2613,0.2416,0.246,59083167.0,1644537599999,True
2022-02-11 00:00:00,1644537600000,0.2462,0.2539,0.2305,0.2336,50439249.0,1644623999999,True
2022-02-12 00:00:00,1644624000000,0.2334,0.2407,0.2242,0.2313,44002774.0,1644710399999,True
2022-02-13 00:00:00,1644710400000,0.2312,0.2342,0.222,0.2266,33211863.0,1644796799999,True
2022-02-14 00:00:00,1644796800000,0.2266,0.244,0.2213,0.2416,64232112.0,1644883199999,True
2022-02-15 00:00:00,1644883200000,0.242,0.2659,0.241,0.2589,100029514.0,1644969599999,True
2022-02-16 00:00:00,1644969600000,0.2589,0.267,0.2481,0.2609,60604501.0,1645055999999,True
2022-02-17 00:00:00,1645056000000,0.2609,0.2685,0.2329,0.2345,71348746.0,1645142399999,True
2022-02-18 00:00:00,1645142400000,0.2345,0.2423,0.2253,0.2287,45505350.0,1645228799999,True
2022-02-19 00:00:00,1645228800000,0.2287,0.2347,0.2222,0.2323,29839131.0,1645315199999,True
2022-02-20 00:00:00,1645315200000,0.2322,0.2358,0.2137,0.215,55215463.0,1645401599999,True
2022-02-21 00:00:00,1645401600000,0.2149,0.2255,0.1961,0.2008,77106899.0,1645487999999,True
2022-02-22 00:00:00,1645488000000,0.201,0.2595,0.1948,0.2354,189171670.0,1645574399999,True
2022-02-23 00:00:00,1645574400000,0.2354,0.2395,0.2175,0.2181,96131205.0,1645660799999,True
2022-02-24 00:00:00,1645660800000,0.2182,0.224,0.1871,0.216,138995600.0,1645747199999,True
2022-02-25 00:00:00,1645747200000,0.2159,0.243,0.2082,0.2248,69312201.0,1645833599999,True
2022-02-26 00:00:00,1645833600000,0.2248,0.2328,0.2192,0.2235,37579054.0,1645919999999,True
2022-02-27 00:00:00,1645920000000,0.2236,0.2253,0.2063,0.2098,46651015.0,1646006399999,True
2022-02-28 00:00:00,1646006400000,0.2098,0.2307,0.2069,0.2303,56942068.0,1646092799999,True
2022-03-01 00:00:00,1646092800000,0.2303,0.2352,0.222,0.2273,76454339.0,1646179199999,True
2022-03-02 00:00:00,1646179200000,0.2273,0.2283,0.2176,0.2228,52674235.0,1646265599999,True
2022-03-03 00:00:00,1646265600000,0.2228,0.2298,0.2143,0.2211,45922506.0,1646351999999,True
2022-03-04 00:00:00,1646352000000,0.2211,0.2214,0.2033,0.2055,41606862.0,1646438399999,True
2022-03-05 00:00:00,1646438400000,0.2056,0.212,0.2016,0.2102,21957894.0,1646524799999,True
2022-03-06 00:00:00,1646524800000,0.2103,0.2119,0.201,0.2027,23991402.0,1646611199999,True
2022-03-07 00:00:00,1646611200000,0.2027,0.2136,0.198,0.206,46609976.0,1646697599999,True
2022-03-08 00:00:00,1646697600000,0.2058,0.2139,0.1989,0.205,47308434.0,1646783999999,True
2022-03-09 00:00:00,1646784000000,0.2049,0.2155,0.2,0.2129,46887862.0,1646870399999,True
2022-03-10 00:00:00,1646870400000,0.2127,0.2214,0.2015,0.2166,80015559.0,1646956799999,True
2022-03-11 00:00:00,1646956800000,0.2165,0.2166,0.2047,0.2056,41070274.0,1647043199999,True
2022-03-12 00:00:00,1647043200000,0.2056,0.2122,0.2051,0.2054,21949694.0,1647129599999,True
2022-03-13 00:00:00,1647129600000,0.2054,0.2094,0.1981,0.1994,24870920.0,1647215999999,True
2022-03-14 00:00:00,1647216000000,0.1994,0.2057,0.1982,0.2034,32531231.0,1647302399999,True
2022-03-15 00:00:00,1647302400000,0.2034,0.213,0.1953,0.2002,43999815.0,1647388799999,True
2022-03-16 00:00:00,1647388800000,0.2002,0.2055,0.1921,0.2047,76028694.0,1647475199999,True
2022-03-17 00:00:00,1647475200000,0.2047,0.2091,0.2032,0.2054,38607926.0,1647561599999,True
2022-03-18 00:00:00,1647561600000,0.2053,0.2083,0.1992,0.2081,36766045.0,1647647999999,True
2022-03-19 00:00:00,1647648000000,0.208,0.2137,0.2066,0.2102,37296637.0,1647734399999,True
2022-03-20 00:00:00,1647734400000,0.2102,0.2126,0.2057,0.2091,40453887.0,1647820799999,True
2022-03-21 00:00:00,1647820800000,0.209,0.2161,0.205,0.2113,53765580.0,1647907199999,True
2022-03-22 00:00:00,1647907200000,0.2111,0.22,0.2099,0.215,59340807.0,1647993599999,True
2022-03-23 00:00:00,1647993600000,0.2149,0.2195,0.2105,0.2179,53483142.0,1648079999999,True
2022-03-24 00:00:00,1648080000000,0.218,0.2284,0.2175,0.2204,68854101.0,1648166399999,True
2022-03-25 00:00:00,1648166400000,0.2204,0.2304,0.2168,0.2233,57327936.0,1648252799999,True
2022-03-26 00:00:00,1648252800000,0.2233,0.2275,0.2215,0.2273,29259133.0,1648339199999,True
2022-03-27 00:00:00,1648339200000,0.2272,0.2476,0.2265,0.2422,77573663.0,1648425599999,True
2022-03-28 00:00:00,1648425600000,0.2422,0.257,0.234,0.2359,98926148.0,1648511999999,True
2022-03-29 00:00:00,1648512000000,0.236,0.2695,0.235,0.2543,156040189.0,1648598399999,True
2022-03-30 00:00:00,1648598400000,0.2541,0.26,0.2431,0.2544,88238781.0,1648684799999,True
2022-03-31 00:00:00,1648684800000,0.2545,0.2616,0.2323,0.2361,104500670.0,1648771199999,True
2022-04-01 00:00:00,1648771200000,0.2361,0.249,0.2301,0.2466,66771309.0,1648857599999,True
2022-04-02 00:00:00,1648857600000,0.2467,0.2528,0.2425,0.2453,54206684.0,1648943999999,True
2022-04-03 00:00:00,1648944000000,0.2453,0.2503,0.2405,0.248,35490087.0,1649030399999,True
2022-04-04 00:00:00,1649030400000,0.2482,0.2483,0.228,0.2387,51309823.0,1649116799999,True
2022-04-05 00:00:00,1649116800000,0.2387,0.2405,0.2256,0.2272,33870062.0,1649203199999,True
2022-04-06 00:00:00,1649203200000,0.2273,0.2274,0.2082,0.2105,63671337.0,1649289599999,True
2022-04-07 00:00:00,1649289600000,0.2102,0.2304,0.2061,0.2226,103216939.0,1649375999999,True
2022-04-08 00:00:00,1649376000000,0.2225,0.2243,0.2062,0.2084,49601176.0,1649462399999,True
2022-04-09 00:00:00,1649462400000,0.2082,0.2162,0.2071,0.2136,32694595.0,1649548799999,True
2022-04-10 00:00:00,1649548800000,0.2138,0.2189,0.208,0.2084,30662694.0,1649635199999,True
2022-04-11 00:00:00,1649635200000,0.2085,0.2091,0.192,0.1949,61771058.0,1649721599999,True
2022-04-12 00:00:00,1649721600000,0.1949,0.2036,0.1921,0.1985,43705419.0,1649807999999,True
2022-04-13 00:00:00,1649808000000,0.1985,0.2041,0.1949,0.2034,39700378.0,1649894399999,True
2022-04-14 00:00:00,1649894400000,0.2034,0.2057,0.1924,0.1963,33727044.0,1649980799999,True
2022-04-15 00:00:00,1649980800000,0.1962,0.2016,0.1941,0.1999,29288718.0,1650067199999,True
2022-04-16 00:00:00,1650067200000,0.2,0.2041,0.1965,0.1981,36134938.0,1650153599999,True
2022-04-17 00:00:00,1650153600000,0.1981,0.2,0.1901,0.1923,25314148.0,1650239999999,True
2022-04-18 00:00:00,1650240000000,0.1923,0.1952,0.1812,0.1949,52623107.1,1650326399999,True
2022-04-19 00:00:00,1650326400000,0.1949,0.2004,0.1922,0.1992,36242597.0,1650412799999,True
2022-04-20 00:00:00,1650412800000,0.1992,0.2038,0.1926,0.1962,48852672.0,1650499199999,True
2022-04-21 00:00:00,1650499200000,0.1961,0.2025,0.1853,0.1909,49985394.0,1650585599999,True
2022-04-22 00:00:00,1650585600000,0.1908,0.1947,0.1868,0.1897,31701462.0,1650671999999,True
2022-04-23 00:00:00,1650672000000,0.1898,0.1909,0.1862,0.1869,18768278.0,1650758399999,True
2022-04-24 00:00:00,1650758400000,0.187,0.1895,0.1838,0.1858,23810763.0,1650844799999,True
2022-04-25 00:00:00,1650844800000,0.1858,0.1863,0.1714,0.1816,62472039.1,1650931199999,True
2022-04-26 00:00:00,1650931200000,0.1816,0.1833,0.1638,0.1676,45436698.8,1651017599999,True
2022-04-27 00:00:00,1651017600000,0.1675,0.1742,0.1645,0.1694,39169961.0,1651103999999,True
2022-04-28 00:00:00,1651104000000,0.1694,0.1736,0.1663,0.1699,37325667.0,1651190399999,True
2022-04-29 00:00:00,1651190400000,0.1699,0.1717,0.1558,0.1589,48079507.9,1651276799999,True
2022-04-30 00:00:00,1651276800000,0.159,0.1629,0.1303,0.1414,110725853.4,1651363199999,True
2022-05-01 00:00:00,1651363200000,0.1413,0.1515,0.1369,0.1459,69468553.0,1651449599999,True
2022-05-02 00:00:00,1651449600000,0.1457,0.1482,0.1329,0.1399,81557893.0,1651535999999,True
2022-05-03 00:00:00,1651536000000,0.1399,0.1469,0.1369,0.1385,53110536.0,1651622399999,True
2022-05-04 00:00:00,1651622400000,0.1384,0.1515,0.1372,0.1512,70060220.0,1651708799999,True
2022-05-05 00:00:00,1651708800000,0.1513,0.1553,0.1325,0.1355,97121102.0,1651795199999,True
2022-05-06 00:00:00,1651795200000,0.1355,0.1369,0.1279,0.1339,59825974.0,1651881599999,True
2022-05-07 00:00:00,1651881600000,0.1338,0.1359,0.1258,0.1303,44445848.0,1651967999999,True
2022-05-08 00:00:00,1651968000000,0.1302,0.1312,0.1245,0.1278,51373455.6,1652054399999,True
2022-05-09 00:00:00,1652054400000,0.1278,0.135,0.1048,0.1062,136706138.0,1652140799999,True
2022-05-10 00:00:00,1652140800000,0.1061,0.1219,0.103,0.1148,167075312.9,1652227199999,True
2022-05-11 00:00:00,1652227200000,0.1145,0.1202,0.0837,0.0914,202224467.1,1652313599999,True
2022-05-12 00:00:00,1652313600000,0.091,0.0971,0.0736,0.0869,211242346.5,1652399999999,True
2022-05-13 00:00:00,1652400000000,0.0869,0.1073,0.0851,0.0963,125079878.0,1652486399999,True
2022-05-14 00:00:00,1652486400000,0.0963,0.105,0.0916,0.1016,68160171.0,1652572799999,True
2022-05-15 00:00:00,1652572800000,0.1017,0.1081,0.0971,0.1081,46131619.0,1652659199999,True
2022-05-16 00:00:00,1652659200000,0.1078,0.1096,0.0978,0.1022,51913205.0,1652745599999,True
2022-05-17 00:00:00,1652745600000,0.1022,0.111,0.0998,0.1097,52337869.0,1652831999999,True
2022-05-18 00:00:00,1652832000000,0.1096,0.1103,0.0981,0.0992,58526829.0,1652918399999,True
2022-05-19 00:00:00,1652918400000,0.0993,0.1068,0.0961,0.1037,56936964.0,1653004799999,True
2022-05-20 00:00:00,1653004800000,0.1037,0.1058,0.0977,0.0996,45490644.0,1653091199999,True
2022-05-21 00:00:00,1653091200000,0.0996,0.1032,0.0982,0.1012,24923125.0,1653177599999,True
2022-05-22 00:00:00,1653177600000,0.1013,0.1052,0.099,0.1042,36819897.0,1653263999999,True
2022-05-23 00:00:00,1653264000000,0.1043,0.1083,0.0972,0.0986,60678184.0,1653350399999,True
2022-05-24 00:00:00,1653350400000,0.0985,0.102,0.093,0.0994,62940317.0,1653436799999,True
2022-05-25 00:00:00,1653436800000,0.0994,0.1011,0.0956,0.0978,34929747.0,1653523199999,True
2022-05-26 00:00:00,1653523200000,0.0978,0.0994,0.0872,0.0907,56202788.0,1653609599999,True
2022-05-27 00:00:00,1653609600000,0.0907,0.0931,0.0857,0.0872,50957094.0,1653695999999,True
2022-05-28 00:00:00,1653696000000,0.0872,0.0903,0.0861,0.089,30106347.0,1653782399999,True
2022-05-29 00:00:00,1653782400000,0.089,0.0908,0.0864,0.0907,26507771.0,1653868799999,True
2022-05-30 00:00:00,1653868800000,0.0907,0.099,0.0896,0.0978,40125225.0,1653955199999,True
2022-05-31 00:00:00,1653955200000,0.0978,0.0992,0.0927,0.0943,45163970.0,1654041599999,True
2022-06-01 00:00:00,1654041600000,0.0944,0.0982,0.0883,0.0895,54398570.0,1654127999999,True
2022-06-02 00:00:00,1654128000000,0.0895,0.093,0.0877,0.0922,44361917.0,1654214399999,True
2022-06-03 00:00:00,1654214400000,0.0924,0.093,0.0876,0.0887,25254837.0,1654300799999,True
2022-06-04 00:00:00,1654300800000,0.0887,0.0907,0.0874,0.0903,21091062.0,1654387199999,True
2022-06-05 00:00:00,1654387200000,0.0903,0.0961,0.0902,0.0936,56903363.0,1654473599999,True
2022-06-06 00:00:00,1654473600000,0.0936,0.0983,0.0933,0.0968,48013155.0,1654559999999,True
2022-06-07 00:00:00,1654560000000,0.0968,0.0969,0.0887,0.0907,56051850.0,1654646399999,True
2022-06-08 00:00:00,1654646400000,0.0906,0.092,0.0867,0.0879,59862151.0,1654732799999,True
2022-06-09 00:00:00,1654732800000,0.088,0.0895,0.086,0.0866,37602265.0,1654819199999,True
2022-06-10 00:00:00,1654819200000,0.0866,0.0873,0.08,0.0811,42793335.0,1654905599999,True
2022-06-11 00:00:00,1654905600000,0.0812,0.0832,0.0748,0.0781,35056117.0,1654991999999,True
2022-06-12 00:00:00,1654992000000,0.0782,0.0788,0.0694,0.0695,61134529.0,1655078399999,True
2022-06-13 00:00:00,1655078400000,0.0695,0.071,0.0607,0.0661,108192750.0,1655164799999,True
2022-06-14 00:00:00,1655164800000,0.0659,0.0684,0.0608,0.0673,80607349.0,1655251199999,True
2022-06-15 00:00:00,1655251200000,0.0672,0.0721,0.06,0.0721,100118004.0,1655337599999,True
2022-06-16 00:00:00,1655337600000,0.072,0.0728,0.0643,0.0653,52741763.0,1655423999999,True
2022-06-17 00:00:00,1655424000000,0.0654,0.0701,0.0648,0.0681,55185860.0,1655510399999,True
2022-06-18 00:00:00,1655510400000,0.068,0.0693,0.0581,0.0622,90318679.0,1655596799999,True
2022-06-19 00:00:00,1655596800000,0.0623,0.0681,0.0601,0.0665,68673947.0,1655683199999,True
2022-06-20 00:00:00,1655683200000,0.0665,0.0743,0.0653,0.0706,95714164.0,1655769599999,True
2022-06-21 00:00:00,1655769600000,0.0706,0.0798,0.0695,0.0737,116698696.0,1655855999999,True
2022-06-22 00:00:00,1655856000000,0.0738,0.077,0.0698,0.0698,151620892.0,1655942399999,True
2022-06-23 00:00:00,1655942400000,0.0698,0.0738,0.0696,0.0733,68437269.0,1656028799999,True
2022-06-24 00:00:00,1656028800000,0.0734,0.0762,0.0725,0.0738,77822357.0,1656115199999,True
2022-06-25 00:00:00,1656115200000,0.0738,0.0755,0.0706,0.0741,65327614.0,1656201599999,True
2022-06-26 00:00:00,1656201600000,0.0741,0.0759,0.0684,0.0687,67402129.0,1656287999999,True
2022-06-27 00:00:00,1656288000000,0.0688,0.0723,0.0683,0.07,73113120.0,1656374399999,True
2022-06-28 00:00:00,1656374400000,0.07,0.0708,0.065,0.0659,62502607.0,1656460799999,True
2022-06-29 00:00:00,1656460800000,0.066,0.0668,0.064,0.0647,55658007.0,1656547199999,True
2022-06-30 00:00:00,1656547200000,0.0647,0.0649,0.0597,0.0635,71547255.0,1656633599999,True
2022-07-01 00:00:00,1656633600000,0.0634,0.0651,0.0607,0.0617,62267166.0,1656719999999,True
2022-07-02 00:00:00,1656720000000,0.0617,0.0639,0.0608,0.0633,38279496.0,1656806399999,True
2022-07-03 00:00:00,1656806400000,0.0634,0.0638,0.0609,0.0624,32852793.0,1656892799999,True
2022-07-04 00:00:00,1656892800000,0.0625,0.064,0.0603,0.0636,43896139.0,1656979199999,True
2022-07-05 00:00:00,1656979200000,0.0636,0.0649,0.055,0.0617,82974310.0,1657065599999,True
2022-07-06 00:00:00,1657065600000,0.0617,0.0629,0.0607,0.0625,56944030.0,1657151999999,True
2022-07-07 00:00:00,1657152000000,0.0625,0.0655,0.0618,0.0648,46112730.0,1657238399999,True
2022-07-08 00:00:00,1657238400000,0.0648,0.0667,0.0629,0.064,45374083.0,1657324799999,True
2022-07-09 00:00:00,1657324800000,0.0641,0.0699,0.0639,0.0686,62310066.0,1657411199999,True
2022-07-10 00:00:00,1657411200000,0.0686,0.0692,0.0633,0.0649,63030058.0,1657497599999,True
2022-07-11 00:00:00,1657497600000,0.0648,0.0657,0.06,0.0608,54858100.0,1657583999999,True
2022-07-12 00:00:00,1657584000000,0.0607,0.062,0.0592,0.0594,41938067.0,1657670399999,True
2022-07-13 00:00:00,1657670400000,0.0594,0.0634,0.0579,0.0632,53160327.0,1657756799999,True
2022-07-14 00:00:00,1657756800000,0.0632,0.0644,0.0608,0.0641,41074407.0,1657843199999,True
2022-07-15 00:00:00,1657843200000,0.0641,0.0666,0.063,0.0652,47367731.0,1657929599999,True
2022-07-16 00:00:00,1657929600000,0.0651,0.0675,0.0636,0.0666,33901628.0,1658015999999,True
2022-07-17 00:00:00,1658016000000,0.0666,0.0672,0.0641,0.0647,35605974.0,1658102399999,True
2022-07-18 00:00:00,1658102400000,0.0648,0.072,0.0646,0.0705,88608964.0,1658188799999,True
2022-07-19 00:00:00,1658188800000,0.0704,0.0748,0.0692,0.0734,96868723.0,1658275199999,True
2022-07-20 00:00:00,1658275200000,0.0734,0.0773,0.0697,0.0704,90288673.0,1658361599999,True
2022-07-21 00:00:00,1658361600000,0.0703,0.0719,0.0678,0.0712,54977952.0,1658447999999,True
2022-07-22 00:00:00,1658448000000,0.0712,0.0754,0.0689,0.0694,57406251.0,1658534399999,True
2022-07-23 00:00:00,1658534400000,0.0694,0.0718,0.0667,0.0686,48921610.0,1658620799999,True
2022-07-24 00:00:00,1658620800000,0.0686,0.0742,0.0678,0.0724,91489843.0,1658707199999,True
2022-07-25 00:00:00,1658707200000,0.0724,0.0724,0.065,0.0651,93004533.0,1658793599999,True
2022-07-26 00:00:00,1658793600000,0.0652,0.0659,0.0632,0.0658,53785823.0,1658879999999,True
2022-07-27 00:00:00,1658880000000,0.0658,0.0707,0.0642,0.0706,70349094.0,1658966399999,True
2022-07-28 00:00:00,1658966400000,0.0706,0.073,0.0677,0.0723,83489435.0,1659052799999,True
2022-07-29 00:00:00,1659052800000,0.0724,0.0741,0.0692,0.0715,76645332.0,1659139199999,True
2022-07-30 00:00:00,1659139200000,0.0716,0.0786,0.0706,0.0728,89702139.0,1659225599999,True
2022-07-31 00:00:00,1659225600000,0.0729,0.0817,0.0723,0.0757,145496814.0,1659311999999,True
2022-08-01 00:00:00,1659312000000,0.0756,0.0783,0.0744,0.0768,84852873.0,1659398399999,True
2022-08-02 00:00:00,1659398400000,0.0769,0.078,0.0723,0.0726,100682634.0,1659484799999,True
2022-08-03 00:00:00,1659484800000,0.0726,0.074,0.0702,0.0707,90519474.0,1659571199999,True
2022-08-04 00:00:00,1659571200000,0.0708,0.0734,0.0705,0.072,86402729.0,1659657599999,True
2022-08-05 00:00:00,1659657600000,0.0721,0.0761,0.0716,0.0758,67702465.0,1659743999999,True
2022-08-06 00:00:00,1659744000000,0.0758,0.079,0.0754,0.0768,72597657.0,1659830399999,True
2022-08-07 00:00:00,1659830400000,0.0768,0.0786,0.0756,0.077,57248324.0,1659916799999,True
2022-08-08 00:00:00,1659916800000,0.077,0.0803,0.0768,0.0799,68563794.0,1660003199999,True
2022-08-09 00:00:00,1660003200000,0.0799,0.0816,0.0719,0.0748,129057407.0,1660089599999,True
2022-08-10 00:00:00,1660089600000,0.0747,0.0789,0.0724,0.0788,68933154.0,1660175999999,True
2022-08-11 00:00:00,1660176000000,0.0789,0.0845,0.0786,0.0809,117349564.0,1660262399999,True
2022-08-12 00:00:00,1660262400000,0.081,0.0832,0.079,0.0829,77234394.0,1660348799999,True
2022-08-13 00:00:00,1660348800000,0.0828,0.084,0.081,0.0812,58357673.0,1660435199999,True
2022-08-14 00:00:00,1660435200000,0.0813,0.0825,0.0778,0.0789,58252388.0,1660521599999,True
2022-08-15 00:00:00,1660521600000,0.079,0.0809,0.0766,0.0778,59185275.0,1660607999999,True
2022-08-16 00:00:00,1660608000000,0.0778,0.0784,0.0758,0.0768,55562152.0,1660694399999,True
2022-08-17 00:00:00,1660694400000,0.0769,0.0791,0.0728,0.0735,55999374.0,1660780799999,True
2022-08-18 00:00:00,1660780800000,0.0735,0.0747,0.0679,0.0708,64680394.0,1660867199999,True
2022-08-19 00:00:00,1660867200000,0.0707,0.0707,0.0638,0.0653,95380790.0,1660953599999,True
2022-08-20 00:00:00,1660953600000,0.0653,0.0683,0.0651,0.0676,59232209.0,1661039999999,True
2022-08-21 00:00:00,1661040000000,0.0677,0.0703,0.0666,0.0696,45580299.0,1661126399999,True
2022-08-22 00:00:00,1661126400000,0.0696,0.071,0.0636,0.0665,74724223.0,1661212799999,True
2022-08-23 00:00:00,1661212800000,0.0664,0.0676,0.0641,0.0671,35995279.0,1661299199999,True
2022-08-24 00:00:00,1661299200000,0.0671,0.0705,0.0651,0.0674,75310634.0,1661385599999,True
2022-08-25 00:00:00,1661385600000,0.0674,0.07,0.0672,0.0697,71577062.0,1661471999999,True
2022-08-26 00:00:00,1661472000000,0.0696,0.0697,0.0617,0.0627,121978806.0,1661558399999,True
2022-08-27 00:00:00,1661558400000,0.0627,0.0637,0.0616,0.0629,46223265.0,1661644799999,True
2022-08-28 00:00:00,1661644800000,0.0628,0.0652,0.0622,0.0626,42180960.0,1661731199999,True
2022-08-29 00:00:00,1661731200000,0.0626,0.0661,0.0618,0.0658,49245796.0,1661817599999,True
2022-08-30 00:00:00,1661817600000,0.0659,0.0664,0.0623,0.0634,48050731.0,1661903999999,True
2022-08-31 00:00:00,1661904000000,0.0635,0.0674,0.0627,0.0631,63036715.0,1661990399999,True
2022-09-01 00:00:00,1661990400000,0.0631,0.0636,0.0611,0.0634,55292879.0,1662076799999,True
2022-09-02 00:00:00,1662076800000,0.0635,0.0637,0.0607,0.0617,58719040.0,1662163199999,True
2022-09-03 00:00:00,1662163200000,0.0617,0.0622,0.0605,0.0608,36899688.0,1662249599999,True
2022-09-04 00:00:00,1662249600000,0.0609,0.0616,0.0603,0.0615,44445812.0,1662335999999,True
2022-09-05 00:00:00,1662336000000,0.0614,0.0631,0.0601,0.0622,82452947.0,1662422399999,True
2022-09-06 00:00:00,1662422400000,0.0622,0.0636,0.0576,0.0584,116391410.0,1662508799999,True
2022-09-07 00:00:00,1662508800000,0.0584,0.0612,0.0576,0.0607,62575454.0,1662595199999,True
2022-09-08 00:00:00,1662595200000,0.0607,0.0616,0.0592,0.0611,55490986.0,1662681599999,True
2022-09-09 00:00:00,1662681600000,0.0612,0.0644,0.061,0.0637,68682682.0,1662767999999,True
2022-09-10 00:00:00,1662768000000,0.0637,0.065,0.0628,0.0638,53507998.0,1662854399999,True
2022-09-11 00:00:00,1662854400000,0.0639,0.065,0.0624,0.064,48922958.0,1662940799999,True
2022-09-12 00:00:00,1662940800000,0.0639,0.0743,0.0629,0.0738,353425106.0,1663027199999,True
2022-09-13 00:00:00,1663027200000,0.0738,0.074,0.0641,0.0648,253416332.0,1663113599999,True
2022-09-14 00:00:00,1663113600000,0.0648,0.0655,0.0624,0.0642,96585807.0,1663199999999,True
2022-09-15 00:00:00,1663200000000,0.0641,0.0642,0.0602,0.061,85937912.0,1663286399999,True
2022-09-16 00:00:00,1663286400000,0.061,0.0615,0.0597,0.0606,77548291.0,1663372799999,True
2022-09-17 00:00:00,1663372800000,0.0607,0.0624,0.0607,0.0617,46131567.0,1663459199999,True
2022-09-18 00:00:00,1663459200000,0.0617,0.0618,0.0561,0.0575,66169053.0,1663545599999,True
2022-09-19 00:00:00,1663545600000,0.0575,0.0594,0.0561,0.0589,69764929.0,1663631999999,True
2022-09-20 00:00:00,1663632000000,0.0589,0.0594,0.0565,0.0575,60894200.0,1663718399999,True
2022-09-21 00:00:00,1663718400000,0.0575,0.0605,0.0556,0.0565,89256728.0,1663804799999,True
2022-09-22 00:00:00,1663804800000,0.0565,0.0603,0.0564,0.06,73685483.0,1663891199999,True
2022-09-23 00:00:00,1663891200000,0.0601,0.0624,0.0589,0.0611,100596900.0,1663977599999,True
2022-09-24 00:00:00,1663977600000,0.0612,0.0639,0.0609,0.061,86979600.0,1664063999999,True
2022-09-25 00:00:00,1664064000000,0.061,0.0622,0.0584,0.0589,50841051.0,1664150399999,True
2022-09-26 00:00:00,1664150400000,0.0589,0.0606,0.0579,0.0601,93762604.0,1664236799999,True
2022-09-27 00:00:00,1664236800000,0.0601,0.0616,0.0576,0.0582,90944204.0,1664323199999,True
2022-09-28 00:00:00,1664323200000,0.0583,0.0587,0.0561,0.0579,65727950.0,1664409599999,True
2022-09-29 00:00:00,1664409600000,0.058,0.0584,0.0565,0.0578,58534021.0,1664495999999,True
2022-09-30 00:00:00,1664496000000,0.0579,0.0584,0.057,0.0573,62379123.0,1664582399999,True
2022-10-01 00:00:00,1664582400000,0.0573,0.0579,0.0568,0.0576,31885210.0,1664668799999,True
2022-10-02 00:00:00,1664668800000,0.0576,0.0581,0.0561,0.0563,33716617.0,1664755199999,True
2022-10-03 00:00:00,1664755200000,0.0563,0.0582,0.0557,0.0578,72963897.0,1664841599999,True
2022-10-04 00:00:00,1664841600000,0.0578,0.0587,0.0573,0.0584,59544139.0,1664927999999,True
2022-10-05 00:00:00,1664928000000,0.0584,0.0585,0.0565,0.058,64731041.0,1665014399999,True
2022-10-06 00:00:00,1665014400000,0.0581,0.059,0.0576,0.0581,62762922.0,1665100799999,True
2022-10-07 00:00:00,1665100800000,0.0581,0.0611,0.0577,0.0604,104808144.0,1665187199999,True
2022-10-08 00:00:00,1665187200000,0.0604,0.0608,0.0592,0.0603,44737791.0,1665273599999,True
2022-10-09 00:00:00,1665273600000,0.0602,0.0614,0.0594,0.0602,58352900.0,1665359999999,True
2022-10-10 00:00:00,1665360000000,0.0601,0.0608,0.0582,0.0582,73845848.0,1665446399999,True
2022-10-11 00:00:00,1665446400000,0.0582,0.0625,0.057,0.0609,180361494.0,1665532799999,True
2022-10-12 00:00:00,1665532800000,0.0609,0.0675,0.0606,0.0656,368261381.0,1665619199999,True
2022-10-13 00:00:00,1665619200000,0.0656,0.0672,0.0582,0.065,335634660.0,1665705599999,True
2022-10-14 00:00:00,1665705600000,0.065,0.0657,0.0606,0.0616,133997668.0,1665791999999,True
2022-10-15 00:00:00,1665792000000,0.0615,0.0631,0.0602,0.0603,66207946.0,1665878399999,True
2022-10-16 00:00:00,1665878400000,0.0603,0.0617,0.0596,0.0613,60011314.0,1665964799999,True
2022-10-17 00:00:00,1665964800000,0.0614,0.0628,0.0602,0.0625,75782557.0,1666051199999,True
2022-10-18 00:00:00,1666051200000,0.0626,0.0645,0.0608,0.0622,113677890.0,1666137599999,True
2022-10-19 00:00:00,1666137600000,0.0623,0.0628,0.0586,0.0594,91561980.0,1666223999999,True
2022-10-20 00:00:00,1666224000000,0.0593,0.06,0.0572,0.0584,60647559.0,1666310399999,True
2022-10-21 00:00:00,1666310400000,0.0583,0.0599,0.0565,0.0597,59590958.0,1666396799999,True
2022-10-22 00:00:00,1666396800000,0.0597,0.0601,0.0586,0.0598,28952224.0,1666483199999,True
2022-10-23 00:00:00,1666483200000,0.0598,0.0609,0.0584,0.0606,38481541.0,1666569599999,True
2022-10-24 00:00:00,1666569600000,0.0607,0.0607,0.0579,0.0587,71520163.0,1666655999999,True
2022-10-25 00:00:00,1666656000000,0.0587,0.0611,0.0583,0.0597,65387582.0,1666742399999,True
2022-10-26 00:00:00,1666742400000,0.0596,0.0613,0.0595,0.0605,84216849.0,1666828799999,True
2022-10-27 00:00:00,1666828800000,0.0605,0.0619,0.0581,0.0587,96312340.0,1666915199999,True
2022-10-28 00:00:00,1666915200000,0.0586,0.0604,0.0582,0.0601,76389949.0,1667001599999,True
2022-10-29 00:00:00,1667001600000,0.06,0.0621,0.0598,0.0613,119102799.0,1667087999999,True
2022-10-30 00:00:00,1667088000000,0.0613,0.0628,0.0598,0.0606,95190270.0,1667174399999,True
2022-10-31 00:00:00,1667174400000,0.0606,0.0615,0.059,0.0595,91845810.0,1667260799999,True
2022-11-01 00:00:00,1667260800000,0.0595,0.0602,0.0582,0.0583,55321882.0,1667347199999,True
2022-11-02 00:00:00,1667347200000,0.0582,0.0601,0.0572,0.0587,121048485.0,1667433599999,True
2022-11-03 00:00:00,1667433600000,0.0587,0.0615,0.0586,0.0598,140421212.0,1667519999999,True
2022-11-04 00:00:00,1667520000000,0.0597,0.0638,0.0591,0.0634,194965347.0,1667606399999,True
2022-11-05 00:00:00,1667606400000,0.0634,0.0641,0.0611,0.0622,125206075.0,1667692799999,True
2022-11-06 00:00:00,1667692800000,0.0622,0.0628,0.0587,0.0591,100261850.0,1667779199999,True
2022-11-07 00:00:00,1667779200000,0.0591,0.0604,0.0581,0.0591,116826763.0,1667865599999,True
2022-11-08 00:00:00,1667865600000,0.0591,0.0596,0.0439,0.0521,385293429.6,1667951999999,True
2022-11-09 00:00:00,1667952000000,0.0521,0.0524,0.0424,0.0442,353419322.0,1668038399999,True
2022-11-10 00:00:00,1668038400000,0.0442,0.0529,0.0435,0.05,293401114.0,1668124799999,True
2022-11-11 00:00:00,1668124800000,0.05,0.0506,0.0456,0.0483,123091712.0,1668211199999,True
2022-11-12 00:00:00,1668211200000,0.0483,0.0489,0.0456,0.0471,71979738.0,1668297599999,True
2022-11-13 00:00:00,1668297600000,0.0471,0.0492,0.0446,0.0453,100190416.0,1668383999999,True
2022-11-14 00:00:00,1668384000000,0.0452,0.0475,0.0431,0.0473,145331336.0,1668470399999,True
2022-11-15 00:00:00,1668470400000,0.0473,0.0504,0.0466,0.0492,97604432.0,1668556799999,True
2022-11-16 00:00:00,1668556800000,0.0491,0.0495,0.0468,0.0481,59045312.0,1668643199999,True
2022-11-17 00:00:00,1668643200000,0.0481,0.0512,0.0481,0.0485,103554264.0,1668729599999,True
2022-11-18 00:00:00,1668729600000,0.0485,0.0493,0.0477,0.0483,37327074.0,1668815999999,True
2022-11-19 00:00:00,1668816000000,0.0483,0.0493,0.0467,0.0487,33627244.0,1668902399999,True
2022-11-20 00:00:00,1668902400000,0.0488,0.05,0.0457,0.0461,40588157.0,1668988799999,True
2022-11-21 00:00:00,1668988800000,0.0461,0.0469,0.0448,0.0451,64177351.0,1669075199999,True
2022-11-22 00:00:00,1669075200000,0.0451,0.0468,0.0443,0.0466,64965557.0,1669161599999,True
2022-11-23 00:00:00,1669161600000,0.0465,0.0486,0.0464,0.0485,48427759.0,1669247999999,True
2022-11-24 00:00:00,1669248000000,0.0484,0.0499,0.0479,0.0495,45052204.0,1669334399999,True
2022-11-25 00:00:00,1669334400000,0.0496,0.0497,0.048,0.0491,38318918.0,1669420799999,True
2022-11-26 00:00:00,1669420800000,0.0491,0.0507,0.049,0.0494,34987999.0,1669507199999,True
2022-11-27 00:00:00,1669507200000,0.0494,0.051,0.049,0.0492,30538377.0,1669593599999,True
2022-11-28 00:00:00,1669593600000,0.0491,0.0495,0.0473,0.0484,52923391.0,1669679999999,True
2022-11-29 00:00:00,1669680000000,0.0484,0.0497,0.0479,0.0493,33640073.0,1669766399999,True
2022-11-30 00:00:00,1669766400000,0.0494,0.0508,0.0489,0.0506,34843344.0,1669852799999,True
2022-12-01 00:00:00,1669852800000,0.0507,0.0507,0.0486,0.0492,51823557.0,1669939199999,True
2022-12-02 00:00:00,1669939200000,0.0491,0.0495,0.0481,0.0489,61442873.0,1670025599999,True
2022-12-03 00:00:00,1670025600000,0.0489,0.0491,0.0473,0.0476,44832242.0,1670111999999,True
2022-12-04 00:00:00,1670112000000,0.0475,0.0484,0.0473,0.0481,63438104.0,1670198399999,True
2022-12-05 00:00:00,1670198400000,0.048,0.0492,0.0479,0.0486,41225147.0,1670284799999,True
2022-12-06 00:00:00,1670284800000,0.0486,0.0488,0.0477,0.0482,32816298.0,1670371199999,True
2022-12-07 00:00:00,1670371200000,0.0482,0.0483,0.0461,0.0471,42860912.0,1670457599999,True
2022-12-08 00:00:00,1670457600000,0.0471,0.0481,0.0467,0.0478,43347857.0,1670543999999,True
2022-12-09 00:00:00,1670544000000,0.0479,0.0484,0.0475,0.0481,31497791.0,1670630399999,True
2022-12-10 00:00:00,1670630400000,0.0481,0.0489,0.048,0.0483,25745311.0,1670716799999,True
2022-12-11 00:00:00,1670716800000,0.0483,0.0489,0.0478,0.0478,28543115.0,1670803199999,True
2022-12-12 00:00:00,1670803200000,0.0479,0.048,0.0465,0.0473,46692542.0,1670889599999,True
2022-12-13 00:00:00,1670889600000,0.0474,0.0483,0.0459,0.0478,82545722.0,1670975999999,True
2022-12-14 00:00:00,1670976000000,0.0478,0.0479,0.0464,0.0467,58521684.0,1671062399999,True
2022-12-15 00:00:00,1671062400000,0.0466,0.0468,0.045,0.0458,50853114.0,1671148799999,True
2022-12-16 00:00:00,1671148800000,0.0458,0.0461,0.0413,0.0421,69792441.0,1671235199999,True
2022-12-17 00:00:00,1671235200000,0.0421,0.0432,0.0409,0.043,34478637.0,1671321599999,True
2022-12-18 00:00:00,1671321600000,0.043,0.0444,0.0429,0.0438,33873034.0,1671407999999,True
2022-12-19 00:00:00,1671408000000,0.0439,0.0444,0.04,0.0409,43181250.0,1671494399999,True
2022-12-20 00:00:00,1671494400000,0.0409,0.043,0.0407,0.0428,39286082.0,1671580799999,True
2022-12-21 00:00:00,1671580800000,0.0429,0.0434,0.042,0.0427,36411920.0,1671667199999,True
2022-12-22 00:00:00,1671667200000,0.0428,0.0436,0.0424,0.0435,26632367.0,1671753599999,True
2022-12-23 00:00:00,1671753600000,0.0434,0.0439,0.0432,0.0436,21137544.0,1671839999999,True
2022-12-24 00:00:00,1671840000000,0.0435,0.0441,0.0435,0.0438,17540054.0,1671926399999,True
2022-12-25 00:00:00,1671926400000,0.0438,0.0441,0.0428,0.0435,18486414.0,1672012799999,True
2022-12-26 00:00:00,1672012800000,0.0436,0.044,0.0433,0.0439,17897777.0,1672099199999,True
2022-12-27 00:00:00,1672099200000,0.044,0.0444,0.0419,0.0423,49737577.0,1672185599999,True
2022-12-28 00:00:00,1672185600000,0.0423,0.0424,0.0402,0.0407,64706645.0,1672271999999,True
2022-12-29 00:00:00,1672272000000,0.0407,0.0409,0.0385,0.0393,77141579.0,1672358399999,True
2022-12-30 00:00:00,1672358400000,0.0393,0.0394,0.0373,0.0375,103671286.0,1672444799999,True
2022-12-31 00:00:00,1672444800000,0.0376,0.0376,0.0356,0.0365,103879177.0,1672531199999,True
2023-01-01 00:00:00,1672531200000,0.0365,0.039,0.0362,0.0381,64013940.0,1672617599999,True
2023-01-02 00:00:00,1672617600000,0.0381,0.0395,0.0374,0.0389,71072327.0,1672703999999,True
2023-01-03 00:00:00,1672704000000,0.0389,0.0394,0.0379,0.0382,51095658.0,1672790399999,True
2023-01-04 00:00:00,1672790400000,0.0381,0.0391,0.0377,0.0385,107384223.0,1672876799999,True
2023-01-05 00:00:00,1672876800000,0.0385,0.0389,0.0377,0.0384,81321580.0,1672963199999,True
2023-01-06 00:00:00,1672963200000,0.0384,0.0392,0.0367,0.0392,65692407.0,1673049599999,True
2023-01-07 00:00:00,1673049600000,0.0391,0.04,0.0386,0.0396,36501544.0,1673135999999,True
2023-01-08 00:00:00,1673136000000,0.0397,0.0423,0.039,0.0418,73797962.0,1673222399999,True
2023-01-09 00:00:00,1673222400000,0.0418,0.046,0.0417,0.0444,167513134.0,1673308799999,True
2023-01-10 00:00:00,1673308800000,0.0444,0.0455,0.0432,0.0445,130402097.0,1673395199999,True
2023-01-11 00:00:00,1673395200000,0.0446,0.0458,0.0433,0.0458,97770490.0,1673481599999,True
2023-01-12 00:00:00,1673481600000,0.0458,0.0483,0.045,0.0476,162618898.0,1673567999999,True
2023-01-13 00:00:00,1673568000000,0.0476,0.0507,0.0463,0.0505,109521940.0,1673654399999,True
2023-01-14 00:00:00,1673654400000,0.0505,0.0538,0.0497,0.0532,172529199.0,1673740799999,True
2023-01-15 00:00:00,1673740800000,0.0531,0.0533,0.0501,0.0523,99001585.0,1673827199999,True
2023-01-16 00:00:00,1673827200000,0.0523,0.0547,0.0507,0.0538,122411345.0,1673913599999,True
2023-01-17 00:00:00,1673913600000,0.0537,0.0549,0.0525,0.0544,108046802.0,1673999999999,True
2023-01-18 00:00:00,1674000000000,0.0544,0.0604,0.0538,0.054,207799895.0,1674086399999,True
2023-01-19 00:00:00,1674086400000,0.0539,0.0624,0.0531,0.0612,205256740.0,1674172799999,True
2023-01-20 00:00:00,1674172800000,0.0612,0.0809,0.0593,0.0725,422381575.0,1674259199999,True
2023-01-21 00:00:00,1674259200000,0.0725,0.0746,0.0689,0.0717,289463493.0,1674345599999,True
2023-01-22 00:00:00,1674345600000,0.0718,0.0735,0.0674,0.069,147298204.0,1674431999999,True
2023-01-23 00:00:00,1674432000000,0.069,0.0704,0.0671,0.0684,111913651.0,1674518399999,True
2023-01-24 00:00:00,1674518400000,0.0683,0.0707,0.0617,0.0627,127414563.0,1674604799999,True
2023-01-25 00:00:00,1674604800000,0.0626,0.0707,0.0624,0.067,178136233.0,1674691199999,True
2023-01-26 00:00:00,1674691200000,0.067,0.0707,0.0653,0.0669,116337963.0,1674777599999,True
2023-01-27 00:00:00,1674777600000,0.067,0.0711,0.0649,0.0694,112073267.0,1674863999999,True
2023-01-28 00:00:00,1674864000000,0.0694,0.0701,0.0663,0.0668,60255320.0,1674950399999,True
2023-01-29 00:00:00,1674950400000,0.0668,0.0707,0.0665,0.0694,84283390.0,1675036799999,True
2023-01-30 00:00:00,1675036800000,0.0695,0.07,0.0627,0.064,115869640.0,1675123199999,True
2023-01-31 00:00:00,1675123200000,0.064,0.0667,0.0638,0.0645,96044431.0,1675209599999,True
2023-02-01 00:00:00,1675209600000,0.0646,0.0705,0.0622,0.0696,167928627.0,1675295999999,True
2023-02-02 00:00:00,1675296000000,0.0696,0.0709,0.0664,0.067,135443620.0,1675382399999,True
2023-02-03 00:00:00,1675382400000,0.067,0.0737,0.0667,0.0722,173718633.0,1675468799999,True
2023-02-04 00:00:00,1675468800000,0.0723,0.0779,0.0702,0.0733,155723082.0,1675555199999,True
2023-02-05 00:00:00,1675555200000,0.0734,0.0747,0.068,0.0699,142522424.0,1675641599999,True
2023-02-06 00:00:00,1675641600000,0.0699,0.0715,0.0667,0.0675,91150333.0,1675727999999,True
2023-02-07 00:00:00,1675728000000,0.0674,0.0789,0.0674,0.0748,402943710.0,1675814399999,True
2023-02-08 00:00:00,1675814400000,0.0749,0.0794,0.0724,0.0752,251735416.0,1675900799999,True
2023-02-09 00:00:00,1675900800000,0.0751,0.0763,0.0676,0.0716,199116933.0,1675987199999,True
2023-02-10 00:00:00,1675987200000,0.0715,0.0784,0.0713,0.0761,307259566.0,1676073599999,True
2023-02-11 00:00:00,1676073600000,0.076,0.0907,0.0757,0.0881,522125929.0,1676159999999,True
2023-02-12 00:00:00,1676160000000,0.088,0.0987,0.0859,0.0868,415099006.0,1676246399999,True
2023-02-13 00:00:00,1676246400000,0.0868,0.0889,0.0789,0.086,373182193.0,1676332799999,True
2023-02-14 00:00:00,1676332800000,0.086,0.091,0.0833,0.0876,304738447.0,1676419199999,True
2023-02-15 00:00:00,1676419200000,0.0876,0.0926,0.0841,0.0915,199949064.0,1676505599999,True
2023-02-16 00:00:00,1676505600000,0.0915,0.0928,0.0833,0.0839,259642250.0,1676591999999,True
2023-02-17 00:00:00,1676592000000,0.0839,0.0879,0.0836,0.0853,153131227.0,1676678399999,True
2023-02-18 00:00:00,1676678400000,0.0853,0.087,0.0843,0.0864,90360219.0,1676764799999,True
2023-02-19 00:00:00,1676764800000,0.0864,0.0922,0.0861,0.0874,177164333.0,1676851199999,True
2023-02-20 00:00:00,1676851200000,0.0875,0.0897,0.0842,0.0868,132038958.0,1676937599999,True
2023-02-21 00:00:00,1676937600000,0.0868,0.087,0.0803,0.0825,149495178.0,1677023999999,True
2023-02-22 00:00:00,1677024000000,0.0826,0.0828,0.0783,0.0823,142226582.0,1677110399999,True
2023-02-23 00:00:00,1677110400000,0.0823,0.0833,0.0793,0.0807,79169504.0,1677196799999,True
2023-02-24 00:00:00,1677196800000,0.0808,0.0823,0.075,0.0771,127937135.0,1677283199999,True
2023-02-25 00:00:00,1677283200000,0.0772,0.078,0.0721,0.075,76268766.0,1677369599999,True
2023-02-26 00:00:00,1677369600000,0.075,0.0762,0.0736,0.0748,62846860.0,1677455999999,True
2023-02-27 00:00:00,1677456000000,0.0748,0.0749,0.0705,0.0722,107436548.0,1677542399999,True
2023-02-28 00:00:00,1677542400000,0.0723,0.073,0.0683,0.0691,98555991.0,1677628799999,True
2023-03-01 00:00:00,1677628800000,0.0691,0.0735,0.0686,0.0707,130117767.0,1677715199999,True
2023-03-02 00:00:00,1677715200000,0.0708,0.0709,0.0661,0.0689,78565456.0,1677801599999,True
2023-03-03 00:00:00,1677801600000,0.0689,0.069,0.0619,0.064,110667829.0,1677887999999,True
2023-03-04 00:00:00,1677888000000,0.064,0.0662,0.0619,0.0644,80235934.0,1677974399999,True
2023-03-05 00:00:00,1677974400000,0.0644,0.066,0.0637,0.0639,60394083.0,1678060799999,True
2023-03-06 00:00:00,1678060800000,0.0639,0.065,0.0628,0.0639,57449108.0,1678147199999,True
2023-03-07 00:00:00,1678147200000,0.0639,0.0647,0.0612,0.0626,67535361.0,1678233599999,True
2023-03-08 00:00:00,1678233600000,0.0627,0.0631,0.0587,0.0606,81553626.0,1678319999999,True
2023-03-09 00:00:00,1678320000000,0.0606,0.0615,0.0542,0.0574,152671452.0,1678406399999,True
2023-03-10 00:00:00,1678406400000,0.0574,0.06,0.0543,0.0589,150468500.0,1678492799999,True
2023-03-11 00:00:00,1678492800000,0.0589,0.0614,0.0557,0.0583,103375996.0,1678579199999,True
2023-03-12 00:00:00,1678579200000,0.0583,0.0619,0.0558,0.0618,115390455.0,1678665599999,True
2023-03-13 00:00:00,1678665600000,0.0618,0.0651,0.0587,0.0645,172251780.0,1678751999999,True
2023-03-14 00:00:00,1678752000000,0.0645,0.0685,0.063,0.0658,189949596.0,1678838399999,True
2023-03-15 00:00:00,1678838400000,0.0659,0.0672,0.0588,0.0599,165692447.0,1678924799999,True
2023-03-16 00:00:00,1678924800000,0.0599,0.0626,0.0589,0.0609,132244070.0,1679011199999,True
2023-03-17 00:00:00,1679011200000,0.0609,0.0655,0.06,0.0653,160220354.0,1679097599999,True
2023-03-18 00:00:00,1679097600000,0.0653,0.0664,0.0617,0.0624,157503204.0,1679183999999,True
2023-03-19 00:00:00,1679184000000,0.0625,0.0664,0.062,0.0649,122678202.0,1679270399999,True
2023-03-20 00:00:00,1679270400000,0.0649,0.065,0.0597,0.0615,145533662.0,1679356799999,True
2023-03-21 00:00:00,1679356800000,0.0615,0.0643,0.0592,0.0639,143104831.0,1679443199999,True
2023-03-22 00:00:00,1679443200000,0.0639,0.0659,0.0585,0.0603,164763252.0,1679529599999,True
2023-03-23 00:00:00,1679529600000,0.0603,0.0635,0.0597,0.0623,90382345.0,1679615999999,True
2023-03-24 00:00:00,1679616000000,0.0623,0.0625,0.0589,0.0599,86592347.0,1679702399999,True
2023-03-25 00:00:00,1679702400000,0.0599,0.061,0.0587,0.0601,67709116.0,1679788799999,True
2023-03-26 00:00:00,1679788800000,0.0601,0.0625,0.0597,0.0619,84919381.0,1679875199999,True
2023-03-27 00:00:00,1679875200000,0.0619,0.062,0.0569,0.0592,99869496.0,1679961599999,True
2023-03-28 00:00:00,1679961600000,0.0593,0.0604,0.0579,0.0595,91061102.0,1680047999999,True
2023-03-29 00:00:00,1680048000000,0.0595,0.0689,0.0593,0.0687,208603153.0,1680134399999,True
2023-03-30 00:00:00,1680134400000,0.0686,0.0687,0.0627,0.0649,229810525.0,1680220799999,True
2023-03-31 00:00:00,1680220800000,0.065,0.0768,0.065,0.0731,612576430.0,1680307199999,True
2023-04-01 00:00:00,1680307200000,0.0731,0.0761,0.0697,0.0705,177430696.0,1680393599999,True
2023-04-02 00:00:00,1680393600000,0.0706,0.0779,0.0705,0.073,288098084.0,1680479999999,True
2023-04-03 00:00:00,1680480000000,0.0731,0.0731,0.0664,0.0682,199318203.0,1680566399999,True
2023-04-04 00:00:00,1680566400000,0.0682,0.0688,0.066,0.0675,158836937.0,1680652799999,True
2023-04-05 00:00:00,1680652800000,0.0675,0.0684,0.0654,0.067,176107216.0,1680739199999,True
2023-04-06 00:00:00,1680739200000,0.067,0.0671,0.0647,0.0655,108544924.0,1680825599999,True
2023-04-07 00:00:00,1680825600000,0.0655,0.0662,0.0644,0.065,86281730.0,1680911999999,True
2023-04-08 00:00:00,1680912000000,0.0649,0.0657,0.0644,0.0647,55871946.0,1680998399999,True
2023-04-09 00:00:00,1680998400000,0.0648,0.0651,0.0633,0.0644,64607449.0,1681084799999,True
2023-04-10 00:00:00,1681084800000,0.0644,0.0665,0.0642,0.0662,84685376.0,1681171199999,True
2023-04-11 00:00:00,1681171200000,0.0661,0.0665,0.065,0.0653,97999254.0,1681257599999,True
2023-04-12 00:00:00,1681257600000,0.0652,0.0655,0.0627,0.064,131283351.0,1681343999999,True
2023-04-13 00:00:00,1681344000000,0.0641,0.0669,0.0634,0.0666,92130248.0,1681430399999,True
2023-04-14 00:00:00,1681430400000,0.0667,0.0684,0.0649,0.0674,157619686.0,1681516799999,True
2023-04-15 00:00:00,1681516800000,0.0673,0.0698,0.0669,0.068,120655853.0,1681603199999,True
2023-04-16 00:00:00,1681603200000,0.0681,0.0699,0.0667,0.0691,98117679.0,1681689599999,True
2023-04-17 00:00:00,1681689600000,0.0691,0.0692,0.0658,0.0664,115246688.0,1681775999999,True
2023-04-18 00:00:00,1681776000000,0.0664,0.0689,0.0656,0.068,120512050.0,1681862399999,True
2023-04-19 00:00:00,1681862400000,0.068,0.0683,0.0602,0.0624,166360124.0,1681948799999,True
2023-04-20 00:00:00,1681948800000,0.0623,0.0642,0.0607,0.0618,103428165.0,1682035199999,True
2023-04-21 00:00:00,1682035200000,0.0618,0.0624,0.0588,0.0596,132118712.0,1682121599999,True
2023-04-22 00:00:00,1682121600000,0.0596,0.0614,0.0593,0.0611,54235215.0,1682207999999,True
2023-04-23 00:00:00,1682208000000,0.0611,0.0613,0.0592,0.0602,76332152.0,1682294399999,True
2023-04-24 00:00:00,1682294400000,0.0603,0.061,0.0585,0.0598,80504179.0,1682380799999,True
2023-04-25 00:00:00,1682380800000,0.0599,0.0613,0.0585,0.0608,77703218.0,1682467199999,True
2023-04-26 00:00:00,1682467200000,0.0609,0.064,0.0581,0.0604,100437562.0,1682553599999,True
2023-04-27 00:00:00,1682553600000,0.0605,0.0619,0.0598,0.0612,69911631.0,1682639999999,True
2023-04-28 00:00:00,1682640000000,0.0612,0.0613,0.06,0.0606,38774761.0,1682726399999,True
2023-04-29 00:00:00,1682726400000,0.0606,0.0613,0.0602,0.0607,33625801.0,1682812799999,True
2023-04-30 00:00:00,1682812800000,0.0608,0.0656,0.0606,0.0635,270310997.0,1682899199999,True
2023-05-01 00:00:00,1682899200000,0.0635,0.0643,0.0589,0.0593,108379197.0,1682985599999,True
2023-05-02 00:00:00,1682985600000,0.0593,0.0594,0.0575,0.0588,68947284.0,1683071999999,True
2023-05-03 00:00:00,1683072000000,0.0588,0.0589,0.056,0.0585,75590686.0,1683158399999,True
2023-05-04 00:00:00,1683158400000,0.0586,0.059,0.057,0.0574,42371599.0,1683244799999,True
2023-05-05 00:00:00,1683244800000,0.0575,0.0587,0.0571,0.0583,51909785.0,1683331199999,True
2023-05-06 00:00:00,1683331200000,0.0583,0.0587,0.0555,0.0569,43750227.0,1683417599999,True
2023-05-07 00:00:00,1683417600000,0.0569,0.0574,0.0562,0.0564,35305961.0,1683503999999,True
2023-05-08 00:00:00,1683504000000,0.0564,0.0569,0.0516,0.0545,103149113.0,1683590399999,True
2023-05-09 00:00:00,1683590400000,0.0545,0.0545,0.0531,0.054,50772437.0,1683676799999,True
2023-05-10 00:00:00,1683676800000,0.054,0.0553,0.0517,0.0542,74565117.0,1683763199999,True
2023-05-11 00:00:00,1683763200000,0.0543,0.0543,0.0502,0.0513,111738545.0,1683849599999,True
2023-05-12 00:00:00,1683849600000,0.0513,0.0523,0.0499,0.0522,73083716.0,1683935999999,True
2023-05-13 00:00:00,1683936000000,0.0522,0.0524,0.051,0.0513,47871913.0,1684022399999,True
2023-05-14 00:00:00,1684022400000,0.0513,0.0524,0.051,0.0517,37760872.0,1684108799999,True
2023-05-15 00:00:00,1684108800000,0.0518,0.0533,0.051,0.0523,55886159.0,1684195199999,True
2023-05-16 00:00:00,1684195200000,0.0524,0.0529,0.0515,0.0523,57693796.0,1684281599999,True
2023-05-17 00:00:00,1684281600000,0.0523,0.0537,0.0512,0.0533,73605211.0,1684367999999,True
2023-05-18 00:00:00,1684368000000,0.0533,0.0534,0.0513,0.0523,54120657.0,1684454399999,True
2023-05-19 00:00:00,1684454400000,0.0523,0.0531,0.0521,0.0529,38538962.0,1684540799999,True
2023-05-20 00:00:00,1684540800000,0.0529,0.0532,0.0525,0.0529,22992321.0,1684627199999,True
2023-05-21 00:00:00,1684627200000,0.053,0.0531,0.0517,0.0523,31621677.0,1684713599999,True
2023-05-22 00:00:00,1684713600000,0.0522,0.0525,0.0514,0.052,44150657.0,1684799999999,True
2023-05-23 00:00:00,1684800000000,0.052,0.0531,0.0519,0.0522,53863082.0,1684886399999,True
2023-05-24 00:00:00,1684886400000,0.0523,0.0523,0.05,0.0508,67547355.0,1684972799999,True
2023-05-25 00:00:00,1684972800000,0.0508,0.0512,0.0496,0.0506,45698292.0,1685059199999,True
2023-05-26 00:00:00,1685059200000,0.0506,0.0522,0.0502,0.0521,48399444.0,1685145599999,True
2023-05-27 00:00:00,1685145600000,0.0521,0.0525,0.0515,0.0521,38854776.0,1685231999999,True
2023-05-28 00:00:00,1685232000000,0.052,0.054,0.0518,0.0533,67488679.0,1685318399999,True
2023-05-29 00:00:00,1685318400000,0.0533,0.0538,0.0521,0.0527,58253200.0,1685404799999,True
2023-05-30 00:00:00,1685404800000,0.0527,0.0531,0.0521,0.0527,56708017.0,1685491199999,True
2023-05-31 00:00:00,1685491200000,0.0527,0.0531,0.0508,0.0512,60049689.0,1685577599999,True
2023-06-01 00:00:00,1685577600000,0.0512,0.0516,0.05,0.0502,72473972.0,1685663999999,True
2023-06-02 00:00:00,1685664000000,0.0502,0.051,0.0499,0.0509,61443098.0,1685750399999,True
2023-06-03 00:00:00,1685750400000,0.0508,0.0509,0.0501,0.0502,44300416.0,1685836799999,True
2023-06-04 00:00:00,1685836800000,0.0502,0.0509,0.05,0.0501,50021924.0,1685923199999,True
2023-06-05 00:00:00,1685923200000,0.0501,0.0506,0.0464,0.0488,145803395.0,1686009599999,True
2023-06-06 00:00:00,1686009600000,0.0487,0.0499,0.0474,0.0495,99931256.0,1686095999999,True
2023-06-07 00:00:00,1686096000000,0.0495,0.0498,0.0478,0.0484,87724180.0,1686182399999,True
2023-06-08 00:00:00,1686182400000,0.0483,0.0488,0.0474,0.0486,52438115.0,1686268799999,True
2023-06-09 00:00:00,1686268800000,0.0486,0.0491,0.0476,0.0484,62218275.0,1686355199999,True
2023-06-10 00:00:00,1686355200000,0.0484,0.0485,0.0399,0.0455,237397924.0,1686441599999,True
2023-06-11 00:00:00,1686441600000,0.0455,0.0457,0.0434,0.0444,78981764.0,1686527999999,True
2023-06-12 00:00:00,1686528000000,0.0444,0.0454,0.0434,0.0452,86504725.0,1686614399999,True
2023-06-13 00:00:00,1686614400000,0.0453,0.0469,0.0447,0.0468,76501937.0,1686700799999,True
2023-06-14 00:00:00,1686700800000,0.0469,0.0478,0.0453,0.0453,90156575.0,1686787199999,True
2023-06-15 00:00:00,1686787200000,0.0453,0.0463,0.042,0.0428,168456938.0,1686873599999,True
2023-06-16 00:00:00,1686873600000,0.0429,0.0449,0.042,0.0444,137588513.0,1686959999999,True
2023-06-17 00:00:00,1686960000000,0.0444,0.0465,0.0441,0.0457,78446317.0,1687046399999,True
2023-06-18 00:00:00,1687046400000,0.0458,0.0464,0.0448,0.0452,67211331.0,1687132799999,True
2023-06-19 00:00:00,1687132800000,0.0453,0.0457,0.0442,0.045,57475982.0,1687219199999,True
2023-06-20 00:00:00,1687219200000,0.045,0.0494,0.0447,0.049,298958281.0,1687305599999,True
2023-06-21 00:00:00,1687305600000,0.049,0.0512,0.0489,0.0504,184026738.0,1687391999999,True
2023-06-22 00:00:00,1687392000000,0.0505,0.0522,0.0496,0.0501,155944847.0,1687478399999,True
2023-06-23 00:00:00,1687478400000,0.0501,0.0537,0.0499,0.052,105754852.0,1687564799999,True
2023-06-24 00:00:00,1687564800000,0.0521,0.053,0.0508,0.0512,68403871.0,1687651199999,True
2023-06-25 00:00:00,1687651200000,0.0512,0.059,0.0509,0.0519,188663269.0,1687737599999,True
2023-06-26 00:00:00,1687737600000,0.0519,0.0529,0.0491,0.0496,102115739.0,1687823999999,True
2023-06-27 00:00:00,1687824000000,0.0496,0.0513,0.0494,0.0505,68171198.0,1687910399999,True
2023-06-28 00:00:00,1687910400000,0.0506,0.0506,0.0472,0.0476,86634821.0,1687996799999,True
2023-06-29 00:00:00,1687996800000,0.0476,0.0499,0.0475,0.0482,60756098.0,1688083199999,True
2023-06-30 00:00:00,1688083200000,0.0482,0.0515,0.047,0.0507,168932435.0,1688169599999,True
2023-07-01 00:00:00,1688169600000,0.0506,0.052,0.05,0.0507,94994427.0,1688255999999,True
2023-07-02 00:00:00,1688256000000,0.0507,0.0508,0.0493,0.0501,74072244.0,1688342399999,True
2023-07-03 00:00:00,1688342400000,0.0501,0.0515,0.0497,0.0502,110312735.0,1688428799999,True
2023-07-04 00:00:00,1688428800000,0.0502,0.0504,0.0481,0.0485,103048746.0,1688515199999,True
2023-07-05 00:00:00,1688515200000,0.0485,0.0492,0.0466,0.0472,98585630.0,1688601599999,True
2023-07-06 00:00:00,1688601600000,0.0472,0.0492,0.046,0.0461,104375692.0,1688687999999,True
2023-07-07 00:00:00,1688688000000,0.0461,0.0474,0.0456,0.0471,63514851.0,1688774399999,True
2023-07-08 00:00:00,1688774400000,0.0471,0.0476,0.0464,0.047,57061155.0,1688860799999,True
2023-07-09 00:00:00,1688860800000,0.047,0.0478,0.0467,0.0471,47927750.0,1688947199999,True
2023-07-10 00:00:00,1688947200000,0.047,0.0481,0.0459,0.0475,82053419.0,1689033599999,True
2023-07-11 00:00:00,1689033600000,0.0475,0.0484,0.0469,0.0484,69699770.0,1689119999999,True
2023-07-12 00:00:00,1689120000000,0.0483,0.0493,0.0478,0.0483,72427223.0,1689206399999,True
2023-07-13 00:00:00,1689206400000,0.0483,0.0527,0.0476,0.0524,139767288.0,1689292799999,True
2023-07-14 00:00:00,1689292800000,0.0525,0.0545,0.0497,0.0511,182306541.0,1689379199999,True
2023-07-15 00:00:00,1689379200000,0.0512,0.0535,0.0503,0.0521,99732291.0,1689465599999,True
2023-07-16 00:00:00,1689465600000,0.0521,0.0527,0.0506,0.0506,79714478.0,1689551999999,True
2023-07-17 00:00:00,1689552000000,0.0506,0.0531,0.0499,0.0519,118647400.0,1689638399999,True
2023-07-18 00:00:00,1689638400000,0.0519,0.0554,0.0512,0.0529,307487547.0,1689724799999,True
2023-07-19 00:00:00,1689724800000,0.0528,0.0583,0.0524,0.0561,397791296.0,1689811199999,True
2023-07-20 00:00:00,1689811200000,0.0561,0.0617,0.0556,0.0573,453851970.0,1689897599999,True
2023-07-21 00:00:00,1689897600000,0.0572,0.0572,0.0546,0.0554,125733627.0,1689983999999,True
2023-07-22 00:00:00,1689984000000,0.0554,0.0556,0.0529,0.0536,82078430.0,1690070399999,True
2023-07-23 00:00:00,1690070400000,0.0536,0.0546,0.0526,0.0534,84661907.0,1690156799999,True
2023-07-24 00:00:00,1690156800000,0.0535,0.0549,0.0512,0.0519,189015876.0,1690243199999,True
2023-07-25 00:00:00,1690243200000,0.0519,0.0525,0.0514,0.0523,78905335.0,1690329599999,True
2023-07-26 00:00:00,1690329600000,0.0523,0.0529,0.0513,0.0523,85261595.0,1690415999999,True
2023-07-27 00:00:00,1690416000000,0.0524,0.0533,0.0515,0.0518,118037231.0,1690502399999,True
2023-07-28 00:00:00,1690502400000,0.0518,0.0527,0.0509,0.0526,62697535.0,1690588799999,True
2023-07-29 00:00:00,1690588800000,0.0526,0.0539,0.0526,0.0538,67700932.0,1690675199999,True
2023-07-30 00:00:00,1690675200000,0.0539,0.0543,0.0516,0.0529,65097024.0,1690761599999,True
2023-07-31 00:00:00,1690761600000,0.0529,0.0534,0.0516,0.0522,52750274.0,1690847999999,True
2023-08-01 00:00:00,1690848000000,0.0522,0.0523,0.0504,0.0518,90118766.0,1690934399999,True
2023-08-02 00:00:00,1690934400000,0.0519,0.054,0.0508,0.0527,205426249.0,1691020799999,True
2023-08-03 00:00:00,1691020800000,0.0526,0.0546,0.0525,0.0535,177093515.0,1691107199999,True
2023-08-04 00:00:00,1691107200000,0.0535,0.054,0.0525,0.0532,83302785.0,1691193599999,True
2023-08-05 00:00:00,1691193600000,0.0533,0.0534,0.0517,0.0525,63674046.0,1691279999999,True
2023-08-06 00:00:00,1691280000000,0.0525,0.0599,0.0524,0.0578,400639881.0,1691366399999,True
2023-08-07 00:00:00,1691366400000,0.0577,0.0578,0.0545,0.0566,168015382.0,1691452799999,True
2023-08-08 00:00:00,1691452800000,0.0565,0.0628,0.0563,0.0621,475928696.0,1691539199999,True
2023-08-09 00:00:00,1691539200000,0.062,0.0638,0.0596,0.0598,259428435.0,1691625599999,True
2023-08-10 00:00:00,1691625600000,0.0597,0.0598,0.0576,0.0577,121149278.0,1691711999999,True
2023-08-11 00:00:00,1691712000000,0.0576,0.0577,0.0561,0.0566,80220674.0,1691798399999,True
2023-08-12 00:00:00,1691798400000,0.0566,0.0577,0.0556,0.0563,75266264.0,1691884799999,True
2023-08-13 00:00:00,1691884800000,0.0563,0.0572,0.0558,0.0569,43627739.0,1691971199999,True
2023-08-14 00:00:00,1691971200000,0.057,0.0678,0.0569,0.0654,779801169.0,1692057599999,True
2023-08-15 00:00:00,1692057600000,0.0653,0.0759,0.0646,0.0677,951181196.0,1692143999999,True
2023-08-16 00:00:00,1692144000000,0.0676,0.0695,0.0612,0.0626,799079153.0,1692230399999,True
2023-08-17 00:00:00,1692230400000,0.0625,0.0637,0.0525,0.0576,456454864.0,1692316799999,True
2023-08-18 00:00:00,1692316800000,0.0575,0.0596,0.0545,0.0591,284796105.0,1692403199999,True
2023-08-19 00:00:00,1692403200000,0.0592,0.0687,0.0591,0.0653,638137878.0,1692489599999,True
2023-08-20 00:00:00,1692489600000,0.0653,0.0663,0.0611,0.0613,223418322.0,1692575999999,True
2023-08-21 00:00:00,1692576000000,0.0613,0.0649,0.0601,0.0613,405259873.0,1692662399999,True
2023-08-22 00:00:00,1692662400000,0.0612,0.0638,0.057,0.059,268794455.0,1692748799999,True
2023-08-23 00:00:00,1692748800000,0.059,0.0622,0.0578,0.0618,284532849.0,1692835199999,True
2023-08-24 00:00:00,1692835200000,0.0619,0.0633,0.0585,0.0593,185917137.0,1692921599999,True
2023-08-25 00:00:00,1692921600000,0.0593,0.0615,0.0582,0.059,181595290.0,1693007999999,True
2023-08-26 00:00:00,1693008000000,0.0589,0.0591,0.0563,0.0579,92748713.0,1693094399999,True
2023-08-27 00:00:00,1693094400000,0.0579,0.0595,0.0573,0.0582,198987936.0,1693180799999,True
2023-08-28 00:00:00,1693180800000,0.0582,0.0586,0.0553,0.0562,149962906.0,1693267199999,True
2023-08-29 00:00:00,1693267200000,0.0562,0.0573,0.0527,0.0564,278542595.0,1693353599999,True
2023-08-30 00:00:00,1693353600000,0.0562,0.0564,0.053,0.0536,141905048.0,1693439999999,True
2023-08-31 00:00:00,1693440000000,0.0536,0.0538,0.051,0.0524,163196317.0,1693526399999,True
2023-09-01 00:00:00,1693526400000,0.0524,0.053,0.0487,0.05,212722314.0,1693612799999,True
2023-09-02 00:00:00,1693612800000,0.0499,0.0507,0.0477,0.0497,204520776.0,1693699199999,True
2023-09-03 00:00:00,1693699200000,0.0497,0.0505,0.0481,0.0485,163635906.0,1693785599999,True
2023-09-04 00:00:00,1693785600000,0.0485,0.0493,0.0479,0.0484,148716277.0,1693871999999,True
2023-09-05 00:00:00,1693872000000,0.0484,0.05,0.0479,0.0493,140852713.0,1693958399999,True
2023-09-06 00:00:00,1693958400000,0.0493,0.0502,0.0476,0.0492,144499932.0,1694044799999,True
2023-09-07 00:00:00,1694044800000,0.0492,0.0501,0.0485,0.05,83467765.0,1694131199999,True
2023-09-08 00:00:00,1694131200000,0.05,0.051,0.0492,0.05,106358843.0,1694217599999,True
2023-09-09 00:00:00,1694217600000,0.0499,0.0503,0.0489,0.049,43083226.0,1694303999999,True
2023-09-10 00:00:00,1694304000000,0.049,0.0491,0.0466,0.0478,126988071.0,1694390399999,True
2023-09-11 00:00:00,1694390400000,0.0478,0.0481,0.0453,0.0464,189965310.0,1694476799999,True
2023-09-12 00:00:00,1694476800000,0.0464,0.048,0.0461,0.047,103995705.0,1694563199999,True
2023-09-13 00:00:00,1694563200000,0.047,0.05,0.0468,0.0496,149482299.0,1694649599999,True
2023-09-14 00:00:00,1694649600000,0.0496,0.055,0.0495,0.0517,595247872.0,1694735999999,True
2023-09-15 00:00:00,1694736000000,0.0518,0.0521,0.0496,0.052,148889708.0,1694822399999,True
2023-09-16 00:00:00,1694822400000,0.052,0.0524,0.0506,0.0517,119462024.0,1694908799999,True
2023-09-17 00:00:00,1694908800000,0.0517,0.0518,0.049,0.0495,91357859.0,1694995199999,True
2023-09-18 00:00:00,1694995200000,0.0496,0.0516,0.049,0.0501,97531228.0,1695081599999,True
2023-09-19 00:00:00,1695081600000,0.0502,0.0513,0.0498,0.0511,86844351.0,1695167999999,True
2023-09-20 00:00:00,1695168000000,0.051,0.0514,0.0498,0.0505,77425303.0,1695254399999,True
2023-09-21 00:00:00,1695254400000,0.0506,0.0517,0.0495,0.0504,82673432.0,1695340799999,True
2023-09-22 00:00:00,1695340800000,0.0504,0.0506,0.0499,0.0504,53174433.0,1695427199999,True
2023-09-23 00:00:00,1695427200000,0.0504,0.0521,0.0502,0.052,78337971.0,1695513599999,True
2023-09-24 00:00:00,1695513600000,0.0521,0.0522,0.0496,0.0498,59760997.0,1695599999999,True
2023-09-25 00:00:00,1695600000000,0.0498,0.0508,0.0494,0.0504,49125075.0,1695686399999,True
2023-09-26 00:00:00,1695686400000,0.0504,0.0505,0.0488,0.0494,48316687.0,1695772799999,True
2023-09-27 00:00:00,1695772800000,0.0494,0.0501,0.0488,0.0494,54131417.0,1695859199999,True
2023-09-28 00:00:00,1695859200000,0.0494,0.05,0.0492,0.0499,79327982.0,1695945599999,True
2023-09-29 00:00:00,1695945600000,0.0499,0.0501,0.0493,0.0495,72520140.0,1696031999999,True
2023-09-30 00:00:00,1696032000000,0.0495,0.0501,0.0495,0.0498,46220179.0,1696118399999,True
2023-10-01 00:00:00,1696118400000,0.0497,0.051,0.0496,0.0507,121683987.0,1696204799999,True
2023-10-02 00:00:00,1696204800000,0.0507,0.0519,0.0495,0.05,134240182.0,1696291199999,True
2023-10-03 00:00:00,1696291200000,0.05,0.052,0.0493,0.0494,130055014.0,1696377599999,True
2023-10-04 00:00:00,1696377600000,0.0495,0.0496,0.048,0.0488,95259513.0,1696463999999,True
2023-10-05 00:00:00,1696464000000,0.0488,0.0491,0.0479,0.048,58609134.0,1696550399999,True
2023-10-06 00:00:00,1696550400000,0.048,0.0486,0.0476,0.0485,63960449.0,1696636799999,True
2023-10-07 00:00:00,1696636800000,0.0485,0.0487,0.0479,0.0482,50351763.0,1696723199999,True
2023-10-08 00:00:00,1696723200000,0.0483,0.0483,0.0478,0.048,35060565.0,1696809599999,True
2023-10-09 00:00:00,1696809600000,0.048,0.0482,0.0456,0.0464,97384789.0,1696895999999,True
2023-10-10 00:00:00,1696896000000,0.0464,0.0476,0.0463,0.0469,53869360.0,1696982399999,True
2023-10-11 00:00:00,1696982400000,0.0469,0.0472,0.0455,0.0466,59685295.0,1697068799999,True
2023-10-12 00:00:00,1697068800000,0.0466,0.0467,0.045,0.0456,62666482.0,1697155199999,True
2023-10-13 00:00:00,1697155200000,0.0456,0.0473,0.0454,0.0466,47166203.0,1697241599999,True
2023-10-14 00:00:00,1697241600000,0.0467,0.0471,0.0464,0.0468,33018990.0,1697327999999,True
2023-10-15 00:00:00,1697328000000,0.0468,0.0474,0.0466,0.0468,44817252.0,1697414399999,True
2023-10-16 00:00:00,1697414400000,0.0468,0.0488,0.0466,0.0474,91138009.0,1697500799999,True
2023-10-17 00:00:00,1697500800000,0.0474,0.0477,0.0457,0.0467,53859115.0,1697587199999,True
2023-10-18 00:00:00,1697587200000,0.0467,0.0493,0.0465,0.0474,180674736.0,1697673599999,True
2023-10-19 00:00:00,1697673600000,0.0475,0.0475,0.0456,0.0458,88511298.0,1697759999999,True
2023-10-20 00:00:00,1697760000000,0.0458,0.0478,0.0457,0.0474,86627974.0,1697846399999,True
2023-10-21 00:00:00,1697846400000,0.0475,0.0495,0.0473,0.049,77586482.0,1697932799999,True
2023-10-22 00:00:00,1697932800000,0.0491,0.0501,0.0483,0.0501,88159276.0,1698019199999,True
2023-10-23 00:00:00,1698019200000,0.05,0.0526,0.0489,0.0518,172769245.0,1698105599999,True
2023-10-24 00:00:00,1698105600000,0.0518,0.0538,0.0501,0.0514,286237963.0,1698191999999,True
2023-10-25 00:00:00,1698192000000,0.0514,0.0527,0.0506,0.0522,124150285.0,1698278399999,True
2023-10-26 00:00:00,1698278400000,0.0523,0.0544,0.0512,0.053,276233127.0,1698364799999,True
2023-10-27 00:00:00,1698364800000,0.053,0.0532,0.05,0.0509,131464029.0,1698451199999,True
2023-10-28 00:00:00,1698451200000,0.051,0.0524,0.0509,0.0519,87281216.0,1698537599999,True
2023-10-29 00:00:00,1698537600000,0.0519,0.053,0.0511,0.0524,80854624.0,1698623999999,True
2023-10-30 00:00:00,1698624000000,0.0524,0.0538,0.0518,0.0537,113140868.0,1698710399999,True
2023-10-31 00:00:00,1698710400000,0.0537,0.054,0.05,0.0526,165790701.0,1698796799999,True
2023-11-01 00:00:00,1698796800000,0.0525,0.054,0.0505,0.0537,175351849.0,1698883199999,True
2023-11-02 00:00:00,1698883200000,0.0537,0.0568,0.053,0.0555,287935461.0,1698969599999,True
2023-11-03 00:00:00,1698969600000,0.0554,0.0557,0.0531,0.0548,159555488.0,1699055999999,True
2023-11-04 00:00:00,1699056000000,0.0547,0.056,0.0542,0.0557,112492337.0,1699142399999,True
2023-11-05 00:00:00,1699142400000,0.0556,0.0566,0.0548,0.056,145205778.0,1699228799999,True
2023-11-06 00:00:00,1699228800000,0.056,0.059,0.055,0.0585,151908766.0,1699315199999,True
2023-11-07 00:00:00,1699315200000,0.0586,0.0634,0.0559,0.0574,349443017.0,1699401599999,True
2023-11-08 00:00:00,1699401600000,0.0574,0.0611,0.0569,0.0605,141166464.0,1699487999999,True
2023-11-09 00:00:00,1699488000000,0.0606,0.0628,0.0544,0.0597,335967054.0,1699574399999,True
2023-11-10 00:00:00,1699574400000,0.0597,0.0631,0.0591,0.0628,199079667.0,1699660799999,True
2023-11-11 00:00:00,1699660800000,0.0628,0.0644,0.0606,0.0619,296337714.0,1699747199999,True
2023-11-12 00:00:00,1699747200000,0.0619,0.0636,0.0597,0.0621,218761978.0,1699833599999,True
2023-11-13 00:00:00,1699833600000,0.0621,0.0634,0.0583,0.059,227680126.0,1699919999999,True
2023-11-14 00:00:00,1699920000000,0.059,0.0603,0.0563,0.0587,200976397.0,1700006399999,True
2023-11-15 00:00:00,1700006400000,0.0586,0.0619,0.0581,0.0618,167100553.0,1700092799999,True
2023-11-16 00:00:00,1700092800000,0.0618,0.0638,0.06,0.0609,253224649.0,1700179199999,True
2023-11-17 00:00:00,1700179200000,0.0609,0.0684,0.0596,0.0638,444324876.0,1700265599999,True
2023-11-18 00:00:00,1700265600000,0.0638,0.0657,0.0596,0.0616,213544708.0,1700351999999,True
2023-11-19 00:00:00,1700352000000,0.0616,0.0628,0.06,0.0624,109396148.0,1700438399999,True
2023-11-20 00:00:00,1700438400000,0.0624,0.0679,0.0624,0.0661,398876147.0,1700524799999,True
2023-11-21 00:00:00,1700524800000,0.0661,0.0663,0.0578,0.0583,335138079.0,1700611199999,True
2023-11-22 00:00:00,1700611200000,0.0583,0.0637,0.0582,0.0625,170342616.0,1700697599999,True
2023-11-23 00:00:00,1700697600000,0.0625,0.0632,0.0604,0.0615,115121750.0,1700783999999,True
2023-11-24 00:00:00,1700784000000,0.0615,0.0633,0.0613,0.0623,110201190.0,1700870399999,True
2023-11-25 00:00:00,1700870400000,0.0623,0.0638,0.062,0.0636,94150846.0,1700956799999,True
2023-11-26 00:00:00,1700956800000,0.0635,0.0639,0.0611,0.0629,131918564.0,1701043199999,True
2023-11-27 00:00:00,1701043200000,0.0629,0.0632,0.0601,0.0615,131900554.0,1701129599999,True
2023-11-28 00:00:00,1701129600000,0.0615,0.0618,0.0592,0.0611,108412036.0,1701215999999,True
2023-11-29 00:00:00,1701216000000,0.0611,0.0615,0.0597,0.0601,91265860.0,1701302399999,True
2023-11-30 00:00:00,1701302400000,0.0601,0.0612,0.0598,0.0602,85435651.0,1701388799999,True
2023-12-01 00:00:00,1701388800000,0.0602,0.0615,0.0599,0.0608,84004545.0,1701475199999,True
2023-12-02 00:00:00,1701475200000,0.0608,0.0627,0.0607,0.0625,109553529.0,1701561599999,True
2023-12-03 00:00:00,1701561600000,0.0626,0.0627,0.0612,0.0623,84919387.0,1701647999999,True
2023-12-04 00:00:00,1701648000000,0.0623,0.0644,0.0609,0.0638,209554141.0,1701734399999,True
2023-12-05 00:00:00,1701734400000,0.0639,0.0662,0.0635,0.066,212116429.0,1701820799999,True
2023-12-06 00:00:00,1701820800000,0.0661,0.0714,0.0655,0.0686,377258682.0,1701907199999,True
2023-12-07 00:00:00,1701907200000,0.0687,0.0695,0.0656,0.0692,153101945.0,1701993599999,True
2023-12-08 00:00:00,1701993600000,0.0691,0.0748,0.0683,0.0742,207642829.0,1702079999999,True
2023-12-09 00:00:00,1702080000000,0.0742,0.0776,0.0737,0.0744,230084716.0,1702166399999,True
2023-12-10 00:00:00,1702166400000,0.0744,0.0767,0.0717,0.0751,159963952.0,1702252799999,True
2023-12-11 00:00:00,1702252800000,0.0752,0.0762,0.0668,0.0709,266813701.0,1702339199999,True
2023-12-12 00:00:00,1702339200000,0.071,0.0759,0.0707,0.0755,218314715.0,1702425599999,True
2023-12-13 00:00:00,1702425600000,0.0755,0.0802,0.0721,0.077,346569484.0,1702511999999,True
2023-12-14 00:00:00,1702512000000,0.077,0.085,0.0767,0.0835,296151721.0,1702598399999,True
2023-12-15 00:00:00,1702598400000,0.0835,0.0885,0.0795,0.0802,317523371.0,1702684799999,True
2023-12-16 00:00:00,1702684800000,0.0801,0.0835,0.0793,0.08,155234958.0,1702771199999,True
2023-12-17 00:00:00,1702771200000,0.0801,0.0807,0.0779,0.0786,115708447.0,1702857599999,True
2023-12-18 00:00:00,1702857600000,0.0787,0.0797,0.0723,0.0796,220364829.0,1702943999999,True
2023-12-19 00:00:00,1702944000000,0.0797,0.0818,0.0781,0.0815,175176204.0,1703030399999,True
2023-12-20 00:00:00,1703030400000,0.0814,0.0903,0.0806,0.087,383386395.0,1703116799999,True
2023-12-21 00:00:00,1703116800000,0.0869,0.0929,0.0851,0.0913,258701894.0,1703203199999,True
2023-12-22 00:00:00,1703203200000,0.0913,0.0942,0.0871,0.0907,266783523.0,1703289599999,True
2023-12-23 00:00:00,1703289600000,0.0907,0.0918,0.0868,0.0911,130897184.0,1703375999999,True
2023-12-24 00:00:00,1703376000000,0.0911,0.095,0.0881,0.0902,247203382.0,1703462399999,True
2023-12-25 00:00:00,1703462400000,0.0903,0.0934,0.089,0.0924,157809228.0,1703548799999,True
2023-12-26 00:00:00,1703548800000,0.0924,0.0928,0.083,0.0901,239716949.0,1703635199999,True
2023-12-27 00:00:00,1703635200000,0.09,0.0935,0.086,0.0923,169753136.0,1703721599999,True
2023-12-28 00:00:00,1703721600000,0.0924,0.0944,0.0888,0.0894,218614994.0,1703807999999,True
2023-12-29 00:00:00,1703808000000,0.0894,0.0914,0.0868,0.089,158911858.0,1703894399999,True
2023-12-30 00:00:00,1703894400000,0.0891,0.0898,0.086,0.087,85201124.0,1703980799999,True
2023-12-31 00:00:00,1703980800000,0.0869,0.0893,0.0847,0.0859,119801586.0,1704067199999,True
2024-01-01 00:00:00,1704067200000,0.086,0.0926,0.0839,0.0915,148342287.0,1704153599999,True
2024-01-02 00:00:00,1704153600000,0.0914,0.1014,0.0909,0.097,479704719.0,1704239999999,True
2024-01-03 00:00:00,1704240000000,0.0969,0.0993,0.078,0.0883,461087701.0,1704326399999,True
2024-01-04 00:00:00,1704326400000,0.0883,0.0896,0.0851,0.0879,176766408.0,1704412799999,True
2024-01-05 00:00:00,1704412800000,0.088,0.0885,0.0808,0.0847,171300063.0,1704499199999,True
2024-01-06 00:00:00,1704499200000,0.0848,0.0848,0.0783,0.0795,118551221.0,1704585599999,True
2024-01-07 00:00:00,1704585600000,0.0795,0.081,0.0746,0.0752,141088184.0,1704671999999,True
2024-01-08 00:00:00,1704672000000,0.0753,0.0825,0.0695,0.0814,271712497.0,1704758399999,True
2024-01-09 00:00:00,1704758400000,0.0814,0.0818,0.0753,0.0775,205449375.0,1704844799999,True
2024-01-10 00:00:00,1704844800000,0.0775,0.0853,0.0739,0.0834,243077260.0,1704931199999,True
2024-01-11 00:00:00,1704931200000,0.0834,0.0875,0.0815,0.0842,213585335.0,1705017599999,True
2024-01-12 00:00:00,1705017600000,0.0841,0.0853,0.0772,0.0801,231431053.0,1705103999999,True
2024-01-13 00:00:00,1705104000000,0.08,0.0817,0.0776,0.0811,128048984.0,1705190399999,True
2024-01-14 00:00:00,1705190400000,0.0811,0.0813,0.0768,0.0771,98553896.0,1705276799999,True
2024-01-15 00:00:00,1705276800000,0.0771,0.0802,0.077,0.0777,114772161.0,1705363199999,True
2024-01-16 00:00:00,1705363200000,0.0778,0.0817,0.0774,0.0806,160005081.0,1705449599999,True
2024-01-17 00:00:00,1705449600000,0.0806,0.0812,0.0783,0.0789,143627244.0,1705535999999,True
2024-01-18 00:00:00,1705536000000,0.0789,0.0796,0.0738,0.0753,157644894.0,1705622399999,True
2024-01-19 00:00:00,1705622400000,0.0753,0.0763,0.0722,0.0755,211911928.0,1705708799999,True
2024-01-20 00:00:00,1705708800000,0.0755,0.077,0.0746,0.0764,80591979.0,1705795199999,True
2024-01-21 00:00:00,1705795200000,0.0763,0.0776,0.0754,0.0755,87502380.0,1705881599999,True
2024-01-22 00:00:00,1705881600000,0.0755,0.076,0.0707,0.0713,206112756.0,1705967999999,True
2024-01-23 00:00:00,1705968000000,0.0714,0.0725,0.0671,0.0706,216091697.0,1706054399999,True
2024-01-24 00:00:00,1706054400000,0.0706,0.0728,0.0699,0.0722,125116535.0,1706140799999,True
2024-01-25 00:00:00,1706140800000,0.0723,0.0725,0.0698,0.0713,84702380.0,1706227199999,True
2024-01-26 00:00:00,1706227200000,0.0713,0.0748,0.0703,0.0744,99692547.0,1706313599999,True
2024-01-27 00:00:00,1706313600000,0.0745,0.0755,0.0736,0.0744,57529235.0,1706399999999,True
2024-01-28 00:00:00,1706400000000,0.0744,0.0761,0.0726,0.0733,91629895.0,1706486399999,True
2024-01-29 00:00:00,1706486400000,0.0733,0.0746,0.0713,0.0744,110397436.0,1706572799999,True
2024-01-30 00:00:00,1706572800000,0.0745,0.0752,0.0725,0.0729,157733979.0,1706659199999,True
2024-01-31 00:00:00,1706659200000,0.0729,0.0731,0.0688,0.0696,240532831.0,1706745599999,True
2024-02-01 00:00:00,1706745600000,0.0695,0.0703,0.0683,0.0703,178548770.0,1706831999999,True
2024-02-02 00:00:00,1706832000000,0.0703,0.0715,0.0682,0.0692,177827835.0,1706918399999,True
2024-02-03 00:00:00,1706918400000,0.0693,0.0701,0.0684,0.0693,76182979.0,1707004799999,True
2024-02-04 00:00:00,1707004800000,0.0693,0.0697,0.0682,0.0684,72715162.0,1707091199999,True
2024-02-05 00:00:00,1707091200000,0.0684,0.0709,0.0674,0.0695,97360062.0,1707177599999,True
2024-02-06 00:00:00,1707177600000,0.0696,0.0776,0.0691,0.0752,555863845.0,1707263999999,True
2024-02-07 00:00:00,1707264000000,0.0753,0.0779,0.0708,0.0758,350693385.0,1707350399999,True
2024-02-08 00:00:00,1707350400000,0.0759,0.0785,0.0754,0.0761,217329725.0,1707436799999,True
2024-02-09 00:00:00,1707436800000,0.076,0.0798,0.0754,0.0794,190237900.0,1707523199999,True
2024-02-10 00:00:00,1707523200000,0.0793,0.0802,0.0773,0.0788,96639941.0,1707609599999,True
2024-02-11 00:00:00,1707609600000,0.0788,0.0799,0.0776,0.0783,87317575.0,1707695999999,True
2024-02-12 00:00:00,1707696000000,0.0784,0.0803,0.0762,0.0796,116093363.0,1707782399999,True
2024-02-13 00:00:00,1707782400000,0.0796,0.0821,0.0782,0.0814,201025944.0,1707868799999,True
2024-02-14 00:00:00,1707868800000,0.0815,0.0845,0.0803,0.0824,180173863.0,1707955199999,True
2024-02-15 00:00:00,1707955200000,0.0825,0.0844,0.0813,0.0829,205505429.0,1708041599999,True
2024-02-16 00:00:00,1708041600000,0.0828,0.086,0.0823,0.0855,216552544.0,1708127999999,True
2024-02-17 00:00:00,1708128000000,0.0854,0.0859,0.0815,0.0835,129361113.0,1708214399999,True
2024-02-18 00:00:00,1708214400000,0.0834,0.0922,0.0833,0.0898,297098074.0,1708300799999,True
2024-02-19 00:00:00,1708300800000,0.0898,0.1178,0.0895,0.112,1421299325.0,1708387199999,True
2024-02-20 00:00:00,1708387200000,0.112,0.1136,0.101,0.1073,964420213.0,1708473599999,True
2024-02-21 00:00:00,1708473600000,0.1073,0.1121,0.0996,0.1046,622485948.0,1708559999999,True
2024-02-22 00:00:00,1708560000000,0.1047,0.1199,0.1002,0.1162,683631591.0,1708646399999,True
2024-02-23 00:00:00,1708646400000,0.1161,0.1169,0.1072,0.1093,450476298.0,1708732799999,True
2024-02-24 00:00:00,1708732800000,0.1093,0.1114,0.1062,0.1101,222574990.0,1708819199999,True
2024-02-25 00:00:00,1708819200000,0.11,0.1119,0.1065,0.1093,179371257.0,1708905599999,True
2024-02-26 00:00:00,1708905600000,0.1092,0.1138,0.1033,0.1115,309751597.0,1708991999999,True
2024-02-27 00:00:00,1708992000000,0.1116,0.1131,0.107,0.1081,261468868.0,1709078399999,True
2024-02-28 00:00:00,1709078400000,0.108,0.1193,0.1038,0.1133,639720066.0,1709164799999,True
2024-02-29 00:00:00,1709164800000,0.1133,0.1241,0.11,0.1145,466213744.0,1709251199999,True
2024-03-01 00:00:00,1709251200000,0.1145,0.1177,0.1133,0.1167,221641509.0,1709337599999,True
2024-03-02 00:00:00,1709337600000,0.1166,0.1206,0.1122,0.1154,331041838.0,1709423999999,True
2024-03-03 00:00:00,1709424000000,0.1153,0.1154,0.108,0.1129,245105028.0,1709510399999,True
2024-03-04 00:00:00,1709510400000,0.1129,0.1198,0.1115,0.1172,407365306.0,1709596799999,True
2024-03-05 00:00:00,1709596800000,0.1172,0.1281,0.0946,0.1114,977852428.0,1709683199999,True
2024-03-06 00:00:00,1709683200000,0.1114,0.1264,0.1083,0.1258,420436228.0,1709769599999,True
2024-03-07 00:00:00,1709769600000,0.1258,0.1395,0.1245,0.1337,469499510.0,1709855999999,True
2024-03-08 00:00:00,1709856000000,0.1337,0.1348,0.1237,0.1305,339238260.0,1709942399999,True
2024-03-09 00:00:00,1709942400000,0.1304,0.1318,0.1284,0.1306,134450535.0,1710028799999,True
2024-03-10 00:00:00,1710028800000,0.1305,0.1328,0.123,0.1259,178558611.0,1710115199999,True
2024-03-11 00:00:00,1710115200000,0.1258,0.1329,0.1202,0.1327,270059098.0,1710201599999,True
2024-03-12 00:00:00,1710201600000,0.1326,0.1335,0.1221,0.1331,302183280.0,1710287999999,True
2024-03-13 00:00:00,1710288000000,0.1332,0.1409,0.1289,0.1325,343714101.0,1710374399999,True
2024-03-14 00:00:00,1710374400000,0.1325,0.133,0.1197,0.1271,229639938.0,1710460799999,True
2024-03-15 00:00:00,1710460800000,0.1271,0.1275,0.1104,0.1206,327668687.0,1710547199999,True
2024-03-16 00:00:00,1710547200000,0.1206,0.1247,0.1083,0.1108,230671861.0,1710633599999,True
2024-03-17 00:00:00,1710633600000,0.1109,0.1199,0.1067,0.1163,162320839.0,1710719999999,True
2024-03-18 00:00:00,1710720000000,0.1163,0.1165,0.1085,0.1119,216316145.0,1710806399999,True
2024-03-19 00:00:00,1710806400000,0.1119,0.1132,0.0988,0.1014,442461649.0,1710892799999,True
2024-03-20 00:00:00,1710892800000,0.1014,0.1124,0.0983,0.1114,253457520.0,1710979199999,True
2024-03-21 00:00:00,1710979200000,0.1114,0.1131,0.1077,0.11,180344030.0,1711065599999,True
2024-03-22 00:00:00,1711065600000,0.1101,0.112,0.1035,0.1067,133516069.0,1711151999999,True
2024-03-23 00:00:00,1711152000000,0.1066,0.11,0.1049,0.1065,81141889.0,1711238399999,True
2024-03-24 00:00:00,1711238400000,0.1065,0.1104,0.1056,0.1099,92317571.0,1711324799999,True
2024-03-25 00:00:00,1711324800000,0.11,0.1189,0.1095,0.1171,168140132.0,1711411199999,True
2024-03-26 00:00:00,1711411200000,0.1172,0.1319,0.1167,0.1203,328314534.0,1711497599999,True
2024-03-27 00:00:00,1711497600000,0.1203,0.1215,0.112,0.1138,259645098.0,1711583999999,True
2024-03-28 00:00:00,1711584000000,0.1137,0.1176,0.1112,0.1162,144597314.0,1711670399999,True
2024-03-29 00:00:00,1711670400000,0.1162,0.118,0.1125,0.116,124459810.0,1711756799999,True
2024-03-30 00:00:00,1711756800000,0.1161,0.1165,0.1128,0.1135,89425482.0,1711843199999,True
2024-03-31 00:00:00,1711843200000,0.1135,0.1199,0.113,0.1157,121894314.0,1711929599999,True
2024-04-01 00:00:00,1711929600000,0.1158,0.1167,0.1068,0.1099,185994711.0,1712015999999,True
2024-04-02 00:00:00,1712016000000,0.1099,0.11,0.1024,0.1036,174195521.0,1712102399999,True
2024-04-03 00:00:00,1712102400000,0.1036,0.107,0.1004,0.1025,131173169.0,1712188799999,True
2024-04-04 00:00:00,1712188800000,0.1025,0.1074,0.1012,0.1052,122821187.0,1712275199999,True
2024-04-05 00:00:00,1712275200000,0.1052,0.1054,0.1,0.1046,104738868.0,1712361599999,True
2024-04-06 00:00:00,1712361600000,0.1046,0.1069,0.1041,0.1059,52528297.0,1712447999999,True
2024-04-07 00:00:00,1712448000000,0.106,0.1076,0.1044,0.1058,59345312.0,1712534399999,True
2024-04-08 00:00:00,1712534400000,0.1058,0.1107,0.1024,0.1095,163955022.0,1712620799999,True
2024-04-09 00:00:00,1712620800000,0.1094,0.1097,0.1031,0.1035,154909455.0,1712707199999,True
2024-04-10 00:00:00,1712707200000,0.1034,0.1045,0.0978,0.1023,159905924.0,1712793599999,True
2024-04-11 00:00:00,1712793600000,0.1024,0.103,0.0981,0.0998,115798413.0,1712879999999,True
2024-04-12 00:00:00,1712880000000,0.0999,0.1011,0.0787,0.0877,406889043.0,1712966399999,True
2024-04-13 00:00:00,1712966400000,0.0876,0.0876,0.067,0.0785,543707849.0,1713052799999,True
2024-04-14 00:00:00,1713052800000,0.0785,0.0837,0.0742,0.0836,257458223.0,1713139199999,True
2024-04-15 00:00:00,1713139200000,0.0835,0.088,0.0773,0.0796,188331066.0,1713225599999,True
2024-04-16 00:00:00,1713225600000,0.0796,0.0812,0.0763,0.0798,162458899.0,1713311999999,True
2024-04-17 00:00:00,1713312000000,0.0799,0.0808,0.0756,0.0781,137617513.0,1713398399999,True
2024-04-18 00:00:00,1713398400000,0.0781,0.0828,0.0765,0.0822,122399918.0,1713484799999,True
2024-04-19 00:00:00,1713484800000,0.0822,0.0841,0.0762,0.0803,170761675.0,1713571199999,True
2024-04-20 00:00:00,1713571200000,0.0804,0.0871,0.0794,0.0868,97869013.0,1713657599999,True
2024-04-21 00:00:00,1713657600000,0.0869,0.0915,0.0857,0.0889,126731881.0,1713743999999,True
2024-04-22 00:00:00,1713744000000,0.0888,0.0934,0.0885,0.0904,115563556.0,1713830399999,True
2024-04-23 00:00:00,1713830400000,0.0904,0.1598,0.0874,0.1563,2564171082.0,1713916799999,True
2024-04-24 00:00:00,1713916800000,0.1562,0.1817,0.1177,0.1248,5462780477.0,1714003199999,True
2024-04-25 00:00:00,1714003200000,0.1248,0.1274,0.1094,0.1196,1273910465.0,1714089599999,True
2024-04-26 00:00:00,1714089600000,0.1196,0.124,0.1096,0.111,612588861.0,1714175999999,True
2024-04-27 00:00:00,1714176000000,0.1111,0.1122,0.1043,0.1065,418562827.0,1714262399999,True
2024-04-28 00:00:00,1714262400000,0.1065,0.109,0.103,0.1035,232939136.0,1714348799999,True
2024-04-29 00:00:00,1714348800000,0.1035,0.1058,0.1004,0.1032,266212645.0,1714435199999,True
2024-04-30 00:00:00,1714435200000,0.1032,0.104,0.0907,0.0938,371683131.0,1714521599999,True
2024-05-01 00:00:00,1714521600000,0.0937,0.1095,0.09,0.0996,665583126.0,1714607999999,True
2024-05-02 00:00:00,1714608000000,0.0995,0.102,0.0951,0.1004,341768746.0,1714694399999,True
2024-05-03 00:00:00,1714694400000,0.1003,0.1158,0.0989,0.1112,606169288.0,1714780799999,True
2024-05-04 00:00:00,1714780800000,0.1113,0.1127,0.1078,0.109,240167564.0,1714867199999,True
2024-05-05 00:00:00,1714867200000,0.109,0.1113,0.1058,0.1104,207309903.0,1714953599999,True
2024-05-06 00:00:00,1714953600000,0.1104,0.1235,0.1101,0.1138,524539677.0,1715039999999,True
2024-05-07 00:00:00,1715040000000,0.1138,0.1165,0.1077,0.1078,177724770.0,1715126399999,True
2024-05-08 00:00:00,1715126400000,0.1078,0.1104,0.1051,0.106,147181887.0,1715212799999,True
2024-05-09 00:00:00,1715212800000,0.1059,0.1117,0.1058,0.1107,145724441.0,1715299199999,True
2024-05-10 00:00:00,1715299200000,0.1106,0.1126,0.1049,0.1057,155571100.0,1715385599999,True
2024-05-11 00:00:00,1715385600000,0.1057,0.1088,0.1052,0.1068,84981618.0,1715471999999,True
2024-05-12 00:00:00,1715472000000,0.1067,0.112,0.1064,0.1087,112106010.0,1715558399999,True
2024-05-13 00:00:00,1715558400000,0.1086,0.111,0.1024,0.1076,166531749.0,1715644799999,True
2024-05-14 00:00:00,1715644800000,0.1076,0.1104,0.1048,0.1054,176840888.0,1715731199999,True
2024-05-15 00:00:00,1715731200000,0.1053,0.1128,0.1045,0.1108,164063887.0,1715817599999,True
2024-05-16 00:00:00,1715817600000,0.1109,0.1126,0.1077,0.1123,131532295.0,1715903999999,True
2024-05-17 00:00:00,1715904000000,0.1122,0.1203,0.1117,0.1148,242362315.0,1715990399999,True
2024-05-18 00:00:00,1715990400000,0.1148,0.1167,0.1127,0.1145,114361361.0,1716076799999,True
2024-05-19 00:00:00,1716076800000,0.1146,0.1154,0.1098,0.111,89756851.0,1716163199999,True
2024-05-20 00:00:00,1716163200000,0.1111,0.1186,0.1091,0.1175,202996175.0,1716249599999,True
2024-05-21 00:00:00,1716249600000,0.1175,0.1188,0.1136,0.1151,170248675.0,1716335999999,True
2024-05-22 00:00:00,1716336000000,0.1151,0.1165,0.1118,0.1133,121188980.0,1716422399999,True
2024-05-23 00:00:00,1716422400000,0.1133,0.1155,0.1047,0.1089,194523787.0,1716508799999,True
2024-05-24 00:00:00,1716508800000,0.109,0.1103,0.1048,0.1081,99260293.0,1716595199999,True
2024-05-25 00:00:00,1716595200000,0.108,0.1094,0.1077,0.1085,55688491.0,1716681599999,True
2024-05-26 00:00:00,1716681600000,0.1085,0.109,0.1057,0.1067,54314659.0,1716767999999,True
2024-05-27 00:00:00,1716768000000,0.1067,0.1097,0.1059,0.1068,92277031.0,1716854399999,True
2024-05-28 00:00:00,1716854400000,0.1069,0.107,0.1027,0.1044,126053332.0,1716940799999,True
2024-05-29 00:00:00,1716940800000,0.1044,0.1075,0.103,0.1033,159990661.0,1717027199999,True
2024-05-30 00:00:00,1717027200000,0.1032,0.1051,0.0999,0.1006,126862291.0,1717113599999,True
2024-05-31 00:00:00,1717113600000,0.1006,0.1019,0.098,0.1001,144436617.0,1717199999999,True
2024-06-01 00:00:00,1717200000000,0.1001,0.1005,0.0996,0.1,73140749.0,1717286399999,True
2024-06-02 00:00:00,1717286400000,0.0999,0.1006,0.0975,0.0992,154938925.0,1717372799999,True
2024-06-03 00:00:00,1717372800000,0.0991,0.1038,0.0983,0.1013,151785747.0,1717459199999,True
2024-06-04 00:00:00,1717459200000,0.1013,0.1026,0.0998,0.1024,120302427.0,1717545599999,True
2024-06-05 00:00:00,1717545600000,0.1025,0.1055,0.1019,0.1045,133400778.0,1717631999999,True
2024-06-06 00:00:00,1717632000000,0.1044,0.1051,0.1,0.1014,114796877.0,1717718399999,True
2024-06-07 00:00:00,1717718400000,0.1015,0.102,0.0838,0.094,321206991.0,1717804799999,True
2024-06-08 00:00:00,1717804800000,0.094,0.0943,0.089,0.0902,118944629.0,1717891199999,True
2024-06-09 00:00:00,1717891200000,0.0902,0.0916,0.0891,0.0915,66316677.0,1717977599999,True
2024-06-10 00:00:00,1717977600000,0.0914,0.0917,0.0883,0.0892,120305372.0,1718063999999,True
2024-06-11 00:00:00,1718064000000,0.0891,0.09,0.084,0.0873,171976469.0,1718150399999,True
2024-06-12 00:00:00,1718150400000,0.0873,0.0942,0.0858,0.0918,169012142.0,1718236799999,True
2024-06-13 00:00:00,1718236800000,0.0918,0.0924,0.0873,0.0883,129656579.0,1718323199999,True
2024-06-14 00:00:00,1718323200000,0.0884,0.0905,0.0846,0.0863,128166916.0,1718409599999,True
2024-06-15 00:00:00,1718409600000,0.0864,0.0866,0.0846,0.085,53784536.0,1718495999999,True
2024-06-16 00:00:00,1718496000000,0.085,0.087,0.0839,0.0864,62742580.0,1718582399999,True
2024-06-17 00:00:00,1718582400000,0.0864,0.0868,0.0785,0.0802,176520635.0,1718668799999,True
2024-06-18 00:00:00,1718668800000,0.0802,0.0805,0.0721,0.0777,271104320.0,1718755199999,True
2024-06-19 00:00:00,1718755200000,0.0776,0.0821,0.0772,0.0806,100513968.0,1718841599999,True
2024-06-20 00:00:00,1718841600000,0.0805,0.085,0.0801,0.0805,100313421.0,1718927999999,True
2024-06-21 00:00:00,1718928000000,0.0804,0.0819,0.0782,0.0788,92919893.0,1719014399999,True
2024-06-22 00:00:00,1719014400000,0.0787,0.0788,0.0774,0.0779,34192690.0,1719100799999,True
2024-06-23 00:00:00,1719100800000,0.0779,0.0795,0.0758,0.0763,54546924.0,1719187199999,True
2024-06-24 00:00:00,1719187200000,0.0764,0.0779,0.0723,0.0775,129623311.0,1719273599999,True
2024-06-25 00:00:00,1719273600000,0.0775,0.0809,0.0771,0.0788,72368277.0,1719359999999,True
2024-06-26 00:00:00,1719360000000,0.0788,0.08,0.0749,0.0763,59549313.0,1719446399999,True
2024-06-27 00:00:00,1719446400000,0.0762,0.0803,0.0751,0.0787,77568266.0,1719532799999,True
2024-06-28 00:00:00,1719532800000,0.0787,0.08,0.0766,0.077,62608297.0,1719619199999,True
2024-06-29 00:00:00,1719619200000,0.0769,0.0783,0.076,0.0762,34862588.0,1719705599999,True
2024-06-30 00:00:00,1719705600000,0.0762,0.0776,0.075,0.0767,69902683.0,1719791999999,True
2024-07-01 00:00:00,1719792000000,0.0768,0.0786,0.0748,0.0767,86040064.0,1719878399999,True
2024-07-02 00:00:00,1719878400000,0.0766,0.0792,0.0761,0.0782,89698199.0,1719964799999,True
2024-07-03 00:00:00,1719964800000,0.0781,0.0784,0.0715,0.0722,163611221.0,1720051199999,True
2024-07-04 00:00:00,1720051200000,0.0722,0.0726,0.0659,0.0663,195715033.0,1720137599999,True
2024-07-05 00:00:00,1720137600000,0.0663,0.069,0.0586,0.0671,352418338.0,1720223999999,True
2024-07-06 00:00:00,1720224000000,0.0671,0.071,0.0662,0.07,99226647.0,1720310399999,True
2024-07-07 00:00:00,1720310400000,0.07,0.0701,0.0642,0.0647,92838961.0,1720396799999,True
2024-07-08 00:00:00,1720396800000,0.0647,0.0685,0.0624,0.0663,154974141.0,1720483199999,True
2024-07-09 00:00:00,1720483200000,0.0663,0.0691,0.0661,0.0678,98003189.0,1720569599999,True
2024-07-10 00:00:00,1720569600000,0.0678,0.0693,0.0655,0.0665,117132847.0,1720655999999,True
2024-07-11 00:00:00,1720656000000,0.0664,0.0688,0.0653,0.0656,126796821.0,1720742399999,True
2024-07-12 00:00:00,1720742400000,0.0656,0.0677,0.0647,0.0673,80927529.0,1720828799999,True
2024-07-13 00:00:00,1720828800000,0.0674,0.0722,0.0668,0.0713,97841792.0,1720915199999,True
2024-07-14 00:00:00,1720915200000,0.0713,0.0733,0.0694,0.0721,102854458.0,1721001599999,True
2024-07-15 00:00:00,1721001600000,0.0721,0.0793,0.0718,0.0783,128734379.0,1721087999999,True
2024-07-16 00:00:00,1721088000000,0.0783,0.0793,0.0749,0.0766,128727183.0,1721174399999,True
2024-07-17 00:00:00,1721174400000,0.0765,0.079,0.0752,0.0753,122426869.0,1721260799999,True
2024-07-18 00:00:00,1721260800000,0.0753,0.0763,0.0709,0.0727,116842493.0,1721347199999,True
2024-07-19 00:00:00,1721347200000,0.0728,0.0757,0.0713,0.0747,109782293.0,1721433599999,True
2024-07-20 00:00:00,1721433600000,0.0747,0.0761,0.0732,0.0746,76774211.0,1721519999999,True
2024-07-21 00:00:00,1721520000000,0.0746,0.0758,0.0702,0.0747,93040916.0,1721606399999,True
2024-07-22 00:00:00,1721606400000,0.0748,0.0754,0.0705,0.0707,81969537.0,1721692799999,True
2024-07-23 00:00:00,1721692800000,0.0708,0.0716,0.0669,0.0682,121785143.0,1721779199999,True
2024-07-24 00:00:00,1721779200000,0.0683,0.0703,0.0659,0.0665,84836351.0,1721865599999,True
2024-07-25 00:00:00,1721865600000,0.0665,0.067,0.0638,0.0661,144557178.0,1721951999999,True
2024-07-26 00:00:00,1721952000000,0.066,0.0686,0.0659,0.0684,79604838.0,1722038399999,True
2024-07-27 00:00:00,1722038400000,0.0684,0.0703,0.0675,0.0687,78153534.0,1722124799999,True
2024-07-28 00:00:00,1722124800000,0.0687,0.0692,0.0668,0.0675,43924535.0,1722211199999,True
2024-07-29 00:00:00,1722211200000,0.0675,0.0694,0.0665,0.0671,87727933.0,1722297599999,True
2024-07-30 00:00:00,1722297600000,0.0671,0.0682,0.0647,0.0659,79230546.0,1722383999999,True
2024-07-31 00:00:00,1722384000000,0.0659,0.067,0.0623,0.063,150578554.0,1722470399999,True
2024-08-01 00:00:00,1722470400000,0.063,0.0639,0.0589,0.0634,208102072.0,1722556799999,True
2024-08-02 00:00:00,1722556800000,0.0633,0.0641,0.0588,0.0596,172090605.0,1722643199999,True
2024-08-03 00:00:00,1722643200000,0.0595,0.0598,0.0561,0.0582,137049700.0,1722729599999,True
2024-08-04 00:00:00,1722729600000,0.0582,0.0589,0.0534,0.0553,147322318.0,1722815999999,True
2024-08-05 00:00:00,1722816000000,0.0553,0.0559,0.0453,0.0521,728143630.0,1722902399999,True
2024-08-06 00:00:00,1722902400000,0.0521,0.0565,0.052,0.055,235677807.0,1722988799999,True
2024-08-07 00:00:00,1722988800000,0.055,0.0572,0.0508,0.0514,198546089.0,1723075199999,True
2024-08-08 00:00:00,1723075200000,0.0515,0.0593,0.0507,0.059,175893904.0,1723161599999,True
2024-08-09 00:00:00,1723161600000,0.059,0.0591,0.0552,0.0563,164050235.0,1723247999999,True
2024-08-10 00:00:00,1723248000000,0.0563,0.057,0.0549,0.0559,81027077.0,1723334399999,True
2024-08-11 00:00:00,1723334400000,0.0559,0.0574,0.0525,0.0526,88097131.0,1723420799999,True
2024-08-12 00:00:00,1723420800000,0.0527,0.0555,0.0526,0.0539,110644596.0,1723507199999,True
2024-08-13 00:00:00,1723507200000,0.0539,0.0547,0.0517,0.0542,119638141.0,1723593599999,True
2024-08-14 00:00:00,1723593600000,0.0542,0.0552,0.0528,0.0536,108320995.0,1723679999999,True
2024-08-15 00:00:00,1723680000000,0.0536,0.0545,0.0511,0.0519,159301456.0,1723766399999,True
2024-08-16 00:00:00,1723766400000,0.0519,0.0527,0.0506,0.0519,130101712.0,1723852799999,True
2024-08-17 00:00:00,1723852800000,0.0519,0.0527,0.0511,0.0526,51962769.0,1723939199999,True
2024-08-18 00:00:00,1723939200000,0.0527,0.0552,0.0521,0.0531,78090967.0,1724025599999,True
2024-08-19 00:00:00,1724025600000,0.0531,0.0544,0.0523,0.0543,123233994.0,1724111999999,True
2024-08-20 00:00:00,1724112000000,0.0543,0.0555,0.053,0.0537,118496002.0,1724198399999,True
2024-08-21 00:00:00,1724198400000,0.0536,0.0557,0.0522,0.0547,162799529.0,1724284799999,True
2024-08-22 00:00:00,1724284800000,0.0548,0.0558,0.054,0.0552,163110914.0,1724371199999,True
2024-08-23 00:00:00,1724371200000,0.0552,0.06,0.0551,0.0595,211188568.0,1724457599999,True
2024-08-24 00:00:00,1724457600000,0.0595,0.0621,0.0585,0.0604,131685146.0,1724543999999,True
2024-08-25 00:00:00,1724544000000,0.0604,0.0606,0.0575,0.0589,109808416.0,1724630399999,True
2024-08-26 00:00:00,1724630400000,0.059,0.0594,0.0556,0.0559,104288461.0,1724716799999,True
2024-08-27 00:00:00,1724716800000,0.0559,0.0569,0.051,0.0525,161141603.0,1724803199999,True
2024-08-28 00:00:00,1724803200000,0.0525,0.054,0.0503,0.0513,199017225.0,1724889599999,True
2024-08-29 00:00:00,1724889600000,0.0513,0.0531,0.0504,0.0512,113095863.0,1724975999999,True
2024-08-30 00:00:00,1724976000000,0.0511,0.0519,0.0496,0.0514,91388363.0,1725062399999,True
2024-08-31 00:00:00,1725062400000,0.0514,0.0517,0.0495,0.0499,41265112.0,1725148799999,True
2024-09-01 00:00:00,1725148800000,0.05,0.0501,0.0476,0.048,84311747.0,1725235199999,True
2024-09-02 00:00:00,1725235200000,0.0479,0.0511,0.0479,0.0509,82521273.0,1725321599999,True
2024-09-03 00:00:00,1725321600000,0.0509,0.0517,0.0487,0.049,98608938.0,1725407999999,True
2024-09-04 00:00:00,1725408000000,0.0489,0.0507,0.0471,0.0494,122029531.0,1725494399999,True
2024-09-05 00:00:00,1725494400000,0.0494,0.0498,0.0476,0.0481,95410470.0,1725580799999,True
2024-09-06 00:00:00,1725580800000,0.0481,0.0489,0.0457,0.0471,145208933.0,1725667199999,True
2024-09-07 00:00:00,1725667200000,0.0472,0.0491,0.0469,0.0486,56298564.0,1725753599999,True
2024-09-08 00:00:00,1725753600000,0.0485,0.05,0.0481,0.0495,59089454.0,1725839999999,True
2024-09-09 00:00:00,1725840000000,0.0495,0.0517,0.0494,0.0511,84534516.0,1725926399999,True
2024-09-10 00:00:00,1725926400000,0.0511,0.0512,0.05,0.051,89065636.0,1726012799999,True
2024-09-11 00:00:00,1726012800000,0.0509,0.051,0.0486,0.05,108914442.0,1726099199999,True
2024-09-12 00:00:00,1726099200000,0.05,0.051,0.0498,0.0506,101959232.0,1726185599999,True
2024-09-13 00:00:00,1726185600000,0.0506,0.0529,0.0503,0.0523,105920649.0,1726271999999,True
2024-09-14 00:00:00,1726272000000,0.0524,0.0529,0.0512,0.0516,54947743.0,1726358399999,True
2024-09-15 00:00:00,1726358400000,0.0516,0.052,0.0496,0.05,69198791.0,1726444799999,True
2024-09-16 00:00:00,1726444800000,0.05,0.0507,0.0491,0.0494,83047489.0,1726531199999,True
2024-09-17 00:00:00,1726531200000,0.0494,0.0508,0.0488,0.0498,103838312.0,1726617599999,True
2024-09-18 00:00:00,1726617600000,0.0498,0.0508,0.0484,0.0508,106540074.0,1726703999999,True
2024-09-19 00:00:00,1726704000000,0.0508,0.0534,0.0508,0.0517,186189809.0,1726790399999,True
2024-09-20 00:00:00,1726790400000,0.0517,0.0538,0.0509,0.0528,186082412.0,1726876799999,True
2024-09-21 00:00:00,1726876800000,0.0528,0.0562,0.0524,0.056,165310878.0,1726963199999,True
2024-09-22 00:00:00,1726963200000,0.0561,0.0561,0.0524,0.0537,106654099.0,1727049599999,True
2024-09-23 00:00:00,1727049600000,0.0538,0.0581,0.0527,0.0579,227259267.0,1727135999999,True
2024-09-24 00:00:00,1727136000000,0.0578,0.0581,0.0557,0.0578,142258661.0,1727222399999,True
2024-09-25 00:00:00,1727222400000,0.0578,0.0605,0.0572,0.0585,186575426.0,1727308799999,True
2024-09-26 00:00:00,1727308800000,0.0585,0.0622,0.0569,0.0617,155431988.0,1727395199999,True
2024-09-27 00:00:00,1727395200000,0.0617,0.0629,0.0605,0.0619,136882916.0,1727481599999,True
2024-09-28 00:00:00,1727481600000,0.0618,0.0639,0.0601,0.0611,112517227.0,1727567999999,True
2024-09-29 00:00:00,1727568000000,0.0612,0.0626,0.0597,0.0615,108944349.0,1727654399999,True
2024-09-30 00:00:00,1727654400000,0.0615,0.0617,0.0571,0.0575,152962601.0,1727740799999,True
2024-10-01 00:00:00,1727740800000,0.0575,0.0594,0.0519,0.0528,310494818.0,1727827199999,True
2024-10-02 00:00:00,1727827200000,0.0528,0.0548,0.0507,0.0516,231974503.0,1727913599999,True
2024-10-03 00:00:00,1727913600000,0.0516,0.0525,0.05,0.0518,292384444.0,1727999999999,True
2024-10-04 00:00:00,1728000000000,0.0517,0.0549,0.0514,0.0547,183131014.0,1728086399999,True
2024-10-05 00:00:00,1728086400000,0.0547,0.0552,0.0523,0.0531,100409783.0,1728172799999,True
2024-10-06 00:00:00,1728172800000,0.0531,0.0543,0.0523,0.0543,91669419.0,1728259199999,True
2024-10-07 00:00:00,1728259200000,0.0543,0.0557,0.0524,0.0524,190452579.0,1728345599999,True
2024-10-08 00:00:00,1728345600000,0.0524,0.0533,0.0513,0.0524,159126330.0,1728431999999,True
2024-10-09 00:00:00,1728432000000,0.0524,0.0531,0.05,0.0502,161274112.0,1728518399999,True
2024-10-10 00:00:00,1728518400000,0.0502,0.0508,0.049,0.0503,154394663.0,1728604799999,True
2024-10-11 00:00:00,1728604800000,0.0503,0.0519,0.05,0.0513,111409951.0,1728691199999,True
2024-10-12 00:00:00,1728691200000,0.0513,0.052,0.051,0.0515,71536712.0,1728777599999,True
2024-10-13 00:00:00,1728777600000,0.0516,0.0516,0.0497,0.0512,82783396.0,1728863999999,True
2024-10-14 00:00:00,1728864000000,0.0513,0.0538,0.0504,0.0534,125610654.0,1728950399999,True
2024-10-15 00:00:00,1728950400000,0.0535,0.0586,0.053,0.0562,420074423.0,1729036799999,True
2024-10-16 00:00:00,1729036800000,0.0562,0.0581,0.0534,0.0535,231894145.0,1729123199999,True
2024-10-17 00:00:00,1729123200000,0.0535,0.054,0.0503,0.0511,200056041.0,1729209599999,True
2024-10-18 00:00:00,1729209600000,0.0511,0.0528,0.0506,0.0518,146129048.0,1729295999999,True
2024-10-19 00:00:00,1729296000000,0.0518,0.0541,0.0517,0.0534,115496069.0,1729382399999,True
2024-10-20 00:00:00,1729382400000,0.0535,0.0564,0.0519,0.056,166714964.0,1729468799999,True
2024-10-21 00:00:00,1729468800000,0.056,0.0566,0.0528,0.0528,192883225.0,1729555199999,True
2024-10-22 00:00:00,1729555200000,0.0529,0.0537,0.0513,0.0525,141323758.0,1729641599999,True
2024-10-23 00:00:00,1729641600000,0.0525,0.0527,0.0499,0.0513,124576065.0,1729727999999,True
2024-10-24 00:00:00,1729728000000,0.0513,0.0521,0.0502,0.0511,83519700.0,1729814399999,True
2024-10-25 00:00:00,1729814400000,0.0511,0.0522,0.0454,0.0478,228816919.0,1729900799999,True
2024-10-26 00:00:00,1729900800000,0.0477,0.0485,0.047,0.0482,128520378.0,1729987199999,True
2024-10-27 00:00:00,1729987200000,0.0482,0.0497,0.048,0.0489,68216809.0,1730073599999,True
2024-10-28 00:00:00,1730073600000,0.049,0.0496,0.0471,0.0488,163467160.0,1730159999999,True
2024-10-29 00:00:00,1730160000000,0.0488,0.0506,0.0486,0.0497,181385809.0,1730246399999,True
2024-10-30 00:00:00,1730246400000,0.0497,0.0497,0.048,0.0486,149498871.0,1730332799999,True
2024-10-31 00:00:00,1730332800000,0.0486,0.0488,0.0456,0.0464,215533688.0,1730419199999,True
2024-11-01 00:00:00,1730419200000,0.0463,0.0471,0.0451,0.0457,189830563.0,1730505599999,True
2024-11-02 00:00:00,1730505600000,0.0456,0.0461,0.0446,0.0449,91940138.0,1730591999999,True
2024-11-03 00:00:00,1730592000000,0.045,0.0452,0.0416,0.0428,229385064.0,1730678399999,True
2024-11-04 00:00:00,1730678400000,0.0429,0.0436,0.04174,0.04254,500917265.0,1730764799999,True
2024-11-05 00:00:00,1730764800000,0.04253,0.04629,0.04247,0.04611,294295167.0,1730851199999,True
2024-11-06 00:00:00,1730851200000,0.0461,0.0501,0.04609,0.04897,297333612.0,1730937599999,True
2024-11-07 00:00:00,1730937600000,0.04897,0.04981,0.0478,0.04926,220624704.0,1731023999999,True
2024-11-08 00:00:00,1731024000000,0.04927,0.05296,0.04824,0.05216,454875595.0,1731110399999,True
2024-11-09 00:00:00,1731110400000,0.05216,0.05306,0.0501,0.05275,205203660.0,1731196799999,True
2024-11-10 00:00:00,1731196800000,0.05276,0.0576,0.05215,0.05486,411312845.0,1731283199999,True
2024-11-11 00:00:00,1731283200000,0.05489,0.0586,0.05356,0.05833,411314202.0,1731369599999,True
2024-11-12 00:00:00,1731369600000,0.05832,0.077,0.05309,0.06464,1890442152.0,1731455999999,True
2024-11-13 00:00:00,1731456000000,0.06464,0.06484,0.0564,0.05948,992277076.0,1731542399999,True
2024-11-14 00:00:00,1731542400000,0.05949,0.06799,0.05852,0.06388,1123915234.0,1731628799999,True
2024-11-15 00:00:00,1731628800000,0.06385,0.07438,0.06273,0.0724,1317893398.0,1731715199999,True
2024-11-16 00:00:00,1731715200000,0.07241,0.09635,0.0714,0.09015,2228016571.0,1731801599999,True
2024-11-17 00:00:00,1731801600000,0.09017,0.09422,0.08292,0.09022,869275707.0,1731887999999,True
2024-11-18 00:00:00,1731888000000,0.09023,0.1495,0.08723,0.1443,3879288731.0,1731974399999,True
2024-11-19 00:00:00,1731974400000,0.1443,0.15762,0.12765,0.13303,2482683737.0,1732060799999,True
2024-11-20 00:00:00,1732060800000,0.133,0.13471,0.11713,0.12175,1272422679.0,1732147199999,True
2024-11-21 00:00:00,1732147200000,0.12174,0.13825,0.118,0.12682,1271181196.0,1732233599999,True
2024-11-22 00:00:00,1732233600000,0.12679,0.15573,0.12174,0.14681,1936605760.0,1732319999999,True
2024-11-23 00:00:00,1732320000000,0.14681,0.171,0.14428,0.15434,2070977933.0,1732406399999,True
2024-11-24 00:00:00,1732406400000,0.15436,0.16834,0.13591,0.14693,1130634565.0,1732492799999,True
2024-11-25 00:00:00,1732492800000,0.14699,0.14793,0.13132,0.13479,707641944.0,1732579199999,True
2024-11-26 00:00:00,1732579200000,0.13476,0.14047,0.12567,0.1393,693665325.0,1732665599999,True
2024-11-27 00:00:00,1732665600000,0.13928,0.14727,0.13245,0.14174,580964840.0,1732751999999,True
2024-11-28 00:00:00,1732752000000,0.14177,0.15016,0.13659,0.14475,463170628.0,1732838399999,True
2024-11-29 00:00:00,1732838400000,0.14476,0.18679,0.1433,0.17779,1490838506.0,1732924799999,True
2024-11-30 00:00:00,1732924800000,0.17779,0.18609,0.16367,0.17016,903019616.0,1733011199999,True
2024-12-01 00:00:00,1733011200000,0.17017,0.22097,0.16419,0.20863,2095604396.0,1733097599999,True
2024-12-02 00:00:00,1733097600000,0.2087,0.32419,0.20732,0.31148,3715987804.0,1733183999999,True
2024-12-03 00:00:00,1733184000000,0.31148,0.3922,0.302,0.31435,3704934772.0,1733270399999,True
2024-12-04 00:00:00,1733270400000,0.31436,0.33684,0.27733,0.2876,1761155803.0,1733356799999,True
2024-12-05 00:00:00,1733356800000,0.28762,0.31105,0.27801,0.29214,1607429534.0,1733443199999,True
2024-12-06 00:00:00,1733443200000,0.29214,0.3785,0.27525,0.36746,1756797550.0,1733529599999,True
2024-12-07 00:00:00,1733529600000,0.36744,0.374,0.31925,0.3319,1424375012.0,1733615999999,True
2024-12-08 00:00:00,1733616000000,0.33195,0.34182,0.32414,0.33284,619235292.0,1733702399999,True
2024-12-09 00:00:00,1733702400000,0.33287,0.33559,0.2341,0.28012,1088640535.0,1733788799999,True
2024-12-10 00:00:00,1733788800000,0.28015,0.30391,0.25251,0.2899,1392736725.0,1733875199999,True
2024-12-11 00:00:00,1733875200000,0.28988,0.31062,0.27081,0.29898,862798386.0,1733961599999,True
2024-12-12 00:00:00,1733961600000,0.299,0.31453,0.28562,0.29156,775129115.0,1734047999999,True
2024-12-13 00:00:00,1734048000000,0.29157,0.331,0.28877,0.31441,842139892.0,1734134399999,True
2024-12-14 00:00:00,1734134400000,0.31442,0.31543,0.28826,0.29425,387552430.0,1734220799999,True
2024-12-15 00:00:00,1734220800000,0.29425,0.29782,0.28271,0.29604,315448087.0,1734307199999,True
2024-12-16 00:00:00,1734307200000,0.29607,0.29877,0.27429,0.28232,506186812.0,1734393599999,True
2024-12-17 00:00:00,1734393600000,0.2823,0.29899,0.27512,0.28468,618616205.0,1734479999999,True
2024-12-18 00:00:00,1734480000000,0.28472,0.31174,0.27012,0.27244,1069159005.0,1734566399999,True
2024-12-19 00:00:00,1734566400000,0.27245,0.30144,0.25368,0.26766,1206464334.0,1734652799999,True
2024-12-20 00:00:00,1734652800000,0.26767,0.2865,0.23371,0.27069,1453077384.0,1734739199999,True
2024-12-21 00:00:00,1734739200000,0.2707,0.283,0.24965,0.25391,659700791.0,1734825599999,True
2024-12-22 00:00:00,1734825600000,0.25392,0.27304,0.24379,0.26554,593617925.0,1734911999999,True
2024-12-23 00:00:00,1734912000000,0.26561,0.29273,0.25563,0.29166,695803584.0,1734998399999,True
2024-12-24 00:00:00,1734998400000,0.29167,0.33893,0.28155,0.3288,1176123068.0,1735084799999,True
2024-12-25 00:00:00,1735084800000,0.32881,0.33548,0.30576,0.31318,632143694.0,1735171199999,True
2024-12-26 00:00:00,1735171200000,0.3132,0.31776,0.28327,0.28464,513867118.0,1735257599999,True
2024-12-27 00:00:00,1735257600000,0.28462,0.29777,0.27358,0.27669,516231790.0,1735343999999,True
2024-12-28 00:00:00,1735344000000,0.27672,0.30276,0.2719,0.29442,427464978.0,1735430399999,True
2024-12-29 00:00:00,1735430400000,0.29443,0.3046,0.27518,0.27886,382876344.0,1735516799999,True
2024-12-30 00:00:00,1735516800000,0.27885,0.29072,0.26592,0.27862,438628829.0,1735603199999,True
2024-12-31 00:00:00,1735603200000,0.27863,0.28263,0.26673,0.269,352436519.0,1735689599999,True
2025-01-01 00:00:00,1735689600000,0.26901,0.30062,0.26426,0.2948,628841571.0,1735775999999,True
2025-01-02 00:00:00,1735776000000,0.29482,0.31,0.28513,0.29218,495536285.0,1735862399999,True
2025-01-03 00:00:00,1735862400000,0.29218,0.32437,0.292,0.31361,707539822.0,1735948799999,True
2025-01-04 00:00:00,1735948800000,0.31363,0.32036,0.30049,0.30571,358325546.0,1736035199999,True
2025-01-05 00:00:00,1736035200000,0.30571,0.31274,0.29557,0.30137,289915297.0,1736121599999,True
2025-01-06 00:00:00,1736121600000,0.30138,0.31851,0.29668,0.30813,398950200.0,1736207999999,True
2025-01-07 00:00:00,1736208000000,0.30816,0.3301,0.28808,0.28909,706146254.0,1736294399999,True
2025-01-08 00:00:00,1736294400000,0.28913,0.29578,0.2663,0.285,496062234.0,1736380799999,True
2025-01-09 00:00:00,1736380800000,0.28509,0.28516,0.26268,0.26877,369747365.0,1736467199999,True
2025-01-10 00:00:00,1736467200000,0.26876,0.28542,0.26674,0.28164,362080487.0,1736553599999,True
2025-01-11 00:00:00,1736553600000,0.28164,0.29649,0.27521,0.29217,282084333.0,1736639999999,True
2025-01-12 00:00:00,1736640000000,0.29218,0.29232,0.273,0.27813,247384496.0,1736726399999,True
2025-01-13 00:00:00,1736726400000,0.27812,0.28892,0.25,0.2751,452665986.0,1736812799999,True
2025-01-14 00:00:00,1736812800000,0.27509,0.29331,0.27266,0.28715,315800694.0,1736899199999,True
2025-01-15 00:00:00,1736899200000,0.28716,0.32801,0.2858,0.32243,782450538.0,1736985599999,True
2025-01-16 00:00:00,1736985600000,0.32238,0.38683,0.30793,0.36278,1450062423.0,1737071999999,True
2025-01-17 00:00:00,1737072000000,0.36279,0.40139,0.36154,0.37453,911533078.0,1737158399999,True
2025-01-18 00:00:00,1737158400000,0.37454,0.38483,0.34059,0.3547,652501109.0,1737244799999,True
2025-01-19 00:00:00,1737244800000,0.35472,0.37106,0.31701,0.32623,871091533.0,1737331199999,True
2025-01-20 00:00:00,1737331200000,0.32623,0.3743,0.31935,0.34215,910379051.0,1737417599999,True
2025-01-21 00:00:00,1737417600000,0.34215,0.3486,0.32554,0.33775,440167096.0,1737503999999,True
2025-01-22 00:00:00,1737504000000,0.33776,0.33812,0.32065,0.32602,311971280.0,1737590399999,True
2025-01-23 00:00:00,1737590400000,0.32602,0.33531,0.31225,0.32809,423202080.0,1737676799999,True
2025-01-24 00:00:00,1737676800000,0.32809,0.35098,0.31448,0.32687,391412528.0,1737763199999,True
2025-01-25 00:00:00,1737763200000,0.32686,0.33884,0.32556,0.33224,199518019.0,1737849599999,True
2025-01-26 00:00:00,1737849600000,0.33224,0.35447,0.32276,0.32317,295005284.0,1737935999999,True
2025-01-27 00:00:00,1737936000000,0.32316,0.32661,0.29129,0.31469,525981587.0,1738022399999,True
2025-01-28 00:00:00,1738022400000,0.3147,0.32299,0.29512,0.29899,302180949.0,1738108799999,True
2025-01-29 00:00:00,1738108800000,0.29901,0.31803,0.29375,0.30876,309106841.0,1738195199999,True
2025-01-30 00:00:00,1738195200000,0.30876,0.3227,0.30628,0.31588,210725119.0,1738281599999,True
2025-01-31 00:00:00,1738281600000,0.31589,0.32,0.30192,0.30672,221522541.0,1738367999999,True
2025-02-01 00:00:00,1738368000000,0.30667,0.31237,0.28134,0.28502,188690507.0,1738454399999,True
2025-02-02 00:00:00,1738454400000,0.28502,0.294,0.237,0.25326,586839633.0,1738540799999,True
2025-02-03 00:00:00,1738540800000,0.25329,0.2824,0.17721,0.27487,1564541894.0,1738627199999,True
2025-02-04 00:00:00,1738627200000,0.27487,0.27833,0.24261,0.25015,670757971.0,1738713599999,True
2025-02-05 00:00:00,1738713600000,0.25015,0.25847,0.23577,0.23852,341887534.0,1738799999999,True
2025-02-06 00:00:00,1738800000000,0.23851,0.24985,0.22639,0.22861,352042847.0,1738886399999,True
2025-02-07 00:00:00,1738886400000,0.22861,0.24789,0.22635,0.23269,347058280.0,1738972799999,True
2025-02-08 00:00:00,1738972800000,0.23263,0.23629,0.22573,0.23416,176061440.0,1739059199999,True
2025-02-09 00:00:00,1739059200000,0.23415,0.24307,0.21947,0.22905,192473164.0,1739145599999,True
2025-02-10 00:00:00,1739145600000,0.22905,0.24404,0.2238,0.2319,253526334.0,1739231999999,True
2025-02-11 00:00:00,1739232000000,0.2319,0.2488,0.22631,0.22874,314644642.0,1739318399999,True
2025-02-12 00:00:00,1739318400000,0.22873,0.23822,0.21353,0.23517,364791193.0,1739404799999,True
2025-02-13 00:00:00,1739404800000,0.23517,0.23682,0.21824,0.22554,229652183.0,1739491199999,True
2025-02-14 00:00:00,1739491200000,0.22554,0.24002,0.22356,0.23077,298822038.0,1739577599999,True
2025-02-15 00:00:00,1739577600000,0.23078,0.23876,0.22592,0.2292,180452377.0,1739663999999,True
2025-02-16 00:00:00,1739664000000,0.22921,0.23044,0.21913,0.22008,149281965.0,1739750399999,True
2025-02-17 00:00:00,1739750400000,0.22008,0.225,0.20919,0.21232,186500551.0,1739836799999,True
2025-02-18 00:00:00,1739836800000,0.21232,0.21453,0.19476,0.20699,228109698.0,1739923199999,True
2025-02-19 00:00:00,1739923200000,0.20697,0.218,0.20365,0.21579,252793948.0,1740009599999,True
2025-02-20 00:00:00,1740009600000,0.21579,0.22629,0.21498,0.22204,253764225.0,1740095999999,True
2025-02-21 00:00:00,1740096000000,0.22204,0.23009,0.2051,0.21439,333806637.0,1740182399999,True
2025-02-22 00:00:00,1740182400000,0.2144,0.22271,0.21188,0.21643,178748896.0,1740268799999,True
2025-02-23 00:00:00,1740268800000,0.21645,0.21764,0.20778,0.21123,145806031.0,1740355199999,True
2025-02-24 00:00:00,1740355200000,0.21124,0.22701,0.19554,0.19654,688809937.0,1740441599999,True
2025-02-25 00:00:00,1740441600000,0.19652,0.20133,0.17564,0.19841,818737368.0,1740527999999,True
2025-02-26 00:00:00,1740528000000,0.19843,0.20176,0.18753,0.19611,497895120.0,1740614399999,True
2025-02-27 00:00:00,1740614400000,0.19615,0.20605,0.19382,0.19978,314571437.0,1740700799999,True
2025-02-28 00:00:00,1740700800000,0.19979,0.21665,0.17995,0.21352,553126584.0,1740787199999,True
2025-03-01 00:00:00,1740787200000,0.21353,0.2651,0.21139,0.25265,869267536.0,1740873599999,True
2025-03-02 00:00:00,1740873600000,0.25275,0.28554,0.24232,0.26416,922236336.0,1740959999999,True
2025-03-03 00:00:00,1740960000000,0.26404,0.28781,0.21985,0.22324,698444765.0,1741046399999,True
2025-03-04 00:00:00,1741046400000,0.2233,0.24765,0.2203,0.24138,773183549.0,1741132799999,True
2025-03-05 00:00:00,1741132800000,0.24137,0.26499,0.23947,0.24908,422117611.0,1741219199999,True
2025-03-06 00:00:00,1741219200000,0.24907,0.25578,0.2344,0.23771,288832715.0,1741305599999,True
2025-03-07 00:00:00,1741305600000,0.23774,0.258,0.22428,0.23255,524193288.0,1741391999999,True
2025-03-08 00:00:00,1741392000000,0.23253,0.23581,0.22269,0.22703,195652106.0,1741478399999,True
2025-03-09 00:00:00,1741478400000,0.22703,0.23143,0.19826,0.19941,294086605.0,1741564799999,True
2025-03-10 00:00:00,1741564800000,0.19942,0.21855,0.1882,0.18945,441986062.0,1741651199999,True
2025-03-11 00:00:00,1741651200000,0.18948,0.20439,0.17897,0.19718,553340777.0,1741737599999,True
2025-03-12 00:00:00,1741737600000,0.19717,0.21539,0.19275,0.20089,495787788.0,1741823999999,True
2025-03-13 00:00:00,1741824000000,0.20086,0.20332,0.1841,0.18936,374966778.0,1741910399999,True
2025-03-14 00:00:00,1741910400000,0.18937,0.19888,0.18781,0.1911,262463203.0,1741996799999,True
2025-03-15 00:00:00,1741996800000,0.19111,0.19725,0.19016,0.19277,191839383.0,1742083199999,True
2025-03-16 00:00:00,1742083200000,0.19277,0.19509,0.18186,0.18475,227562481.0,1742169599999,True
2025-03-17 00:00:00,1742169600000,0.18475,0.19591,0.18428,0.19148,242196660.0,1742255999999,True
2025-03-18 00:00:00,1742256000000,0.19148,0.19175,0.18223,0.18849,150921153.0,1742342399999,True
2025-03-19 00:00:00,1742342400000,0.18851,0.19841,0.18611,0.19753,273643942.0,1742428799999,True
2025-03-20 00:00:00,1742428800000,0.19754,0.19912,0.18739,0.18998,182261875.0,1742515199999,True
2025-03-21 00:00:00,1742515200000,0.18997,0.19156,0.18207,0.18459,137658560.0,1742601599999,True
2025-03-22 00:00:00,1742601600000,0.18458,0.18628,0.1814,0.18264,131924668.0,1742687999999,True
2025-03-23 00:00:00,1742688000000,0.18265,0.186,0.17967,0.18591,144238743.0,1742774399999,True
2025-03-24 00:00:00,1742774400000,0.18592,0.19566,0.18383,0.19311,169537113.0,1742860799999,True
2025-03-25 00:00:00,1742860800000,0.19311,0.20151,0.19117,0.19469,153681379.0,1742947199999,True
2025-03-26 00:00:00,1742947200000,0.19469,0.20099,0.1895,0.19179,161374172.0,1743033599999,True
2025-03-27 00:00:00,1743033600000,0.19182,0.19712,0.18771,0.19357,103417275.0,1743119999999,True
2025-03-28 00:00:00,1743120000000,0.19359,0.19476,0.17973,0.18228,154021748.0,1743206399999,True
2025-03-29 00:00:00,1743206400000,0.18232,0.18346,0.16664,0.17206,174866104.0,1743292799999,True
2025-03-30 00:00:00,1743292800000,0.17208,0.17542,0.16669,0.16775,93178864.0,1743379199999,True
2025-03-31 00:00:00,1743379200000,0.1678,0.16826,0.15627,0.16315,206934333.0,1743465599999,True
2025-04-01 00:00:00,1743465600000,0.16314,0.17609,0.16179,0.17021,193543102.0,1743551999999,True
2025-04-02 00:00:00,1743552000000,0.17021,0.18072,0.15788,0.16138,278168081.0,1743638399999,True
2025-04-03 00:00:00,1743638400000,0.16137,0.16689,0.15326,0.16265,224726923.0,1743724799999,True
2025-04-04 00:00:00,1743724800000,0.1627,0.16807,0.15709,0.16426,219161844.0,1743811199999,True
2025-04-05 00:00:00,1743811200000,0.16425,0.16514,0.15877,0.16205,71771249.0,1743897599999,True
2025-04-06 00:00:00,1743897600000,0.16206,0.16291,0.13555,0.14005,215530495.0,1743983999999,True
2025-04-07 00:00:00,1743984000000,0.14006,0.15459,0.12488,0.15253,564043503.0,1744070399999,True
2025-04-08 00:00:00,1744070400000,0.15255,0.16704,0.14538,0.14611,462226539.0,1744156799999,True
2025-04-09 00:00:00,1744156800000,0.14611,0.17747,0.1425,0.16879,667480342.0,1744243199999,True
2025-04-10 00:00:00,1744243200000,0.16879,0.1788,0.16349,0.1679,316093819.0,1744329599999,True
2025-04-11 00:00:00,1744329600000,0.16789,0.1768,0.16475,0.16752,365879077.0,1744415999999,True
2025-04-12 00:00:00,1744416000000,0.16752,0.1785,0.1655,0.17706,232372286.0,1744502399999,True
2025-04-13 00:00:00,1744502400000,0.17707,0.17739,0.16345,0.16529,198961525.0,1744588799999,True
2025-04-14 00:00:00,1744588800000,0.1653,0.17281,0.16243,0.16522,254087240.0,1744675199999,True
2025-04-15 00:00:00,1744675200000,0.16522,0.16829,0.15662,0.15699,161446261.0,1744761599999,True
2025-04-16 00:00:00,1744761600000,0.15699,0.16093,0.15396,0.15748,154950213.0,1744847999999,True
2025-04-17 00:00:00,1744848000000,0.15747,0.166,0.15629,0.16302,105307843.0,1744934399999,True
2025-04-18 00:00:00,1744934400000,0.16302,0.16666,0.16195,0.16517,89511627.0,1745020799999,True
2025-04-19 00:00:00,1745020800000,0.16518,0.16785,0.16432,0.16691,53309482.0,1745107199999,True
2025-04-20 00:00:00,1745107200000,0.16692,0.16888,0.16089,0.16601,66297527.0,1745193599999,True
2025-04-21 00:00:00,1745193600000,0.16603,0.17405,0.16603,0.16921,136985757.0,1745279999999,True
2025-04-22 00:00:00,1745280000000,0.16921,0.18237,0.16763,0.1813,156268230.0,1745366399999,True
2025-04-23 00:00:00,1745366400000,0.18131,0.18983,0.17742,0.18037,198539383.0,1745452799999,True
2025-04-24 00:00:00,1745452800000,0.18036,0.18913,0.17543,0.18836,177066163.0,1745539199999,True
2025-04-25 00:00:00,1745539200000,0.18836,0.20239,0.18402,0.19258,237525547.0,1745625599999,True
2025-04-26 00:00:00,1745625600000,0.19258,0.19805,0.18993,0.19155,100455979.0,1745711999999,True
2025-04-27 00:00:00,1745712000000,0.19156,0.19411,0.18491,0.19029,117371201.0,1745798399999,True
2025-04-28 00:00:00,1745798400000,0.1903,0.19923,0.18535,0.19081,196107036.0,1745884799999,True
2025-04-29 00:00:00,1745884800000,0.19082,0.19195,0.18315,0.18603,141211001.0,1745971199999,True
2025-04-30 00:00:00,1745971200000,0.18602,0.18858,0.17588,0.1821,229235483.0,1746057599999,True
2025-05-01 00:00:00,1746057600000,0.1821,0.1919,0.18133,0.18591,155991377.0,1746143999999,True
2025-05-02 00:00:00,1746144000000,0.18592,0.1906,0.18375,0.187,148085559.0,1746230399999,True
2025-05-03 00:00:00,1746230400000,0.187,0.18746,0.17914,0.18024,96941346.0,1746316799999,True
2025-05-04 00:00:00,1746316800000,0.18024,0.18484,0.1756,0.17619,110138616.0,1746403199999,True
2025-05-05 00:00:00,1746403200000,0.17618,0.17858,0.17169,0.17349,122367972.0,1746489599999,True
2025-05-06 00:00:00,1746489600000,0.1735,0.17757,0.16941,0.1771,159775719.0,1746575999999,True
2025-05-07 00:00:00,1746576000000,0.17711,0.17828,0.17268,0.17573,118696398.0,1746662399999,True
2025-05-08 00:00:00,1746662400000,0.17573,0.1971,0.17492,0.1953,237339310.0,1746748799999,True
2025-05-09 00:00:00,1746748800000,0.19529,0.20648,0.19272,0.20247,289419921.0,1746835199999,True
2025-05-10 00:00:00,1746835200000,0.20247,0.21979,0.20031,0.21917,251069340.0,1746921599999,True
2025-05-11 00:00:00,1746921600000,0.21916,0.22079,0.20104,0.20685,216413654.0,1747007999999,True
2025-05-12 00:00:00,1747008000000,0.20686,0.22885,0.20469,0.21509,472383158.0,1747094399999,True
2025-05-13 00:00:00,1747094400000,0.21509,0.21857,0.20069,0.21612,253058153.0,1747180799999,True
2025-05-14 00:00:00,1747180800000,0.21612,0.21684,0.20383,0.2061,207358981.0,1747267199999,True
2025-05-15 00:00:00,1747267200000,0.20612,0.20779,0.19333,0.19804,217253362.0,1747353599999,True
2025-05-16 00:00:00,1747353600000,0.19804,0.20185,0.19375,0.19556,134070400.0,1747439999999,True
2025-05-17 00:00:00,1747440000000,0.19558,0.19593,0.187,0.19101,107113886.0,1747526399999,True
2025-05-18 00:00:00,1747526400000,0.19102,0.20076,0.18678,0.19681,145132206.0,1747612799999,True
2025-05-19 00:00:00,1747612800000,0.19682,0.19788,0.18442,0.1938,129920839.0,1747699199999,True
2025-05-20 00:00:00,1747699200000,0.19381,0.19842,0.1903,0.19487,119310813.0,1747785599999,True
2025-05-21 00:00:00,1747785600000,0.19488,0.20237,0.19232,0.19801,178637232.0,1747871999999,True
2025-05-22 00:00:00,1747872000000,0.19803,0.20678,0.19724,0.20466,150532534.0,1747958399999,True
2025-05-23 00:00:00,1747958400000,0.20468,0.20925,0.18891,0.19049,198882195.0,1748044799999,True
2025-05-24 00:00:00,1748044800000,0.19048,0.19365,0.18698,0.18842,77154960.0,1748131199999,True
2025-05-25 00:00:00,1748131200000,0.18842,0.19029,0.18044,0.18806,111381767.0,1748217599999,True
2025-05-26 00:00:00,1748217600000,0.18807,0.19329,0.18423,0.18591,85980911.0,1748303999999,True
2025-05-27 00:00:00,1748304000000,0.18591,0.192,0.18215,0.18722,109879023.0,1748390399999,True
2025-05-28 00:00:00,1748390400000,0.18723,0.18849,0.18119,0.18601,81511281.0,1748476799999,True
2025-05-29 00:00:00,1748476800000,0.18603,0.19068,0.17872,0.17964,119134773.0,1748563199999,True
2025-05-30 00:00:00,1748563200000,0.17962,0.1806,0.16512,0.16725,168149058.0,1748649599999,True
2025-05-31 00:00:00,1748649600000,0.16727,0.17025,0.16095,0.16742,132297822.0,1748735999999,True
2025-06-01 00:00:00,1748736000000,0.16743,0.16979,0.16399,0.16871,74327172.0,1748822399999,True
2025-06-02 00:00:00,1748822400000,0.16871,0.17263,0.16649,0.1714,85877919.0,1748908799999,True
2025-06-03 00:00:00,1748908800000,0.17139,0.17547,0.17091,0.17186,72070182.0,1748995199999,True
2025-06-04 00:00:00,1748995200000,0.17185,0.17393,0.16628,0.16708,63154066.0,1749081599999,True
2025-06-05 00:00:00,1749081600000,0.16709,0.1697,0.15597,0.15944,109479743.0,1749167999999,True
2025-06-06 00:00:00,1749168000000,0.15944,0.169,0.15852,0.1644,96061271.0,1749254399999,True
2025-06-07 00:00:00,1749254400000,0.16441,0.1705,0.16377,0.16874,52165780.0,1749340799999,True
2025-06-08 00:00:00,1749340800000,0.16874,0.17225,0.16647,0.1693,56339768.0,1749427199999,True
2025-06-09 00:00:00,1749427200000,0.16929,0.17898,0.16761,0.17792,95949539.0,1749513599999,True
2025-06-10 00:00:00,1749513600000,0.17791,0.1839,0.17596,0.18013,105419161.0,1749599999999,True
2025-06-11 00:00:00,1749600000000,0.18014,0.18199,0.17101,0.1729,148464632.0,1749686399999,True
2025-06-12 00:00:00,1749686400000,0.17289,0.17314,0.16192,0.16288,121130483.0,1749772799999,True
2025-06-13 00:00:00,1749772800000,0.16287,0.16295,0.1501,0.15899,223053552.0,1749859199999,True
2025-06-14 00:00:00,1749859200000,0.15898,0.15982,0.1512,0.15497,72795044.0,1749945599999,True
2025-06-15 00:00:00,1749945600000,0.15498,0.1556,0.15066,0.15443,95717785.0,1750031999999,True
2025-06-16 00:00:00,1750032000000,0.15442,0.16335,0.15305,0.15347,145751387.0,1750118399999,True
2025-06-17 00:00:00,1750118400000,0.15345,0.15719,0.14677,0.1486,158972103.0,1750204799999,True
2025-06-18 00:00:00,1750204800000,0.14861,0.1528,0.1438,0.14789,151847440.0,1750291199999,True
2025-06-19 00:00:00,1750291200000,0.14791,0.14966,0.14465,0.14774,76031761.0,1750377599999,True
2025-06-20 00:00:00,1750377600000,0.14774,0.15152,0.14084,0.14459,106835420.0,1750463999999,True
2025-06-21 00:00:00,1750464000000,0.14459,0.14636,0.1337,0.138,124477090.0,1750550399999,True
2025-06-22 00:00:00,1750550400000,0.13799,0.13988,0.12604,0.13364,280733377.0,1750636799999,True
2025-06-23 00:00:00,1750636800000,0.13363,0.15225,0.13311,0.15156,223428823.0,1750723199999,True
2025-06-24 00:00:00,1750723200000,0.15156,0.15533,0.15059,0.15399,136410016.0,1750809599999,True
2025-06-25 00:00:00,1750809600000,0.15398,0.15617,0.14891,0.14982,104727180.0,1750895999999,True
2025-06-26 00:00:00,1750896000000,0.14983,0.15258,0.14193,0.14277,158715881.0,1750982399999,True
2025-06-27 00:00:00,1750982400000,0.14278,0.14786,0.14143,0.14599,105932859.0,1751068799999,True
2025-06-28 00:00:00,1751068800000,0.146,0.14875,0.1451,0.14779,74680180.0,1751155199999,True
2025-06-29 00:00:00,1751155200000,0.14779,0.1541,0.14659,0.1527,77719395.0,1751241599999,True
2025-06-30 00:00:00,1751241600000,0.1527,0.15333,0.14755,0.15004,115192647.0,1751327999999,True
2025-07-01 00:00:00,1751328000000,0.15005,0.15165,0.14289,0.14471,108674111.0,1751414399999,True
2025-07-02 00:00:00,1751414400000,0.14471,0.15918,0.14314,0.15536,153093359.0,1751500799999,True
2025-07-03 00:00:00,1751500800000,0.15536,0.16276,0.15483,0.15901,148360158.0,1751587199999,True
2025-07-04 00:00:00,1751587200000,0.15902,0.16271,0.15182,0.15305,109066133.0,1751673599999,True
2025-07-05 00:00:00,1751673600000,0.15304,0.15669,0.15252,0.1542,75827508.0,1751759999999,True
2025-07-06 00:00:00,1751760000000,0.15422,0.16159,0.15211,0.15931,89352868.0,1751846399999,True
2025-07-07 00:00:00,1751846400000,0.15932,0.16124,0.15616,0.15843,103558883.0,1751932799999,True
2025-07-08 00:00:00,1751932800000,0.15844,0.16236,0.15514,0.16079,117101359.0,1752019199999,True
2025-07-09 00:00:00,1752019200000,0.16078,0.17355,0.15981,0.17093,185221072.0,1752105599999,True
2025-07-10 00:00:00,1752105600000,0.17094,0.19027,0.17022,0.1899,223044043.0,1752191999999,True
2025-07-11 00:00:00,1752192000000,0.18988,0.20939,0.18808,0.19369,547414315.0,1752278399999,True
2025-07-12 00:00:00,1752278400000,0.19371,0.20672,0.19006,0.19735,397420780.0,1752364799999,True
2025-07-13 00:00:00,1752364800000,0.19736,0.25194,0.19632,0.24134,1114235424.0,1752451199999,True
2025-07-14 00:00:00,1752451200000,0.24135,0.25769,0.23353,0.23689,766460706.0,1752537599999,True
2025-07-15 00:00:00,1752537600000,0.23689,0.24167,0.22306,0.23308,506166715.0,1752623999999,True
2025-07-16 00:00:00,1752624000000,0.23307,0.2448,0.22871,0.23615,438882072.0,1752710399999,True
2025-07-17 00:00:00,1752710400000,0.23616,0.285,0.22876,0.27656,916698879.0,1752796799999,True
2025-07-18 00:00:00,1752796800000,0.27656,0.299,0.2533,0.2594,677767290.0,1752883199999,True
2025-07-19 00:00:00,1752883200000,0.25942,0.27248,0.25651,0.26649,309534177.0,1752969599999,True
2025-07-20 00:00:00,1752969600000,0.26654,0.28292,0.26398,0.27087,308368343.0,1753055999999,True
2025-07-21 00:00:00,1753056000000,0.27088,0.28843,0.26342,0.27116,454348548.0,1753142399999,True
2025-07-22 00:00:00,1753142400000,0.27118,0.27543,0.25913,0.27528,390351307.0,1753228799999,True
2025-07-23 00:00:00,1753228800000,0.27528,0.27532,0.23851,0.24516,454339455.0,1753315199999,True
2025-07-24 00:00:00,1753315200000,0.24518,0.25012,0.231,0.23911,424730590.0,1753401599999,True
2025-07-25 00:00:00,1753401600000,0.23911,0.26457,0.23322,0.25867,616524866.0,1753487999999,True
2025-07-26 00:00:00,1753488000000,0.25865,0.29115,0.25584,0.27974,524168170.0,1753574399999,True
2025-07-27 00:00:00,1753574400000,0.27977,0.305,0.27645,0.2917,497573673.0,1753660799999,True
2025-07-28 00:00:00,1753660800000,0.29172,0.29247,0.26672,0.27153,283202548.0,1753747199999,True
2025-07-29 00:00:00,1753747200000,0.27154,0.27944,0.25712,0.26374,253895306.0,1753833599999,True
2025-07-30 00:00:00,1753833600000,0.26375,0.26506,0.24578,0.25576,288489478.0,1753919999999,True
2025-07-31 00:00:00,1753920000000,0.25577,0.279,0.2497,0.25098,366738927.0,1754006399999,True
2025-08-01 00:00:00,1754006400000,0.25099,0.2562,0.23677,0.24113,450304869.0,1754092799999,True
2025-08-02 00:00:00,1754092800000,0.24114,0.24491,0.2255,0.2301,256246831.0,1754179199999,True
2025-08-03 00:00:00,1754179200000,0.23011,0.25112,0.22685,0.24861,226986958.0,1754265599999,True
2025-08-04 00:00:00,1754265600000,0.24862,0.25616,0.24552,0.25085,250471593.0,1754351999999,True
2025-08-05 00:00:00,1754352000000,0.25085,0.25271,0.23551,0.23931,201984026.0,1754438399999,True
2025-08-06 00:00:00,1754438400000,0.23934,0.24988,0.23331,0.24458,199657452.0,1754524799999,True
2025-08-07 00:00:00,1754524800000,0.24458,0.2609,0.24159,0.25987,201064366.0,1754611199999,True
2025-08-08 00:00:00,1754611200000,0.25989,0.26836,0.2548,0.26177,245604047.0,1754697599999,True
2025-08-09 00:00:00,1754697600000,0.26179,0.26986,0.26063,0.26606,154082471.0,1754783999999,True
2025-08-10 00:00:00,1754784000000,0.26606,0.27189,0.2546,0.2593,139310091.0,1754870399999,True
2025-08-11 00:00:00,1754870400000,0.25931,0.26999,0.24338,0.24657,225972236.0,1754956799999,True
2025-08-12 00:00:00,1754956800000,0.24657,0.26412,0.24471,0.26099,202352036.0,1755043199999,True
2025-08-13 00:00:00,1755043200000,0.26097,0.2677,0.25594,0.26603,244815238.0,1755129599999,True
2025-08-14 00:00:00,1755129600000,0.26604,0.27625,0.244,0.24866,398224838.0,1755215999999,True
2025-08-15 00:00:00,1755216000000,0.24864,0.2585,0.24025,0.24754,249678676.0,1755302399999,True
2025-08-16 00:00:00,1755302400000,0.24753,0.25504,0.24713,0.2523,125525571.0,1755388799999,True
2025-08-17 00:00:00,1755388800000,0.25232,0.26039,0.25041,0.2521,128537557.0,1755475199999,True
2025-08-18 00:00:00,1755475200000,0.25211,0.25291,0.23838,0.24498,214467783.0,1755561599999,True
2025-08-19 00:00:00,1755561600000,0.24499,0.24748,0.23052,0.23156,193469618.0,1755647999999,True
2025-08-20 00:00:00,1755648000000,0.23158,0.24288,0.22921,0.24177,173215061.0,1755734399999,True
2025-08-21 00:00:00,1755734400000,0.24169,0.24322,0.23237,0.23554,118035636.0,1755820799999,True
2025-08-22 00:00:00,1755820800000,0.23555,0.25897,0.22814,0.25692,300397487.0,1755907199999,True
2025-08-23 00:00:00,1755907200000,0.25694,0.25717,0.24686,0.25338,105674456.0,1755993599999,True
2025-08-24 00:00:00,1755993600000,0.25338,0.2608,0.24304,0.24817,187840081.0,1756079999999,True
2025-08-25 00:00:00,1756080000000,0.24818,0.25092,0.22677,0.23079,227780898.0,1756166399999,True
2025-08-26 00:00:00,1756166400000,0.23079,0.24507,0.22972,0.24177,166118736.0,1756252799999,True
2025-08-27 00:00:00,1756252800000,0.24176,0.24358,0.23715,0.23761,146073241.0,1756339199999,True
2025-08-28 00:00:00,1756339200000,0.23762,0.24201,0.2354,0.23922,134719322.0,1756425599999,True
2025-08-29 00:00:00,1756425600000,0.23922,0.24037,0.22349,0.22796,249640545.0,1756511999999,True
2025-08-30 00:00:00,1756512000000,0.22797,0.22951,0.22028,0.22574,107200716.0,1756598399999,True
2025-08-31 00:00:00,1756598400000,0.22575,0.22871,0.21784,0.21896,79075844.0,1756684799999,True
2025-09-01 00:00:00,1756684800000,0.21895,0.22368,0.21059,0.21468,185584455.0,1756771199999,True
2025-09-02 00:00:00,1756771200000,0.2147,0.22079,0.21143,0.22058,188946891.0,1756857599999,True
2025-09-03 00:00:00,1756857600000,0.22059,0.22354,0.21762,0.21929,92244822.0,1756943999999,True
2025-09-04 00:00:00,1756944000000,0.21929,0.22012,0.21093,0.21351,170168693.0,1757030399999,True
2025-09-05 00:00:00,1757030400000,0.2135,0.22414,0.21239,0.2183,131011621.0,1757116799999,True
2025-09-06 00:00:00,1757116800000,0.21828,0.21973,0.21371,0.21461,41606797.0,1757203199999,True
2025-09-07 00:00:00,1757203200000,0.21463,0.2219,0.21443,0.21949,76382051.0,1757289599999,True
2025-09-08 00:00:00,1757289600000,0.21951,0.22787,0.21801,0.22633,115568786.0,1757375999999,True
2025-09-09 00:00:00,1757376000000,0.22633,0.23495,0.22381,0.22811,132120789.0,1757462399999,True
2025-09-10 00:00:00,1757462400000,0.22811,0.23677,0.22671,0.23424,122079619.0,1757548799999,True
2025-09-11 00:00:00,1757548800000,0.23424,0.24147,0.2334,0.23978,147434514.0,1757635199999,True
2025-09-12 00:00:00,1757635200000,0.23979,0.24573,0.23783,0.2455,174063086.0,1757721599999,True
2025-09-13 00:00:00,1757721600000,0.24551,0.25481,0.24387,0.24817,142857897.0,1757807999999,True
2025-09-14 00:00:00,1757808000000,0.2482,0.24847,0.23689,0.24076,124770280.0,1757894399999,True
2025-09-15 00:00:00,1757894400000,0.24075,0.24332,0.23003,0.23701,157419116.0,1757980799999,True
2025-09-16 00:00:00,1757980800000,0.237,0.23995,0.23161,0.23804,89764805.0,1758067199999,True
2025-09-17 00:00:00,1758067200000,0.23803,0.24553,0.23268,0.24302,260779411.0,1758153599999,True
2025-09-18 00:00:00,1758153600000,0.24303,0.25224,0.24166,0.24623,201371055.0,1758239999999,True
2025-09-19 00:00:00,1758240000000,0.24623,0.25026,0.23598,0.23884,131736219.0,1758326399999,True
2025-09-20 00:00:00,1758326400000,0.23883,0.24696,0.2379,0.24196,70230527.0,1758412799999,True
2025-09-21 00:00:00,1758412800000,0.24195,0.24301,0.23344,0.23403,56944752.0,1758499199999,True
2025-09-22 00:00:00,1758499200000,0.23403,0.23483,0.21028,0.2222,256563771.0,1758585599999,True
2025-09-23 00:00:00,1758585600000,0.2222,0.22523,0.2183,0.21903,149318278.0,1758671999999,True
2025-09-24 00:00:00,1758672000000,0.21902,0.22624,0.21637,0.22124,138685474.0,1758758399999,True
2025-09-25 00:00:00,1758758400000,0.22123,0.22195,0.20533,0.20754,275301364.0,1758844799999,True
2025-09-26 00:00:00,1758844800000,0.20754,0.21639,0.20501,0.21438,167175474.0,1758931199999,True
2025-09-27 00:00:00,1758931200000,0.21437,0.21525,0.21133,0.2127,51779862.0,1759017599999,True
2025-09-28 00:00:00,1759017600000,0.2127,0.21698,0.20746,0.21607,66875334.0,1759103999999,True
2025-09-29 00:00:00,1759104000000,0.21607,0.22007,0.21202,0.21676,106633623.0,1759190399999,True
2025-09-30 00:00:00,1759190400000,0.21676,0.21784,0.20899,0.215,157082445.0,1759276799999,True
2025-10-01 00:00:00,1759276800000,0.21501,0.22448,0.21024,0.22428,144251452.0,1759363199999,True
2025-10-02 00:00:00,1759363200000,0.2243,0.23034,0.22149,0.22746,117831840.0,1759449599999,True
2025-10-03 00:00:00,1759449600000,0.22747,0.22986,0.22016,0.22543,137910186.0,1759535999999,True
2025-10-04 00:00:00,1759536000000,0.22545,0.22623,0.21484,0.21705,100405925.0,1759622399999,True
2025-10-05 00:00:00,1759622400000,0.21705,0.2267,0.21428,0.21636,134617180.0,1759708799999,True
2025-10-06 00:00:00,1759708800000,0.21636,0.23364,0.21515,0.23011,194337103.0,1759795199999,True
2025-10-07 00:00:00,1759795200000,0.23012,0.23106,0.21619,0.21816,159505022.0,1759881599999,True
2025-10-08 00:00:00,1759881600000,0.21816,0.22235,0.21527,0.21968,122886644.0,1759967999999,True
2025-10-09 00:00:00,1759968000000,0.2197,0.22003,0.20877,0.21297,208448373.0,1760054399999,True
2025-10-10 00:00:00,1760054400000,0.21296,0.21688,0.0725,0.16436,700267261.0,1760140799999,True
2025-10-11 00:00:00,1760140800000,0.16441,0.17705,0.16005,0.16805,297820250.0,1760227199999,True
2025-10-12 00:00:00,1760227200000,0.16805,0.18841,0.16465,0.18525,203902777.0,1760313599999,True
2025-10-13 00:00:00,1760313600000,0.18526,0.19555,0.18243,0.19431,312908349.0,1760399999999,True
2025-10-14 00:00:00,1760400000000,0.19431,0.19507,0.17576,0.1902,353127135.0,1760486399999,True
2025-10-15 00:00:00,1760486400000,0.19019,0.19178,0.17735,0.17895,190452442.0,1760572799999,True
2025-10-16 00:00:00,1760572800000,0.17896,0.18517,0.16869,0.17085,210373531.0,1760659199999,True
2025-10-17 00:00:00,1760659200000,0.17085,0.17389,0.15552,0.16256,284553402.0,1760745599999,True
2025-10-18 00:00:00,1760745600000,0.16257,0.16773,0.16228,0.1659,89328708.0,1760831999999,True
2025-10-19 00:00:00,1760832000000,0.16589,0.17359,0.16243,0.1705,121693809.0,1760918399999,True
2025-10-20 00:00:00,1760918400000,0.17049,0.18098,0.16684,0.17554,135907220.0,1761004799999,True
2025-10-21 00:00:00,1761004800000,0.17554,0.18194,0.16861,0.17043,157813109.0,1761091199999,True
2025-10-22 00:00:00,1761091200000,0.17042,0.17234,0.1614,0.16609,162679901.0,1761177599999,True
2025-10-23 00:00:00,1761177600000,0.16608,0.17017,0.16281,0.16506,136709551.0,1761263999999,True
2025-10-24 00:00:00,1761264000000,0.16507,0.17278,0.16421,0.17079,118464387.0,1761350399999,True
2025-10-25 00:00:00,1761350400000,0.17079,0.17395,0.16854,0.17252,61944234.0,1761436799999,True
2025-10-26 00:00:00,1761436800000,0.17253,0.18142,0.17086,0.17995,94494642.0,1761523199999,True
2025-10-27 00:00:00,1761523200000,0.17995,0.1849,0.17638,0.18479,157192313.0,1761609599999,True
2025-10-28 00:00:00,1761609600000,0.18478,0.21975,0.18387,0.1945,912206078.0,1761695999999,True
2025-10-29 00:00:00,1761696000000,0.19451,0.20675,0.19244,0.20109,471744285.0,1761782399999,True
2025-10-30 00:00:00,1761782400000,0.20108,0.21091,0.18932,0.19657,647256827.0,1761868799999,True
2025-10-31 00:00:00,1761868800000,0.19658,0.2041,0.19027,0.201,347858513.0,1761955199999,True
2025-11-01 00:00:00,1761955200000,0.20101,0.20485,0.19577,0.19636,187367771.0,1762041599999,True
2025-11-02 00:00:00,1762041600000,0.19637,0.19807,0.19046,0.19452,162148162.0,1762127999999,True
2025-11-03 00:00:00,1762128000000,0.19451,0.19546,0.16624,0.17528,322877023.0,1762214399999,True
2025-11-04 00:00:00,1762214400000,0.17528,0.17919,0.1588,0.16859,486518600.0,1762300799999,True
2025-11-05 00:00:00,1762300800000,0.16859,0.17683,0.16034,0.17518,247106959.0,1762387199999,True
2025-11-06 00:00:00,1762387200000,0.17518,0.17543,0.16091,0.1632,183355901.0,1762473599999,True
2025-11-07 00:00:00,1762473600000,0.16319,0.18127,0.15948,0.17707,306252724.0,1762559999999,True
2025-11-08 00:00:00,1762560000000,0.17707,0.18037,0.17157,0.17566,190287442.0,1762646399999,True
2025-11-09 00:00:00,1762646400000,0.17566,0.17863,0.16843,0.17662,165110920.0,1762732799999,True
2025-11-10 00:00:00,1762732800000,0.17662,0.19874,0.17544,0.19396,385457633.0,1762819199999,True
2025-11-11 00:00:00,1762819200000,0.19397,0.19691,0.17721,0.17776,240303608.0,1762905599999,True
2025-11-12 00:00:00,1762905600000,0.17777,0.18641,0.17284,0.17402,274800288.0,1762991999999,True
2025-11-13 00:00:00,1762992000000,0.17399,0.181,0.1615,0.16481,332208303.0,1763078399999,True
2025-11-14 00:00:00,1763078400000,0.16481,0.16538,0.15071,0.15297,423325235.0,1763164799999,True
2025-11-15 00:00:00,1763164800000,0.15298,0.15869,0.15281,0.15482,176271117.0,1763251199999,True
2025-11-16 00:00:00,1763251200000,0.15483,0.15581,0.14503,0.14665,237083839.0,1763337599999,True
2025-11-17 00:00:00,1763337600000,0.14665,0.15427,0.14195,0.14583,311667653.0,1763423999999,True
2025-11-18 00:00:00,1763424000000,0.14583,0.15245,0.14265,0.15061,248434969.0,1763510399999,True
2025-11-19 00:00:00,1763510400000,0.15062,0.15196,0.13812,0.14489,236847438.0,1763596799999,True
2025-11-20 00:00:00,1763596800000,0.14488,0.14801,0.13439,0.13653,244465627.0,1763683199999,True
2025-11-21 00:00:00,1763683200000,0.13652,0.13844,0.12251,0.1308,415556967.0,1763769599999,True
2025-11-22 00:00:00,1763769600000,0.1308,0.13347,0.12642,0.13174,142236056.0,1763855999999,True
2025-11-23 00:00:00,1763856000000,0.13173,0.15564,0.13122,0.14795,386905802.0,1763942399999,True
2025-11-24 00:00:00,1763942400000,0.14796,0.15216,0.14078,0.14851,342861461.0,1764028799999,True
2025-11-25 00:00:00,1764028800000,0.14851,0.14923,0.13991,0.14497,184895572.0,1764115199999,True
2025-11-26 00:00:00,1764115200000,0.14498,0.15053,0.14144,0.14788,167762873.0,1764201599999,True
2025-11-27 00:00:00,1764201600000,0.14787,0.14949,0.1442,0.14709,122832490.0,1764287999999,True
2025-11-28 00:00:00,1764288000000,0.14708,0.15085,0.14392,0.14537,140822547.0,1764374399999,True
2025-11-29 00:00:00,1764374400000,0.14537,0.14627,0.14228,0.14319,69810195.0,1764460799999,True
2025-11-30 00:00:00,1764460800000,0.14319,0.14647,0.141,0.14135,101644202.0,1764547199999,True
2025-12-01 00:00:00,1764547200000,0.14136,0.14172,0.13001,0.13324,216582783.0,1764633599999,True
2025-12-02 00:00:00,1764633600000,0.13324,0.14663,0.13092,0.14466,170395502.0,1764719999999,True
2025-12-03 00:00:00,1764720000000,0.14466,0.1502,0.14242,0.14601,229327682.0,1764806399999,True
2025-12-04 00:00:00,1764806400000,0.14602,0.14659,0.13755,0.13937,158522191.0,1764892799999,True
2025-12-05 00:00:00,1764892800000,0.13936,0.14009,0.13264,0.13391,134422679.0,1764979199999,True
2025-12-06 00:00:00,1764979200000,0.13391,0.13452,0.1325,0.13399,67179718.0,1765065599999,True
2025-12-07 00:00:00,1765065600000,0.134,0.136,0.12761,0.13104,170196548.0,1765151999999,True
2025-12-08 00:00:00,1765152000000,0.13105,0.13752,0.13049,0.13453,136347717.0,1765238399999,True
2025-12-09 00:00:00,1765238400000,0.13453,0.14327,0.13236,0.13896,164304635.0,1765324799999,True
2025-12-10 00:00:00,1765324800000,0.13896,0.142,0.13462,0.13474,157172386.0,1765411199999,True
2025-12-11 00:00:00,1765411200000,0.13473,0.13494,0.12843,0.1299,160122792.0,1765497599999,True
2025-12-12 00:00:00,1765497600000,0.12991,0.13159,0.12315,0.12394,141421358.0,1765583999999,True
2025-12-13 00:00:00,1765584000000,0.12395,0.12635,0.12121,0.12299,89068419.0,1765670399999,True
2025-12-14 00:00:00,1765670400000,0.12299,0.12445,0.11717,0.11821,98845577.0,1765756799999,True
2025-12-15 00:00:00,1765756800000,0.11821,0.12178,0.11133,0.11418,139141867.0,1765843199999,True
2025-12-16 00:00:00,1765843200000,0.11418,0.11697,0.11176,0.1146,106615133.0,1765929599999,True
2025-12-17 00:00:00,1765929600000,0.1146,0.11746,0.10845,0.10992,121145859.0,1766015999999,True
2025-12-18 00:00:00,1766016000000,0.10993,0.11428,0.10396,0.1049,163318226.0,1766102399999,True
2025-12-19 00:00:00,1766102400000,0.10491,0.11371,0.10295,0.11197,153401942.0,1766188799999,True
2025-12-20 00:00:00,1766188800000,0.11196,0.1147,0.11072,0.11379,65458409.0,1766275199999,True
2025-12-21 00:00:00,1766275200000,0.11377,0.11399,0.1093,0.11197,65473536.0,1766361599999,True
2025-12-22 00:00:00,1766361600000,0.11198,0.11688,0.1106,0.11412,111988041.0,1766447999999,True
2025-12-23 00:00:00,1766448000000,0.11413,0.1148,0.10906,0.11045,89088734.0,1766534399999,True
2025-12-24 00:00:00,1766534400000,0.11046,0.11122,0.10809,0.10932,61770648.0,1766620799999,True
2025-12-25 00:00:00,1766620800000,0.10932,0.11306,0.10843,0.1089,63520112.0,1766707199999,True
2025-12-26 00:00:00,1766707200000,0.10889,0.11728,0.1084,0.11165,101095089.0,1766793599999,True
2025-12-27 00:00:00,1766793600000,0.11166,0.11591,0.11116,0.11527,49903884.0,1766879999999,True
2025-12-28 00:00:00,1766880000000,0.11526,0.11673,0.11354,0.11548,51138787.0,1766966399999,True
2025-12-29 00:00:00,1766966400000,0.11548,0.11906,0.11261,0.11286,106536893.0,1767052799999,True
2025-12-30 00:00:00,1767052800000,0.11285,0.11346,0.11029,0.1117,89883794.0,1767139199999,True
2025-12-31 00:00:00,1767139200000,0.11169,0.112,0.10578,0.10633,145038353.0,1767225599999,True
2026-01-01 00:00:00,1767225600000,0.10633,0.11448,0.10633,0.11434,100319709.0,1767311999999,True
2026-01-02 00:00:00,1767312000000,0.11435,0.12235,0.11309,0.12161,229497782.0,1767398399999,True
2026-01-03 00:00:00,1767398400000,0.12162,0.1223,0.11719,0.12082,121980787.0,1767484799999,True
2026-01-04 00:00:00,1767484800000,0.12081,0.12892,0.12006,0.12542,205197670.0,1767571199999,True
2026-01-05 00:00:00,1767571200000,0.12542,0.1326,0.12364,0.13169,249049199.0,1767657599999,True
2026-01-06 00:00:00,1767657600000,0.13169,0.13496,0.1242,0.12896,279315277.0,1767743999999,True
2026-01-07 00:00:00,1767744000000,0.12896,0.12962,0.12229,0.12369,169659579.0,1767830399999,True
2026-01-08 00:00:00,1767830400000,0.1237,0.12432,0.11785,0.12056,164600558.0,1767916799999,True
2026-01-09 00:00:00,1767916800000,0.12054,0.12355,0.11812,0.12035,164971501.0,1768003199999,True
2026-01-10 00:00:00,1768003200000,0.12035,0.12101,0.11726,0.11786,51271068.0,1768089599999,True
2026-01-11 00:00:00,1768089600000,0.11786,0.11923,0.11574,0.11732,107175750.0,1768175999999,True
2026-01-12 00:00:00,1768176000000,0.11731,0.12036,0.11354,0.11506,179107559.0,1768262399999,True
2026-01-13 00:00:00,1768262400000,0.11505,0.12411,0.11461,0.1223,201269768.0,1768348799999,True
2026-01-14 00:00:00,1768348800000,0.12231,0.12898,0.12186,0.12341,260577950.0,1768435199999,True
2026-01-15 00:00:00,1768435200000,0.12341,0.12352,0.11615,0.11783,171846384.0,1768521599999,True
2026-01-16 00:00:00,1768521600000,0.11783,0.11982,0.11445,0.11862,130825795.0,1768607999999,True
2026-01-17 00:00:00,1768608000000,0.11862,0.12083,0.11774,0.11887,80389897.0,1768694399999,True
2026-01-18 00:00:00,1768694400000,0.11888,0.11936,0.11162,0.11176,112868598.0,1768780799999,True
2026-01-19 00:00:00,1768780800000,0.11176,0.11256,0.1028,0.11088,221198751.0,1768867199999,True
2026-01-20 00:00:00,1768867200000,0.11089,0.11133,0.10388,0.10567,188733931.0,1768953599999,True
2026-01-21 00:00:00,1768953600000,0.10568,0.11157,0.10542,0.1093,259532490.0,1769039999999,True
2026-01-22 00:00:00,1769040000000,0.10931,0.1113,0.10686,0.10822,107037595.0,1769126399999,True
2026-01-23 00:00:00,1769126400000,0.10823,0.11264,0.10763,0.10948,121762082.0,1769212799999,True
2026-01-24 00:00:00,1769212800000,0.10947,0.10995,0.1075,0.10847,64282113.0,1769299199999,True
2026-01-25 00:00:00,1769299200000,0.10846,0.10873,0.10099,0.10326,137631869.0,1769385599999,True
2026-01-26 00:00:00,1769385600000,0.10327,0.10798,0.1031,0.10659,125044305.0,1769471999999,True
2026-01-27 00:00:00,1769472000000,0.10659,0.10863,0.10464,0.10819,100069489.0,1769558399999,True
2026-01-28 00:00:00,1769558400000,0.10819,0.1091,0.10614,0.10712,136772158.0,1769644799999,True
2026-01-29 00:00:00,1769644800000,0.10713,0.10739,0.09869,0.10115,198485466.0,1769731199999,True
2026-01-30 00:00:00,1769731200000,0.10116,0.10163,0.0967,0.09876,254777950.0,1769817599999,True
2026-01-31 00:00:00,1769817600000,0.09876,0.09878,0.08388,0.09294,328710613.0,1769903999999,True
2026-02-01 00:00:00,1769904000000,0.09296,0.09352,0.08696,0.08855,204239782.0,1769990399999,True
2026-02-02 00:00:00,1769990400000,0.08855,0.09589,0.08614,0.09324,302325071.0,1770076799999,True
2026-02-03 00:00:00,1770076800000,0.09324,0.0945,0.08742,0.09071,221452901.0,1770163199999,True
2026-02-04 00:00:00,1770163200000,0.09071,0.09362,0.0883,0.08946,228262529.0,1770249599999,True
2026-02-05 00:00:00,1770249600000,0.08947,0.09021,0.07588,0.07813,538543378.0,1770335999999,True
2026-02-06 00:00:00,1770336000000,0.07814,0.09825,0.07215,0.09129,608858476.0,1770422399999,True
2026-02-07 00:00:00,1770422400000,0.09129,0.09173,0.08671,0.09001,193264871.0,1770508799999,True
2026-02-08 00:00:00,1770508800000,0.09002,0.09608,0.08883,0.09126,180102055.0,1770595199999,True
2026-02-09 00:00:00,1770595200000,0.09126,0.0939,0.08781,0.0921,145790992.0,1770681599999,True
2026-02-10 00:00:00,1770681600000,0.09211,0.0933,0.08945,0.09075,120205952.0,1770767999999,True
2026-02-11 00:00:00,1770768000000,0.09076,0.09128,0.08716,0.08911,140166533.0,1770854399999,True
2026-02-12 00:00:00,1770854400000,0.08912,0.09669,0.08912,0.0932,169879866.0,1770940799999,True
2026-02-13 00:00:00,1770940800000,0.0932,0.09897,0.09152,0.09883,133935551.0,1771027199999,True
2026-02-14 00:00:00,1771027200000,0.09884,0.1076,0.09874,0.10389,275503885.0,1771113599999,True
2026-02-15 00:00:00,1771113600000,0.10389,0.10656,0.09802,0.10033,189702996.0,1771199999999,True
2026-02-16 00:00:00,1771200000000,0.10033,0.10274,0.09863,0.10168,95781385.0,1771286399999,True
2026-02-17 00:00:00,1771286400000,0.10168,0.10353,0.09925,0.10209,83831392.0,1771372799999,True
2026-02-18 00:00:00,1771372800000,0.1021,0.10267,0.09843,0.09911,86484558.0,1771459199999,True
2026-02-19 00:00:00,1771459200000,0.09911,0.09968,0.09595,0.09765,73590408.0,1771545599999,True
2026-02-20 00:00:00,1771545600000,0.09764,0.10149,0.09696,0.09975,102561165.0,1771631999999,True
2026-02-21 00:00:00,1771632000000,0.09975,0.10157,0.09878,0.09976,44885225.0,1771718399999,True
2026-02-22 00:00:00,1771718400000,0.09976,0.09981,0.09655,0.09826,46789652.0,1771804799999,True
2026-02-23 00:00:00,1771804800000,0.09826,0.09845,0.09329,0.09494,125287329.0,1771891199999,True
2026-02-24 00:00:00,1771891200000,0.09495,0.09645,0.09271,0.09503,88888552.0,1771977599999,True
2026-02-25 00:00:00,1771977600000,0.09504,0.10697,0.09488,0.10184,150738336.0,1772063999999,True
2026-02-26 00:00:00,1772064000000,0.10185,0.10398,0.09921,0.10261,100508530.0,1772150399999,True
2026-02-27 00:00:00,1772150400000,0.10262,0.10519,0.09832,0.1004,93247673.0,1772236799999,True
2026-02-28 00:00:00,1772236800000,0.10041,0.10149,0.09435,0.10021,153062125.0,1772323199999,True
2026-03-01 00:00:00,1772323200000,0.1002,0.10347,0.09568,0.09699,102531546.0,1772409599999,True
2026-03-02 00:00:00,1772409600000,0.097,0.10297,0.09641,0.09801,125346877.0,1772495999999,True
2026-03-03 00:00:00,1772496000000,0.09802,0.0983,0.09424,0.09695,126901438.0,1772582399999,True
2026-03-04 00:00:00,1772582400000,0.09694,0.10419,0.09674,0.10114,129028626.0,1772668799999,True
2026-03-05 00:00:00,1772668800000,0.10114,0.10169,0.09814,0.0996,80773677.0,1772755199999,True
2026-03-06 00:00:00,1772755200000,0.09962,0.1009,0.09621,0.09756,80230783.0,1772841599999,True
2026-03-07 00:00:00,1772841600000,0.09757,0.09806,0.09516,0.09578,33313142.0,1772927999999,True
2026-03-08 00:00:00,1772928000000,0.09579,0.09673,0.09295,0.09393,63686308.0,1773014399999,True
2026-03-09 00:00:00,1773014400000,0.09392,0.09666,0.09378,0.09433,95229344.0,1773100799999,True
2026-03-10 00:00:00,1773100800000,0.09434,0.09897,0.09421,0.09518,106317005.0,1773187199999,True
2026-03-11 00:00:00,1773187200000,0.09518,0.09619,0.0933,0.09423,88941107.0,1773273599999,True
2026-03-12 00:00:00,1773273600000,0.09424,0.09549,0.09309,0.09484,60934947.0,1773359999999,True
2026-03-13 00:00:00,1773360000000,0.09484,0.09994,0.09453,0.09513,126428709.0,1773446399999,True
2026-03-14 00:00:00,1773446400000,0.09512,0.09533,0.0913,0.09357,97211937.0,1773532799999,True
2026-03-15 00:00:00,1773532800000,0.09357,0.09717,0.09295,0.09631,116961718.0,1773619199999,True
2026-03-16 00:00:00,1773619200000,0.09631,0.10104,0.09548,0.10029,183532106.0,1773705599999,True
2026-03-17 00:00:00,1773705600000,0.10029,0.10164,0.09779,0.09875,105913927.0,1773791999999,True
2026-03-18 00:00:00,1773792000000,0.09872,0.10082,0.09449,0.0958,101101496.0,1773878399999,True
2026-03-19 00:00:00,1773878400000,0.09579,0.09651,0.09144,0.09289,85765020.0,1773964799999,True
2026-03-20 00:00:00,1773964800000,0.09288,0.09479,0.09226,0.09318,45955140.0,1774051199999,True
2026-03-21 00:00:00,1774051200000,0.09319,0.09372,0.0912,0.09157,44851596.0,1774137599999,True
2026-03-22 00:00:00,1774137600000,0.09155,0.09231,0.08805,0.0892,79854534.0,1774223999999,True
2026-03-23 00:00:00,1774224000000,0.08921,0.09526,0.08875,0.09324,153891178.0,1774310399999,True
2026-03-24 00:00:00,1774310400000,0.09323,0.09454,0.09168,0.09418,86833246.0,1774396799999,True
2026-03-25 00:00:00,1774396800000,0.09419,0.0959,0.09389,0.09473,75857603.0,1774483199999,True
2026-03-26 00:00:00,1774483200000,0.09471,0.09478,0.09048,0.09115,67370818.0,1774569599999,True
2026-03-27 00:00:00,1774569600000,0.09116,0.09174,0.08855,0.08912,66409843.0,1774655999999,True
2026-03-28 00:00:00,1774656000000,0.08913,0.09193,0.0884,0.08983,47221375.0,1774742399999,True
2026-03-29 00:00:00,1774742400000,0.08984,0.09037,0.08603,0.08805,49344527.0,1774828799999,True
2026-03-30 00:00:00,1774828800000,0.08807,0.091,0.08694,0.08729,67281658.0,1774915199999,True
2026-03-31 00:00:00,1774915200000,0.08729,0.08843,0.0836,0.08764,127981901.0,1775001599999,True
2026-04-01 00:00:00,1775001600000,0.08763,0.09125,0.08749,0.08846,102156890.0,1775087999999,True
2026-04-02 00:00:00,1775088000000,0.08846,0.08957,0.08489,0.08799,70563386.0,1775174399999,True
2026-04-03 00:00:00,1775174400000,0.088,0.09039,0.08727,0.0877,64682265.0,1775260799999,True
2026-04-04 00:00:00,1775260800000,0.0877,0.08788,0.08665,0.0875,31456746.0,1775347199999,True
2026-04-05 00:00:00,1775347200000,0.08751,0.08815,0.08603,0.08806,48149639.0,1775433599999,True
2026-04-06 00:00:00,1775433600000,0.08807,0.09016,0.08698,0.0874,87930910.0,1775519999999,True
2026-04-07 00:00:00,1775520000000,0.08739,0.09295,0.08583,0.09186,93519131.0,1775606399999,True
2026-04-08 00:00:00,1775606400000,0.09186,0.09486,0.08847,0.08902,179572647.0,1775692799999,True
2026-04-09 00:00:00,1775692800000,0.08901,0.09168,0.08766,0.08939,105057088.0,1775779199999,True
2026-04-10 00:00:00,1775779200000,0.08937,0.09049,0.08775,0.08951,99982010.0,1775865599999,True
2026-04-11 00:00:00,1775865600000,0.08951,0.08984,0.08789,0.08832,67470534.0,1775951999999,True
2026-04-12 00:00:00,1775952000000,0.08831,0.0886,0.08503,0.08516,79878617.0,1776038399999,True
2026-04-13 00:00:00,1776038400000,0.08516,0.08813,0.08439,0.08778,116995163.0,1776124799999,True
2026-04-14 00:00:00,1776124800000,0.08778,0.08786,0.08444,0.08505,90268506.0,1776211199999,True
2026-04-15 00:00:00,1776211200000,0.08505,0.08744,0.08485,0.08711,82795421.0,1776297599999,True
2026-04-16 00:00:00,1776297600000,0.08712,0.09165,0.08636,0.09071,142269864.0,1776383999999,True
2026-04-17 00:00:00,1776384000000,0.0907,0.09353,0.08859,0.09074,152432765.0,1776470399999,True
2026-04-18 00:00:00,1776470400000,0.09073,0.09109,0.08796,0.08878,77248526.0,1776556799999,True
2026-04-19 00:00:00,1776556800000,0.08878,0.08963,0.08699,0.08724,74669737.0,1776643199999,True
2026-04-20 00:00:00,1776643200000,0.08725,0.09055,0.08718,0.08973,106686293.0,1776729599999,True
2026-04-21 00:00:00,1776729600000,0.08974,0.09138,0.08877,0.09034,79207974.0,1776815999999,True
2026-04-22 00:00:00,1776816000000,0.09036,0.09345,0.08986,0.0908,117326702.0,1776902399999,True
2026-04-23 00:00:00,1776902400000,0.09081,0.09144,0.08971,0.09081,68604257.0,1776988799999,True
2026-04-24 00:00:00,1776988800000,0.09081,0.09221,0.0901,0.09093,56696479.0,1777075199999,True
2026-04-25 00:00:00,1777075200000,0.09094,0.09219,0.09019,0.09122,45600400.0,1777161599999,True
2026-04-26 00:00:00,1777161600000,0.09123,0.09327,0.09056,0.09231,68720048.0,1777247999999,True
2026-04-27 00:00:00,1777248000000,0.09231,0.09314,0.08901,0.08975,87008627.0,1777334399999,True
2026-04-28 00:00:00,1777334400000,0.08974,0.08976,0.08818,0.08892,46183941.0,1777420799999,True
2026-04-29 00:00:00,1777420800000,0.08892,0.09105,0.08702,0.08866,78811731.0,1777507199999,True
2026-04-30 00:00:00,1777507200000,0.08866,0.08929,0.08728,0.08735,46496591.0,1777593599999,True
2026-05-01 00:00:00,1777593600000,0.08736,0.08863,0.08736,0.08815,60164256.0,1777679999999,True
2026-05-02 00:00:00,1777680000000,0.08815,0.08914,0.0876,0.08858,30167049.0,1777766399999,True
2026-05-03 00:00:00,1777766400000,0.08859,0.0887,0.08744,0.08772,31964663.0,1777852799999,True
2026-05-04 00:00:00,1777852800000,0.08771,0.08959,0.08724,0.08773,77890312.0,1777939199999,True
2026-05-05 00:00:00,1777939200000,0.08774,0.09113,0.0877,0.0903,95771941.0,1778025599999,True
2026-05-06 00:00:00,1778025600000,0.09029,0.09318,0.09019,0.09141,111272940.0,1778111999999,True
2026-05-07 00:00:00,1778112000000,0.09141,0.09172,0.08933,0.0901,88222031.0,1778198399999,True
2026-05-08 00:00:00,1778198400000,0.09011,0.09345,0.08946,0.09269,88780961.0,1778284799999,True
2026-05-09 00:00:00,1778284800000,0.0927,0.09517,0.09155,0.09289,71987831.0,1778371199999,True
2026-05-10 00:00:00,1778371200000,0.0929,0.09965,0.09223,0.09752,160814651.0,1778457599999,True
2026-05-11 00:00:00,1778457600000,0.09751,0.09773,0.09496,0.0969,145367421.0,1778543999999,True
2026-05-12 00:00:00,1778544000000,0.09691,0.09731,0.09262,0.09385,125504881.0,1778630399999,True
2026-05-13 00:00:00,1778630400000,0.09386,0.09561,0.09149,0.0934,127527131.0,1778716799999,True
2026-05-14 00:00:00,1778716800000,0.0934,0.09852,0.09249,0.09499,152998896.0,1778803199999,True
2026-05-15 00:00:00,1778803200000,0.09499,0.09577,0.09127,0.09286,99544083.0,1778889599999,True
2026-05-16 00:00:00,1778889600000,0.09285,0.09311,0.09,0.09125,73879571.0,1778975999999,True
2026-05-17 00:00:00,1778976000000,0.09124,0.09207,0.08832,0.09011,61525359.0,1779062399999,True
2026-05-18 00:00:00,1779062400000,0.0901,0.09032,0.08812,0.09019,83941681.0,1779148799999,True
2026-05-19 00:00:00,1779148800000,0.0902,0.09103,0.08791,0.08856,67552011.0,1779235199999,True
2026-05-20 00:00:00,1779235200000,0.08856,0.08967,0.08803,0.08882,59752081.0,1779321599999,True
2026-05-21 00:00:00,1779321600000,0.08881,0.0908,0.08784,0.08996,84075197.0,1779407999999,True
2026-05-22 00:00:00,1779408000000,0.08997,0.09101,0.08761,0.0879,144009560.0,1779494399999,True
2026-05-23 00:00:00,1779494400000,0.08791,0.09108,0.0854,0.08972,127137194.0,1779580799999,True
2026-05-24 00:00:00,1779580800000,0.08973,0.09004,0.08722,0.08842,60848601.0,1779667199999,True
2026-05-25 00:00:00,1779667200000,0.08843,0.08989,0.08792,0.08812,72065442.0,1779753599999,True
2026-05-26 00:00:00,1779753600000,0.08813,0.08929,0.08637,0.08657,87762010.0,1779839999999,True
2026-05-27 00:00:00,1779840000000,0.08657,0.08698,0.08513,0.0857,77776828.0,1779926399999,True
2026-05-28 00:00:00,1779926400000,0.08569,0.09259,0.08187,0.09101,514558581.0,1780012799999,True
2026-05-29 00:00:00,1780012800000,0.09102,0.09981,0.0885,0.09921,557374416.0,1780099199999,True
2026-05-30 00:00:00,1780099200000,0.09922,0.1099,0.09454,0.09514,793091810.0,1780185599999,True
2026-05-31 00:00:00,1780185600000,0.09515,0.09936,0.09362,0.0966,255402581.0,1780271999999,True
2026-06-01 00:00:00,1780272000000,0.0966,0.09797,0.09153,0.09236,222919864.0,1780358399999,True
2026-06-02 00:00:00,1780358400000,0.09237,0.09287,0.08588,0.08691,161569075.0,1780444799999,True
2026-06-03 00:00:00,1780444800000,0.08692,0.08915,0.08465,0.08526,141732626.0,1780531199999,True
2026-06-04 00:00:00,1780531200000,0.08525,0.08771,0.0816,0.08381,231252222.0,1780617599999,True
2026-06-05 00:00:00,1780617600000,0.08379,0.08396,0.07742,0.08035,269112763.0,1780703999999,True
2026-06-06 00:00:00,1780704000000,0.08034,0.0813,0.07659,0.0797,151171608.0,1780790399999,True
2026-06-07 00:00:00,1780790400000,0.0797,0.08286,0.07941,0.08195,101916721.0,1780876799999,True
2026-06-08 00:00:00,1780876800000,0.08194,0.08331,0.08079,0.08133,83212295.0,1780963199999,True
2026-06-09 00:00:00,1780963200000,0.08132,0.08165,0.07868,0.0795,85181576.0,1781049599999,True
2026-06-10 00:00:00,1781049600000,0.07951,0.07974,0.07695,0.07769,90256356.0,1781135999999,True
2026-06-11 00:00:00,1781136000000,0.07769,0.08023,0.07694,0.07925,116425970.0,1781222399999,True
2026-06-12 00:00:00,1781222400000,0.07925,0.08052,0.07753,0.07787,116334558.0,1781308799999,True
2026-06-13 00:00:00,1781308800000,0.07788,0.07896,0.0768,0.07833,74754684.0,1781395199999,True
2026-06-14 00:00:00,1781395200000,0.07834,0.08119,0.07685,0.08118,107540886.0,1781481599999,True
2026-06-15 00:00:00,1781481600000,0.08119,0.08459,0.08063,0.08258,198142745.0,1781567999999,True
2026-06-16 00:00:00,1781568000000,0.08259,0.08483,0.08037,0.08068,139901706.0,1781654399999,True
2026-06-17 00:00:00,1781654400000,0.08069,0.0824,0.07943,0.0813,130586577.0,1781740799999,True
2026-06-18 00:00:00,1781740800000,0.08131,0.08218,0.0787,0.08026,118815411.0,1781827199999,True
2026-06-19 00:00:00,1781827200000,0.08027,0.08141,0.07873,0.08051,79975882.0,1781913599999,True
2026-06-20 00:00:00,1781913600000,0.0805,0.08087,0.07934,0.0807,58889230.0,1781999999999,True
2026-06-21 00:00:00,1782000000000,0.08071,0.08082,0.07801,0.07808,45975003.0,1782086399999,True
2026-06-22 00:00:00,1782086400000,0.07809,0.08063,0.07801,0.07875,59714795.0,1782172799999,True
2026-06-23 00:00:00,1782172800000,0.07874,0.07913,0.07663,0.07757,62222331.0,1782259199999,True
2026-06-24 00:00:00,1782259200000,0.07756,0.07826,0.073,0.07565,133397191.0,1782345599999,True
2026-06-25 00:00:00,1782345600000,0.07566,0.07592,0.07066,0.07346,106833169.0,1782431999999,True
2026-06-26 00:00:00,1782432000000,0.07347,0.07423,0.07066,0.07094,85616619.0,1782518399999,True
2026-06-27 00:00:00,1782518400000,0.07096,0.07349,0.07096,0.07193,61197494.0,1782604799999,True
2026-06-28 00:00:00,1782604800000,0.07193,0.07199,0.07018,0.07103,46746365.0,1782691199999,True
2026-06-29 00:00:00,1782691200000,0.07103,0.07243,0.07061,0.07169,61240972.0,1782777599999,True
2026-06-30 00:00:00,1782777600000,0.07168,0.07181,0.0685,0.06953,85867376.0,1782863999999,True
