date,open_time,open,high,low,close,volume,close_time,is_closed
2021-01-01 00:00:00,1609459200000,11.2364,12.46,11.0638,11.8477,8296826.17,1609545599999,True
2021-01-02 00:00:00,1609545600000,11.8453,12.4188,11.4303,12.2215,9618221.31,1609631999999,True
2021-01-03 00:00:00,1609632000000,12.2206,13.9999,11.8355,13.6814,15938080.42,1609718399999,True
2021-01-04 00:00:00,1609718400000,13.6815,15.644,12.3713,13.5935,23288863.81,1609804799999,True
2021-01-05 00:00:00,1609804800000,13.5962,14.89,13.0928,14.5162,14842337.83,1609891199999,True
2021-01-06 00:00:00,1609891200000,14.5141,17.2997,14.1427,17.2322,21381167.21,1609977599999,True
2021-01-07 00:00:00,1609977600000,17.2342,17.41,15.0657,15.9628,16881688.42,1610063999999,True
2021-01-08 00:00:00,1610064000000,15.9659,16.1917,14.12,15.2381,14986392.75,1610150399999,True
2021-01-09 00:00:00,1610150400000,15.2395,17.8888,15.0029,17.5501,12818964.22,1610236799999,True
2021-01-10 00:00:00,1610236800000,17.5501,18.4386,15.4418,16.206,16496553.31,1610323199999,True
2021-01-11 00:00:00,1610323200000,16.1998,16.2596,12.5,14.6393,21926235.45,1610409599999,True
2021-01-12 00:00:00,1610409600000,14.6312,15.476,13.6701,13.9655,11921544.49,1610495999999,True
2021-01-13 00:00:00,1610496000000,13.9609,16.2356,13.3701,15.9356,11467831.41,1610582399999,True
2021-01-14 00:00:00,1610582400000,15.9396,17.99,15.33,17.9804,13484717.13,1610668799999,True
2021-01-15 00:00:00,1610668800000,17.9888,21.4533,17.5355,20.7375,38649175.6,1610755199999,True
2021-01-16 00:00:00,1610755200000,20.7405,22.96,19.628,20.1054,27884173.39,1610841599999,True
2021-01-17 00:00:00,1610841600000,20.1003,23.767,19.3729,23.2819,21794612.18,1610927999999,True
2021-01-18 00:00:00,1610928000000,23.2676,23.6862,21.06,22.0336,13781943.03,1611014399999,True
2021-01-19 00:00:00,1611014400000,22.0325,22.8564,20.3774,20.5557,10968890.7,1611100799999,True
2021-01-20 00:00:00,1611100800000,20.5437,21.9788,19.0645,21.8482,12454231.89,1611187199999,True
2021-01-21 00:00:00,1611187200000,21.8421,22.0307,18.0611,18.4119,14637366.25,1611273599999,True
2021-01-22 00:00:00,1611273600000,18.4109,22.4997,17.1269,21.5519,17060778.1,1611359999999,True
2021-01-23 00:00:00,1611360000000,21.5467,25.5,21.14,24.8046,19024881.67,1611446399999,True
2021-01-24 00:00:00,1611446400000,24.8168,24.953,23.1612,24.7935,11910682.71,1611532799999,True
2021-01-25 00:00:00,1611532800000,24.7912,25.7824,22.6,23.3418,12581468.33,1611619199999,True
2021-01-26 00:00:00,1611619200000,23.3418,23.9761,21.65,23.0981,8984444.57,1611705599999,True
2021-01-27 00:00:00,1611705600000,23.0914,23.2295,20.2767,20.9586,10837677.2,1611791999999,True
2021-01-28 00:00:00,1611792000000,20.9586,24.4716,20.501,23.0145,11205369.43,1611878399999,True
2021-01-29 00:00:00,1611878400000,22.9869,24.24,22.045,22.748,11638550.99,1611964799999,True
2021-01-30 00:00:00,1611964800000,22.748,23.98,22.1534,23.6399,7393324.48,1612051199999,True
2021-01-31 00:00:00,1612051200000,23.6491,24.678,22.0603,22.5613,7645210.89,1612137599999,True
2021-02-01 00:00:00,1612137600000,22.5643,23.2,21.6526,22.8757,6446970.41,1612223999999,True
2021-02-02 00:00:00,1612224000000,22.8752,24.1693,22.7354,23.6582,6484871.27,1612310399999,True
2021-02-03 00:00:00,1612310400000,23.6578,25.5674,23.5318,25.087,8466371.72,1612396799999,True
2021-02-04 00:00:00,1612396800000,25.0814,26.15,22.6174,24.492,8646387.1,1612483199999,True
2021-02-05 00:00:00,1612483200000,24.4841,27.0,24.4081,26.3034,10000326.58,1612569599999,True
2021-02-06 00:00:00,1612569600000,26.3023,26.8,24.2081,25.0231,7063684.91,1612655999999,True
2021-02-07 00:00:00,1612656000000,25.0336,25.2836,22.81,24.7254,6514277.3,1612742399999,True
2021-02-08 00:00:00,1612742400000,24.7335,25.98,23.9587,25.4115,7026903.54,1612828799999,True
2021-02-09 00:00:00,1612828800000,25.407,28.0,25.0,27.6034,9472870.32,1612915199999,True
2021-02-10 00:00:00,1612915200000,27.615,28.6412,25.1227,26.8121,11721097.14,1613001599999,True
2021-02-11 00:00:00,1613001600000,26.8,28.5705,26.2172,27.8475,6660619.1,1613087999999,True
2021-02-12 00:00:00,1613088000000,27.8645,31.4485,26.6746,30.6265,9762295.77,1613174399999,True
2021-02-13 00:00:00,1613174400000,30.6404,34.7573,29.07,34.1941,11028490.78,1613260799999,True
2021-02-14 00:00:00,1613260800000,34.1969,35.6945,32.3088,33.1565,9440094.38,1613347199999,True
2021-02-15 00:00:00,1613347200000,33.1555,34.9252,27.5,32.5899,10844636.76,1613433599999,True
2021-02-16 00:00:00,1613433600000,32.5853,33.4269,30.784,31.9632,7062989.71,1613519999999,True
2021-02-17 00:00:00,1613520000000,31.963,32.6705,30.0,32.2324,5680522.18,1613606399999,True
2021-02-18 00:00:00,1613606400000,32.2256,33.5961,31.7785,32.4801,5452990.6,1613692799999,True
2021-02-19 00:00:00,1613692800000,32.4727,35.5072,31.3799,34.6846,8412150.64,1613779199999,True
2021-02-20 00:00:00,1613779200000,34.6846,36.9307,32.0,33.9387,10078348.9,1613865599999,True
2021-02-21 00:00:00,1613865600000,33.9293,35.2918,33.2712,34.0915,5179283.24,1613951999999,True
2021-02-22 00:00:00,1613952000000,34.0916,34.2185,25.2312,31.4542,13342706.36,1614038399999,True
2021-02-23 00:00:00,1614038400000,31.4482,31.6822,20.8088,25.9249,24333706.63,1614124799999,True
2021-02-24 00:00:00,1614124800000,25.9573,29.337,24.505,28.0851,11441037.71,1614211199999,True
2021-02-25 00:00:00,1614211200000,28.0737,28.6802,24.2509,24.7144,7925390.07,1614297599999,True
2021-02-26 00:00:00,1614297600000,24.7144,26.9906,23.6574,25.1862,9141896.37,1614383999999,True
2021-02-27 00:00:00,1614384000000,25.165,27.4472,24.8545,26.1896,7629090.66,1614470399999,True
2021-02-28 00:00:00,1614470400000,26.1941,26.7624,22.8578,24.7016,7913084.04,1614556799999,True
2021-03-01 00:00:00,1614556800000,24.6954,27.7326,24.5758,27.7116,12300905.73,1614643199999,True
2021-03-02 00:00:00,1614643200000,27.7187,30.5251,27.1757,28.4769,9716494.53,1614729599999,True
2021-03-03 00:00:00,1614729600000,28.464,31.43,28.1272,29.85,6863848.85,1614815999999,True
2021-03-04 00:00:00,1614816000000,29.8334,30.5731,27.1891,27.6943,6809212.29,1614902399999,True
2021-03-05 00:00:00,1614902400000,27.6856,28.2338,25.6483,27.8343,5835770.65,1614988799999,True
2021-03-06 00:00:00,1614988800000,27.8195,28.3985,26.2889,28.1479,3809103.37,1615075199999,True
2021-03-07 00:00:00,1615075200000,28.1608,29.1258,27.3859,28.5932,4599258.02,1615161599999,True
2021-03-08 00:00:00,1615161600000,28.5918,31.8469,28.2652,31.8469,7181496.7,1615247999999,True
2021-03-09 00:00:00,1615248000000,31.8227,32.0,30.3639,31.4914,5209845.28,1615334399999,True
2021-03-10 00:00:00,1615334400000,31.4914,31.7934,29.2545,29.9036,4916671.7,1615420799999,True
2021-03-11 00:00:00,1615420800000,29.8743,30.5285,28.5516,30.1166,5079711.85,1615507199999,True
2021-03-12 00:00:00,1615507200000,30.1227,30.411,27.3717,28.3553,4815001.06,1615593599999,True
2021-03-13 00:00:00,1615593600000,28.3523,30.57,26.9326,29.7384,5690169.1,1615679999999,True
2021-03-14 00:00:00,1615680000000,29.7506,30.2,28.5108,28.5469,3148221.83,1615766399999,True
2021-03-15 00:00:00,1615766400000,28.531,29.4217,26.8,27.5091,5267823.29,1615852799999,True
2021-03-16 00:00:00,1615852800000,27.5006,28.1883,26.3975,27.9099,3775086.95,1615939199999,True
2021-03-17 00:00:00,1615939200000,27.91,31.2,27.3027,31.0579,8170703.32,1616025599999,True
2021-03-18 00:00:00,1616025600000,31.0579,31.3588,29.0,29.3949,4993129.5,1616111999999,True
2021-03-19 00:00:00,1616112000000,29.3929,30.551,28.6802,29.777,3576087.99,1616198399999,True
2021-03-20 00:00:00,1616198400000,29.7866,31.4325,29.5701,29.6465,3370847.33,1616284799999,True
2021-03-21 00:00:00,1616284800000,29.6564,30.08,28.5817,29.2097,2589005.21,1616371199999,True
2021-03-22 00:00:00,1616371200000,29.2117,29.4444,27.1362,27.2431,3569707.65,1616457599999,True
2021-03-23 00:00:00,1616457600000,27.2551,27.9351,26.6283,26.7813,3697991.34,1616543999999,True
2021-03-24 00:00:00,1616544000000,26.7831,27.8814,23.61,24.8684,5130184.12,1616630399999,True
2021-03-25 00:00:00,1616630400000,24.8679,26.6401,24.3665,25.535,5165569.26,1616716799999,True
2021-03-26 00:00:00,1616716800000,25.53,27.4,25.3591,27.3927,4214750.51,1616803199999,True
2021-03-27 00:00:00,1616803200000,27.3988,27.4982,26.003,26.8766,2033830.6,1616889599999,True
2021-03-28 00:00:00,1616889600000,26.8765,27.6624,26.0889,26.6588,2209824.35,1616975999999,True
2021-03-29 00:00:00,1616976000000,26.6576,28.6203,26.3886,28.0357,3631401.63,1617062399999,True
2021-03-30 00:00:00,1617062400000,28.0356,28.5735,27.446,27.8301,2522498.95,1617148799999,True
2021-03-31 00:00:00,1617148800000,27.83,29.4401,26.18,29.4167,4354539.16,1617235199999,True
2021-04-01 00:00:00,1617235200000,29.4168,31.125,29.3143,30.0684,5441691.37,1617321599999,True
2021-04-02 00:00:00,1617321600000,30.0808,32.5555,29.361,32.4864,4541298.12,1617407999999,True
2021-04-03 00:00:00,1617408000000,32.4867,33.1707,29.1256,29.293,5352533.08,1617494399999,True
2021-04-04 00:00:00,1617494400000,29.293,31.4643,28.6801,30.7471,3036730.2,1617580799999,True
2021-04-05 00:00:00,1617580800000,30.7473,32.6399,29.6179,32.3791,5116263.33,1617667199999,True
2021-04-06 00:00:00,1617667200000,32.3791,34.9,31.3074,34.725,8893492.94,1617753599999,True
2021-04-07 00:00:00,1617753600000,34.7295,35.12,30.2286,31.109,7354475.72,1617839999999,True
2021-04-08 00:00:00,1617840000000,31.1008,32.8999,30.9466,32.7884,3548631.28,1617926399999,True
2021-04-09 00:00:00,1617926400000,32.787,33.2876,31.2348,31.5893,3146093.79,1618012799999,True
2021-04-10 00:00:00,1618012800000,31.5961,33.0,31.0,31.8944,3548018.58,1618099199999,True
2021-04-11 00:00:00,1618099200000,31.898,34.4397,31.7283,33.8811,4950189.88,1618185599999,True
2021-04-12 00:00:00,1618185600000,33.8811,34.1468,31.8601,33.108,4114028.73,1618271999999,True
2021-04-13 00:00:00,1618272000000,33.1023,35.8645,32.3842,35.5217,6101006.72,1618358399999,True
2021-04-14 00:00:00,1618358400000,35.5416,41.9901,35.0,41.3641,14042147.72,1618444799999,True
2021-04-15 00:00:00,1618444800000,41.3371,44.33,39.6638,42.5601,12590877.74,1618531199999,True
2021-04-16 00:00:00,1618531200000,42.5654,43.2902,38.5273,41.9861,9660045.35,1618617599999,True
2021-04-17 00:00:00,1618617600000,41.9797,44.1116,39.8304,39.9137,6767640.23,1618703999999,True
2021-04-18 00:00:00,1618704000000,39.9135,40.3436,28.8,39.0799,16201648.58,1618790399999,True
2021-04-19 00:00:00,1618790400000,39.0858,41.99,34.8144,35.7359,13081158.33,1618876799999,True
2021-04-20 00:00:00,1618876800000,35.7504,39.3901,33.1933,38.9954,12155649.58,1618963199999,True
2021-04-21 00:00:00,1618963200000,38.9983,39.4872,35.8933,36.2274,7984885.79,1619049599999,True
2021-04-22 00:00:00,1619049600000,36.2364,40.82,33.7859,35.1306,14019133.9,1619135999999,True
2021-04-23 00:00:00,1619136000000,35.1256,35.9643,30.02,35.2121,15422132.24,1619222399999,True
2021-04-24 00:00:00,1619222400000,35.2121,35.3033,31.0,31.2443,6655452.01,1619308799999,True
2021-04-25 00:00:00,1619308800000,31.237,33.432,29.801,31.692,4590476.743,1619395199999,True
2021-04-26 00:00:00,1619395200000,31.69,35.275,31.363,35.13,6660309.239,1619481599999,True
2021-04-27 00:00:00,1619481600000,35.112,37.665,34.483,36.788,5463142.477,1619567999999,True
2021-04-28 00:00:00,1619568000000,36.786,37.808,34.901,36.233,5219076.553,1619654399999,True
2021-04-29 00:00:00,1619654400000,36.253,37.45,35.0,36.467,5148499.846,1619740799999,True
2021-04-30 00:00:00,1619740800000,36.465,38.79,35.827,38.1,5295313.708,1619827199999,True
2021-05-01 00:00:00,1619827200000,38.101,41.27,37.428,41.257,5227786.221,1619913599999,True
2021-05-02 00:00:00,1619913600000,41.249,41.46,38.69,39.461,5208051.325,1619999999999,True
2021-05-03 00:00:00,1620000000000,39.461,42.728,39.166,42.052,6029697.571,1620086399999,True
2021-05-04 00:00:00,1620086400000,42.06,48.54,38.634,45.527,19637684.71,1620172799999,True
2021-05-05 00:00:00,1620172800000,45.508,51.2,44.865,49.575,16873790.901,1620259199999,True
2021-05-06 00:00:00,1620259200000,49.576,49.9,45.343,47.154,9895004.189,1620345599999,True
2021-05-07 00:00:00,1620345600000,47.148,51.969,45.666,49.129,10599319.111,1620431999999,True
2021-05-08 00:00:00,1620432000000,49.134,50.265,46.5,48.597,5902382.664,1620518399999,True
2021-05-09 00:00:00,1620518400000,48.607,52.426,45.83,52.269,8601375.485,1620604799999,True
2021-05-10 00:00:00,1620604800000,52.277,53.0,40.7,46.334,11459163.62,1620691199999,True
2021-05-11 00:00:00,1620691200000,46.326,49.0,44.576,48.826,7532480.798,1620777599999,True
2021-05-12 00:00:00,1620777600000,48.805,49.836,40.914,41.622,8304570.51,1620863999999,True
2021-05-13 00:00:00,1620864000000,41.541,44.958,39.227,43.287,10978718.589,1620950399999,True
2021-05-14 00:00:00,1620950400000,43.273,47.875,42.935,46.567,6310269.001,1621036799999,True
2021-05-15 00:00:00,1621036800000,46.558,47.8,40.975,41.492,9858340.364,1621123199999,True
2021-05-16 00:00:00,1621123200000,41.512,44.901,37.944,40.67,9820375.699,1621209599999,True
2021-05-17 00:00:00,1621209600000,40.662,40.674,35.068,37.177,10672040.785,1621295999999,True
2021-05-18 00:00:00,1621296000000,37.176,44.69,36.655,42.566,11237931.791,1621382399999,True
2021-05-19 00:00:00,1621382400000,42.555,43.5,21.0,26.227,30087569.964,1621468799999,True
2021-05-20 00:00:00,1621468800000,26.227,33.05,22.35,30.606,20474453.97,1621555199999,True
2021-05-21 00:00:00,1621555200000,30.633,31.945,22.019,25.546,16394437.613,1621641599999,True
2021-05-22 00:00:00,1621641600000,25.548,26.2,22.225,23.296,13176375.348,1621727999999,True
2021-05-23 00:00:00,1621728000000,23.293,24.368,15.0,19.844,28838486.247,1621814399999,True
2021-05-24 00:00:00,1621814400000,19.849,26.431,19.677,26.412,18781247.484,1621900799999,True
2021-05-25 00:00:00,1621900800000,26.4,27.644,23.673,27.503,13594283.818,1621987199999,True
2021-05-26 00:00:00,1621987200000,27.505,34.285,26.847,34.018,15626091.013,1622073599999,True
2021-05-27 00:00:00,1622073600000,34.03,35.334,30.033,31.732,14928881.511,1622159999999,True
2021-05-28 00:00:00,1622160000000,31.723,32.185,26.821,27.878,18329155.015,1622246399999,True
2021-05-29 00:00:00,1622246400000,27.872,29.734,24.12,25.365,11852877.566,1622332799999,True
2021-05-30 00:00:00,1622332800000,25.377,29.168,23.7,26.818,11581989.136,1622419199999,True
2021-05-31 00:00:00,1622419200000,26.813,32.159,25.555,32.098,11530173.536,1622505599999,True
2021-06-01 00:00:00,1622505600000,32.098,32.65,29.035,30.719,8541347.958,1622591999999,True
2021-06-02 00:00:00,1622592000000,30.729,32.218,29.669,30.67,6690371.855,1622678399999,True
2021-06-03 00:00:00,1622678400000,30.669,32.856,30.0,32.198,7153659.069,1622764799999,True
2021-06-04 00:00:00,1622764800000,32.199,32.267,27.172,28.826,11814359.672,1622851199999,True
2021-06-05 00:00:00,1622851200000,28.829,30.186,26.044,27.129,8061770.985,1622937599999,True
2021-06-06 00:00:00,1622937600000,27.127,28.19,26.818,27.532,4103120.692,1623023999999,True
2021-06-07 00:00:00,1623024000000,27.53,28.693,24.234,24.584,7596956.78,1623110399999,True
2021-06-08 00:00:00,1623110400000,24.574,25.098,21.334,24.076,12541377.995,1623196799999,True
2021-06-09 00:00:00,1623196800000,24.079,25.626,22.441,25.585,10774426.546,1623283199999,True
2021-06-10 00:00:00,1623283200000,25.589,25.78,22.721,23.114,8528580.189,1623369599999,True
2021-06-11 00:00:00,1623369600000,23.117,23.374,21.0,21.478,7708441.111,1623455999999,True
2021-06-12 00:00:00,1623456000000,21.475,22.287,20.0,21.67,8866594.23,1623542399999,True
2021-06-13 00:00:00,1623542400000,21.671,23.886,20.396,23.312,8518777.758,1623628799999,True
2021-06-14 00:00:00,1623628800000,23.314,25.28,22.837,24.973,8601439.911,1623715199999,True
2021-06-15 00:00:00,1623715200000,24.967,26.458,24.376,24.482,7591140.11,1623801599999,True
2021-06-16 00:00:00,1623801600000,24.48,24.64,22.918,23.044,7504910.032,1623887999999,True
2021-06-17 00:00:00,1623888000000,23.042,24.445,22.81,23.396,5252377.095,1623974399999,True
2021-06-18 00:00:00,1623974400000,23.401,23.425,20.526,21.233,6991986.015,1624060799999,True
2021-06-19 00:00:00,1624060800000,21.236,21.95,20.0,20.246,5051884.872,1624147199999,True
2021-06-20 00:00:00,1624147200000,20.263,22.071,19.077,21.646,6747456.736,1624233599999,True
2021-06-21 00:00:00,1624233600000,21.641,21.881,16.981,17.365,16334287.906,1624319999999,True
2021-06-22 00:00:00,1624320000000,17.357,18.797,15.0,16.85,19816152.567,1624406399999,True
2021-06-23 00:00:00,1624406400000,16.84,19.199,16.149,18.395,10955575.372,1624492799999,True
2021-06-24 00:00:00,1624492800000,18.393,19.525,17.352,19.06,6913929.289,1624579199999,True
2021-06-25 00:00:00,1624579200000,19.06,19.5,16.813,16.87,10064722.521,1624665599999,True
2021-06-26 00:00:00,1624665600000,16.872,17.495,15.92,16.952,8397555.9,1624751999999,True
2021-06-27 00:00:00,1624752000000,16.951,18.412,16.591,18.406,6672229.029,1624838399999,True
2021-06-28 00:00:00,1624838400000,18.407,19.434,17.902,18.83,7730969.378,1624924799999,True
2021-06-29 00:00:00,1624924800000,18.83,20.546,18.752,19.535,7920272.502,1625011199999,True
2021-06-30 00:00:00,1625011200000,19.531,19.776,18.149,19.516,7407061.566,1625097599999,True
2021-07-01 00:00:00,1625097600000,19.517,19.533,17.603,18.186,6081147.359,1625183999999,True
2021-07-02 00:00:00,1625184000000,18.184,18.523,17.256,18.274,5454370.72,1625270399999,True
2021-07-03 00:00:00,1625270400000,18.277,18.894,17.864,18.543,3457947.186,1625356799999,True
2021-07-04 00:00:00,1625356800000,18.543,19.925,18.002,19.242,4719545.203,1625443199999,True
2021-07-05 00:00:00,1625443200000,19.238,19.242,17.767,18.362,5293286.65,1625529599999,True
2021-07-06 00:00:00,1625529600000,18.364,20.271,18.317,20.073,8365971.342,1625615999999,True
2021-07-07 00:00:00,1625616000000,20.073,21.274,19.62,19.788,7382310.549,1625702399999,True
2021-07-08 00:00:00,1625702400000,19.786,19.873,18.138,18.353,7810651.198,1625788799999,True
2021-07-09 00:00:00,1625788800000,18.365,18.877,17.617,18.656,5274715.584,1625875199999,True
2021-07-10 00:00:00,1625875200000,18.656,18.988,17.734,18.204,4080693.184,1625961599999,True
2021-07-11 00:00:00,1625961600000,18.209,18.581,17.861,18.383,2750998.477,1626047999999,True
2021-07-12 00:00:00,1626048000000,18.382,18.609,17.0,17.518,3787713.432,1626134399999,True
2021-07-13 00:00:00,1626134400000,17.514,17.766,16.663,16.87,3654707.118,1626220799999,True
2021-07-14 00:00:00,1626220800000,16.873,17.419,16.014,16.936,5451319.438,1626307199999,True
2021-07-15 00:00:00,1626307200000,16.936,17.238,15.517,15.764,6244804.485,1626393599999,True
2021-07-16 00:00:00,1626393600000,15.764,16.33,15.125,15.234,5213696.453,1626479999999,True
2021-07-17 00:00:00,1626480000000,15.234,15.678,15.02,15.352,5177561.722,1626566399999,True
2021-07-18 00:00:00,1626566400000,15.352,16.078,15.155,15.47,3946695.121,1626652799999,True
2021-07-19 00:00:00,1626652800000,15.475,15.641,14.404,14.528,5829694.304,1626739199999,True
2021-07-20 00:00:00,1626739200000,14.529,14.783,13.384,13.742,7700512.325,1626825599999,True
2021-07-21 00:00:00,1626825600000,13.744,15.797,13.46,15.297,8493449.369,1626911999999,True
2021-07-22 00:00:00,1626912000000,15.3,16.176,14.961,16.071,5864766.171,1626998399999,True
2021-07-23 00:00:00,1626998400000,16.073,16.572,15.23,16.502,5208073.46,1627084799999,True
2021-07-24 00:00:00,1627084800000,16.507,17.132,16.307,16.683,5410931.847,1627171199999,True
2021-07-25 00:00:00,1627171200000,16.687,17.062,16.156,16.746,4708980.418,1627257599999,True
2021-07-26 00:00:00,1627257600000,16.745,19.958,16.662,18.028,14210837.673,1627343999999,True
2021-07-27 00:00:00,1627344000000,18.03,19.58,17.602,19.489,8327513.617,1627430399999,True
2021-07-28 00:00:00,1627430400000,19.483,19.987,18.611,19.109,7596790.315,1627516799999,True
2021-07-29 00:00:00,1627516800000,19.106,19.472,18.608,19.37,4161840.776,1627603199999,True
2021-07-30 00:00:00,1627603200000,19.372,22.666,18.823,22.269,12896563.782,1627689599999,True
2021-07-31 00:00:00,1627689600000,22.269,23.375,21.266,22.713,7637055.914,1627775999999,True
2021-08-01 00:00:00,1627776000000,22.722,23.94,21.789,22.062,8728644.337,1627862399999,True
2021-08-02 00:00:00,1627862400000,22.065,23.975,21.401,23.472,7225124.74,1627948799999,True
2021-08-03 00:00:00,1627948800000,23.474,24.431,22.039,23.942,9465472.392,1628035199999,True
2021-08-04 00:00:00,1628035200000,23.942,25.0,22.869,24.193,8225660.808,1628121599999,True
2021-08-05 00:00:00,1628121600000,24.188,24.335,22.468,24.057,7144781.467,1628207999999,True
2021-08-06 00:00:00,1628208000000,24.051,24.391,22.996,23.89,7433704.425,1628294399999,True
2021-08-07 00:00:00,1628294400000,23.889,25.157,23.626,24.694,6218217.158,1628380799999,True
2021-08-08 00:00:00,1628380800000,24.688,24.946,22.565,23.029,5179399.165,1628467199999,True
2021-08-09 00:00:00,1628467200000,23.026,24.691,22.072,24.197,5994876.946,1628553599999,True
2021-08-10 00:00:00,1628553600000,24.198,25.518,23.736,24.537,6592102.333,1628639999999,True
2021-08-11 00:00:00,1628640000000,24.536,27.313,24.459,25.906,7843592.877,1628726399999,True
2021-08-12 00:00:00,1628726400000,25.902,26.902,24.085,24.944,6385288.818,1628812799999,True
2021-08-13 00:00:00,1628812800000,24.941,27.771,24.715,27.748,4895829.581,1628899199999,True
2021-08-14 00:00:00,1628899200000,27.748,27.955,26.371,27.144,5869978.184,1628985599999,True
2021-08-15 00:00:00,1628985600000,27.139,27.983,25.901,27.901,4492523.836,1629071999999,True
2021-08-16 00:00:00,1629072000000,27.901,30.51,27.638,27.944,9364186.799,1629158399999,True
2021-08-17 00:00:00,1629158400000,27.95,30.299,25.881,26.146,9870163.634,1629244799999,True
2021-08-18 00:00:00,1629244800000,26.145,26.922,24.847,25.341,8437887.642,1629331199999,True
2021-08-19 00:00:00,1629331200000,25.341,27.132,24.479,27.096,7978787.57,1629417599999,True
2021-08-20 00:00:00,1629417600000,27.101,29.048,26.647,28.678,6765096.705,1629503999999,True
2021-08-21 00:00:00,1629504000000,28.681,29.156,27.648,27.844,5165729.464,1629590399999,True
2021-08-22 00:00:00,1629590400000,27.85,28.663,26.785,27.982,4266944.356,1629676799999,True
2021-08-23 00:00:00,1629676800000,27.981,29.3,27.78,28.552,6106352.511,1629763199999,True
2021-08-24 00:00:00,1629763200000,28.556,28.923,25.712,25.728,6394087.605,1629849599999,True
2021-08-25 00:00:00,1629849600000,25.728,26.879,25.279,26.612,5810278.155,1629935999999,True
2021-08-26 00:00:00,1629936000000,26.612,26.94,23.88,24.39,5809610.757,1630022399999,True
2021-08-27 00:00:00,1630022400000,24.38,26.14,24.0,26.04,5116792.068,1630108799999,True
2021-08-28 00:00:00,1630108800000,26.05,26.2,25.36,25.73,2939678.44,1630195199999,True
2021-08-29 00:00:00,1630195200000,25.74,26.57,25.14,25.76,3384982.599,1630281599999,True
2021-08-30 00:00:00,1630281600000,25.77,26.49,24.3,25.04,4514605.77,1630367999999,True
2021-08-31 00:00:00,1630368000000,25.03,27.537,24.69,26.7,7673601.309,1630454399999,True
2021-09-01 00:00:00,1630454400000,26.7,29.81,26.09,29.72,8266693.87,1630540799999,True
2021-09-02 00:00:00,1630540800000,29.72,30.88,28.75,29.95,7084187.065,1630627199999,True
2021-09-03 00:00:00,1630627200000,29.95,31.75,29.05,30.75,6866886.796,1630713599999,True
2021-09-04 00:00:00,1630713600000,30.75,31.17,29.39,29.88,4242332.29,1630799999999,True
2021-09-05 00:00:00,1630800000000,29.89,33.61,29.54,33.55,5891988.187,1630886399999,True
2021-09-06 00:00:00,1630886400000,33.54,36.33,32.44,34.81,10355273.267,1630972799999,True
2021-09-07 00:00:00,1630972800000,34.8,35.34,23.79,28.26,22716428.307,1631059199999,True
2021-09-08 00:00:00,1631059200000,28.25,29.19,25.18,27.16,13670715.16,1631145599999,True
2021-09-09 00:00:00,1631145600000,27.17,30.18,26.46,28.01,10379368.4,1631231999999,True
2021-09-10 00:00:00,1631232000000,28.01,29.56,25.62,26.39,9834554.01,1631318399999,True
2021-09-11 00:00:00,1631318400000,26.39,27.71,26.25,26.99,4993779.99,1631404799999,True
2021-09-12 00:00:00,1631404800000,27.0,29.77,26.36,29.42,6990717.38,1631491199999,True
2021-09-13 00:00:00,1631491200000,29.42,29.95,25.17,26.96,13538132.86,1631577599999,True
2021-09-14 00:00:00,1631577600000,26.96,30.85,26.73,30.8,10233565.39,1631663999999,True
2021-09-15 00:00:00,1631664000000,30.78,31.46,29.57,30.67,9772286.29,1631750399999,True
2021-09-16 00:00:00,1631750400000,30.68,32.11,29.04,29.8,9659752.1,1631836799999,True
2021-09-17 00:00:00,1631836800000,29.81,30.12,27.38,27.72,7110390.59,1631923199999,True
2021-09-18 00:00:00,1631923200000,27.73,29.46,27.39,28.39,4567816.67,1632009599999,True
2021-09-19 00:00:00,1632009600000,28.39,28.8,26.93,27.36,3892742.39,1632095999999,True
2021-09-20 00:00:00,1632096000000,27.37,27.43,23.0,23.57,12265514.894,1632182399999,True
2021-09-21 00:00:00,1632182400000,23.57,24.39,20.82,21.42,11263574.24,1632268799999,True
2021-09-22 00:00:00,1632268800000,21.42,24.5,21.03,24.45,7772096.46,1632355199999,True
2021-09-23 00:00:00,1632355200000,24.45,25.48,23.39,25.41,6813474.989,1632441599999,True
2021-09-24 00:00:00,1632441600000,25.42,25.5,21.35,23.26,10530560.3,1632527999999,True
2021-09-25 00:00:00,1632528000000,23.26,24.7,22.03,24.51,6978838.89,1632614399999,True
2021-09-26 00:00:00,1632614400000,24.5,25.38,22.36,24.6,11996414.44,1632700799999,True
2021-09-27 00:00:00,1632700800000,24.59,25.47,22.96,23.01,5674010.84,1632787199999,True
2021-09-28 00:00:00,1632787200000,23.02,23.75,22.0,22.1,6277178.15,1632873599999,True
2021-09-29 00:00:00,1632873600000,22.09,23.93,22.01,22.85,5352492.64,1632959999999,True
2021-09-30 00:00:00,1632960000000,22.85,24.4,22.72,24.0,5584599.18,1633046399999,True
2021-10-01 00:00:00,1633046400000,24.0,26.7,23.59,26.31,7425309.08,1633132799999,True
2021-10-02 00:00:00,1633132800000,26.32,27.81,25.82,26.89,5235579.85,1633219199999,True
2021-10-03 00:00:00,1633219200000,26.88,28.16,26.5,27.57,4506819.77,1633305599999,True
2021-10-04 00:00:00,1633305600000,27.56,27.67,25.59,26.6,5539695.96,1633391999999,True
2021-10-05 00:00:00,1633392000000,26.62,27.49,26.19,27.23,5119998.39,1633478399999,True
2021-10-06 00:00:00,1633478400000,27.23,28.19,25.2,26.8,6976264.13,1633564799999,True
2021-10-07 00:00:00,1633564800000,26.8,27.71,25.9,26.83,6025827.07,1633651199999,True
2021-10-08 00:00:00,1633651200000,26.84,27.46,26.12,26.39,4972738.23,1633737599999,True
2021-10-09 00:00:00,1633737600000,26.4,27.89,26.05,27.45,4731175.38,1633823999999,True
2021-10-10 00:00:00,1633824000000,27.45,27.49,25.44,25.56,3914402.57,1633910399999,True
2021-10-11 00:00:00,1633910400000,25.55,26.76,24.63,25.22,4293243.83,1633996799999,True
2021-10-12 00:00:00,1633996800000,25.22,25.27,23.53,24.65,5370932.72,1634083199999,True
2021-10-13 00:00:00,1634083200000,24.63,25.67,24.16,25.66,6207286.13,1634169599999,True
2021-10-14 00:00:00,1634169600000,25.67,27.88,25.38,26.72,7753968.37,1634255999999,True
2021-10-15 00:00:00,1634256000000,26.71,27.38,26.01,27.01,7635027.67,1634342399999,True
2021-10-16 00:00:00,1634342400000,27.01,28.7,26.92,27.23,6223161.96,1634428799999,True
2021-10-17 00:00:00,1634428800000,27.22,27.63,25.58,26.54,4590060.14,1634515199999,True
2021-10-18 00:00:00,1634515200000,26.54,26.74,25.26,25.71,4419668.63,1634601599999,True
2021-10-19 00:00:00,1634601600000,25.71,26.29,25.36,25.91,3568771.92,1634687999999,True
2021-10-20 00:00:00,1634688000000,25.9,27.66,25.85,27.49,4477050.21,1634774399999,True
2021-10-21 00:00:00,1634774400000,27.48,29.34,27.19,28.26,9719211.48,1634860799999,True
2021-10-22 00:00:00,1634860800000,28.27,30.04,28.02,28.67,7699280.53,1634947199999,True
2021-10-23 00:00:00,1634947200000,28.68,31.46,28.3,31.36,8142359.19,1635033599999,True
2021-10-24 00:00:00,1635033600000,31.37,31.53,28.72,29.7,5743439.15,1635119999999,True
2021-10-25 00:00:00,1635120000000,29.71,32.9,29.53,32.38,7440428.58,1635206399999,True
2021-10-26 00:00:00,1635206400000,32.38,33.82,31.31,32.52,6553789.22,1635292799999,True
2021-10-27 00:00:00,1635292800000,32.52,33.91,27.91,28.88,12021487.77,1635379199999,True
2021-10-28 00:00:00,1635379200000,28.89,30.85,28.61,30.19,7186569.57,1635465599999,True
2021-10-29 00:00:00,1635465600000,30.19,31.96,29.94,30.96,5402654.58,1635551999999,True
2021-10-30 00:00:00,1635552000000,30.96,31.12,29.16,29.79,3768896.65,1635638399999,True
2021-10-31 00:00:00,1635638400000,29.78,30.68,28.65,30.0,4380461.27,1635724799999,True
2021-11-01 00:00:00,1635724800000,30.0,31.87,29.14,31.66,4961708.55,1635811199999,True
2021-11-02 00:00:00,1635811200000,31.67,32.48,31.0,32.26,4634421.26,1635897599999,True
2021-11-03 00:00:00,1635897600000,32.27,32.78,30.54,31.96,4908993.56,1635983999999,True
2021-11-04 00:00:00,1635984000000,31.97,32.11,30.2,31.0,3782722.68,1636070399999,True
2021-11-05 00:00:00,1636070400000,30.99,33.71,30.66,32.86,6695588.25,1636156799999,True
2021-11-06 00:00:00,1636156800000,32.86,33.2,30.72,32.05,4479318.72,1636243199999,True
2021-11-07 00:00:00,1636243200000,32.05,32.59,31.71,32.34,2854681.46,1636329599999,True
2021-11-08 00:00:00,1636329600000,32.34,34.82,32.18,34.46,6265144.9,1636415999999,True
2021-11-09 00:00:00,1636416000000,34.46,35.62,33.38,33.82,5454354.68,1636502399999,True
2021-11-10 00:00:00,1636502400000,33.82,38.31,31.9,34.21,13584912.625,1636588799999,True
2021-11-11 00:00:00,1636588800000,34.21,36.95,33.34,34.69,7608988.9,1636675199999,True
2021-11-12 00:00:00,1636675200000,34.68,35.46,32.67,34.26,5997062.19,1636761599999,True
2021-11-13 00:00:00,1636761600000,34.26,34.58,33.19,34.0,3374260.7,1636847999999,True
2021-11-14 00:00:00,1636848000000,34.0,34.43,32.53,33.75,2898724.84,1636934399999,True
2021-11-15 00:00:00,1636934400000,33.75,34.5,31.98,32.04,4212705.79,1637020799999,True
2021-11-16 00:00:00,1637020800000,32.05,32.06,28.0,29.16,10287002.12,1637107199999,True
2021-11-17 00:00:00,1637107200000,29.16,29.74,28.03,29.18,5076689.07,1637193599999,True
2021-11-18 00:00:00,1637193600000,29.19,29.72,25.82,26.55,7061894.53,1637279999999,True
2021-11-19 00:00:00,1637280000000,26.55,28.85,26.08,28.27,5005660.19,1637366399999,True
2021-11-20 00:00:00,1637366400000,28.27,28.72,27.26,28.36,4535914.25,1637452799999,True
2021-11-21 00:00:00,1637452800000,28.37,29.26,27.69,28.98,3837676.91,1637539199999,True
2021-11-22 00:00:00,1637539200000,29.0,29.09,26.31,26.77,4773826.99,1637625599999,True
2021-11-23 00:00:00,1637625600000,26.77,27.57,26.17,26.94,4650554.32,1637711999999,True
2021-11-24 00:00:00,1637712000000,26.94,27.15,25.15,25.58,4968971.25,1637798399999,True
2021-11-25 00:00:00,1637798400000,25.58,27.61,25.37,26.41,5650379.16,1637884799999,True
2021-11-26 00:00:00,1637884800000,26.41,26.59,22.9,23.96,10693190.38,1637971199999,True
2021-11-27 00:00:00,1637971200000,23.96,24.99,23.78,24.1,3976318.59,1638057599999,True
2021-11-28 00:00:00,1638057600000,24.09,25.01,22.63,24.76,4563690.39,1638143999999,True
2021-11-29 00:00:00,1638144000000,24.76,25.61,24.54,24.99,4733398.72,1638230399999,True
2021-11-30 00:00:00,1638230400000,24.99,26.52,24.11,25.31,5806301.22,1638316799999,True
2021-12-01 00:00:00,1638316800000,25.31,26.9,24.96,25.32,4642138.01,1638403199999,True
2021-12-02 00:00:00,1638403200000,25.32,25.33,24.16,24.55,3910782.56,1638489599999,True
2021-12-03 00:00:00,1638489600000,24.54,25.85,22.44,23.31,5725480.6,1638575999999,True
2021-12-04 00:00:00,1638576000000,23.31,23.36,15.32,20.64,20782013.826,1638662399999,True
2021-12-05 00:00:00,1638662400000,20.65,20.93,18.46,19.48,7454749.61,1638748799999,True
2021-12-06 00:00:00,1638748800000,19.49,20.01,17.21,19.8,8513440.09,1638835199999,True
2021-12-07 00:00:00,1638835200000,19.79,21.18,19.7,21.09,7483015.81,1638921599999,True
2021-12-08 00:00:00,1638921600000,21.08,23.2,20.75,22.91,11114837.71,1639007999999,True
2021-12-09 00:00:00,1639008000000,22.91,23.05,20.25,20.25,8209134.24,1639094399999,True
2021-12-10 00:00:00,1639094400000,20.25,20.88,18.46,18.56,7767639.78,1639180799999,True
2021-12-11 00:00:00,1639180800000,18.55,20.22,18.16,19.97,5569559.09,1639267199999,True
2021-12-12 00:00:00,1639267200000,19.97,20.8,19.2,20.41,3211538.08,1639353599999,True
2021-12-13 00:00:00,1639353600000,20.41,20.56,17.3,17.78,7022411.65,1639439999999,True
2021-12-14 00:00:00,1639440000000,17.78,18.61,17.44,18.44,5679303.2,1639526399999,True
2021-12-15 00:00:00,1639526400000,18.43,20.0,17.26,19.69,7026159.04,1639612799999,True
2021-12-16 00:00:00,1639612800000,19.7,20.34,18.69,18.76,4943919.45,1639699199999,True
2021-12-17 00:00:00,1639699200000,18.77,19.23,17.74,18.25,5458704.38,1639785599999,True
2021-12-18 00:00:00,1639785600000,18.26,20.0,17.81,19.54,5362509.6,1639871999999,True
2021-12-19 00:00:00,1639872000000,19.53,20.38,18.8,18.86,4918775.96,1639958399999,True
2021-12-20 00:00:00,1639958400000,18.86,19.2,18.04,18.78,5052339.6,1640044799999,True
2021-12-21 00:00:00,1640044800000,18.79,19.67,18.37,19.42,3667347.22,1640131199999,True
2021-12-22 00:00:00,1640131200000,19.41,20.83,19.2,19.93,5032493.39,1640217599999,True
2021-12-23 00:00:00,1640217600000,19.92,22.22,19.57,22.17,7579889.52,1640303999999,True
2021-12-24 00:00:00,1640304000000,22.18,22.66,21.2,21.48,5590940.6,1640390399999,True
2021-12-25 00:00:00,1640390400000,21.48,22.39,21.29,22.1,3223439.24,1640476799999,True
2021-12-26 00:00:00,1640476800000,22.11,23.58,21.12,22.98,6566168.47,1640563199999,True
2021-12-27 00:00:00,1640563200000,22.99,24.49,22.75,23.02,6522187.76,1640649599999,True
2021-12-28 00:00:00,1640649600000,23.02,23.02,20.32,20.37,9022968.5,1640735999999,True
2021-12-29 00:00:00,1640736000000,20.38,20.97,19.53,19.74,6951841.9,1640822399999,True
2021-12-30 00:00:00,1640822400000,19.74,20.44,19.17,19.93,6009325.13,1640908799999,True
2021-12-31 00:00:00,1640908800000,19.94,20.63,19.04,19.51,5579016.19,1640995199999,True
2022-01-01 00:00:00,1640995200000,19.52,20.79,19.5,20.76,3459474.38,1641081599999,True
2022-01-02 00:00:00,1641081600000,20.75,22.2,20.57,21.87,5108786.84,1641167999999,True
2022-01-03 00:00:00,1641168000000,21.86,23.75,21.25,23.72,7982877.02,1641254399999,True
2022-01-04 00:00:00,1641254400000,23.72,24.49,22.71,23.42,10784755.22,1641340799999,True
2022-01-05 00:00:00,1641340800000,23.43,27.48,22.29,25.24,24289357.8,1641427199999,True
2022-01-06 00:00:00,1641427200000,25.24,25.98,23.34,25.38,17086946.69,1641513599999,True
2022-01-07 00:00:00,1641513600000,25.39,27.33,22.65,25.98,22033325.64,1641599999999,True
2022-01-08 00:00:00,1641600000000,25.98,27.33,23.51,25.32,15635153.07,1641686399999,True
2022-01-09 00:00:00,1641686400000,25.31,28.68,25.08,27.54,18630446.63,1641772799999,True
2022-01-10 00:00:00,1641772800000,27.54,28.51,25.07,27.98,18516507.58,1641859199999,True
2022-01-11 00:00:00,1641859200000,27.98,28.71,25.84,26.59,13498246.97,1641945599999,True
2022-01-12 00:00:00,1641945600000,26.6,27.25,25.61,26.75,10319762.43,1642031999999,True
2022-01-13 00:00:00,1642032000000,26.76,26.76,24.43,24.86,7890385.69,1642118399999,True
2022-01-14 00:00:00,1642118400000,24.86,25.89,23.91,25.72,6488595.95,1642204799999,True
2022-01-15 00:00:00,1642204800000,25.72,26.22,25.11,25.17,4141482.21,1642291199999,True
2022-01-16 00:00:00,1642291200000,25.17,26.34,24.65,25.5,4415951.38,1642377599999,True
2022-01-17 00:00:00,1642377600000,25.51,25.62,23.27,23.79,4471877.32,1642463999999,True
2022-01-18 00:00:00,1642464000000,23.79,24.34,22.04,22.96,4910863.58,1642550399999,True
2022-01-19 00:00:00,1642550400000,22.96,23.15,21.22,21.55,5688676.47,1642636799999,True
2022-01-20 00:00:00,1642636800000,21.54,22.98,20.04,20.17,5603272.17,1642723199999,True
2022-01-21 00:00:00,1642723200000,20.18,20.51,17.1,17.42,14621190.27,1642809599999,True
2022-01-22 00:00:00,1642809600000,17.41,17.82,14.24,15.85,18934134.953,1642895999999,True
2022-01-23 00:00:00,1642896000000,15.86,16.88,15.15,16.64,9533639.18,1642982399999,True
2022-01-24 00:00:00,1642982400000,16.63,16.65,13.48,15.58,14743580.999,1643068799999,True
2022-01-25 00:00:00,1643068800000,15.58,16.03,14.59,15.49,7694012.53,1643155199999,True
2022-01-26 00:00:00,1643155200000,15.5,16.8,14.68,15.23,9794747.0,1643241599999,True
2022-01-27 00:00:00,1643241600000,15.23,15.71,14.29,15.22,8536301.47,1643327999999,True
2022-01-28 00:00:00,1643328000000,15.22,16.28,14.74,16.15,6246161.02,1643414399999,True
2022-01-29 00:00:00,1643414400000,16.14,16.75,15.96,16.23,3920458.64,1643500799999,True
2022-01-30 00:00:00,1643500800000,16.23,18.1,16.01,17.77,7593446.41,1643587199999,True
2022-01-31 00:00:00,1643587200000,17.76,17.88,16.45,17.15,7695443.58,1643673599999,True
2022-02-01 00:00:00,1643673600000,17.15,17.91,16.8,16.98,5923564.6,1643759999999,True
2022-02-02 00:00:00,1643760000000,16.98,17.38,15.56,15.78,4741039.26,1643846399999,True
2022-02-03 00:00:00,1643846400000,15.78,16.33,15.26,16.3,5327213.34,1643932799999,True
2022-02-04 00:00:00,1643932800000,16.31,17.55,16.0,17.5,5829149.36,1644019199999,True
2022-02-05 00:00:00,1644019200000,17.5,18.32,17.42,17.76,5007027.59,1644105599999,True
2022-02-06 00:00:00,1644105600000,17.75,18.17,17.17,18.07,3114467.57,1644191999999,True
2022-02-07 00:00:00,1644192000000,18.06,19.4,17.65,18.88,6242937.28,1644278399999,True
2022-02-08 00:00:00,1644278400000,18.89,19.54,17.72,18.38,6603587.99,1644364799999,True
2022-02-09 00:00:00,1644364800000,18.38,18.75,17.75,18.67,3742482.7,1644451199999,True
2022-02-10 00:00:00,1644451200000,18.67,18.75,17.35,17.5,5796638.84,1644537599999,True
2022-02-11 00:00:00,1644537600000,17.51,17.81,15.89,16.21,4468507.35,1644623999999,True
2022-02-12 00:00:00,1644624000000,16.2,16.38,15.56,15.95,4161869.44,1644710399999,True
2022-02-13 00:00:00,1644710400000,15.96,16.33,15.52,15.6,2671296.28,1644796799999,True
2022-02-14 00:00:00,1644796800000,15.61,16.12,15.2,15.9,3638626.12,1644883199999,True
2022-02-15 00:00:00,1644883200000,15.91,17.45,15.81,17.34,4132749.5,1644969599999,True
2022-02-16 00:00:00,1644969600000,17.34,17.41,16.49,17.12,3608928.92,1645055999999,True
2022-02-17 00:00:00,1645056000000,17.13,17.45,15.45,15.59,4927491.83,1645142399999,True
2022-02-18 00:00:00,1645142400000,15.6,16.06,15.03,15.19,3855947.82,1645228799999,True
2022-02-19 00:00:00,1645228800000,15.18,15.68,14.84,15.51,3219793.29,1645315199999,True
2022-02-20 00:00:00,1645315200000,15.52,15.53,14.39,14.6,3837683.54,1645401599999,True
2022-02-21 00:00:00,1645401600000,14.61,15.31,13.38,13.51,7372976.51,1645487999999,True
2022-02-22 00:00:00,1645488000000,13.5,14.2,13.02,13.99,5856340.62,1645574399999,True
2022-02-23 00:00:00,1645574400000,13.98,14.66,13.3,13.35,5114288.86,1645660799999,True
2022-02-24 00:00:00,1645660800000,13.34,13.95,11.4,13.27,15759305.0,1645747199999,True
2022-02-25 00:00:00,1645747200000,13.27,14.49,13.08,14.36,6030934.14,1645833599999,True
2022-02-26 00:00:00,1645833600000,14.36,15.05,14.09,14.72,5169319.32,1645919999999,True
2022-02-27 00:00:00,1645920000000,14.71,14.86,13.47,13.64,6636801.7,1646006399999,True
2022-02-28 00:00:00,1646006400000,13.64,15.15,13.31,15.13,6565276.42,1646092799999,True
2022-03-01 00:00:00,1646092800000,15.12,15.73,14.72,15.35,6417303.01,1646179199999,True
2022-03-02 00:00:00,1646179200000,15.34,15.87,14.91,15.28,6289045.87,1646265599999,True
2022-03-03 00:00:00,1646265600000,15.29,15.38,14.46,14.89,4619929.39,1646351999999,True
2022-03-04 00:00:00,1646352000000,14.89,14.98,13.54,13.73,6010183.64,1646438399999,True
2022-03-05 00:00:00,1646438400000,13.74,14.27,13.41,14.03,2774984.85,1646524799999,True
2022-03-06 00:00:00,1646524800000,14.02,14.12,13.25,13.32,3535626.53,1646611199999,True
2022-03-07 00:00:00,1646611200000,13.31,13.67,12.42,12.68,7302965.91,1646697599999,True
2022-03-08 00:00:00,1646697600000,12.67,13.56,12.58,13.08,6877422.56,1646783999999,True
2022-03-09 00:00:00,1646784000000,13.08,14.46,13.05,14.01,6462680.43,1646870399999,True
2022-03-10 00:00:00,1646870400000,14.0,14.11,12.96,13.17,5469282.04,1646956799999,True
2022-03-11 00:00:00,1646956800000,13.18,13.65,12.8,13.05,4657580.01,1647043199999,True
2022-03-12 00:00:00,1647043200000,13.04,13.46,13.02,13.15,2499460.74,1647129599999,True
2022-03-13 00:00:00,1647129600000,13.15,13.43,12.59,12.7,2732503.8,1647215999999,True
2022-03-14 00:00:00,1647216000000,12.71,13.44,12.6,13.41,4643719.7,1647302399999,True
2022-03-15 00:00:00,1647302400000,13.41,13.8,12.87,13.69,3454099.55,1647388799999,True
2022-03-16 00:00:00,1647388800000,13.69,14.78,13.66,14.66,6546791.14,1647475199999,True
2022-03-17 00:00:00,1647475200000,14.66,14.93,14.23,14.4,4152174.08,1647561599999,True
2022-03-18 00:00:00,1647561600000,14.41,15.27,14.12,15.01,4421110.43,1647647999999,True
2022-03-19 00:00:00,1647648000000,15.0,15.4,14.83,15.01,3285256.26,1647734399999,True
2022-03-20 00:00:00,1647734400000,15.01,15.13,14.42,14.54,2883923.42,1647820799999,True
2022-03-21 00:00:00,1647820800000,14.54,15.28,14.3,15.0,3719572.96,1647907199999,True
2022-03-22 00:00:00,1647907200000,14.99,15.86,14.98,15.43,4500280.54,1647993599999,True
2022-03-23 00:00:00,1647993600000,15.43,15.98,15.13,15.83,3827078.04,1648079999999,True
2022-03-24 00:00:00,1648080000000,15.84,16.44,15.6,16.17,5204988.98,1648166399999,True
2022-03-25 00:00:00,1648166400000,16.16,16.46,15.47,15.59,4654254.07,1648252799999,True
2022-03-26 00:00:00,1648252800000,15.6,15.96,15.49,15.83,2425031.02,1648339199999,True
2022-03-27 00:00:00,1648339200000,15.83,16.91,15.63,16.87,3937478.83,1648425599999,True
2022-03-28 00:00:00,1648425600000,16.86,17.37,16.34,16.5,5918598.6,1648511999999,True
2022-03-29 00:00:00,1648512000000,16.5,17.52,16.47,16.98,4496577.65,1648598399999,True
2022-03-30 00:00:00,1648598400000,16.98,17.58,16.53,17.22,4866676.4,1648684799999,True
2022-03-31 00:00:00,1648684800000,17.21,18.05,16.64,16.91,5770687.14,1648771199999,True
2022-04-01 00:00:00,1648771200000,16.91,17.37,16.16,17.34,4521915.84,1648857599999,True
2022-04-02 00:00:00,1648857600000,17.34,17.87,17.1,17.4,3634084.25,1648943999999,True
2022-04-03 00:00:00,1648944000000,17.4,18.32,17.15,18.08,3430897.49,1649030399999,True
2022-04-04 00:00:00,1649030400000,18.07,18.08,16.82,17.5,3811139.33,1649116799999,True
2022-04-05 00:00:00,1649116800000,17.51,17.66,16.66,16.74,2337093.84,1649203199999,True
2022-04-06 00:00:00,1649203200000,16.75,16.79,15.27,15.41,4629748.58,1649289599999,True
2022-04-07 00:00:00,1649289600000,15.41,15.88,15.1,15.75,2867861.76,1649375999999,True
2022-04-08 00:00:00,1649376000000,15.74,15.91,15.01,15.13,2321153.06,1649462399999,True
2022-04-09 00:00:00,1649462400000,15.12,15.47,15.12,15.43,1366727.9,1649548799999,True
2022-04-10 00:00:00,1649548800000,15.43,15.93,15.17,15.24,1611326.85,1649635199999,True
2022-04-11 00:00:00,1649635200000,15.23,15.28,13.51,13.76,3982122.72,1649721599999,True
2022-04-12 00:00:00,1649721600000,13.76,14.33,13.63,13.98,2649528.63,1649807999999,True
2022-04-13 00:00:00,1649808000000,13.98,14.22,13.68,14.19,2228609.09,1649894399999,True
2022-04-14 00:00:00,1649894400000,14.2,14.33,13.33,13.65,2905294.96,1649980799999,True
2022-04-15 00:00:00,1649980800000,13.64,14.19,13.63,14.11,1819449.78,1650067199999,True
2022-04-16 00:00:00,1650067200000,14.11,14.28,13.83,14.14,1517456.04,1650153599999,True
2022-04-17 00:00:00,1650153600000,14.14,14.62,13.65,13.73,2635685.7,1650239999999,True
2022-04-18 00:00:00,1650240000000,13.72,14.06,13.14,14.06,3940066.58,1650326399999,True
2022-04-19 00:00:00,1650326400000,14.06,14.42,13.83,14.24,2269575.91,1650412799999,True
2022-04-20 00:00:00,1650412800000,14.24,14.5,13.7,14.02,3259324.92,1650499199999,True
2022-04-21 00:00:00,1650499200000,14.02,14.37,13.34,13.57,2982911.59,1650585599999,True
2022-04-22 00:00:00,1650585600000,13.57,13.88,13.47,13.58,2458584.25,1650671999999,True
2022-04-23 00:00:00,1650672000000,13.58,13.68,13.18,13.31,1566301.36,1650758399999,True
2022-04-24 00:00:00,1650758400000,13.32,13.63,13.21,13.26,1809966.78,1650844799999,True
2022-04-25 00:00:00,1650844800000,13.27,13.51,12.53,13.44,4158403.4,1650931199999,True
2022-04-26 00:00:00,1650931200000,13.44,13.51,12.14,12.37,3283715.22,1651017599999,True
2022-04-27 00:00:00,1651017600000,12.36,12.8,12.3,12.74,3202787.51,1651103999999,True
2022-04-28 00:00:00,1651104000000,12.74,12.99,12.4,12.66,3668346.34,1651190399999,True
2022-04-29 00:00:00,1651190400000,12.66,12.73,11.83,11.97,3050465.77,1651276799999,True
2022-04-30 00:00:00,1651276800000,11.98,12.25,10.65,10.95,4336325.59,1651363199999,True
2022-05-01 00:00:00,1651363200000,10.96,11.5,10.81,11.31,4020103.97,1651449599999,True
2022-05-02 00:00:00,1651449600000,11.3,11.45,10.77,11.17,3937746.95,1651535999999,True
2022-05-03 00:00:00,1651536000000,11.17,11.5,10.8,11.12,3860280.78,1651622399999,True
2022-05-04 00:00:00,1651622400000,11.13,12.23,11.08,12.2,4762067.09,1651708799999,True
2022-05-05 00:00:00,1651708800000,12.2,12.29,10.63,10.91,6346341.8,1651795199999,True
2022-05-06 00:00:00,1651795200000,10.91,11.03,10.4,10.79,5327741.571,1651881599999,True
2022-05-07 00:00:00,1651881600000,10.78,10.84,10.0,10.21,2641029.994,1651967999999,True
2022-05-08 00:00:00,1651968000000,10.21,10.38,9.84,10.0,4021452.062,1652054399999,True
2022-05-09 00:00:00,1652054400000,10.0,10.16,8.01,8.1,11098749.49,1652140799999,True
2022-05-10 00:00:00,1652140800000,8.1,9.33,7.89,8.59,13985725.048,1652227199999,True
2022-05-11 00:00:00,1652227200000,8.58,8.85,6.54,6.95,18694665.891,1652313599999,True
2022-05-12 00:00:00,1652313600000,6.95,7.43,5.53,6.56,20649629.965,1652399999999,True
2022-05-13 00:00:00,1652400000000,6.57,7.8,6.48,7.15,9752518.3,1652486399999,True
2022-05-14 00:00:00,1652486400000,7.14,7.44,6.64,7.26,5661831.53,1652572799999,True
2022-05-15 00:00:00,1652572800000,7.26,7.99,7.01,7.96,5054597.35,1652659199999,True
2022-05-16 00:00:00,1652659200000,7.97,7.97,7.16,7.42,7682510.94,1652745599999,True
2022-05-17 00:00:00,1652745600000,7.42,7.98,7.3,7.72,5287316.89,1652831999999,True
2022-05-18 00:00:00,1652832000000,7.72,7.81,6.78,6.81,5450468.13,1652918399999,True
2022-05-19 00:00:00,1652918400000,6.81,7.26,6.64,7.22,5891795.13,1653004799999,True
2022-05-20 00:00:00,1653004800000,7.23,7.37,6.75,6.87,5326415.7,1653091199999,True
2022-05-21 00:00:00,1653091200000,6.86,7.12,6.77,7.06,2165477.61,1653177599999,True
2022-05-22 00:00:00,1653177600000,7.05,7.41,6.92,7.33,5525822.44,1653263999999,True
2022-05-23 00:00:00,1653264000000,7.32,7.68,6.98,7.02,5136136.21,1653350399999,True
2022-05-24 00:00:00,1653350400000,7.03,7.81,6.72,7.23,5997773.04,1653436799999,True
2022-05-25 00:00:00,1653436800000,7.23,7.4,6.94,6.96,4738917.15,1653523199999,True
2022-05-26 00:00:00,1653523200000,6.96,7.09,6.22,6.57,6011561.06,1653609599999,True
2022-05-27 00:00:00,1653609600000,6.57,6.71,6.2,6.29,6403701.79,1653695999999,True
2022-05-28 00:00:00,1653696000000,6.29,6.66,6.21,6.58,3597414.0,1653782399999,True
2022-05-29 00:00:00,1653782400000,6.58,6.75,6.34,6.71,2495176.05,1653868799999,True
2022-05-30 00:00:00,1653868800000,6.72,7.52,6.65,7.46,5964086.79,1653955199999,True
2022-05-31 00:00:00,1653955200000,7.45,7.73,7.18,7.59,5256209.91,1654041599999,True
2022-06-01 00:00:00,1654041600000,7.59,7.77,6.75,6.93,6436515.03,1654127999999,True
2022-06-02 00:00:00,1654128000000,6.93,7.25,6.81,7.19,3846549.94,1654214399999,True
2022-06-03 00:00:00,1654214400000,7.19,7.22,6.69,6.85,3738907.2,1654300799999,True
2022-06-04 00:00:00,1654300800000,6.86,7.44,6.68,7.4,3007035.99,1654387199999,True
2022-06-05 00:00:00,1654387200000,7.41,7.89,7.25,7.64,5204882.16,1654473599999,True
2022-06-06 00:00:00,1654473600000,7.64,8.2,7.62,7.97,6805688.94,1654559999999,True
2022-06-07 00:00:00,1654560000000,7.98,9.0,7.31,8.71,11449915.03,1654646399999,True
2022-06-08 00:00:00,1654646400000,8.72,9.0,8.23,8.7,12751229.89,1654732799999,True
2022-06-09 00:00:00,1654732800000,8.71,9.64,8.49,9.27,12151419.13,1654819199999,True
2022-06-10 00:00:00,1654819200000,9.27,9.54,8.0,8.04,12553253.98,1654905599999,True
2022-06-11 00:00:00,1654905600000,8.04,8.42,6.94,7.04,12079552.59,1654991999999,True
2022-06-12 00:00:00,1654992000000,7.04,7.14,6.25,6.27,10758386.83,1655078399999,True
2022-06-13 00:00:00,1655078400000,6.26,6.35,5.3,5.93,23703953.67,1655164799999,True
2022-06-14 00:00:00,1655164800000,5.92,6.88,5.39,6.74,22195143.72,1655251199999,True
2022-06-15 00:00:00,1655251200000,6.73,7.38,5.83,7.33,28804901.14,1655337599999,True
2022-06-16 00:00:00,1655337600000,7.33,7.51,6.2,6.36,16785768.12,1655423999999,True
2022-06-17 00:00:00,1655424000000,6.36,6.74,6.26,6.36,8044145.27,1655510399999,True
2022-06-18 00:00:00,1655510400000,6.36,6.47,5.41,5.92,15948947.65,1655596799999,True
2022-06-19 00:00:00,1655596800000,5.92,6.82,5.83,6.6,9867779.28,1655683199999,True
2022-06-20 00:00:00,1655683200000,6.6,7.29,6.31,6.98,10165932.01,1655769599999,True
2022-06-21 00:00:00,1655769600000,6.98,7.57,6.75,6.86,9463662.53,1655855999999,True
2022-06-22 00:00:00,1655856000000,6.86,7.03,6.44,6.63,8513601.16,1655942399999,True
2022-06-23 00:00:00,1655942400000,6.62,7.09,6.61,6.99,6672460.2,1656028799999,True
2022-06-24 00:00:00,1656028800000,6.99,7.44,6.95,7.26,6466777.49,1656115199999,True
2022-06-25 00:00:00,1656115200000,7.27,7.38,6.79,7.26,5651119.11,1656201599999,True
2022-06-26 00:00:00,1656201600000,7.27,7.49,6.68,6.7,5600782.15,1656287999999,True
2022-06-27 00:00:00,1656288000000,6.7,6.99,6.41,6.55,6501336.11,1656374399999,True
2022-06-28 00:00:00,1656374400000,6.56,7.26,6.27,6.32,10657624.7,1656460799999,True
2022-06-29 00:00:00,1656460800000,6.32,6.49,6.13,6.23,6958633.85,1656547199999,True
2022-06-30 00:00:00,1656547200000,6.23,6.32,5.88,6.27,6704771.13,1656633599999,True
2022-07-01 00:00:00,1656633600000,6.27,6.43,5.93,6.08,6544501.16,1656719999999,True
2022-07-02 00:00:00,1656720000000,6.07,6.29,5.98,6.22,2769828.44,1656806399999,True
2022-07-03 00:00:00,1656806400000,6.23,6.25,6.01,6.22,2777067.0,1656892799999,True
2022-07-04 00:00:00,1656892800000,6.22,6.46,6.02,6.43,4520606.05,1656979199999,True
2022-07-05 00:00:00,1656979200000,6.43,6.56,6.06,6.31,5814668.1,1657065599999,True
2022-07-06 00:00:00,1657065600000,6.31,6.42,6.17,6.34,3956691.82,1657151999999,True
2022-07-07 00:00:00,1657152000000,6.34,6.76,6.31,6.64,4475514.81,1657238399999,True
2022-07-08 00:00:00,1657238400000,6.64,6.84,6.33,6.36,6115037.79,1657324799999,True
2022-07-09 00:00:00,1657324800000,6.35,6.59,6.34,6.48,2687603.38,1657411199999,True
2022-07-10 00:00:00,1657411200000,6.49,6.49,6.1,6.2,3373071.93,1657497599999,True
2022-07-11 00:00:00,1657497600000,6.2,6.43,5.98,6.04,4876457.92,1657583999999,True
2022-07-12 00:00:00,1657584000000,6.05,6.24,5.92,5.94,3787474.63,1657670399999,True
2022-07-13 00:00:00,1657670400000,5.95,6.19,5.7,6.175,6781550.56,1657756799999,True
2022-07-14 00:00:00,1657756800000,6.176,6.387,5.993,6.275,7059352.99,1657843199999,True
2022-07-15 00:00:00,1657843200000,6.275,6.457,6.121,6.325,9989551.15,1657929599999,True
2022-07-16 00:00:00,1657929600000,6.325,6.618,6.142,6.595,6864043.49,1658015999999,True
2022-07-17 00:00:00,1658016000000,6.596,6.715,6.32,6.347,5345851.61,1658102399999,True
2022-07-18 00:00:00,1658102400000,6.347,7.149,6.329,7.037,10405880.84,1658188799999,True
2022-07-19 00:00:00,1658188800000,7.037,7.37,6.734,7.254,11657400.23,1658275199999,True
2022-07-20 00:00:00,1658275200000,7.255,7.581,6.83,6.867,9617554.21,1658361599999,True
2022-07-21 00:00:00,1658361600000,6.867,7.055,6.645,6.994,6368824.05,1658447999999,True
2022-07-22 00:00:00,1658448000000,6.994,7.285,6.744,6.782,6994223.62,1658534399999,True
2022-07-23 00:00:00,1658534400000,6.783,7.03,6.608,6.844,4232714.82,1658620799999,True
2022-07-24 00:00:00,1658620800000,6.844,7.247,6.841,7.094,4994618.62,1658707199999,True
2022-07-25 00:00:00,1658707200000,7.093,7.145,6.411,6.431,6144463.03,1658793599999,True
2022-07-26 00:00:00,1658793600000,6.431,6.448,6.077,6.341,5500963.87,1658879999999,True
2022-07-27 00:00:00,1658880000000,6.341,6.869,6.187,6.86,5426141.68,1658966399999,True
2022-07-28 00:00:00,1658966400000,6.86,7.295,6.677,7.217,6859329.18,1659052799999,True
2022-07-29 00:00:00,1659052800000,7.218,8.118,7.11,7.883,12769838.65,1659139199999,True
2022-07-30 00:00:00,1659139200000,7.883,8.21,7.668,7.82,8374838.83,1659225599999,True
2022-07-31 00:00:00,1659225600000,7.82,8.092,7.578,7.651,6185487.29,1659311999999,True
2022-08-01 00:00:00,1659312000000,7.652,7.88,7.407,7.57,5133233.8,1659398399999,True
2022-08-02 00:00:00,1659398400000,7.572,7.665,7.02,7.177,7189977.1,1659484799999,True
2022-08-03 00:00:00,1659484800000,7.179,7.638,7.05,7.284,4537931.2,1659571199999,True
2022-08-04 00:00:00,1659571200000,7.284,7.54,7.176,7.364,3904773.33,1659657599999,True
2022-08-05 00:00:00,1659657600000,7.364,7.9,7.348,7.878,5243900.93,1659743999999,True
2022-08-06 00:00:00,1659744000000,7.88,8.11,7.735,7.792,3210801.4,1659830399999,True
2022-08-07 00:00:00,1659830400000,7.792,8.375,7.658,8.343,4206785.59,1659916799999,True
2022-08-08 00:00:00,1659916800000,8.343,8.78,8.224,8.608,8106496.09,1660003199999,True
2022-08-09 00:00:00,1660003200000,8.605,8.953,8.27,8.742,9851012.47,1660089599999,True
2022-08-10 00:00:00,1660089600000,8.74,9.3,8.297,9.055,9014475.12,1660175999999,True
2022-08-11 00:00:00,1660176000000,9.056,9.227,8.823,8.958,6036670.62,1660262399999,True
2022-08-12 00:00:00,1660262400000,8.96,9.5,8.8,9.324,7821288.89,1660348799999,True
2022-08-13 00:00:00,1660348800000,9.326,9.482,9.06,9.144,3780601.51,1660435199999,True
2022-08-14 00:00:00,1660435200000,9.147,9.369,8.677,8.765,4419480.65,1660521599999,True
2022-08-15 00:00:00,1660521600000,8.768,9.057,8.493,8.646,5174239.24,1660607999999,True
2022-08-16 00:00:00,1660608000000,8.644,8.826,8.37,8.452,3458071.07,1660694399999,True
2022-08-17 00:00:00,1660694400000,8.45,8.749,7.99,8.061,5048616.87,1660780799999,True
2022-08-18 00:00:00,1660780800000,8.061,8.241,7.615,7.649,3942547.81,1660867199999,True
2022-08-19 00:00:00,1660867200000,7.647,7.701,6.816,6.899,8503684.17,1660953599999,True
2022-08-20 00:00:00,1660953600000,6.898,7.207,6.66,6.9,5183524.99,1661039999999,True
2022-08-21 00:00:00,1661040000000,6.899,7.177,6.88,7.082,3494331.78,1661126399999,True
2022-08-22 00:00:00,1661126400000,7.083,7.088,6.68,7.044,3717077.28,1661212799999,True
2022-08-23 00:00:00,1661212800000,7.043,7.355,6.772,7.241,4171438.41,1661299199999,True
2022-08-24 00:00:00,1661299200000,7.243,7.376,7.016,7.124,2677109.42,1661385599999,True
2022-08-25 00:00:00,1661385600000,7.123,7.372,6.998,7.124,3854369.74,1661471999999,True
2022-08-26 00:00:00,1661472000000,7.125,7.187,6.404,6.504,5882866.0,1661558399999,True
2022-08-27 00:00:00,1661558400000,6.501,6.614,6.414,6.529,3261835.63,1661644799999,True
2022-08-28 00:00:00,1661644800000,6.531,6.634,6.226,6.255,3410582.54,1661731199999,True
2022-08-29 00:00:00,1661731200000,6.255,6.734,6.2,6.7,3497049.43,1661817599999,True
2022-08-30 00:00:00,1661817600000,6.699,6.827,6.366,6.556,3526118.71,1661903999999,True
2022-08-31 00:00:00,1661904000000,6.558,6.9,6.545,6.627,3745292.73,1661990399999,True
2022-09-01 00:00:00,1661990400000,6.627,6.961,6.445,6.925,3358074.69,1662076799999,True
2022-09-02 00:00:00,1662076800000,6.924,7.24,6.787,6.926,3995703.78,1662163199999,True
2022-09-03 00:00:00,1662163200000,6.926,6.966,6.721,6.859,1632727.92,1662249599999,True
2022-09-04 00:00:00,1662249600000,6.859,7.278,6.79,7.156,4063993.58,1662335999999,True
2022-09-05 00:00:00,1662336000000,7.153,7.424,7.094,7.375,4038036.05,1662422399999,True
2022-09-06 00:00:00,1662422400000,7.375,7.568,6.576,6.659,5614260.23,1662508799999,True
2022-09-07 00:00:00,1662508800000,6.656,7.15,6.57,7.085,4855936.5,1662595199999,True
2022-09-08 00:00:00,1662595200000,7.086,7.5,7.006,7.406,5886218.74,1662681599999,True
2022-09-09 00:00:00,1662681600000,7.406,8.099,7.392,7.742,7480952.81,1662767999999,True
2022-09-10 00:00:00,1662768000000,7.746,8.034,7.616,7.904,6041837.88,1662854399999,True
2022-09-11 00:00:00,1662854400000,7.906,8.173,7.732,8.028,5046847.02,1662940799999,True
2022-09-12 00:00:00,1662940800000,8.029,8.3,7.609,7.762,6491820.37,1663027199999,True
2022-09-13 00:00:00,1663027200000,7.759,7.963,7.02,7.025,7208485.39,1663113599999,True
2022-09-14 00:00:00,1663113600000,7.024,7.54,6.982,7.456,5913599.99,1663199999999,True
2022-09-15 00:00:00,1663200000000,7.454,7.605,7.011,7.566,7092549.47,1663286399999,True
2022-09-16 00:00:00,1663286400000,7.568,7.803,7.419,7.656,6626471.8,1663372799999,True
2022-09-17 00:00:00,1663372800000,7.657,8.143,7.641,8.092,5062423.99,1663459199999,True
2022-09-18 00:00:00,1663459200000,8.092,8.14,7.402,7.523,5466342.65,1663545599999,True
2022-09-19 00:00:00,1663545600000,7.524,7.677,7.005,7.301,7816123.17,1663631999999,True
2022-09-20 00:00:00,1663632000000,7.3,7.337,6.81,6.883,5309023.06,1663718399999,True
2022-09-21 00:00:00,1663718400000,6.884,7.318,6.519,6.68,8284440.77,1663804799999,True
2022-09-22 00:00:00,1663804800000,6.679,7.176,6.638,7.123,4570101.39,1663891199999,True
2022-09-23 00:00:00,1663891200000,7.123,7.492,6.963,7.449,7636318.05,1663977599999,True
2022-09-24 00:00:00,1663977600000,7.45,7.874,7.371,7.629,6935588.81,1664063999999,True
2022-09-25 00:00:00,1664064000000,7.629,8.078,7.563,7.865,8545949.27,1664150399999,True
2022-09-26 00:00:00,1664150400000,7.866,7.957,7.465,7.945,6539945.09,1664236799999,True
2022-09-27 00:00:00,1664236800000,7.942,8.399,7.651,8.056,11918766.06,1664323199999,True
2022-09-28 00:00:00,1664323200000,8.056,8.54,7.722,7.795,16016947.82,1664409599999,True
2022-09-29 00:00:00,1664409600000,7.795,7.949,7.57,7.899,7686852.42,1664495999999,True
2022-09-30 00:00:00,1664496000000,7.904,7.919,7.505,7.585,5589081.1,1664582399999,True
2022-10-01 00:00:00,1664582400000,7.584,7.646,7.313,7.394,3432480.55,1664668799999,True
2022-10-02 00:00:00,1664668800000,7.393,7.545,7.09,7.11,4104285.81,1664755199999,True
2022-10-03 00:00:00,1664755200000,7.111,7.354,7.01,7.33,5135856.74,1664841599999,True
2022-10-04 00:00:00,1664841600000,7.328,7.83,7.323,7.723,6319868.05,1664927999999,True
2022-10-05 00:00:00,1664928000000,7.724,7.943,7.585,7.875,6151566.03,1665014399999,True
2022-10-06 00:00:00,1665014400000,7.876,7.939,7.595,7.632,4060166.94,1665100799999,True
2022-10-07 00:00:00,1665100800000,7.63,7.802,7.473,7.606,4087837.73,1665187199999,True
2022-10-08 00:00:00,1665187200000,7.606,7.656,7.339,7.455,2060120.82,1665273599999,True
2022-10-09 00:00:00,1665273600000,7.455,7.657,7.417,7.63,1649107.98,1665359999999,True
2022-10-10 00:00:00,1665360000000,7.628,7.733,7.321,7.335,3592487.93,1665446399999,True
2022-10-11 00:00:00,1665446400000,7.334,7.384,7.068,7.135,4132067.46,1665532799999,True
2022-10-12 00:00:00,1665532800000,7.135,7.278,7.087,7.145,2205045.13,1665619199999,True
2022-10-13 00:00:00,1665619200000,7.145,7.157,6.306,7.027,7403456.5,1665705599999,True
2022-10-14 00:00:00,1665705600000,7.026,7.25,6.796,6.887,4417987.63,1665791999999,True
2022-10-15 00:00:00,1665792000000,6.886,6.991,6.818,6.886,1997815.4,1665878399999,True
2022-10-16 00:00:00,1665878400000,6.886,7.237,6.876,7.173,2251234.69,1665964799999,True
2022-10-17 00:00:00,1665964800000,7.167,7.374,7.067,7.328,3223224.95,1666051199999,True
2022-10-18 00:00:00,1666051200000,7.33,7.372,6.963,7.127,3812172.36,1666137599999,True
2022-10-19 00:00:00,1666137600000,7.126,7.135,6.698,6.772,2898811.58,1666223999999,True
2022-10-20 00:00:00,1666224000000,6.773,6.912,6.601,6.657,3053738.2,1666310399999,True
2022-10-21 00:00:00,1666310400000,6.658,6.847,6.444,6.809,3884356.73,1666396799999,True
2022-10-22 00:00:00,1666396800000,6.81,6.931,6.725,6.868,1242501.08,1666483199999,True
2022-10-23 00:00:00,1666483200000,6.87,7.092,6.799,7.066,2603397.53,1666569599999,True
2022-10-24 00:00:00,1666569600000,7.067,7.086,6.791,6.906,3517550.87,1666655999999,True
2022-10-25 00:00:00,1666656000000,6.908,7.28,6.814,7.063,5408134.51,1666742399999,True
2022-10-26 00:00:00,1666742400000,7.063,7.29,7.027,7.157,4195506.95,1666828799999,True
2022-10-27 00:00:00,1666828800000,7.158,7.365,6.858,6.892,4318895.49,1666915199999,True
2022-10-28 00:00:00,1666915200000,6.893,7.2,6.83,7.109,3195848.02,1667001599999,True
2022-10-29 00:00:00,1667001600000,7.108,7.661,7.076,7.636,5922885.58,1667087999999,True
2022-10-30 00:00:00,1667088000000,7.637,7.932,7.48,7.782,6277383.29,1667174399999,True
2022-10-31 00:00:00,1667174400000,7.783,8.333,7.664,7.857,8476588.97,1667260799999,True
2022-11-01 00:00:00,1667260800000,7.854,7.923,7.63,7.684,3790469.73,1667347199999,True
2022-11-02 00:00:00,1667347200000,7.683,8.0,7.338,7.437,8337674.08,1667433599999,True
2022-11-03 00:00:00,1667433600000,7.436,8.02,7.388,7.72,8014383.31,1667519999999,True
2022-11-04 00:00:00,1667520000000,7.72,8.898,7.66,8.715,11886503.72,1667606399999,True
2022-11-05 00:00:00,1667606400000,8.715,9.008,8.562,8.663,6375166.7,1667692799999,True
2022-11-06 00:00:00,1667692800000,8.664,8.772,8.094,8.101,5402107.02,1667779199999,True
2022-11-07 00:00:00,1667779200000,8.101,9.261,7.895,8.956,11376076.89,1667865599999,True
2022-11-08 00:00:00,1667865600000,8.956,9.47,6.578,7.708,36115113.39,1667951999999,True
2022-11-09 00:00:00,1667952000000,7.708,7.9,5.775,6.231,23647479.31,1668038399999,True
2022-11-10 00:00:00,1668038400000,6.232,7.51,6.087,7.21,18632257.98,1668124799999,True
2022-11-11 00:00:00,1668124800000,7.209,7.339,6.513,7.044,11210254.17,1668211199999,True
2022-11-12 00:00:00,1668211200000,7.045,7.074,6.158,6.281,15181553.03,1668297599999,True
2022-11-13 00:00:00,1668297600000,6.28,6.545,5.94,6.078,7288028.03,1668383999999,True
2022-11-14 00:00:00,1668384000000,6.077,6.438,5.69,6.291,12214030.16,1668470399999,True
2022-11-15 00:00:00,1668470400000,6.291,6.672,6.207,6.421,9028489.34,1668556799999,True
2022-11-16 00:00:00,1668556800000,6.421,6.564,6.077,6.179,6291977.07,1668643199999,True
2022-11-17 00:00:00,1668643200000,6.18,6.342,6.029,6.225,4888412.25,1668729599999,True
2022-11-18 00:00:00,1668729600000,6.224,6.44,6.069,6.183,5216596.13,1668815999999,True
2022-11-19 00:00:00,1668816000000,6.184,6.22,5.99,6.146,2913602.05,1668902399999,True
2022-11-20 00:00:00,1668902400000,6.146,6.252,5.709,5.768,4952741.6,1668988799999,True
2022-11-21 00:00:00,1668988800000,5.767,5.896,5.528,5.876,7858097.01,1669075199999,True
2022-11-22 00:00:00,1669075200000,5.874,6.485,5.837,6.422,11891787.33,1669161599999,True
2022-11-23 00:00:00,1669161600000,6.423,6.809,6.343,6.707,9877403.25,1669247999999,True
2022-11-24 00:00:00,1669248000000,6.708,6.978,6.586,6.831,6713104.24,1669334399999,True
2022-11-25 00:00:00,1669334400000,6.83,6.993,6.661,6.848,5761022.33,1669420799999,True
2022-11-26 00:00:00,1669420800000,6.848,7.299,6.824,7.156,8067345.14,1669507199999,True
2022-11-27 00:00:00,1669507200000,7.157,7.278,6.858,6.902,4986550.69,1669593599999,True
2022-11-28 00:00:00,1669593600000,6.904,7.347,6.53,7.194,13592230.54,1669679999999,True
2022-11-29 00:00:00,1669680000000,7.194,7.513,7.123,7.318,9043323.82,1669766399999,True
2022-11-30 00:00:00,1669766400000,7.317,7.75,7.272,7.672,8332281.04,1669852799999,True
2022-12-01 00:00:00,1669852800000,7.673,7.812,7.441,7.681,7617442.3,1669939199999,True
2022-12-02 00:00:00,1669939200000,7.681,7.726,7.479,7.61,5062435.56,1670025599999,True
2022-12-03 00:00:00,1670025600000,7.611,7.633,7.207,7.235,3708734.4,1670111999999,True
2022-12-04 00:00:00,1670112000000,7.238,7.47,7.185,7.444,3401151.78,1670198399999,True
2022-12-05 00:00:00,1670198400000,7.442,7.594,7.16,7.275,5610549.45,1670284799999,True
2022-12-06 00:00:00,1670284800000,7.275,7.336,6.957,7.132,5417019.69,1670371199999,True
2022-12-07 00:00:00,1670371200000,7.132,7.158,6.77,6.881,4586810.78,1670457599999,True
2022-12-08 00:00:00,1670457600000,6.881,7.069,6.775,7.0,3737485.32,1670543999999,True
2022-12-09 00:00:00,1670544000000,7.001,7.054,6.796,6.863,3053488.23,1670630399999,True
2022-12-10 00:00:00,1670630400000,6.863,6.921,6.694,6.858,2430271.44,1670716799999,True
2022-12-11 00:00:00,1670716800000,6.857,6.96,6.646,6.7,2014728.27,1670803199999,True
2022-12-12 00:00:00,1670803200000,6.698,6.728,6.457,6.701,3916237.64,1670889599999,True
2022-12-13 00:00:00,1670889600000,6.702,7.101,6.466,6.926,6912945.43,1670975999999,True
2022-12-14 00:00:00,1670976000000,6.926,6.965,6.687,6.718,3469806.01,1671062399999,True
2022-12-15 00:00:00,1671062400000,6.719,6.732,6.386,6.456,4035740.38,1671148799999,True
2022-12-16 00:00:00,1671148800000,6.456,6.543,5.778,5.893,6985610.0,1671235199999,True
2022-12-17 00:00:00,1671235200000,5.892,6.067,5.789,6.03,4125251.26,1671321599999,True
2022-12-18 00:00:00,1671321600000,6.03,6.064,5.914,5.949,2206062.25,1671407999999,True
2022-12-19 00:00:00,1671408000000,5.95,6.066,5.671,5.79,4022803.84,1671494399999,True
2022-12-20 00:00:00,1671494400000,5.789,6.12,5.752,6.013,3550497.69,1671580799999,True
2022-12-21 00:00:00,1671580800000,6.014,6.044,5.885,5.989,2101320.78,1671667199999,True
2022-12-22 00:00:00,1671667200000,5.988,6.04,5.856,6.005,2921902.73,1671753599999,True
2022-12-23 00:00:00,1671753600000,6.005,6.053,5.924,5.941,2227204.91,1671839999999,True
2022-12-24 00:00:00,1671840000000,5.94,5.962,5.88,5.916,1051133.66,1671926399999,True
2022-12-25 00:00:00,1671926400000,5.915,5.996,5.887,5.99,1728090.48,1672012799999,True
2022-12-26 00:00:00,1672012800000,5.989,6.048,5.94,6.048,1779029.19,1672099199999,True
2022-12-27 00:00:00,1672099200000,6.048,6.068,5.846,5.903,2483617.2,1672185599999,True
2022-12-28 00:00:00,1672185600000,5.905,5.913,5.625,5.675,3313018.41,1672271999999,True
2022-12-29 00:00:00,1672272000000,5.676,5.731,5.5,5.601,3568750.37,1672358399999,True
2022-12-30 00:00:00,1672358400000,5.6,5.642,5.413,5.475,3416846.41,1672444799999,True
2022-12-31 00:00:00,1672444800000,5.475,5.627,5.387,5.575,2312337.82,1672531199999,True
2023-01-01 00:00:00,1672531200000,5.575,5.64,5.505,5.628,1468070.67,1672617599999,True
2023-01-02 00:00:00,1672617600000,5.63,5.76,5.548,5.691,2634300.76,1672703999999,True
2023-01-03 00:00:00,1672704000000,5.691,5.724,5.567,5.621,2144096.39,1672790399999,True
2023-01-04 00:00:00,1672790400000,5.621,5.895,5.61,5.809,3831647.37,1672876799999,True
2023-01-05 00:00:00,1672876800000,5.809,5.818,5.606,5.66,2841645.64,1672963199999,True
2023-01-06 00:00:00,1672963200000,5.661,5.73,5.523,5.712,2697540.01,1673049599999,True
2023-01-07 00:00:00,1673049600000,5.713,5.846,5.691,5.83,1991098.15,1673135999999,True
2023-01-08 00:00:00,1673136000000,5.832,5.977,5.755,5.963,2333904.16,1673222399999,True
2023-01-09 00:00:00,1673222400000,5.965,6.255,5.931,6.065,5682130.67,1673308799999,True
2023-01-10 00:00:00,1673308800000,6.064,6.3,5.968,6.166,3453264.89,1673395199999,True
2023-01-11 00:00:00,1673395200000,6.167,6.305,6.01,6.284,3599580.1,1673481599999,True
2023-01-12 00:00:00,1673481600000,6.284,6.412,6.05,6.387,5862705.97,1673567999999,True
2023-01-13 00:00:00,1673568000000,6.386,6.618,6.26,6.605,4441199.22,1673654399999,True
2023-01-14 00:00:00,1673654400000,6.604,7.107,6.45,6.856,10425339.64,1673740799999,True
2023-01-15 00:00:00,1673740800000,6.857,6.926,6.6,6.694,5652541.29,1673827199999,True
2023-01-16 00:00:00,1673827200000,6.694,6.948,6.413,6.669,7143088.32,1673913599999,True
2023-01-17 00:00:00,1673913600000,6.67,6.995,6.543,6.804,6038879.49,1673999999999,True
2023-01-18 00:00:00,1674000000000,6.807,6.985,6.256,6.334,8425216.27,1674086399999,True
2023-01-19 00:00:00,1674086400000,6.333,6.545,6.314,6.506,3290241.13,1674172799999,True
2023-01-20 00:00:00,1674172800000,6.506,6.971,6.414,6.941,4178985.33,1674259199999,True
2023-01-21 00:00:00,1674259200000,6.942,7.11,6.802,6.853,6497547.24,1674345599999,True
2023-01-22 00:00:00,1674345600000,6.853,7.271,6.777,6.984,6817766.36,1674431999999,True
2023-01-23 00:00:00,1674432000000,6.983,7.234,6.848,7.015,6475146.95,1674518399999,True
2023-01-24 00:00:00,1674518400000,7.015,7.2,6.525,6.661,5392217.62,1674604799999,True
2023-01-25 00:00:00,1674604800000,6.661,7.099,6.51,6.954,6744418.44,1674691199999,True
2023-01-26 00:00:00,1674691200000,6.955,7.316,6.824,7.169,7008005.12,1674777599999,True
2023-01-27 00:00:00,1674777600000,7.17,7.496,6.922,7.384,6803663.45,1674863999999,True
2023-01-28 00:00:00,1674864000000,7.384,7.509,7.12,7.211,4021763.73,1674950399999,True
2023-01-29 00:00:00,1674950400000,7.21,7.518,7.144,7.372,5028035.0,1675036799999,True
2023-01-30 00:00:00,1675036800000,7.373,7.439,6.748,6.914,5014854.05,1675123199999,True
2023-01-31 00:00:00,1675123200000,6.915,7.074,6.855,6.952,3336356.54,1675209599999,True
2023-02-01 00:00:00,1675209600000,6.952,7.277,6.67,7.214,5493548.16,1675295999999,True
2023-02-02 00:00:00,1675296000000,7.214,7.484,7.035,7.099,5767987.46,1675382399999,True
2023-02-03 00:00:00,1675382400000,7.1,7.338,7.012,7.294,4395091.81,1675468799999,True
2023-02-04 00:00:00,1675468800000,7.293,7.364,7.126,7.237,3211192.96,1675555199999,True
2023-02-05 00:00:00,1675555200000,7.24,7.252,6.861,6.985,3416697.21,1675641599999,True
2023-02-06 00:00:00,1675641600000,6.985,7.063,6.765,6.832,3504454.35,1675727999999,True
2023-02-07 00:00:00,1675728000000,6.831,7.214,6.814,7.197,4543771.59,1675814399999,True
2023-02-08 00:00:00,1675814400000,7.199,7.3,6.952,7.136,4910694.89,1675900799999,True
2023-02-09 00:00:00,1675900800000,7.137,7.817,6.818,6.984,18751956.03,1675987199999,True
2023-02-10 00:00:00,1675987200000,6.983,7.12,6.777,6.89,6619057.31,1676073599999,True
2023-02-11 00:00:00,1676073600000,6.889,7.036,6.853,7.003,2293574.29,1676159999999,True
2023-02-12 00:00:00,1676160000000,7.003,7.09,6.685,6.808,3320809.33,1676246399999,True
2023-02-13 00:00:00,1676246400000,6.81,6.847,6.4,6.669,5424849.87,1676332799999,True
2023-02-14 00:00:00,1676332800000,6.669,6.832,6.527,6.808,4395799.03,1676419199999,True
2023-02-15 00:00:00,1676419200000,6.808,7.31,6.726,7.281,5174614.29,1676505599999,True
2023-02-16 00:00:00,1676505600000,7.28,7.495,6.997,7.011,8199081.68,1676591999999,True
2023-02-17 00:00:00,1676592000000,7.011,7.711,6.972,7.65,8097968.31,1676678399999,True
2023-02-18 00:00:00,1676678400000,7.649,8.256,7.495,7.989,11389046.79,1676764799999,True
2023-02-19 00:00:00,1676764800000,7.986,8.289,7.82,8.014,9416026.58,1676851199999,True
2023-02-20 00:00:00,1676851200000,8.01,8.4,7.721,8.017,8065377.47,1676937599999,True
2023-02-21 00:00:00,1676937600000,8.019,8.077,7.505,7.64,5893974.86,1677023999999,True
2023-02-22 00:00:00,1677024000000,7.641,7.752,7.294,7.717,6496942.59,1677110399999,True
2023-02-23 00:00:00,1677110400000,7.717,8.21,7.67,7.935,10150106.82,1677196799999,True
2023-02-24 00:00:00,1677196800000,7.937,8.149,7.22,7.466,9713019.08,1677283199999,True
2023-02-25 00:00:00,1677283200000,7.466,7.491,7.168,7.373,4277893.98,1677369599999,True
2023-02-26 00:00:00,1677369600000,7.371,7.548,7.293,7.497,2541969.05,1677455999999,True
2023-02-27 00:00:00,1677456000000,7.494,7.508,7.121,7.274,4004585.73,1677542399999,True
2023-02-28 00:00:00,1677542400000,7.274,7.422,7.096,7.195,4034405.79,1677628799999,True
2023-03-01 00:00:00,1677628800000,7.196,7.547,7.146,7.536,3750777.74,1677715199999,True
2023-03-02 00:00:00,1677715200000,7.536,7.585,7.163,7.275,2870686.88,1677801599999,True
2023-03-03 00:00:00,1677801600000,7.275,7.276,6.655,6.958,5309534.51,1677887999999,True
2023-03-04 00:00:00,1677888000000,6.958,7.011,6.708,6.857,2738464.51,1677974399999,True
2023-03-05 00:00:00,1677974400000,6.857,7.017,6.807,6.945,1968494.16,1678060799999,True
2023-03-06 00:00:00,1678060800000,6.946,6.981,6.819,6.854,2608480.81,1678147199999,True
2023-03-07 00:00:00,1678147200000,6.857,6.974,6.667,6.881,3015787.65,1678233599999,True
2023-03-08 00:00:00,1678233600000,6.884,6.948,6.494,6.577,4098815.39,1678319999999,True
2023-03-09 00:00:00,1678320000000,6.578,6.69,6.007,6.16,5988809.54,1678406399999,True
2023-03-10 00:00:00,1678406400000,6.161,6.264,5.89,6.215,6622037.72,1678492799999,True
2023-03-11 00:00:00,1678492800000,6.214,6.392,5.92,6.162,5658192.38,1678579199999,True
2023-03-12 00:00:00,1678579200000,6.161,6.574,6.07,6.551,4811076.25,1678665599999,True
2023-03-13 00:00:00,1678665600000,6.552,6.885,6.395,6.761,7817274.03,1678751999999,True
2023-03-14 00:00:00,1678752000000,6.76,7.2,6.608,6.96,8906153.46,1678838399999,True
2023-03-15 00:00:00,1678838400000,6.959,7.11,6.379,6.546,6800328.84,1678924799999,True
2023-03-16 00:00:00,1678924800000,6.546,6.678,6.443,6.656,3617223.3,1679011199999,True
2023-03-17 00:00:00,1679011200000,6.656,7.258,6.597,7.207,6885611.19,1679097599999,True
2023-03-18 00:00:00,1679097600000,7.206,7.299,6.85,6.922,5649288.39,1679183999999,True
2023-03-19 00:00:00,1679184000000,6.922,7.281,6.916,7.081,3603006.94,1679270399999,True
2023-03-20 00:00:00,1679270400000,7.081,7.48,6.91,7.05,8993047.32,1679356799999,True
2023-03-21 00:00:00,1679356800000,7.05,7.47,6.838,7.375,6546284.62,1679443199999,True
2023-03-22 00:00:00,1679443200000,7.375,7.723,7.001,7.173,12062579.73,1679529599999,True
2023-03-23 00:00:00,1679529600000,7.173,7.637,7.086,7.61,5950130.81,1679615999999,True
2023-03-24 00:00:00,1679616000000,7.608,7.659,7.111,7.191,4842235.46,1679702399999,True
2023-03-25 00:00:00,1679702400000,7.191,7.254,6.97,7.075,3022565.33,1679788799999,True
2023-03-26 00:00:00,1679788800000,7.074,7.29,7.049,7.261,1964988.21,1679875199999,True
2023-03-27 00:00:00,1679875200000,7.26,7.274,6.747,6.87,4551721.99,1679961599999,True
2023-03-28 00:00:00,1679961600000,6.871,7.046,6.75,6.947,4084989.03,1680047999999,True
2023-03-29 00:00:00,1680048000000,6.947,7.499,6.927,7.382,5824927.72,1680134399999,True
2023-03-30 00:00:00,1680134400000,7.382,7.558,7.132,7.233,5273756.88,1680220799999,True
2023-03-31 00:00:00,1680220800000,7.23,7.69,7.225,7.588,6318296.29,1680307199999,True
2023-04-01 00:00:00,1680307200000,7.588,7.636,7.427,7.548,2706651.34,1680393599999,True
2023-04-02 00:00:00,1680393600000,7.545,7.546,7.191,7.255,2630646.16,1680479999999,True
2023-04-03 00:00:00,1680480000000,7.255,7.441,7.022,7.245,5219378.14,1680566399999,True
2023-04-04 00:00:00,1680566400000,7.244,7.477,7.202,7.37,4364091.42,1680652799999,True
2023-04-05 00:00:00,1680652800000,7.37,7.606,7.217,7.321,5169868.03,1680739199999,True
2023-04-06 00:00:00,1680739200000,7.322,7.333,7.113,7.201,2983063.07,1680825599999,True
2023-04-07 00:00:00,1680825600000,7.2,7.308,7.106,7.267,1893828.83,1680911999999,True
2023-04-08 00:00:00,1680912000000,7.267,7.297,7.076,7.13,1440334.33,1680998399999,True
2023-04-09 00:00:00,1680998400000,7.129,7.255,7.05,7.203,1281793.0,1681084799999,True
2023-04-10 00:00:00,1681084800000,7.203,7.367,7.131,7.343,2638647.13,1681171199999,True
2023-04-11 00:00:00,1681171200000,7.344,7.453,7.28,7.301,3009556.43,1681257599999,True
2023-04-12 00:00:00,1681257600000,7.3,7.372,7.1,7.23,3823180.7,1681343999999,True
2023-04-13 00:00:00,1681344000000,7.23,7.546,7.167,7.458,3853982.96,1681430399999,True
2023-04-14 00:00:00,1681430400000,7.458,7.899,7.457,7.743,7807389.3,1681516799999,True
2023-04-15 00:00:00,1681516800000,7.743,8.089,7.613,8.005,4830720.05,1681603199999,True
2023-04-16 00:00:00,1681603200000,8.005,8.19,7.902,8.14,4303246.65,1681689599999,True
2023-04-17 00:00:00,1681689600000,8.136,8.299,7.861,8.16,7702069.05,1681775999999,True
2023-04-18 00:00:00,1681776000000,8.161,8.798,8.03,8.578,9356075.46,1681862399999,True
2023-04-19 00:00:00,1681862400000,8.578,8.6,7.63,7.752,10140445.27,1681948799999,True
2023-04-20 00:00:00,1681948800000,7.752,7.967,7.453,7.512,7428716.2,1682035199999,True
2023-04-21 00:00:00,1682035200000,7.512,7.609,7.006,7.113,6884596.68,1682121599999,True
2023-04-22 00:00:00,1682121600000,7.113,7.242,7.08,7.175,3015617.24,1682207999999,True
2023-04-23 00:00:00,1682208000000,7.174,7.174,6.866,7.082,4150416.52,1682294399999,True
2023-04-24 00:00:00,1682294400000,7.082,7.269,6.996,7.068,4023418.3,1682380799999,True
2023-04-25 00:00:00,1682380800000,7.069,7.3,6.948,7.274,3659091.95,1682467199999,True
2023-04-26 00:00:00,1682467200000,7.275,7.503,6.703,7.004,7272868.62,1682553599999,True
2023-04-27 00:00:00,1682553600000,7.004,7.232,6.982,7.17,5324313.93,1682639999999,True
2023-04-28 00:00:00,1682640000000,7.17,7.187,6.949,7.04,3510662.05,1682726399999,True
2023-04-29 00:00:00,1682726400000,7.04,7.22,6.992,7.185,2390310.55,1682812799999,True
2023-04-30 00:00:00,1682812800000,7.185,7.305,7.014,7.025,2775030.59,1682899199999,True
2023-05-01 00:00:00,1682899200000,7.025,7.082,6.797,6.898,3285344.74,1682985599999,True
2023-05-02 00:00:00,1682985600000,6.896,7.013,6.8,6.987,2077200.39,1683071999999,True
2023-05-03 00:00:00,1683072000000,6.987,7.151,6.819,7.129,3262366.57,1683158399999,True
2023-05-04 00:00:00,1683158400000,7.129,7.162,6.959,6.998,1740570.99,1683244799999,True
2023-05-05 00:00:00,1683244800000,6.997,7.28,6.888,7.226,2888965.91,1683331199999,True
2023-05-06 00:00:00,1683331200000,7.226,7.279,6.866,6.92,2603213.92,1683417599999,True
2023-05-07 00:00:00,1683417600000,6.92,6.989,6.858,6.911,1677014.89,1683503999999,True
2023-05-08 00:00:00,1683504000000,6.911,6.913,6.394,6.582,5298917.35,1683590399999,True
2023-05-09 00:00:00,1683590400000,6.582,6.633,6.452,6.522,2199712.78,1683676799999,True
2023-05-10 00:00:00,1683676800000,6.521,6.696,6.3,6.588,4297013.06,1683763199999,True
2023-05-11 00:00:00,1683763200000,6.588,6.592,6.212,6.36,3969206.65,1683849599999,True
2023-05-12 00:00:00,1683849600000,6.36,6.64,6.224,6.623,3322966.84,1683935999999,True
2023-05-13 00:00:00,1683936000000,6.623,6.636,6.475,6.491,1742486.51,1684022399999,True
2023-05-14 00:00:00,1684022400000,6.49,6.61,6.41,6.547,1193769.45,1684108799999,True
2023-05-15 00:00:00,1684108800000,6.547,6.711,6.453,6.635,2328720.13,1684195199999,True
2023-05-16 00:00:00,1684195200000,6.635,6.728,6.552,6.659,2297423.01,1684281599999,True
2023-05-17 00:00:00,1684281600000,6.658,6.812,6.552,6.758,3299636.01,1684367999999,True
2023-05-18 00:00:00,1684368000000,6.758,6.767,6.428,6.531,2274544.86,1684454399999,True
2023-05-19 00:00:00,1684454400000,6.531,6.555,6.458,6.51,1421337.78,1684540799999,True
2023-05-20 00:00:00,1684540800000,6.51,6.543,6.471,6.503,757320.01,1684627199999,True
2023-05-21 00:00:00,1684627200000,6.505,6.545,6.356,6.43,1279377.69,1684713599999,True
2023-05-22 00:00:00,1684713600000,6.43,6.608,6.334,6.533,2602323.99,1684799999999,True
2023-05-23 00:00:00,1684800000000,6.534,6.635,6.474,6.504,1751271.68,1684886399999,True
2023-05-24 00:00:00,1684886400000,6.505,6.509,6.206,6.32,3090108.04,1684972799999,True
2023-05-25 00:00:00,1684972800000,6.321,6.345,6.164,6.278,1856294.47,1685059199999,True
2023-05-26 00:00:00,1685059200000,6.279,6.458,6.235,6.344,1704644.17,1685145599999,True
2023-05-27 00:00:00,1685145600000,6.344,6.441,6.327,6.438,1100851.23,1685231999999,True
2023-05-28 00:00:00,1685232000000,6.437,6.659,6.419,6.631,2028825.98,1685318399999,True
2023-05-29 00:00:00,1685318400000,6.636,6.678,6.527,6.637,2236832.15,1685404799999,True
2023-05-30 00:00:00,1685404800000,6.637,6.672,6.536,6.613,2395564.78,1685491199999,True
2023-05-31 00:00:00,1685491200000,6.611,6.636,6.396,6.478,2604021.56,1685577599999,True
2023-06-01 00:00:00,1685577600000,6.478,6.513,6.317,6.344,2163580.25,1685663999999,True
2023-06-02 00:00:00,1685664000000,6.344,6.481,6.306,6.45,2147074.04,1685750399999,True
2023-06-03 00:00:00,1685750400000,6.451,6.459,6.361,6.421,868599.69,1685836799999,True
2023-06-04 00:00:00,1685836800000,6.421,6.532,6.393,6.452,1209935.67,1685923199999,True
2023-06-05 00:00:00,1685923200000,6.45,6.492,5.961,6.054,4495305.78,1686009599999,True
2023-06-06 00:00:00,1686009600000,6.054,6.312,6.003,6.261,3709908.32,1686095999999,True
2023-06-07 00:00:00,1686096000000,6.261,6.269,5.829,5.917,2998801.55,1686182399999,True
2023-06-08 00:00:00,1686182400000,5.919,6.036,5.883,5.995,1426456.09,1686268799999,True
2023-06-09 00:00:00,1686268800000,5.994,6.081,5.92,5.993,1267537.07,1686355199999,True
2023-06-10 00:00:00,1686355200000,5.992,6.007,4.761,5.233,14028655.59,1686441599999,True
2023-06-11 00:00:00,1686441600000,5.233,5.254,5.089,5.175,2454695.33,1686527999999,True
2023-06-12 00:00:00,1686528000000,5.175,5.198,5.003,5.16,2746808.8,1686614399999,True
2023-06-13 00:00:00,1686614400000,5.16,5.412,5.11,5.3,2495494.52,1686700799999,True
2023-06-14 00:00:00,1686700800000,5.299,5.507,5.142,5.25,3786780.65,1686787199999,True
2023-06-15 00:00:00,1686787200000,5.25,5.419,5.163,5.312,2895922.21,1686873599999,True
2023-06-16 00:00:00,1686873600000,5.312,5.398,5.128,5.324,2176359.41,1686959999999,True
2023-06-17 00:00:00,1686960000000,5.325,5.396,5.221,5.279,1878846.73,1687046399999,True
2023-06-18 00:00:00,1687046400000,5.282,5.302,5.04,5.156,1966918.59,1687132799999,True
2023-06-19 00:00:00,1687132800000,5.157,5.194,4.993,5.133,3234945.88,1687219199999,True
2023-06-20 00:00:00,1687219200000,5.134,5.281,5.0,5.267,4247080.66,1687305599999,True
2023-06-21 00:00:00,1687305600000,5.267,5.588,5.242,5.556,5295791.26,1687391999999,True
2023-06-22 00:00:00,1687392000000,5.555,5.823,5.507,5.558,4647546.09,1687478399999,True
2023-06-23 00:00:00,1687478400000,5.557,6.154,5.551,6.07,6720273.6,1687564799999,True
2023-06-24 00:00:00,1687564800000,6.071,6.196,5.912,6.133,3204444.17,1687651199999,True
2023-06-25 00:00:00,1687651200000,6.133,6.378,6.059,6.157,3200149.72,1687737599999,True
2023-06-26 00:00:00,1687737600000,6.157,6.259,6.005,6.057,3875112.66,1687823999999,True
2023-06-27 00:00:00,1687824000000,6.058,6.255,6.046,6.198,3250133.19,1687910399999,True
2023-06-28 00:00:00,1687910400000,6.2,6.205,5.703,5.815,4135037.15,1687996799999,True
2023-06-29 00:00:00,1687996800000,5.814,6.183,5.787,5.891,4221854.85,1688083199999,True
2023-06-30 00:00:00,1688083200000,5.891,6.452,5.721,6.313,8723371.76,1688169599999,True
2023-07-01 00:00:00,1688169600000,6.313,6.524,6.122,6.503,5141414.75,1688255999999,True
2023-07-02 00:00:00,1688256000000,6.503,6.565,6.333,6.54,4086985.57,1688342399999,True
2023-07-03 00:00:00,1688342400000,6.541,6.692,6.468,6.628,3237642.64,1688428799999,True
2023-07-04 00:00:00,1688428800000,6.628,6.63,6.392,6.521,2606479.19,1688515199999,True
2023-07-05 00:00:00,1688515200000,6.523,6.571,6.214,6.299,3023680.6,1688601599999,True
2023-07-06 00:00:00,1688601600000,6.299,6.507,6.08,6.08,3733833.93,1688687999999,True
2023-07-07 00:00:00,1688688000000,6.08,6.223,6.012,6.156,2063365.14,1688774399999,True
2023-07-08 00:00:00,1688774400000,6.157,6.222,6.094,6.196,1286251.86,1688860799999,True
2023-07-09 00:00:00,1688860800000,6.198,6.24,6.123,6.15,1197225.34,1688947199999,True
2023-07-10 00:00:00,1688947200000,6.149,6.303,6.02,6.167,2162467.25,1689033599999,True
2023-07-11 00:00:00,1689033600000,6.169,6.238,6.121,6.206,1065079.1,1689119999999,True
2023-07-12 00:00:00,1689120000000,6.205,6.35,6.196,6.252,2069557.14,1689206399999,True
2023-07-13 00:00:00,1689206400000,6.252,7.198,6.211,7.124,6685843.19,1689292799999,True
2023-07-14 00:00:00,1689292800000,7.125,7.343,6.687,6.958,7159768.77,1689379199999,True
2023-07-15 00:00:00,1689379200000,6.957,7.02,6.832,6.918,1900374.37,1689465599999,True
2023-07-16 00:00:00,1689465600000,6.918,6.921,6.567,6.607,2658534.07,1689551999999,True
2023-07-17 00:00:00,1689552000000,6.608,7.265,6.45,7.186,8290250.05,1689638399999,True
2023-07-18 00:00:00,1689638400000,7.186,7.3,6.757,6.911,8507881.88,1689724799999,True
2023-07-19 00:00:00,1689724800000,6.913,7.048,6.773,6.915,4134376.74,1689811199999,True
2023-07-20 00:00:00,1689811200000,6.916,8.464,6.884,8.361,24470179.81,1689897599999,True
2023-07-21 00:00:00,1689897600000,8.361,8.449,8.042,8.133,8987313.71,1689983999999,True
2023-07-22 00:00:00,1689984000000,8.128,8.383,7.76,7.881,6296766.28,1690070399999,True
2023-07-23 00:00:00,1690070400000,7.88,8.099,7.817,7.89,3092197.0,1690156799999,True
2023-07-24 00:00:00,1690156800000,7.89,7.89,7.435,7.586,5711968.64,1690243199999,True
2023-07-25 00:00:00,1690243200000,7.584,7.643,7.34,7.392,3513090.68,1690329599999,True
2023-07-26 00:00:00,1690329600000,7.391,7.835,7.275,7.742,5983258.79,1690415999999,True
2023-07-27 00:00:00,1690416000000,7.741,8.145,7.68,7.989,5477383.07,1690502399999,True
2023-07-28 00:00:00,1690502400000,7.987,8.092,7.763,7.77,3119106.93,1690588799999,True
2023-07-29 00:00:00,1690588800000,7.77,7.897,7.724,7.842,1906734.68,1690675199999,True
2023-07-30 00:00:00,1690675200000,7.843,7.863,7.343,7.555,2980351.07,1690761599999,True
2023-07-31 00:00:00,1690761600000,7.555,7.716,7.433,7.547,3457040.23,1690847999999,True
2023-08-01 00:00:00,1690848000000,7.55,7.648,7.139,7.641,3839827.85,1690934399999,True
2023-08-02 00:00:00,1690934400000,7.643,7.715,7.334,7.351,4200718.29,1691020799999,True
2023-08-03 00:00:00,1691020800000,7.35,7.409,7.07,7.125,3398269.99,1691107199999,True
2023-08-04 00:00:00,1691107200000,7.125,7.265,7.007,7.143,3081770.63,1691193599999,True
2023-08-05 00:00:00,1691193600000,7.143,7.246,7.103,7.231,1621170.15,1691279999999,True
2023-08-06 00:00:00,1691280000000,7.231,7.275,7.076,7.102,1700576.48,1691366399999,True
2023-08-07 00:00:00,1691366400000,7.101,7.397,6.94,7.324,3324085.3,1691452799999,True
2023-08-08 00:00:00,1691452800000,7.328,7.534,7.29,7.461,3984515.4,1691539199999,True
2023-08-09 00:00:00,1691539200000,7.458,7.919,7.378,7.678,5356202.6,1691625599999,True
2023-08-10 00:00:00,1691625600000,7.678,7.735,7.559,7.619,3233781.21,1691711999999,True
2023-08-11 00:00:00,1691712000000,7.619,7.642,7.405,7.492,1848871.59,1691798399999,True
2023-08-12 00:00:00,1691798400000,7.492,7.539,7.385,7.442,1315001.68,1691884799999,True
2023-08-13 00:00:00,1691884800000,7.443,7.56,7.313,7.369,2060255.56,1691971199999,True
2023-08-14 00:00:00,1691971200000,7.368,7.636,7.307,7.412,3793787.02,1692057599999,True
2023-08-15 00:00:00,1692057600000,7.412,7.434,6.8,7.043,6078471.09,1692143999999,True
2023-08-16 00:00:00,1692144000000,7.041,7.072,6.6,6.762,6063000.38,1692230399999,True
2023-08-17 00:00:00,1692230400000,6.763,6.871,5.6,6.189,8367039.19,1692316799999,True
2023-08-18 00:00:00,1692316800000,6.187,6.287,6.065,6.176,4839502.37,1692403199999,True
2023-08-19 00:00:00,1692403200000,6.175,6.264,6.114,6.181,2324385.09,1692489599999,True
2023-08-20 00:00:00,1692489600000,6.18,6.236,6.118,6.22,1272820.99,1692575999999,True
2023-08-21 00:00:00,1692576000000,6.22,6.256,6.002,6.174,3063645.91,1692662399999,True
2023-08-22 00:00:00,1692662400000,6.175,6.255,5.865,6.112,3937580.0,1692748799999,True
2023-08-23 00:00:00,1692748800000,6.116,6.435,6.103,6.352,3611220.57,1692835199999,True
2023-08-24 00:00:00,1692835200000,6.351,6.368,5.984,6.084,3008240.96,1692921599999,True
2023-08-25 00:00:00,1692921600000,6.084,6.085,5.913,6.014,3107452.3,1693007999999,True
2023-08-26 00:00:00,1693008000000,6.014,6.043,5.955,6.006,1636733.49,1693094399999,True
2023-08-27 00:00:00,1693094400000,6.005,6.045,5.953,6.03,1327983.29,1693180799999,True
2023-08-28 00:00:00,1693180800000,6.029,6.051,5.85,5.981,3374414.54,1693267199999,True
2023-08-29 00:00:00,1693267200000,5.981,6.318,5.842,6.194,5586925.4,1693353599999,True
2023-08-30 00:00:00,1693353600000,6.193,6.198,5.881,5.925,3206141.49,1693439999999,True
2023-08-31 00:00:00,1693440000000,5.925,6.064,5.73,5.879,4186968.01,1693526399999,True
2023-09-01 00:00:00,1693526400000,5.878,6.034,5.817,5.941,3668052.2,1693612799999,True
2023-09-02 00:00:00,1693612800000,5.941,5.999,5.89,5.972,1272779.56,1693699199999,True
2023-09-03 00:00:00,1693699200000,5.972,6.064,5.948,6.027,1783671.76,1693785599999,True
2023-09-04 00:00:00,1693785600000,6.03,6.164,5.944,6.012,2785879.47,1693871999999,True
2023-09-05 00:00:00,1693872000000,6.013,6.154,5.906,6.137,2961423.42,1693958399999,True
2023-09-06 00:00:00,1693958400000,6.138,6.35,6.094,6.302,4754687.99,1694044799999,True
2023-09-07 00:00:00,1694044800000,6.301,6.47,6.195,6.387,3097345.2,1694131199999,True
2023-09-08 00:00:00,1694131200000,6.388,6.404,6.144,6.28,2003043.64,1694217599999,True
2023-09-09 00:00:00,1694217600000,6.28,6.293,6.157,6.165,1037278.42,1694303999999,True
2023-09-10 00:00:00,1694304000000,6.165,6.165,5.949,6.015,2940010.89,1694390399999,True
2023-09-11 00:00:00,1694390400000,6.016,6.035,5.737,5.829,4285220.96,1694476799999,True
2023-09-12 00:00:00,1694476800000,5.827,6.077,5.808,5.957,3107349.35,1694563199999,True
2023-09-13 00:00:00,1694563200000,5.958,6.094,5.927,6.02,2998925.26,1694649599999,True
2023-09-14 00:00:00,1694649600000,6.021,6.213,6.006,6.151,3421841.03,1694735999999,True
2023-09-15 00:00:00,1694736000000,6.152,6.381,6.099,6.367,2517925.91,1694822399999,True
2023-09-16 00:00:00,1694822400000,6.367,6.421,6.184,6.281,1902334.13,1694908799999,True
2023-09-17 00:00:00,1694908800000,6.279,6.282,6.051,6.146,1503567.78,1694995199999,True
2023-09-18 00:00:00,1694995200000,6.146,6.84,6.099,6.567,7921921.79,1695081599999,True
2023-09-19 00:00:00,1695081600000,6.566,6.969,6.515,6.846,5536761.2,1695167999999,True
2023-09-20 00:00:00,1695168000000,6.846,7.045,6.741,6.905,4549051.69,1695254399999,True
2023-09-21 00:00:00,1695254400000,6.907,6.946,6.605,6.664,4270233.81,1695340799999,True
2023-09-22 00:00:00,1695340800000,6.665,6.972,6.593,6.958,3083344.65,1695427199999,True
2023-09-23 00:00:00,1695427200000,6.959,7.232,6.917,7.189,6314709.67,1695513599999,True
2023-09-24 00:00:00,1695513600000,7.189,7.25,6.95,6.972,3149084.7,1695599999999,True
2023-09-25 00:00:00,1695600000000,6.972,7.509,6.908,7.494,4956186.61,1695686399999,True
2023-09-26 00:00:00,1695686400000,7.494,7.576,7.248,7.356,3877254.09,1695772799999,True
2023-09-27 00:00:00,1695772800000,7.355,7.901,7.271,7.645,7180632.89,1695859199999,True
2023-09-28 00:00:00,1695859200000,7.641,8.07,7.572,7.807,7218442.3,1695945599999,True
2023-09-29 00:00:00,1695945600000,7.81,8.082,7.674,7.946,4632422.26,1696031999999,True
2023-09-30 00:00:00,1696032000000,7.947,8.276,7.939,8.191,5316780.65,1696118399999,True
2023-10-01 00:00:00,1696118400000,8.19,8.26,7.778,8.054,5741530.2,1696204799999,True
2023-10-02 00:00:00,1696204800000,8.053,8.103,7.352,7.47,7388633.58,1696291199999,True
2023-10-03 00:00:00,1696291200000,7.472,7.744,7.366,7.409,4753914.76,1696377599999,True
2023-10-04 00:00:00,1696377600000,7.408,7.78,7.2,7.674,5466659.39,1696463999999,True
2023-10-05 00:00:00,1696464000000,7.673,7.793,7.451,7.465,3846525.19,1696550399999,True
2023-10-06 00:00:00,1696550400000,7.469,7.764,7.432,7.639,3176035.64,1696636799999,True
2023-10-07 00:00:00,1696636800000,7.64,7.68,7.47,7.524,2235442.95,1696723199999,True
2023-10-08 00:00:00,1696723200000,7.521,7.948,7.5,7.673,5220385.39,1696809599999,True
2023-10-09 00:00:00,1696809600000,7.671,7.696,7.134,7.276,5400392.17,1696895999999,True
2023-10-10 00:00:00,1696896000000,7.276,7.392,7.174,7.259,3315249.53,1696982399999,True
2023-10-11 00:00:00,1696982400000,7.259,7.43,7.1,7.391,3701911.87,1697068799999,True
2023-10-12 00:00:00,1697068800000,7.39,7.416,7.115,7.197,3425077.36,1697155199999,True
2023-10-13 00:00:00,1697155200000,7.198,7.403,7.107,7.256,4244477.6,1697241599999,True
2023-10-14 00:00:00,1697241600000,7.257,7.373,7.205,7.331,1522386.46,1697327999999,True
2023-10-15 00:00:00,1697328000000,7.331,7.568,7.285,7.423,2299972.73,1697414399999,True
2023-10-16 00:00:00,1697414400000,7.422,7.832,7.411,7.525,4491818.19,1697500799999,True
2023-10-17 00:00:00,1697500800000,7.525,7.559,7.262,7.32,2869585.65,1697587199999,True
2023-10-18 00:00:00,1697587200000,7.32,7.483,7.28,7.356,2301928.23,1697673599999,True
2023-10-19 00:00:00,1697673600000,7.356,7.435,7.215,7.304,2421707.11,1697759999999,True
2023-10-20 00:00:00,1697760000000,7.304,7.71,7.261,7.57,4329807.55,1697846399999,True
2023-10-21 00:00:00,1697846400000,7.57,9.171,7.52,8.914,15593852.19,1697932799999,True
2023-10-22 00:00:00,1697932800000,8.914,10.288,8.839,10.19,18639585.65,1698019199999,True
2023-10-23 00:00:00,1698019200000,10.189,11.058,9.789,10.577,24657322.01,1698105599999,True
2023-10-24 00:00:00,1698105600000,10.578,11.15,9.661,10.372,17094050.82,1698191999999,True
2023-10-25 00:00:00,1698192000000,10.371,11.788,10.337,11.058,17153705.46,1698278399999,True
2023-10-26 00:00:00,1698278400000,11.059,11.392,10.348,10.928,10983527.2,1698364799999,True
2023-10-27 00:00:00,1698364800000,10.927,11.434,10.605,11.185,11720249.83,1698451199999,True
2023-10-28 00:00:00,1698451200000,11.184,11.666,10.819,10.923,7686066.07,1698537599999,True
2023-10-29 00:00:00,1698537600000,10.923,11.297,10.75,11.081,5275457.69,1698623999999,True
2023-10-30 00:00:00,1698624000000,11.085,11.854,10.89,11.22,9454805.93,1698710399999,True
2023-10-31 00:00:00,1698710400000,11.22,12.026,10.92,11.353,12476688.51,1698796799999,True
2023-11-01 00:00:00,1698796800000,11.352,11.786,10.647,11.638,10588892.04,1698883199999,True
2023-11-02 00:00:00,1698883200000,11.639,11.749,10.806,11.007,8003890.51,1698969599999,True
2023-11-03 00:00:00,1698969600000,11.007,11.596,10.5,11.46,8887394.75,1699055999999,True
2023-11-04 00:00:00,1699056000000,11.457,11.626,11.147,11.496,5234888.3,1699142399999,True
2023-11-05 00:00:00,1699142400000,11.496,12.559,11.356,12.231,11907068.54,1699228799999,True
2023-11-06 00:00:00,1699228800000,12.231,13.255,12.118,12.984,10027182.42,1699315199999,True
2023-11-07 00:00:00,1699315200000,12.984,13.34,12.528,13.04,11935472.54,1699401599999,True
2023-11-08 00:00:00,1699401600000,13.04,14.98,12.81,14.919,12601104.84,1699487999999,True
2023-11-09 00:00:00,1699488000000,14.918,15.99,13.589,14.603,18901164.92,1699574399999,True
2023-11-10 00:00:00,1699574400000,14.603,15.644,14.122,15.493,12832103.89,1699660799999,True
2023-11-11 00:00:00,1699660800000,15.502,16.6,14.708,16.477,11922184.55,1699747199999,True
2023-11-12 00:00:00,1699747200000,16.477,16.543,15.371,16.025,9480541.7,1699833599999,True
2023-11-13 00:00:00,1699833600000,16.025,16.3,14.304,14.358,10117089.62,1699919999999,True
2023-11-14 00:00:00,1699920000000,14.354,14.91,13.361,13.945,12808258.53,1700006399999,True
2023-11-15 00:00:00,1700006400000,13.947,15.389,13.93,15.027,9561100.03,1700092799999,True
2023-11-16 00:00:00,1700092800000,15.027,15.22,13.55,13.866,11515683.62,1700179199999,True
2023-11-17 00:00:00,1700179200000,13.866,14.269,12.853,13.702,10376868.15,1700265599999,True
2023-11-18 00:00:00,1700265600000,13.707,13.81,12.921,13.75,5989655.98,1700351999999,True
2023-11-19 00:00:00,1700352000000,13.751,15.054,13.369,14.908,8024107.07,1700438399999,True
2023-11-20 00:00:00,1700438400000,14.911,15.393,14.365,14.477,7852547.72,1700524799999,True
2023-11-21 00:00:00,1700524800000,14.475,14.663,13.3,13.359,9307600.94,1700611199999,True
2023-11-22 00:00:00,1700611200000,13.362,14.621,13.24,14.212,7341318.89,1700697599999,True
2023-11-23 00:00:00,1700697600000,14.213,14.887,14.122,14.398,5780105.38,1700783999999,True
2023-11-24 00:00:00,1700784000000,14.398,14.843,14.208,14.482,4360537.63,1700870399999,True
2023-11-25 00:00:00,1700870400000,14.481,14.975,14.376,14.762,3318038.65,1700956799999,True
2023-11-26 00:00:00,1700956800000,14.763,15.333,14.364,14.766,5240707.85,1701043199999,True
2023-11-27 00:00:00,1701043200000,14.768,15.3,13.88,14.186,6146071.04,1701129599999,True
2023-11-28 00:00:00,1701129600000,14.186,14.712,13.765,14.521,5394866.99,1701215999999,True
2023-11-29 00:00:00,1701216000000,14.524,14.993,14.376,14.511,4845528.8,1701302399999,True
2023-11-30 00:00:00,1701302400000,14.514,14.832,14.268,14.412,4398464.68,1701388799999,True
2023-12-01 00:00:00,1701388800000,14.411,15.048,14.271,14.988,4634512.61,1701475199999,True
2023-12-02 00:00:00,1701475200000,14.987,16.199,14.919,15.992,6568892.92,1701561599999,True
2023-12-03 00:00:00,1701561600000,15.992,16.29,15.666,15.705,4379093.89,1701647999999,True
2023-12-04 00:00:00,1701648000000,15.706,16.396,15.11,15.813,8826925.32,1701734399999,True
2023-12-05 00:00:00,1701734400000,15.812,16.088,15.178,15.729,7193745.83,1701820799999,True
2023-12-06 00:00:00,1701820800000,15.72,16.164,15.232,15.268,8057101.19,1701907199999,True
2023-12-07 00:00:00,1701907200000,15.266,15.802,14.658,15.691,9080106.82,1701993599999,True
2023-12-08 00:00:00,1701993600000,15.688,17.324,15.55,16.925,10827786.35,1702079999999,True
2023-12-09 00:00:00,1702080000000,16.926,17.299,16.023,16.196,8430393.84,1702166399999,True
2023-12-10 00:00:00,1702166400000,16.195,16.454,15.791,16.367,4766574.66,1702252799999,True
2023-12-11 00:00:00,1702252800000,16.368,16.462,13.78,14.768,14107495.09,1702339199999,True
2023-12-12 00:00:00,1702339200000,14.767,15.138,14.17,14.523,7450890.25,1702425599999,True
2023-12-13 00:00:00,1702425600000,14.527,14.959,13.857,14.77,8205912.53,1702511999999,True
2023-12-14 00:00:00,1702512000000,14.773,15.586,14.21,15.37,8398653.34,1702598399999,True
2023-12-15 00:00:00,1702598400000,15.372,15.394,14.257,14.281,5588024.0,1702684799999,True
2023-12-16 00:00:00,1702684800000,14.281,14.801,14.086,14.32,3975469.06,1702771199999,True
2023-12-17 00:00:00,1702771200000,14.32,14.372,13.91,14.013,3560218.31,1702857599999,True
2023-12-18 00:00:00,1702857600000,14.016,14.681,13.633,14.674,8220244.73,1702943999999,True
2023-12-19 00:00:00,1702944000000,14.669,14.808,13.923,14.1,4715602.5,1703030399999,True
2023-12-20 00:00:00,1703030400000,14.1,14.805,13.975,14.253,5093239.98,1703116799999,True
2023-12-21 00:00:00,1703116800000,14.252,15.311,14.179,15.305,6978195.1,1703203199999,True
2023-12-22 00:00:00,1703203200000,15.306,15.729,14.969,15.479,6378166.47,1703289599999,True
2023-12-23 00:00:00,1703289600000,15.478,15.9,14.894,15.682,6241227.2,1703375999999,True
2023-12-24 00:00:00,1703376000000,15.682,15.95,15.11,15.262,5937006.95,1703462399999,True
2023-12-25 00:00:00,1703462400000,15.263,15.802,15.12,15.585,5182592.13,1703548799999,True
2023-12-26 00:00:00,1703548800000,15.586,15.9,14.3,15.092,6443612.14,1703635199999,True
2023-12-27 00:00:00,1703635200000,15.092,16.75,14.646,16.709,8604959.81,1703721599999,True
2023-12-28 00:00:00,1703721600000,16.711,17.672,15.975,16.005,12399584.63,1703807999999,True
2023-12-29 00:00:00,1703808000000,16.006,16.224,15.116,15.54,7020535.98,1703894399999,True
2023-12-30 00:00:00,1703894400000,15.539,15.623,15.017,15.167,2951588.48,1703980799999,True
2023-12-31 00:00:00,1703980800000,15.17,15.528,14.77,14.941,3495890.27,1704067199999,True
2024-01-01 00:00:00,1704067200000,14.942,15.58,14.81,15.548,3173937.89,1704153599999,True
2024-01-02 00:00:00,1704153600000,15.547,16.063,15.017,15.166,5675020.93,1704239999999,True
2024-01-03 00:00:00,1704240000000,15.165,15.578,12.2,14.148,10147635.17,1704326399999,True
2024-01-04 00:00:00,1704326400000,14.148,14.777,13.975,14.526,4365827.16,1704412799999,True
2024-01-05 00:00:00,1704412800000,14.53,14.655,13.705,14.091,6076419.59,1704499199999,True
2024-01-06 00:00:00,1704499200000,14.092,14.098,13.18,13.436,3565461.87,1704585599999,True
2024-01-07 00:00:00,1704585600000,13.435,13.741,13.0,13.151,3045099.87,1704671999999,True
2024-01-08 00:00:00,1704672000000,13.155,14.402,12.527,14.139,6343630.56,1704758399999,True
2024-01-09 00:00:00,1704758400000,14.143,14.25,13.242,13.716,6089402.93,1704844799999,True
2024-01-10 00:00:00,1704844800000,13.716,15.363,13.563,15.072,6108662.9,1704931199999,True
2024-01-11 00:00:00,1704931200000,15.073,15.695,14.597,15.022,5971021.52,1705017599999,True
2024-01-12 00:00:00,1705017600000,15.021,15.304,13.59,14.151,5199803.58,1705103999999,True
2024-01-13 00:00:00,1705104000000,14.155,14.43,13.788,14.345,2403223.09,1705190399999,True
2024-01-14 00:00:00,1705190400000,14.345,15.434,14.267,14.755,6981289.71,1705276799999,True
2024-01-15 00:00:00,1705276800000,14.755,16.018,14.75,15.185,7120605.92,1705363199999,True
2024-01-16 00:00:00,1705363200000,15.185,15.365,14.739,15.271,3995089.65,1705449599999,True
2024-01-17 00:00:00,1705449600000,15.267,16.395,15.267,15.761,8906227.12,1705535999999,True
2024-01-18 00:00:00,1705536000000,15.761,15.773,14.189,14.658,6730412.48,1705622399999,True
2024-01-19 00:00:00,1705622400000,14.658,16.415,14.461,16.118,9958120.37,1705708799999,True
2024-01-20 00:00:00,1705708800000,16.118,16.61,15.624,15.781,8343648.47,1705795199999,True
2024-01-21 00:00:00,1705795200000,15.781,15.912,15.365,15.396,3466755.98,1705881599999,True
2024-01-22 00:00:00,1705881600000,15.393,15.974,14.507,14.598,8999991.39,1705967999999,True
2024-01-23 00:00:00,1705968000000,14.597,14.886,13.561,14.3,7634724.2,1706054399999,True
2024-01-24 00:00:00,1706054400000,14.298,14.442,13.911,14.243,4902671.9,1706140799999,True
2024-01-25 00:00:00,1706140800000,14.242,14.261,13.506,13.744,3983863.76,1706227199999,True
2024-01-26 00:00:00,1706227200000,13.744,14.3,13.637,14.187,4124078.3,1706313599999,True
2024-01-27 00:00:00,1706313600000,14.188,14.4,14.091,14.345,2101656.52,1706399999999,True
2024-01-28 00:00:00,1706400000000,14.341,14.7,14.201,14.48,3924457.9,1706486399999,True
2024-01-29 00:00:00,1706486400000,14.479,15.081,14.265,15.004,5591006.51,1706572799999,True
2024-01-30 00:00:00,1706572800000,15.004,15.805,14.895,15.475,6613663.41,1706659199999,True
2024-01-31 00:00:00,1706659200000,15.474,16.06,15.083,15.429,9675848.46,1706745599999,True
2024-02-01 00:00:00,1706745600000,15.427,17.382,15.147,17.19,15982416.79,1706831999999,True
2024-02-02 00:00:00,1706832000000,17.192,18.88,17.132,17.828,18593885.47,1706918399999,True
2024-02-03 00:00:00,1706918400000,17.827,18.148,17.502,17.658,7618053.39,1707004799999,True
2024-02-04 00:00:00,1707004800000,17.661,18.711,17.532,18.153,7542592.91,1707091199999,True
2024-02-05 00:00:00,1707091200000,18.154,19.794,17.806,19.164,11701737.55,1707177599999,True
2024-02-06 00:00:00,1707177600000,19.163,19.333,18.21,18.287,7718020.78,1707263999999,True
2024-02-07 00:00:00,1707264000000,18.287,19.077,18.021,18.817,6288753.44,1707350399999,True
2024-02-08 00:00:00,1707350400000,18.818,19.271,17.969,18.212,6386966.04,1707436799999,True
2024-02-09 00:00:00,1707436800000,18.209,18.625,17.973,18.47,5692887.07,1707523199999,True
2024-02-10 00:00:00,1707523200000,18.47,19.17,17.986,19.084,4237108.87,1707609599999,True
2024-02-11 00:00:00,1707609600000,19.083,20.676,18.829,20.146,8729373.41,1707695999999,True
2024-02-12 00:00:00,1707696000000,20.147,20.856,19.751,20.465,9061699.87,1707782399999,True
2024-02-13 00:00:00,1707782400000,20.467,20.592,19.45,19.87,6228394.6,1707868799999,True
2024-02-14 00:00:00,1707868800000,19.869,20.43,19.702,20.24,5075660.98,1707955199999,True
2024-02-15 00:00:00,1707955200000,20.24,20.524,19.65,19.932,4869032.92,1708041599999,True
2024-02-16 00:00:00,1708041600000,19.931,20.31,19.116,19.551,4600202.39,1708127999999,True
2024-02-17 00:00:00,1708128000000,19.555,20.273,19.218,20.032,3715998.41,1708214399999,True
2024-02-18 00:00:00,1708214400000,20.031,20.373,19.752,20.119,2893117.13,1708300799999,True
2024-02-19 00:00:00,1708300800000,20.12,20.245,19.647,19.832,4131134.93,1708387199999,True
2024-02-20 00:00:00,1708387200000,19.832,19.883,18.378,19.281,5699014.63,1708473599999,True
2024-02-21 00:00:00,1708473600000,19.281,19.287,18.0,18.594,4953060.58,1708559999999,True
2024-02-22 00:00:00,1708560000000,18.594,19.014,18.078,18.121,4209962.51,1708646399999,True
2024-02-23 00:00:00,1708646400000,18.12,18.286,17.56,17.935,4920946.76,1708732799999,True
2024-02-24 00:00:00,1708732800000,17.936,18.564,17.756,18.533,2305801.67,1708819199999,True
2024-02-25 00:00:00,1708819200000,18.533,18.859,18.37,18.722,2002911.08,1708905599999,True
2024-02-26 00:00:00,1708905600000,18.721,19.264,18.128,19.083,4454205.75,1708991999999,True
2024-02-27 00:00:00,1708992000000,19.083,19.362,18.662,19.023,4823735.82,1709078399999,True
2024-02-28 00:00:00,1709078400000,19.022,20.87,18.006,19.43,13518121.88,1709164799999,True
2024-02-29 00:00:00,1709164800000,19.43,20.455,18.801,19.274,8082763.33,1709251199999,True
2024-03-01 00:00:00,1709251200000,19.274,20.1,19.266,20.051,4054690.97,1709337599999,True
2024-03-02 00:00:00,1709337600000,20.052,21.69,19.956,21.398,7764412.97,1709423999999,True
2024-03-03 00:00:00,1709424000000,21.397,21.536,19.38,20.507,5670314.05,1709510399999,True
2024-03-04 00:00:00,1709510400000,20.507,20.895,19.82,20.416,6487639.07,1709596799999,True
2024-03-05 00:00:00,1709596800000,20.415,21.055,16.553,18.973,13545293.99,1709683199999,True
2024-03-06 00:00:00,1709683200000,18.973,20.152,18.389,20.085,6863998.61,1709769599999,True
2024-03-07 00:00:00,1709769600000,20.084,20.4,19.591,20.091,4703308.76,1709855999999,True
2024-03-08 00:00:00,1709856000000,20.092,20.391,19.14,19.699,5624596.13,1709942399999,True
2024-03-09 00:00:00,1709942400000,19.698,20.33,19.659,19.972,3713915.75,1710028799999,True
2024-03-10 00:00:00,1710028800000,19.973,21.96,19.379,21.68,6536500.81,1710115199999,True
2024-03-11 00:00:00,1710115200000,21.682,22.868,20.661,21.277,13248286.27,1710201599999,True
2024-03-12 00:00:00,1710201600000,21.277,21.341,19.516,20.704,9044025.32,1710287999999,True
2024-03-13 00:00:00,1710288000000,20.705,20.96,20.201,20.751,5205529.64,1710374399999,True
2024-03-14 00:00:00,1710374400000,20.752,21.949,19.87,20.88,12982071.97,1710460799999,True
2024-03-15 00:00:00,1710460800000,20.88,20.998,18.452,19.63,10111374.57,1710547199999,True
2024-03-16 00:00:00,1710547200000,19.633,19.829,17.806,18.115,6655371.41,1710633599999,True
2024-03-17 00:00:00,1710633600000,18.114,18.832,17.383,18.666,5308088.19,1710719999999,True
2024-03-18 00:00:00,1710720000000,18.666,19.494,18.043,18.301,7337983.8,1710806399999,True
2024-03-19 00:00:00,1710806400000,18.3,18.462,16.5,16.805,11140933.14,1710892799999,True
2024-03-20 00:00:00,1710892800000,16.804,18.5,16.244,18.412,8681676.8,1710979199999,True
2024-03-21 00:00:00,1710979200000,18.413,18.919,17.874,18.458,5074727.17,1711065599999,True
2024-03-22 00:00:00,1711065600000,18.458,18.584,17.325,18.367,4407460.12,1711151999999,True
2024-03-23 00:00:00,1711152000000,18.367,18.47,17.89,18.063,2509664.7,1711238399999,True
2024-03-24 00:00:00,1711238400000,18.063,18.628,17.97,18.518,1938843.98,1711324799999,True
2024-03-25 00:00:00,1711324800000,18.519,19.497,18.372,19.375,3415287.99,1711411199999,True
2024-03-26 00:00:00,1711411200000,19.375,20.737,19.331,20.007,5054832.06,1711497599999,True
2024-03-27 00:00:00,1711497600000,20.007,20.186,19.002,19.289,4359990.06,1711583999999,True
2024-03-28 00:00:00,1711584000000,19.29,19.808,19.043,19.148,3051983.73,1711670399999,True
2024-03-29 00:00:00,1711670400000,19.148,19.294,18.71,18.967,2573526.7,1711756799999,True
2024-03-30 00:00:00,1711756800000,18.967,19.291,18.783,18.933,2095740.16,1711843199999,True
2024-03-31 00:00:00,1711843200000,18.932,19.35,18.872,19.171,1590144.42,1711929599999,True
2024-04-01 00:00:00,1711929600000,19.17,19.275,17.856,18.358,3750501.14,1712015999999,True
2024-04-02 00:00:00,1712016000000,18.358,18.486,17.366,17.952,6634337.92,1712102399999,True
2024-04-03 00:00:00,1712102400000,17.953,18.337,17.38,17.687,3386259.96,1712188799999,True
2024-04-04 00:00:00,1712188800000,17.683,18.26,17.395,17.791,2903628.96,1712275199999,True
2024-04-05 00:00:00,1712275200000,17.79,17.791,16.862,17.325,2837274.08,1712361599999,True
2024-04-06 00:00:00,1712361600000,17.326,17.676,17.262,17.559,1487887.06,1712447999999,True
2024-04-07 00:00:00,1712448000000,17.56,17.973,17.501,17.913,1694095.78,1712534399999,True
2024-04-08 00:00:00,1712534400000,17.913,18.677,17.545,18.101,3848266.56,1712620799999,True
2024-04-09 00:00:00,1712620800000,18.1,18.181,17.241,17.362,3030395.75,1712707199999,True
2024-04-10 00:00:00,1712707200000,17.362,17.579,16.801,17.417,3470763.22,1712793599999,True
2024-04-11 00:00:00,1712793600000,17.417,17.62,17.006,17.555,1923583.47,1712879999999,True
2024-04-12 00:00:00,1712880000000,17.554,17.869,13.368,15.156,12185442.13,1712966399999,True
2024-04-13 00:00:00,1712966400000,15.155,15.398,11.788,13.288,14506798.73,1713052799999,True
2024-04-14 00:00:00,1713052800000,13.288,14.256,12.717,14.098,10069683.52,1713139199999,True
2024-04-15 00:00:00,1713139200000,14.099,14.668,13.222,13.58,7325684.02,1713225599999,True
2024-04-16 00:00:00,1713225600000,13.582,13.814,12.816,13.46,4853855.31,1713311999999,True
2024-04-17 00:00:00,1713312000000,13.459,13.608,12.718,13.133,4828560.16,1713398399999,True
2024-04-18 00:00:00,1713398400000,13.132,13.984,12.815,13.887,3966318.26,1713484799999,True
2024-04-19 00:00:00,1713484800000,13.888,14.119,12.742,13.946,6021268.15,1713571199999,True
2024-04-20 00:00:00,1713571200000,13.945,15.037,13.746,14.959,3117853.09,1713657599999,True
2024-04-21 00:00:00,1713657600000,14.958,15.178,14.527,15.105,2115579.19,1713743999999,True
2024-04-22 00:00:00,1713744000000,15.105,16.039,15.012,15.445,4323797.19,1713830399999,True
2024-04-23 00:00:00,1713830400000,15.445,15.572,15.098,15.178,2579511.45,1713916799999,True
2024-04-24 00:00:00,1713916800000,15.178,15.638,14.361,14.536,4135836.88,1714003199999,True
2024-04-25 00:00:00,1714003200000,14.536,14.902,14.352,14.593,3431332.32,1714089599999,True
2024-04-26 00:00:00,1714089600000,14.594,14.934,14.348,14.49,2739843.04,1714175999999,True
2024-04-27 00:00:00,1714176000000,14.491,14.525,13.87,14.267,2913028.82,1714262399999,True
2024-04-28 00:00:00,1714262400000,14.267,14.443,13.729,13.809,1626015.75,1714348799999,True
2024-04-29 00:00:00,1714348800000,13.809,14.186,13.714,14.074,2244207.74,1714435199999,True
2024-04-30 00:00:00,1714435200000,14.075,14.207,12.768,13.129,3667884.32,1714521599999,True
2024-05-01 00:00:00,1714521600000,13.128,13.506,12.35,13.347,4938418.64,1714607999999,True
2024-05-02 00:00:00,1714608000000,13.348,13.776,12.926,13.59,2408170.3,1714694399999,True
2024-05-03 00:00:00,1714694400000,13.59,14.2,13.459,14.093,2185366.29,1714780799999,True
2024-05-04 00:00:00,1714780800000,14.093,14.48,13.973,14.316,2150934.56,1714867199999,True
2024-05-05 00:00:00,1714867200000,14.317,14.662,14.11,14.371,1494724.41,1714953599999,True
2024-05-06 00:00:00,1714953600000,14.371,15.165,14.277,14.484,3244647.01,1715039999999,True
2024-05-07 00:00:00,1715040000000,14.484,14.725,13.963,13.997,2558935.56,1715126399999,True
2024-05-08 00:00:00,1715126400000,13.997,14.121,13.689,13.9,2688746.46,1715212799999,True
2024-05-09 00:00:00,1715212800000,13.899,14.369,13.842,14.237,2293030.1,1715299199999,True
2024-05-10 00:00:00,1715299200000,14.237,14.37,13.5,13.564,2824808.84,1715385599999,True
2024-05-11 00:00:00,1715385600000,13.565,13.812,13.28,13.306,1322923.76,1715471999999,True
2024-05-12 00:00:00,1715472000000,13.306,13.595,13.284,13.559,932004.7,1715558399999,True
2024-05-13 00:00:00,1715558400000,13.559,13.678,13.076,13.393,2514847.72,1715644799999,True
2024-05-14 00:00:00,1715644800000,13.392,13.6,12.933,12.98,2612434.88,1715731199999,True
2024-05-15 00:00:00,1715731200000,12.985,13.938,12.84,13.865,2926889.87,1715817599999,True
2024-05-16 00:00:00,1715817600000,13.867,15.866,13.537,15.516,7412429.35,1715903999999,True
2024-05-17 00:00:00,1715904000000,15.516,16.765,15.478,16.231,9400608.31,1715990399999,True
2024-05-18 00:00:00,1715990400000,16.231,16.567,16.05,16.329,3328563.95,1716076799999,True
2024-05-19 00:00:00,1716076800000,16.33,17.136,16.3,16.56,4967635.46,1716163199999,True
2024-05-20 00:00:00,1716163200000,16.56,17.46,16.362,17.262,6577697.92,1716249599999,True
2024-05-21 00:00:00,1716249600000,17.263,17.439,16.51,16.739,5456936.22,1716335999999,True
2024-05-22 00:00:00,1716336000000,16.741,16.929,16.148,16.354,4024068.18,1716422399999,True
2024-05-23 00:00:00,1716422400000,16.352,16.808,15.442,16.596,5766263.23,1716508799999,True
2024-05-24 00:00:00,1716508800000,16.596,17.798,16.56,17.25,7298192.05,1716595199999,True
2024-05-25 00:00:00,1716595200000,17.25,17.472,16.912,17.443,2426265.67,1716681599999,True
2024-05-26 00:00:00,1716681600000,17.442,17.915,16.991,17.042,3214720.65,1716767999999,True
2024-05-27 00:00:00,1716768000000,17.042,18.867,16.878,18.786,5638537.81,1716854399999,True
2024-05-28 00:00:00,1716854400000,18.791,18.838,17.847,18.528,5603881.79,1716940799999,True
2024-05-29 00:00:00,1716940800000,18.539,19.22,18.036,18.453,4377221.2,1717027199999,True
2024-05-30 00:00:00,1717027200000,18.453,19.207,17.781,17.944,3752099.99,1717113599999,True
2024-05-31 00:00:00,1717113600000,17.943,18.74,17.461,18.414,3063262.06,1717199999999,True
2024-06-01 00:00:00,1717200000000,18.411,18.686,18.266,18.443,1410910.67,1717286399999,True
2024-06-02 00:00:00,1717286400000,18.442,18.566,18.072,18.143,1523835.06,1717372799999,True
2024-06-03 00:00:00,1717372800000,18.142,18.359,17.539,17.629,2446283.0,1717459199999,True
2024-06-04 00:00:00,1717459200000,17.629,17.852,17.474,17.716,1872549.09,1717545599999,True
2024-06-05 00:00:00,1717545600000,17.716,18.082,17.6,17.741,2229505.03,1717631999999,True
2024-06-06 00:00:00,1717632000000,17.743,17.776,17.102,17.248,2933861.04,1717718399999,True
2024-06-07 00:00:00,1717718400000,17.248,17.722,15.3,16.318,4192706.62,1717804799999,True
2024-06-08 00:00:00,1717804800000,16.319,16.421,15.682,15.928,1915926.5,1717891199999,True
2024-06-09 00:00:00,1717891200000,15.929,16.383,15.901,16.372,1099628.14,1717977599999,True
2024-06-10 00:00:00,1717977600000,16.371,16.39,15.76,15.905,1775765.43,1718063999999,True
2024-06-11 00:00:00,1718064000000,15.906,15.913,14.662,14.988,3486215.88,1718150399999,True
2024-06-12 00:00:00,1718150400000,14.987,16.236,14.73,16.006,3534449.74,1718236799999,True
2024-06-13 00:00:00,1718236800000,16.007,16.05,15.052,15.141,2308110.11,1718323199999,True
2024-06-14 00:00:00,1718323200000,15.139,15.462,14.469,14.744,2962457.3,1718409599999,True
2024-06-15 00:00:00,1718409600000,14.745,15.113,14.702,14.857,1563299.76,1718495999999,True
2024-06-16 00:00:00,1718496000000,14.859,15.23,14.57,15.144,1514250.0,1718582399999,True
2024-06-17 00:00:00,1718582400000,15.141,15.22,14.017,14.523,2994665.1,1718668799999,True
2024-06-18 00:00:00,1718668800000,14.522,14.62,12.931,13.986,5575818.39,1718755199999,True
2024-06-19 00:00:00,1718755200000,13.986,14.503,13.913,14.345,2075689.63,1718841599999,True
2024-06-20 00:00:00,1718841600000,14.346,14.86,14.192,14.255,1908530.59,1718927999999,True
2024-06-21 00:00:00,1718928000000,14.26,14.595,13.844,13.848,3109887.06,1719014399999,True
2024-06-22 00:00:00,1719014400000,13.849,13.912,13.468,13.482,1389556.99,1719100799999,True
2024-06-23 00:00:00,1719100800000,13.483,13.685,13.123,13.194,1460540.28,1719187199999,True
2024-06-24 00:00:00,1719187200000,13.194,13.689,12.63,13.617,3776245.24,1719273599999,True
2024-06-25 00:00:00,1719273600000,13.617,14.291,13.571,14.198,2163785.76,1719359999999,True
2024-06-26 00:00:00,1719360000000,14.197,14.293,13.857,13.915,1473178.38,1719446399999,True
2024-06-27 00:00:00,1719446400000,13.917,14.63,13.585,14.433,2616406.14,1719532799999,True
2024-06-28 00:00:00,1719532800000,14.432,14.6,13.757,13.778,2211079.82,1719619199999,True
2024-06-29 00:00:00,1719619200000,13.777,14.167,13.481,13.543,1485231.67,1719705599999,True
2024-06-30 00:00:00,1719705600000,13.544,14.35,13.451,14.281,1645240.48,1719791999999,True
2024-07-01 00:00:00,1719792000000,14.279,14.579,14.22,14.338,1755091.25,1719878399999,True
2024-07-02 00:00:00,1719878400000,14.338,14.754,14.245,14.415,2151743.28,1719964799999,True
2024-07-03 00:00:00,1719964800000,14.413,14.596,13.5,13.589,3543779.54,1720051199999,True
2024-07-04 00:00:00,1720051200000,13.59,13.739,12.512,12.538,4607993.13,1720137599999,True
2024-07-05 00:00:00,1720137600000,12.539,12.549,11.053,12.311,8073983.29,1720223999999,True
2024-07-06 00:00:00,1720224000000,12.312,13.283,12.187,13.18,1887193.74,1720310399999,True
2024-07-07 00:00:00,1720310400000,13.18,13.195,12.289,12.352,1659445.12,1720396799999,True
2024-07-08 00:00:00,1720396800000,12.355,13.526,11.772,13.121,3902970.7,1720483199999,True
2024-07-09 00:00:00,1720483200000,13.119,13.316,12.73,12.841,3025500.29,1720569599999,True
2024-07-10 00:00:00,1720569600000,12.841,13.168,12.69,12.79,2316344.53,1720655999999,True
2024-07-11 00:00:00,1720656000000,12.791,13.191,12.291,12.347,2913398.11,1720742399999,True
2024-07-12 00:00:00,1720742400000,12.343,12.829,12.228,12.74,3147280.64,1720828799999,True
2024-07-13 00:00:00,1720828800000,12.743,13.136,12.7,13.021,1843029.13,1720915199999,True
2024-07-14 00:00:00,1720915200000,13.019,13.527,12.889,13.448,2749845.4,1721001599999,True
2024-07-15 00:00:00,1721001600000,13.448,14.511,13.405,14.394,3174140.86,1721087999999,True
2024-07-16 00:00:00,1721088000000,14.399,14.622,13.814,14.206,3371919.54,1721174399999,True
2024-07-17 00:00:00,1721174400000,14.208,14.504,13.73,13.737,2632485.26,1721260799999,True
2024-07-18 00:00:00,1721260800000,13.737,14.003,13.414,13.593,2447987.26,1721347199999,True
2024-07-19 00:00:00,1721347200000,13.592,14.139,13.335,14.076,2608696.21,1721433599999,True
2024-07-20 00:00:00,1721433600000,14.076,14.333,13.849,14.247,1546995.05,1721519999999,True
2024-07-21 00:00:00,1721520000000,14.246,15.196,13.944,14.816,3427519.11,1721606399999,True
2024-07-22 00:00:00,1721606400000,14.817,14.881,13.78,13.93,1647419.89,1721692799999,True
2024-07-23 00:00:00,1721692800000,13.93,14.17,13.494,13.91,1421942.97,1721779199999,True
2024-07-24 00:00:00,1721779200000,13.9,13.96,13.25,13.4,1256030.46,1721865599999,True
2024-07-25 00:00:00,1721865600000,13.41,13.45,12.47,12.94,1885396.08,1721951999999,True
2024-07-26 00:00:00,1721952000000,12.93,13.64,12.91,13.53,1174587.03,1722038399999,True
2024-07-27 00:00:00,1722038400000,13.53,13.88,13.26,13.54,1460433.56,1722124799999,True
2024-07-28 00:00:00,1722124800000,13.55,13.65,13.19,13.3,705440.02,1722211199999,True
2024-07-29 00:00:00,1722211200000,13.3,13.91,13.3,13.53,1524616.75,1722297599999,True
2024-07-30 00:00:00,1722297600000,13.53,13.8,12.98,13.14,1362496.85,1722383999999,True
2024-07-31 00:00:00,1722384000000,13.13,13.42,12.768,12.83,1497800.16,1722470399999,True
2024-08-01 00:00:00,1722470400000,12.82,13.1,12.12,12.88,1870585.71,1722556799999,True
2024-08-02 00:00:00,1722556800000,12.88,12.96,11.76,11.93,2658270.91,1722643199999,True
2024-08-03 00:00:00,1722643200000,11.92,12.14,11.34,11.68,1748000.69,1722729599999,True
2024-08-04 00:00:00,1722729600000,11.69,11.79,10.48,10.88,2457740.26,1722815999999,True
2024-08-05 00:00:00,1722816000000,10.88,10.97,8.08,9.49,17206780.72,1722902399999,True
2024-08-06 00:00:00,1722902400000,9.49,10.7,9.47,10.07,3797828.71,1722988799999,True
2024-08-07 00:00:00,1722988800000,10.06,10.49,9.39,9.48,2916617.05,1723075199999,True
2024-08-08 00:00:00,1723075200000,9.49,10.84,9.34,10.75,2764327.55,1723161599999,True
2024-08-09 00:00:00,1723161600000,10.74,10.75,10.16,10.53,1744241.58,1723247999999,True
2024-08-10 00:00:00,1723248000000,10.53,10.71,10.47,10.55,971316.1,1723334399999,True
2024-08-11 00:00:00,1723334400000,10.56,10.84,9.94,10.0,1547361.69,1723420799999,True
2024-08-12 00:00:00,1723420800000,10.0,10.75,9.94,10.56,2572403.11,1723507199999,True
2024-08-13 00:00:00,1723507200000,10.55,10.69,10.09,10.58,1953151.78,1723593599999,True
2024-08-14 00:00:00,1723593600000,10.58,10.74,10.21,10.39,1606087.78,1723679999999,True
2024-08-15 00:00:00,1723680000000,10.39,10.69,9.98,10.17,2065975.02,1723766399999,True
2024-08-16 00:00:00,1723766400000,10.17,10.4,9.91,10.12,1412866.98,1723852799999,True
2024-08-17 00:00:00,1723852800000,10.13,10.18,10.03,10.16,660305.04,1723939199999,True
2024-08-18 00:00:00,1723939200000,10.16,10.48,10.06,10.09,1294898.35,1724025599999,True
2024-08-19 00:00:00,1724025600000,10.09,10.2,9.94,10.19,1446198.29,1724111999999,True
2024-08-20 00:00:00,1724112000000,10.19,10.55,10.04,10.23,1584395.02,1724198399999,True
2024-08-21 00:00:00,1724198400000,10.24,11.4,10.14,11.22,2603911.22,1724284799999,True
2024-08-22 00:00:00,1724284800000,11.21,11.62,11.14,11.48,2372692.02,1724371199999,True
2024-08-23 00:00:00,1724371200000,11.48,12.21,11.45,12.05,2511841.64,1724457599999,True
2024-08-24 00:00:00,1724457600000,12.06,12.56,11.9,12.35,1890917.97,1724543999999,True
2024-08-25 00:00:00,1724544000000,12.34,12.39,11.94,12.1,1680258.12,1724630399999,True
2024-08-26 00:00:00,1724630400000,12.1,12.7,11.83,11.83,2726249.26,1724716799999,True
2024-08-27 00:00:00,1724716800000,11.83,12.06,10.9,11.16,2512859.8,1724803199999,True
2024-08-28 00:00:00,1724803200000,11.15,11.71,10.93,11.17,2391451.06,1724889599999,True
2024-08-29 00:00:00,1724889600000,11.17,11.47,10.81,10.94,1488137.35,1724975999999,True
2024-08-30 00:00:00,1724976000000,10.94,11.2,10.5,11.11,1605908.27,1725062399999,True
2024-08-31 00:00:00,1725062400000,11.12,11.21,10.93,11.02,762838.01,1725148799999,True
2024-09-01 00:00:00,1725148800000,11.02,11.02,10.23,10.37,1509016.4,1725235199999,True
2024-09-02 00:00:00,1725235200000,10.37,10.84,10.32,10.77,1315079.57,1725321599999,True
2024-09-03 00:00:00,1725321600000,10.77,10.88,10.21,10.31,1596734.24,1725407999999,True
2024-09-04 00:00:00,1725408000000,10.32,10.5,9.82,10.34,2274543.36,1725494399999,True
2024-09-05 00:00:00,1725494400000,10.33,10.4,9.91,10.03,1234400.81,1725580799999,True
2024-09-06 00:00:00,1725580800000,10.03,10.18,9.28,9.57,2726820.88,1725667199999,True
2024-09-07 00:00:00,1725667200000,9.58,10.16,9.56,10.03,1343150.05,1725753599999,True
2024-09-08 00:00:00,1725753600000,10.03,10.46,9.97,10.35,1350353.58,1725839999999,True
2024-09-09 00:00:00,1725840000000,10.35,10.83,10.27,10.53,2536489.74,1725926399999,True
2024-09-10 00:00:00,1725926400000,10.54,10.74,10.33,10.58,1474504.71,1726012799999,True
2024-09-11 00:00:00,1726012800000,10.58,10.6,10.17,10.4,1527678.77,1726099199999,True
2024-09-12 00:00:00,1726099200000,10.39,10.81,10.39,10.78,1446798.84,1726185599999,True
2024-09-13 00:00:00,1726185600000,10.79,11.56,10.64,11.45,2956943.65,1726271999999,True
2024-09-14 00:00:00,1726272000000,11.45,11.48,11.21,11.29,1145891.32,1726358399999,True
2024-09-15 00:00:00,1726358400000,11.3,11.36,10.79,10.81,1228933.57,1726444799999,True
2024-09-16 00:00:00,1726444800000,10.81,10.83,10.41,10.54,1891935.14,1726531199999,True
2024-09-17 00:00:00,1726531200000,10.54,10.92,10.43,10.63,1812776.35,1726617599999,True
2024-09-18 00:00:00,1726617600000,10.63,10.9,10.29,10.89,1980319.05,1726703999999,True
2024-09-19 00:00:00,1726704000000,10.9,11.4,10.9,11.21,2838273.01,1726790399999,True
2024-09-20 00:00:00,1726790400000,11.21,11.74,11.12,11.44,2711552.15,1726876799999,True
2024-09-21 00:00:00,1726876800000,11.44,11.55,11.21,11.5,1321660.74,1726963199999,True
2024-09-22 00:00:00,1726963200000,11.5,11.55,10.84,11.13,1594550.09,1727049599999,True
2024-09-23 00:00:00,1727049600000,11.12,11.61,10.92,11.39,2250270.71,1727135999999,True
2024-09-24 00:00:00,1727136000000,11.4,12.23,11.2,12.15,2854159.21,1727222399999,True
2024-09-25 00:00:00,1727222400000,12.15,12.56,12.06,12.11,2605279.51,1727308799999,True
2024-09-26 00:00:00,1727308800000,12.11,12.75,11.87,12.56,3111496.33,1727395199999,True
2024-09-27 00:00:00,1727395200000,12.56,12.88,12.44,12.67,2804745.6,1727481599999,True
2024-09-28 00:00:00,1727481600000,12.66,12.98,12.36,12.95,2187458.11,1727567999999,True
2024-09-29 00:00:00,1727568000000,12.95,12.98,12.43,12.46,1484031.12,1727654399999,True
2024-09-30 00:00:00,1727654400000,12.47,12.48,11.75,11.85,2055007.13,1727740799999,True
2024-10-01 00:00:00,1727740800000,11.85,12.26,10.84,11.01,4149387.7,1727827199999,True
2024-10-02 00:00:00,1727827200000,11.01,11.31,10.45,10.66,3135603.43,1727913599999,True
2024-10-03 00:00:00,1727913600000,10.65,10.87,10.34,10.66,2609545.82,1727999999999,True
2024-10-04 00:00:00,1728000000000,10.66,11.25,10.59,11.08,2180620.51,1728086399999,True
2024-10-05 00:00:00,1728086400000,11.08,11.38,10.98,11.27,1206500.32,1728172799999,True
2024-10-06 00:00:00,1728172800000,11.27,11.4,11.16,11.27,1438654.89,1728259199999,True
2024-10-07 00:00:00,1728259200000,11.28,11.76,11.12,11.16,2903675.63,1728345599999,True
2024-10-08 00:00:00,1728345600000,11.16,11.29,10.78,10.82,2511775.1,1728431999999,True
2024-10-09 00:00:00,1728432000000,10.83,10.97,10.41,10.53,2572154.31,1728518399999,True
2024-10-10 00:00:00,1728518400000,10.54,10.75,10.25,10.56,2311977.76,1728604799999,True
2024-10-11 00:00:00,1728604800000,10.55,11.03,10.5,10.91,1729530.83,1728691199999,True
2024-10-12 00:00:00,1728691200000,10.9,11.15,10.83,11.01,1409186.28,1728777599999,True
2024-10-13 00:00:00,1728777600000,11.0,11.08,10.62,10.75,1465344.52,1728863999999,True
2024-10-14 00:00:00,1728864000000,10.75,11.35,10.6,11.28,2770179.29,1728950399999,True
2024-10-15 00:00:00,1728950400000,11.29,11.7,10.93,11.45,4806201.65,1729036799999,True
2024-10-16 00:00:00,1729036800000,11.45,11.54,11.06,11.24,2177488.42,1729123199999,True
2024-10-17 00:00:00,1729123200000,11.25,11.35,10.85,11.03,1843237.65,1729209599999,True
2024-10-18 00:00:00,1729209600000,11.03,11.51,10.98,11.48,2177797.1,1729295999999,True
2024-10-19 00:00:00,1729296000000,11.48,11.6,11.29,11.42,1040836.05,1729382399999,True
2024-10-20 00:00:00,1729382400000,11.42,12.04,11.27,11.98,2070368.07,1729468799999,True
2024-10-21 00:00:00,1729468800000,11.98,12.03,11.54,11.71,2142895.94,1729555199999,True
2024-10-22 00:00:00,1729555200000,11.7,12.35,11.59,11.97,3746862.51,1729641599999,True
2024-10-23 00:00:00,1729641600000,11.98,12.01,11.0,11.32,2846227.54,1729727999999,True
2024-10-24 00:00:00,1729728000000,11.32,11.65,11.22,11.62,2056184.87,1729814399999,True
2024-10-25 00:00:00,1729814400000,11.62,12.1,10.8,11.13,4150315.56,1729900799999,True
2024-10-26 00:00:00,1729900800000,11.14,11.4,10.82,11.01,2431743.17,1729987199999,True
2024-10-27 00:00:00,1729987200000,11.01,11.18,10.84,10.99,1292426.51,1730073599999,True
2024-10-28 00:00:00,1730073600000,10.99,11.27,10.71,11.18,2232645.81,1730159999999,True
2024-10-29 00:00:00,1730160000000,11.19,11.81,11.15,11.8,2413413.41,1730246399999,True
2024-10-30 00:00:00,1730246400000,11.8,12.45,11.65,12.39,3115047.04,1730332799999,True
2024-10-31 00:00:00,1730332800000,12.4,12.47,11.31,11.41,2672404.77,1730419199999,True
2024-11-01 00:00:00,1730419200000,11.41,11.73,11.13,11.25,3095385.47,1730505599999,True
2024-11-02 00:00:00,1730505600000,11.24,11.4,11.07,11.19,2144981.92,1730591999999,True
2024-11-03 00:00:00,1730592000000,11.19,11.24,10.51,10.76,3043948.92,1730678399999,True
2024-11-04 00:00:00,1730678400000,10.75,10.92,10.07,10.26,3285395.24,1730764799999,True
2024-11-05 00:00:00,1730764800000,10.25,10.94,10.18,10.83,2451648.01,1730851199999,True
2024-11-06 00:00:00,1730851200000,10.84,12.32,10.8,12.17,6021284.14,1730937599999,True
2024-11-07 00:00:00,1730937600000,12.17,12.71,12.06,12.59,4102157.95,1731023999999,True
2024-11-08 00:00:00,1731024000000,12.59,13.75,12.52,13.69,5862824.36,1731110399999,True
2024-11-09 00:00:00,1731110400000,13.69,13.84,13.28,13.78,3227868.58,1731196799999,True
2024-11-10 00:00:00,1731196800000,13.78,14.85,13.65,14.25,7213896.18,1731283199999,True
2024-11-11 00:00:00,1731283200000,14.26,14.94,13.61,14.91,7032175.76,1731369599999,True
2024-11-12 00:00:00,1731369600000,14.91,15.34,13.66,13.95,9709186.6,1731455999999,True
2024-11-13 00:00:00,1731456000000,13.95,14.38,13.05,13.48,7983731.02,1731542399999,True
2024-11-14 00:00:00,1731542400000,13.49,13.83,12.8,13.0,5553257.49,1731628799999,True
2024-11-15 00:00:00,1731628800000,13.0,13.9,12.71,13.84,4456308.53,1731715199999,True
2024-11-16 00:00:00,1731715200000,13.84,14.8,13.73,14.52,5856591.0,1731801599999,True
2024-11-17 00:00:00,1731801600000,14.53,14.9,13.56,13.78,4925533.75,1731887999999,True
2024-11-18 00:00:00,1731888000000,13.79,16.0,13.75,15.26,8507217.52,1731974399999,True
2024-11-19 00:00:00,1731974400000,15.27,15.43,14.33,14.62,4551823.82,1732060799999,True
2024-11-20 00:00:00,1732060800000,14.62,15.32,14.03,14.24,5709847.39,1732147199999,True
2024-11-21 00:00:00,1732147200000,14.24,15.38,13.83,14.89,6056901.96,1732233599999,True
2024-11-22 00:00:00,1732233600000,14.89,16.59,14.72,16.57,10260318.34,1732319999999,True
2024-11-23 00:00:00,1732320000000,16.57,18.39,16.3,17.38,11533900.71,1732406399999,True
2024-11-24 00:00:00,1732406400000,17.39,18.34,16.1,17.91,8358817.85,1732492799999,True
2024-11-25 00:00:00,1732492800000,17.91,19.06,17.14,17.34,10299574.1,1732579199999,True
2024-11-26 00:00:00,1732579200000,17.34,17.84,16.18,17.34,6811917.35,1732665599999,True
2024-11-27 00:00:00,1732665600000,17.34,19.0,16.96,18.66,7273824.08,1732751999999,True
2024-11-28 00:00:00,1732752000000,18.66,18.69,17.48,17.93,4613852.6,1732838399999,True
2024-11-29 00:00:00,1732838400000,17.94,18.41,17.52,18.24,3855567.29,1732924799999,True
2024-11-30 00:00:00,1732924800000,18.25,19.441,17.93,19.0,5052772.3,1733011199999,True
2024-12-01 00:00:00,1733011200000,19.0,19.11,18.43,18.92,4149445.38,1733097599999,True
2024-12-02 00:00:00,1733097600000,18.91,26.9,18.57,25.23,36222747.77,1733183999999,True
2024-12-03 00:00:00,1733184000000,25.22,26.32,22.54,24.09,22028330.36,1733270399999,True
2024-12-04 00:00:00,1733270400000,24.1,26.59,23.6,24.07,14113341.66,1733356799999,True
2024-12-05 00:00:00,1733356800000,24.07,24.82,22.41,23.15,9709163.86,1733443199999,True
2024-12-06 00:00:00,1733443200000,23.15,25.94,22.75,25.87,8541586.87,1733529599999,True
2024-12-07 00:00:00,1733529600000,25.88,26.89,24.44,24.79,6873804.42,1733615999999,True
2024-12-08 00:00:00,1733616000000,24.79,27.41,24.68,26.09,9422038.91,1733702399999,True
2024-12-09 00:00:00,1733702400000,26.09,27.36,19.56,22.25,19183245.38,1733788799999,True
2024-12-10 00:00:00,1733788800000,22.24,23.78,20.27,22.12,15548546.65,1733875199999,True
2024-12-11 00:00:00,1733875200000,22.11,24.33,21.14,24.07,7801029.71,1733961599999,True
2024-12-12 00:00:00,1733961600000,24.06,29.45,23.87,29.13,21001352.82,1734047999999,True
2024-12-13 00:00:00,1734048000000,29.14,30.94,27.53,28.99,14381820.64,1734134399999,True
2024-12-14 00:00:00,1734134400000,28.99,30.77,28.71,29.12,10705069.13,1734220799999,True
2024-12-15 00:00:00,1734220800000,29.13,29.88,28.02,29.26,7150900.76,1734307199999,True
2024-12-16 00:00:00,1734307200000,29.25,30.85,28.41,28.73,11253244.27,1734393599999,True
2024-12-17 00:00:00,1734393600000,28.74,29.07,27.3,27.86,8162177.01,1734479999999,True
2024-12-18 00:00:00,1734480000000,27.86,28.4,24.72,24.86,10891198.88,1734566399999,True
2024-12-19 00:00:00,1734566400000,24.85,25.61,21.72,22.81,14916127.01,1734652799999,True
2024-12-20 00:00:00,1734652800000,22.81,23.72,20.02,23.39,13433143.15,1734739199999,True
2024-12-21 00:00:00,1734739200000,23.4,24.94,21.78,22.13,8748702.92,1734825599999,True
2024-12-22 00:00:00,1734825600000,22.14,22.79,21.31,22.08,4483502.54,1734911999999,True
2024-12-23 00:00:00,1734912000000,22.08,24.97,21.49,24.55,9215196.76,1734998399999,True
2024-12-24 00:00:00,1734998400000,24.55,25.99,23.54,25.42,8371919.06,1735084799999,True
2024-12-25 00:00:00,1735084800000,25.43,25.59,24.15,24.44,4716973.49,1735171199999,True
2024-12-26 00:00:00,1735171200000,24.44,24.7,22.42,22.68,4244868.44,1735257599999,True
2024-12-27 00:00:00,1735257600000,22.68,23.67,21.37,21.57,5144826.16,1735343999999,True
2024-12-28 00:00:00,1735344000000,21.56,22.38,21.06,21.99,4644178.39,1735430399999,True
2024-12-29 00:00:00,1735430400000,21.99,22.02,20.77,20.96,2537973.93,1735516799999,True
2024-12-30 00:00:00,1735516800000,20.96,21.83,20.09,20.58,4524110.74,1735603199999,True
2024-12-31 00:00:00,1735603200000,20.57,21.2,19.82,20.01,4498064.0,1735689599999,True
2025-01-01 00:00:00,1735689600000,20.02,21.86,19.67,21.73,4784506.5,1735775999999,True
2025-01-02 00:00:00,1735776000000,21.73,22.91,21.72,22.07,5942889.48,1735862399999,True
2025-01-03 00:00:00,1735862400000,22.07,23.9,21.63,23.48,6281911.66,1735948799999,True
2025-01-04 00:00:00,1735948800000,23.48,24.05,22.87,23.6,3449453.99,1736035199999,True
2025-01-05 00:00:00,1736035200000,23.6,23.83,22.85,23.58,2516610.67,1736121599999,True
2025-01-06 00:00:00,1736121600000,23.58,24.78,23.01,23.83,5871853.9,1736207999999,True
2025-01-07 00:00:00,1736208000000,23.83,23.84,21.18,21.38,7603584.68,1736294399999,True
2025-01-08 00:00:00,1736294400000,21.39,21.73,19.59,20.44,6791105.29,1736380799999,True
2025-01-09 00:00:00,1736380800000,20.44,20.73,19.14,19.65,5470102.72,1736467199999,True
2025-01-10 00:00:00,1736467200000,19.64,20.54,19.53,20.24,5079025.48,1736553599999,True
2025-01-11 00:00:00,1736553600000,20.25,20.69,19.81,20.21,2575892.75,1736639999999,True
2025-01-12 00:00:00,1736640000000,20.21,20.34,19.59,19.84,2354200.64,1736726399999,True
2025-01-13 00:00:00,1736726400000,19.85,20.44,17.83,19.35,8929572.72,1736812799999,True
2025-01-14 00:00:00,1736812800000,19.36,20.51,19.25,20.32,4234979.71,1736899199999,True
2025-01-15 00:00:00,1736899200000,20.33,22.15,20.1,22.1,7193382.93,1736985599999,True
2025-01-16 00:00:00,1736985600000,22.1,23.78,21.3,23.03,8100341.74,1737071999999,True
2025-01-17 00:00:00,1737072000000,23.03,25.23,23.02,25.09,5333944.46,1737158399999,True
2025-01-18 00:00:00,1737158400000,25.1,25.67,23.37,24.12,7180885.24,1737244799999,True
2025-01-19 00:00:00,1737244800000,24.12,26.71,22.19,24.34,18510171.54,1737331199999,True
2025-01-20 00:00:00,1737331200000,24.34,26.94,23.4,25.09,21688921.29,1737417599999,True
2025-01-21 00:00:00,1737417600000,25.08,27.09,23.68,26.67,10509727.17,1737503999999,True
2025-01-22 00:00:00,1737504000000,26.67,27.21,25.13,25.3,4298632.85,1737590399999,True
2025-01-23 00:00:00,1737590400000,25.29,26.25,23.98,25.65,6658261.17,1737676799999,True
2025-01-24 00:00:00,1737676800000,25.66,26.44,24.86,25.18,4571970.71,1737763199999,True
2025-01-25 00:00:00,1737763200000,25.17,25.44,24.68,24.93,2767936.88,1737849599999,True
2025-01-26 00:00:00,1737849600000,24.93,26.39,24.86,24.88,3530502.68,1737935999999,True
2025-01-27 00:00:00,1737936000000,24.88,25.14,22.18,24.21,9451690.74,1738022399999,True
2025-01-28 00:00:00,1738022400000,24.22,24.66,22.36,22.61,4338921.76,1738108799999,True
2025-01-29 00:00:00,1738108800000,22.62,24.45,22.32,23.66,5429195.02,1738195199999,True
2025-01-30 00:00:00,1738195200000,23.66,25.21,23.41,24.46,4138779.01,1738281599999,True
2025-01-31 00:00:00,1738281600000,24.46,26.4,24.12,25.17,5624198.46,1738367999999,True
2025-02-01 00:00:00,1738368000000,25.16,25.99,22.76,22.98,4595841.04,1738454399999,True
2025-02-02 00:00:00,1738454400000,22.98,23.33,19.29,20.46,12557348.56,1738540799999,True
2025-02-03 00:00:00,1738540800000,20.47,22.05,15.4,21.64,31291131.83,1738627199999,True
2025-02-04 00:00:00,1738627200000,21.64,21.71,19.32,19.97,10301205.02,1738713599999,True
2025-02-05 00:00:00,1738713600000,19.98,20.27,18.96,19.19,5964659.67,1738799999999,True
2025-02-06 00:00:00,1738800000000,19.19,19.94,18.41,18.58,4582527.29,1738886399999,True
2025-02-07 00:00:00,1738886400000,18.59,19.86,17.79,18.39,5908194.93,1738972799999,True
2025-02-08 00:00:00,1738972800000,18.39,18.63,17.87,18.45,2487416.07,1739059199999,True
2025-02-09 00:00:00,1739059200000,18.44,19.0,17.44,18.26,3353841.91,1739145599999,True
2025-02-10 00:00:00,1739145600000,18.26,19.13,17.67,18.81,3713087.79,1739231999999,True
2025-02-11 00:00:00,1739232000000,18.8,19.79,18.22,18.66,4263524.03,1739318399999,True
2025-02-12 00:00:00,1739318400000,18.65,19.51,17.64,19.2,5633560.52,1739404799999,True
2025-02-13 00:00:00,1739404800000,19.2,19.34,18.18,18.56,2549414.88,1739491199999,True
2025-02-14 00:00:00,1739491200000,18.56,19.84,18.45,19.38,3273627.94,1739577599999,True
2025-02-15 00:00:00,1739577600000,19.39,19.67,18.73,18.99,1679060.06,1739663999999,True
2025-02-16 00:00:00,1739664000000,19.0,19.26,18.56,18.69,1828935.06,1739750399999,True
2025-02-17 00:00:00,1739750400000,18.7,19.8,18.36,19.12,3643081.5,1739836799999,True
2025-02-18 00:00:00,1739836800000,19.12,19.2,17.28,17.88,4505341.14,1739923199999,True
2025-02-19 00:00:00,1739923200000,17.88,18.21,17.44,17.98,2675151.19,1740009599999,True
2025-02-20 00:00:00,1740009600000,17.98,18.48,17.81,18.28,2731996.9,1740095999999,True
2025-02-21 00:00:00,1740096000000,18.28,19.06,17.12,17.43,4587895.37,1740182399999,True
2025-02-22 00:00:00,1740182400000,17.43,18.03,17.3,17.76,2055640.23,1740268799999,True
2025-02-23 00:00:00,1740268800000,17.76,18.13,17.42,17.62,1720018.44,1740355199999,True
2025-02-24 00:00:00,1740355200000,17.62,17.75,14.97,15.26,5293023.88,1740441599999,True
2025-02-25 00:00:00,1740441600000,15.26,15.59,14.02,15.31,10228092.27,1740527999999,True
2025-02-26 00:00:00,1740528000000,15.31,15.78,14.67,15.26,6144417.14,1740614399999,True
2025-02-27 00:00:00,1740614400000,15.26,15.78,14.78,15.1,3366542.39,1740700799999,True
2025-02-28 00:00:00,1740700800000,15.11,15.2,13.45,14.81,6722597.01,1740787199999,True
2025-03-01 00:00:00,1740787200000,14.81,15.14,14.22,14.75,2768879.74,1740873599999,True
2025-03-02 00:00:00,1740873600000,14.75,17.55,14.4,17.42,7915106.42,1740959999999,True
2025-03-03 00:00:00,1740960000000,17.42,17.49,14.36,14.46,8257408.33,1741046399999,True
2025-03-04 00:00:00,1741046400000,14.46,15.36,13.08,14.86,10326427.49,1741132799999,True
2025-03-05 00:00:00,1741132800000,14.87,16.59,14.63,16.43,8116733.84,1741219199999,True
2025-03-06 00:00:00,1741219200000,16.43,17.67,16.37,17.06,8697077.04,1741305599999,True
2025-03-07 00:00:00,1741305600000,17.06,17.54,15.73,15.94,10299090.47,1741391999999,True
2025-03-08 00:00:00,1741392000000,15.95,16.04,15.13,15.26,3134313.82,1741478399999,True
2025-03-09 00:00:00,1741478400000,15.27,15.37,13.6,13.81,4248839.69,1741564799999,True
2025-03-10 00:00:00,1741564800000,13.81,14.57,12.41,12.65,7677019.97,1741651199999,True
2025-03-11 00:00:00,1741651200000,12.66,13.66,11.85,13.13,10016626.39,1741737599999,True
2025-03-12 00:00:00,1741737600000,13.14,13.81,12.64,13.49,6327960.06,1741823999999,True
2025-03-13 00:00:00,1741824000000,13.49,13.6,12.71,13.04,4141753.02,1741910399999,True
2025-03-14 00:00:00,1741910400000,13.04,14.71,12.99,13.66,12755289.32,1741996799999,True
2025-03-15 00:00:00,1741996800000,13.66,14.25,13.63,14.01,3408277.79,1742083199999,True
2025-03-16 00:00:00,1742083200000,14.02,14.19,13.21,13.37,2780110.54,1742169599999,True
2025-03-17 00:00:00,1742169600000,13.38,14.24,13.34,14.03,3319483.11,1742255999999,True
2025-03-18 00:00:00,1742256000000,14.03,14.28,13.46,13.91,2922034.37,1742342399999,True
2025-03-19 00:00:00,1742342400000,13.92,15.05,13.77,15.03,5082770.6,1742428799999,True
2025-03-20 00:00:00,1742428800000,15.03,15.17,14.08,14.22,3092914.51,1742515199999,True
2025-03-21 00:00:00,1742515200000,14.22,14.39,13.82,13.97,1751688.08,1742601599999,True
2025-03-22 00:00:00,1742601600000,13.96,14.5,13.93,14.25,1474759.41,1742687999999,True
2025-03-23 00:00:00,1742688000000,14.25,14.5,14.21,14.47,1401116.5,1742774399999,True
2025-03-24 00:00:00,1742774400000,14.46,15.41,14.16,15.13,3509456.58,1742860799999,True
2025-03-25 00:00:00,1742860800000,15.13,15.61,14.87,15.44,2219727.7,1742947199999,True
2025-03-26 00:00:00,1742947200000,15.43,16.0,14.94,15.24,3150903.48,1743033599999,True
2025-03-27 00:00:00,1743033600000,15.25,15.8,15.17,15.52,2499733.03,1743119999999,True
2025-03-28 00:00:00,1743120000000,15.53,15.59,14.0,14.25,3532174.05,1743206399999,True
2025-03-29 00:00:00,1743206400000,14.25,14.42,13.37,13.55,2413896.58,1743292799999,True
2025-03-30 00:00:00,1743292800000,13.56,13.87,13.19,13.41,2061395.48,1743379199999,True
2025-03-31 00:00:00,1743379200000,13.42,13.72,12.96,13.51,2664605.78,1743465599999,True
2025-04-01 00:00:00,1743465600000,13.5,14.4,13.49,14.04,2669710.9,1743551999999,True
2025-04-02 00:00:00,1743552000000,14.04,14.4,12.81,12.9,6814389.49,1743638399999,True
2025-04-03 00:00:00,1743638400000,12.9,13.31,12.3,12.9,5139724.57,1743724799999,True
2025-04-04 00:00:00,1743724800000,12.9,13.2,12.35,12.94,4559146.69,1743811199999,True
2025-04-05 00:00:00,1743811200000,12.94,13.06,12.57,12.85,1414775.76,1743897599999,True
2025-04-06 00:00:00,1743897600000,12.84,12.96,11.0,11.28,4370640.73,1743983999999,True
2025-04-07 00:00:00,1743984000000,11.29,11.89,10.1,11.45,13409341.29,1744070399999,True
2025-04-08 00:00:00,1744070400000,11.46,11.89,10.78,10.93,4384116.83,1744156799999,True
2025-04-09 00:00:00,1744156800000,10.93,12.82,10.44,12.65,8980891.69,1744243199999,True
2025-04-10 00:00:00,1744243200000,12.65,12.67,11.68,12.08,4138245.7,1744329599999,True
2025-04-11 00:00:00,1744329600000,12.07,12.9,12.02,12.64,3323588.23,1744415999999,True
2025-04-12 00:00:00,1744416000000,12.64,13.29,12.47,13.15,2468342.79,1744502399999,True
2025-04-13 00:00:00,1744502400000,13.15,13.23,12.43,12.62,3154296.08,1744588799999,True
2025-04-14 00:00:00,1744588800000,12.63,13.25,12.57,12.63,2801098.17,1744675199999,True
2025-04-15 00:00:00,1744675200000,12.64,12.84,12.21,12.24,3088546.47,1744761599999,True
2025-04-16 00:00:00,1744761600000,12.24,12.53,11.89,12.35,2896851.83,1744847999999,True
2025-04-17 00:00:00,1744848000000,12.35,12.71,12.2,12.54,2255618.77,1744934399999,True
2025-04-18 00:00:00,1744934400000,12.54,12.72,12.4,12.56,1155230.48,1745020799999,True
2025-04-19 00:00:00,1745020800000,12.57,13.06,12.53,12.94,1188404.07,1745107199999,True
2025-04-20 00:00:00,1745107200000,12.93,13.6,12.87,13.28,2277566.14,1745193599999,True
2025-04-21 00:00:00,1745193600000,13.29,13.7,12.96,13.11,2623398.74,1745279999999,True
2025-04-22 00:00:00,1745280000000,13.1,14.18,12.88,14.13,3872482.56,1745366399999,True
2025-04-23 00:00:00,1745366400000,14.13,15.28,14.01,15.02,4479481.4,1745452799999,True
2025-04-24 00:00:00,1745452800000,15.02,15.15,14.15,15.06,3263326.6,1745539199999,True
2025-04-25 00:00:00,1745539200000,15.06,15.36,14.71,14.92,3790777.91,1745625599999,True
2025-04-26 00:00:00,1745625600000,14.92,15.28,14.67,14.86,2127724.28,1745711999999,True
2025-04-27 00:00:00,1745712000000,14.87,15.1,14.37,14.56,2456622.73,1745798399999,True
2025-04-28 00:00:00,1745798400000,14.56,15.11,14.24,15.03,3049340.9,1745884799999,True
2025-04-29 00:00:00,1745884800000,15.03,15.24,14.47,14.6,2173196.17,1745971199999,True
2025-04-30 00:00:00,1745971200000,14.61,14.76,13.83,14.3,2127588.64,1746057599999,True
2025-05-01 00:00:00,1746057600000,14.3,15.04,14.3,14.74,2952704.48,1746143999999,True
2025-05-02 00:00:00,1746144000000,14.74,15.03,14.49,14.65,2801948.57,1746230399999,True
2025-05-03 00:00:00,1746230400000,14.65,14.67,14.16,14.24,1788850.74,1746316799999,True
2025-05-04 00:00:00,1746316800000,14.24,14.37,13.81,13.86,1579429.9,1746403199999,True
2025-05-05 00:00:00,1746403200000,13.86,14.2,13.48,13.65,2448399.35,1746489599999,True
2025-05-06 00:00:00,1746489600000,13.65,13.89,13.2,13.82,2166912.06,1746575999999,True
2025-05-07 00:00:00,1746576000000,13.82,14.09,13.46,13.82,1873337.32,1746662399999,True
2025-05-08 00:00:00,1746662400000,13.81,15.99,13.81,15.88,5676038.21,1746748799999,True
2025-05-09 00:00:00,1746748800000,15.89,16.73,15.58,16.01,6902689.72,1746835199999,True
2025-05-10 00:00:00,1746835200000,16.01,17.47,15.86,17.34,5230336.13,1746921599999,True
2025-05-11 00:00:00,1746921600000,17.34,17.42,16.3,17.1,4824652.78,1747007999999,True
2025-05-12 00:00:00,1747008000000,17.1,17.98,16.03,16.74,6485836.98,1747094399999,True
2025-05-13 00:00:00,1747094400000,16.74,17.81,16.03,17.39,5140765.42,1747180799999,True
2025-05-14 00:00:00,1747180800000,17.4,17.53,16.67,17.01,3739156.87,1747267199999,True
2025-05-15 00:00:00,1747267200000,17.02,17.21,15.69,16.04,4599640.32,1747353599999,True
2025-05-16 00:00:00,1747353600000,16.04,16.54,15.61,15.76,3037327.69,1747439999999,True
2025-05-17 00:00:00,1747440000000,15.76,15.79,15.07,15.32,2634568.83,1747526399999,True
2025-05-18 00:00:00,1747526400000,15.33,16.4,14.88,15.88,4286878.87,1747612799999,True
2025-05-19 00:00:00,1747612800000,15.88,16.01,14.84,15.78,4330819.39,1747699199999,True
2025-05-20 00:00:00,1747699200000,15.79,16.42,15.24,15.71,4389269.1,1747785599999,True
2025-05-21 00:00:00,1747785600000,15.71,16.49,15.52,16.1,6093462.07,1747871999999,True
2025-05-22 00:00:00,1747872000000,16.1,16.91,16.04,16.74,4542884.36,1747958399999,True
2025-05-23 00:00:00,1747958400000,16.74,17.16,15.42,15.53,6190632.79,1748044799999,True
2025-05-24 00:00:00,1748044800000,15.53,15.91,15.24,15.34,2601739.54,1748131199999,True
2025-05-25 00:00:00,1748131200000,15.34,15.56,14.86,15.54,2236117.68,1748217599999,True
2025-05-26 00:00:00,1748217600000,15.54,15.96,15.4,15.54,2143637.24,1748303999999,True
2025-05-27 00:00:00,1748304000000,15.54,16.13,15.15,15.91,2513450.22,1748390399999,True
2025-05-28 00:00:00,1748390400000,15.91,16.16,15.31,15.69,2287285.42,1748476799999,True
2025-05-29 00:00:00,1748476800000,15.69,16.19,15.0,15.05,3470428.69,1748563199999,True
2025-05-30 00:00:00,1748563200000,15.05,15.12,13.76,13.9,6106096.75,1748649599999,True
2025-05-31 00:00:00,1748649600000,13.89,14.19,13.39,13.97,3241877.57,1748735999999,True
2025-06-01 00:00:00,1748736000000,13.97,14.13,13.58,14.06,1673437.42,1748822399999,True
2025-06-02 00:00:00,1748822400000,14.06,14.12,13.59,14.07,1803670.48,1748908799999,True
2025-06-03 00:00:00,1748908800000,14.08,14.45,13.98,14.11,2397370.67,1748995199999,True
2025-06-04 00:00:00,1748995200000,14.12,14.48,13.7,13.83,1698210.37,1749081599999,True
2025-06-05 00:00:00,1749081600000,13.84,14.04,12.64,12.89,4325191.79,1749167999999,True
2025-06-06 00:00:00,1749168000000,12.89,13.69,12.82,13.56,2892254.8,1749254399999,True
2025-06-07 00:00:00,1749254400000,13.57,14.08,13.48,13.83,1796907.09,1749340799999,True
2025-06-08 00:00:00,1749340800000,13.82,13.98,13.55,13.73,1301631.33,1749427199999,True
2025-06-09 00:00:00,1749427200000,13.73,14.4,13.54,14.36,2139591.17,1749513599999,True
2025-06-10 00:00:00,1749513600000,14.36,15.53,14.32,15.45,4610246.8,1749599999999,True
2025-06-11 00:00:00,1749600000000,15.45,15.66,14.77,14.89,4342696.57,1749686399999,True
2025-06-12 00:00:00,1749686400000,14.89,14.93,13.83,13.97,3957934.78,1749772799999,True
2025-06-13 00:00:00,1749772800000,13.98,13.99,12.75,13.44,6529679.32,1749859199999,True
2025-06-14 00:00:00,1749859200000,13.45,13.46,12.83,13.15,1849077.29,1749945599999,True
2025-06-15 00:00:00,1749945600000,13.16,13.33,13.0,13.3,1457954.35,1750031999999,True
2025-06-16 00:00:00,1750032000000,13.3,14.17,13.17,13.56,2758548.76,1750118399999,True
2025-06-17 00:00:00,1750118400000,13.57,13.79,12.8,12.99,3726610.19,1750204799999,True
2025-06-18 00:00:00,1750204800000,13.0,13.23,12.63,13.11,2573912.22,1750291199999,True
2025-06-19 00:00:00,1750291200000,13.12,13.38,12.91,13.07,1851285.83,1750377599999,True
2025-06-20 00:00:00,1750377600000,13.07,13.29,12.3,12.51,2738596.05,1750463999999,True
2025-06-21 00:00:00,1750464000000,12.51,12.75,11.69,12.03,2605780.15,1750550399999,True
2025-06-22 00:00:00,1750550400000,12.03,12.2,10.94,11.65,5918789.6,1750636799999,True
2025-06-23 00:00:00,1750636800000,11.65,12.97,11.39,12.82,4411334.51,1750723199999,True
2025-06-24 00:00:00,1750723200000,12.83,13.73,12.78,13.42,4188366.46,1750809599999,True
2025-06-25 00:00:00,1750809600000,13.42,13.51,12.99,13.13,2471771.03,1750895999999,True
2025-06-26 00:00:00,1750896000000,13.14,13.57,12.88,12.94,1893346.8,1750982399999,True
2025-06-27 00:00:00,1750982400000,12.94,13.23,12.73,13.05,1558205.31,1751068799999,True
2025-06-28 00:00:00,1751068800000,13.05,13.45,13.0,13.39,1200113.9,1751155199999,True
2025-06-29 00:00:00,1751155200000,13.4,13.88,13.24,13.7,1498678.23,1751241599999,True
2025-06-30 00:00:00,1751241600000,13.71,13.78,13.12,13.38,2514005.77,1751327999999,True
2025-07-01 00:00:00,1751328000000,13.37,13.44,12.78,12.9,1734062.81,1751414399999,True
2025-07-02 00:00:00,1751414400000,12.9,13.85,12.73,13.56,3263950.46,1751500799999,True
2025-07-03 00:00:00,1751500800000,13.55,14.08,13.43,13.67,3061053.26,1751587199999,True
2025-07-04 00:00:00,1751587200000,13.66,13.78,12.93,13.16,2145964.77,1751673599999,True
2025-07-05 00:00:00,1751673600000,13.16,13.27,12.99,13.23,900526.54,1751759999999,True
2025-07-06 00:00:00,1751760000000,13.23,13.7,13.1,13.48,1349555.74,1751846399999,True
2025-07-07 00:00:00,1751846400000,13.49,13.73,13.25,13.44,1830708.82,1751932799999,True
2025-07-08 00:00:00,1751932800000,13.43,14.0,13.2,13.96,2064962.22,1752019199999,True
2025-07-09 00:00:00,1752019200000,13.97,14.38,13.81,14.25,3387387.4,1752105599999,True
2025-07-10 00:00:00,1752105600000,14.25,15.34,14.15,15.23,3789246.68,1752191999999,True
2025-07-11 00:00:00,1752192000000,15.24,15.88,15.01,15.28,5080650.86,1752278399999,True
2025-07-12 00:00:00,1752278400000,15.29,15.48,14.7,15.11,2060919.92,1752364799999,True
2025-07-13 00:00:00,1752364800000,15.11,15.95,15.04,15.66,2764273.77,1752451199999,True
2025-07-14 00:00:00,1752451200000,15.66,16.47,15.57,15.75,4507587.92,1752537599999,True
2025-07-15 00:00:00,1752537600000,15.76,16.2,15.14,16.11,4643980.94,1752623999999,True
2025-07-16 00:00:00,1752624000000,16.11,17.04,15.82,16.67,5287087.42,1752710399999,True
2025-07-17 00:00:00,1752710400000,16.68,18.1,16.32,18.0,5904663.79,1752796799999,True
2025-07-18 00:00:00,1752796800000,18.0,19.17,17.32,17.83,9174118.14,1752883199999,True
2025-07-19 00:00:00,1752883200000,17.83,18.55,17.53,18.39,3650635.55,1752969599999,True
2025-07-20 00:00:00,1752969600000,18.4,20.01,18.32,19.27,6911594.44,1753055999999,True
2025-07-21 00:00:00,1753056000000,19.28,20.28,18.98,19.5,5619450.18,1753142399999,True
2025-07-22 00:00:00,1753142400000,19.49,19.99,18.63,19.66,5855280.76,1753228799999,True
2025-07-23 00:00:00,1753228800000,19.66,19.76,17.55,18.18,5010078.18,1753315199999,True
2025-07-24 00:00:00,1753315200000,18.18,18.69,17.15,17.91,4483165.69,1753401599999,True
2025-07-25 00:00:00,1753401600000,17.92,18.49,17.23,18.28,4032429.61,1753487999999,True
2025-07-26 00:00:00,1753488000000,18.29,18.64,18.16,18.41,2049354.9,1753574399999,True
2025-07-27 00:00:00,1753574400000,18.41,19.3,18.35,19.24,2938359.71,1753660799999,True
2025-07-28 00:00:00,1753660800000,19.24,19.56,17.97,18.12,3736717.03,1753747199999,True
2025-07-29 00:00:00,1753747200000,18.11,18.64,17.47,17.83,3802532.57,1753833599999,True
2025-07-30 00:00:00,1753833600000,17.84,17.95,16.77,17.71,3659853.89,1753919999999,True
2025-07-31 00:00:00,1753920000000,17.72,18.24,16.84,16.92,3516703.42,1754006399999,True
2025-08-01 00:00:00,1754006400000,16.93,17.03,15.67,16.07,6610546.3,1754092799999,True
2025-08-02 00:00:00,1754092800000,16.07,16.27,15.43,15.65,3023394.29,1754179199999,True
2025-08-03 00:00:00,1754179200000,15.64,16.4,15.44,16.3,1579840.27,1754265599999,True
2025-08-04 00:00:00,1754265600000,16.3,17.2,16.27,17.11,2701936.82,1754351999999,True
2025-08-05 00:00:00,1754352000000,17.12,17.12,16.08,16.38,3046165.48,1754438399999,True
2025-08-06 00:00:00,1754438400000,16.39,16.91,16.03,16.67,1844029.67,1754524799999,True
2025-08-07 00:00:00,1754524800000,16.67,18.5,16.57,18.48,5571750.6,1754611199999,True
2025-08-08 00:00:00,1754611200000,18.47,19.98,18.08,19.89,7663560.63,1754697599999,True
2025-08-09 00:00:00,1754697600000,19.89,21.99,19.78,21.94,7563414.97,1754783999999,True
2025-08-10 00:00:00,1754784000000,21.95,22.7,21.15,22.06,8655572.56,1754870399999,True
2025-08-11 00:00:00,1754870400000,22.07,22.61,20.84,21.07,7095724.29,1754956799999,True
2025-08-12 00:00:00,1754956800000,21.07,24.2,21.0,23.6,11374582.29,1755043199999,True
2025-08-13 00:00:00,1755043200000,23.6,24.74,23.23,23.98,11235490.05,1755129599999,True
2025-08-14 00:00:00,1755129600000,23.98,24.31,21.51,22.46,10838260.75,1755215999999,True
2025-08-15 00:00:00,1755216000000,22.45,23.04,21.36,21.76,5502258.56,1755302399999,True
2025-08-16 00:00:00,1755302400000,21.75,22.97,21.39,22.64,4847903.21,1755388799999,True
2025-08-17 00:00:00,1755388800000,22.64,26.33,22.36,25.64,11607242.36,1755475199999,True
2025-08-18 00:00:00,1755475200000,25.64,26.76,24.29,25.78,16005492.4,1755561599999,True
2025-08-19 00:00:00,1755561600000,25.79,25.81,23.42,23.56,12457022.21,1755647999999,True
2025-08-20 00:00:00,1755648000000,23.56,26.89,23.36,26.45,14580303.4,1755734399999,True
2025-08-21 00:00:00,1755734400000,26.45,26.6,24.63,24.82,8579726.43,1755820799999,True
2025-08-22 00:00:00,1755820800000,24.82,27.87,24.09,26.79,17391120.82,1755907199999,True
2025-08-23 00:00:00,1755907200000,26.8,26.83,25.52,26.28,6342745.06,1755993599999,True
2025-08-24 00:00:00,1755993600000,26.28,26.62,25.21,25.82,7437373.67,1756079999999,True
2025-08-25 00:00:00,1756080000000,25.82,26.46,23.08,23.38,10082049.36,1756166399999,True
2025-08-26 00:00:00,1756166400000,23.38,24.76,22.88,24.38,8019450.82,1756252799999,True
2025-08-27 00:00:00,1756252800000,24.37,24.69,23.58,23.78,7229659.66,1756339199999,True
2025-08-28 00:00:00,1756339200000,23.78,26.03,23.56,25.18,12872418.89,1756425599999,True
2025-08-29 00:00:00,1756425600000,25.18,25.23,23.11,23.43,9640370.92,1756511999999,True
2025-08-30 00:00:00,1756512000000,23.43,23.52,22.83,23.51,2759889.54,1756598399999,True
2025-08-31 00:00:00,1756598400000,23.51,24.06,23.18,23.2,4221549.06,1756684799999,True
2025-09-01 00:00:00,1756684800000,23.2,23.87,22.09,22.51,6922598.37,1756771199999,True
2025-09-02 00:00:00,1756771200000,22.52,23.6,22.34,23.49,5570998.65,1756857599999,True
2025-09-03 00:00:00,1756857600000,23.49,23.91,23.21,23.69,3694295.37,1756943999999,True
2025-09-04 00:00:00,1756944000000,23.69,23.97,22.18,22.32,3947853.36,1757030399999,True
2025-09-05 00:00:00,1757030400000,22.32,23.24,22.04,22.28,6727388.7,1757116799999,True
2025-09-06 00:00:00,1757116800000,22.28,22.52,21.87,22.19,2487454.71,1757203199999,True
2025-09-07 00:00:00,1757203200000,22.2,22.61,22.12,22.47,1891346.07,1757289599999,True
2025-09-08 00:00:00,1757289600000,22.47,23.31,22.23,23.04,3767545.95,1757375999999,True
2025-09-09 00:00:00,1757376000000,23.04,23.82,22.83,23.05,4633041.62,1757462399999,True
2025-09-10 00:00:00,1757462400000,23.05,23.93,22.89,23.57,3302753.17,1757548799999,True
2025-09-11 00:00:00,1757548800000,23.57,24.5,23.31,24.47,4025863.56,1757635199999,True
2025-09-12 00:00:00,1757635200000,24.47,25.33,24.16,25.13,4645718.7,1757721599999,True
2025-09-13 00:00:00,1757721600000,25.12,25.64,24.44,24.88,4154255.78,1757807999999,True
2025-09-14 00:00:00,1757808000000,24.88,25.02,23.84,24.09,2601143.16,1757894399999,True
2025-09-15 00:00:00,1757894400000,24.1,24.44,22.97,23.56,3698495.94,1757980799999,True
2025-09-16 00:00:00,1757980800000,23.56,23.76,23.1,23.48,2566010.45,1758067199999,True
2025-09-17 00:00:00,1758067200000,23.49,24.24,22.75,23.99,5315579.68,1758153599999,True
2025-09-18 00:00:00,1758153600000,24.0,24.75,23.68,24.62,3504432.03,1758239999999,True
2025-09-19 00:00:00,1758240000000,24.63,24.89,23.27,23.47,4258058.9,1758326399999,True
2025-09-20 00:00:00,1758326400000,23.48,23.66,23.09,23.34,1692009.53,1758412799999,True
2025-09-21 00:00:00,1758412800000,23.33,23.49,22.9,22.96,1321893.75,1758499199999,True
2025-09-22 00:00:00,1758499200000,22.95,23.05,20.24,21.65,8224657.83,1758585599999,True
2025-09-23 00:00:00,1758585600000,21.66,22.05,21.17,21.52,3338803.5,1758671999999,True
2025-09-24 00:00:00,1758672000000,21.52,21.97,20.98,21.6,4170756.29,1758758399999,True
2025-09-25 00:00:00,1758758400000,21.61,21.66,19.82,20.14,6221553.31,1758844799999,True
2025-09-26 00:00:00,1758844800000,20.15,21.24,19.93,21.07,3841681.96,1758931199999,True
2025-09-27 00:00:00,1758931200000,21.07,21.15,20.73,20.91,986010.15,1759017599999,True
2025-09-28 00:00:00,1759017600000,20.92,21.71,20.43,21.68,1599640.6,1759103999999,True
2025-09-29 00:00:00,1759104000000,21.68,21.9,20.9,21.74,2497335.67,1759190399999,True
2025-09-30 00:00:00,1759190400000,21.73,21.87,20.96,21.3,2883237.53,1759276799999,True
2025-10-01 00:00:00,1759276800000,21.31,22.63,21.05,22.58,3207385.07,1759363199999,True
2025-10-02 00:00:00,1759363200000,22.57,23.13,21.93,22.77,3766228.87,1759449599999,True
2025-10-03 00:00:00,1759449600000,22.78,23.09,22.09,22.5,4104599.03,1759535999999,True
2025-10-04 00:00:00,1759536000000,22.5,22.62,21.76,22.01,2081829.77,1759622399999,True
2025-10-05 00:00:00,1759622400000,22.02,22.94,21.88,22.0,2618277.27,1759708799999,True
2025-10-06 00:00:00,1759708800000,22.0,23.6,21.47,23.37,5609599.65,1759795199999,True
2025-10-07 00:00:00,1759795200000,23.37,23.73,21.75,21.79,5844902.56,1759881599999,True
2025-10-08 00:00:00,1759881600000,21.8,22.67,21.62,22.63,2790526.23,1759967999999,True
2025-10-09 00:00:00,1759968000000,22.63,22.67,21.32,21.99,3321045.72,1760054399999,True
2025-10-10 00:00:00,1760054400000,22.0,22.78,7.9,17.31,23919723.86,1760140799999,True
2025-10-11 00:00:00,1760140800000,17.31,19.0,16.6,17.2,11458227.87,1760227199999,True
2025-10-12 00:00:00,1760227200000,17.2,19.42,16.68,19.0,7320321.66,1760313599999,True
2025-10-13 00:00:00,1760313600000,19.0,20.19,18.73,19.84,8049413.89,1760399999999,True
2025-10-14 00:00:00,1760400000000,19.84,20.07,18.07,19.1,7462448.83,1760486399999,True
2025-10-15 00:00:00,1760486400000,19.1,19.26,17.73,18.06,4509983.09,1760572799999,True
2025-10-16 00:00:00,1760572800000,18.05,18.63,17.1,17.43,5003348.51,1760659199999,True
2025-10-17 00:00:00,1760659200000,17.42,17.69,15.69,16.61,7835846.23,1760745599999,True
2025-10-18 00:00:00,1760745600000,16.61,17.01,16.57,16.82,1907438.23,1760831999999,True
2025-10-19 00:00:00,1760832000000,16.81,17.66,16.53,17.29,3899283.36,1760918399999,True
2025-10-20 00:00:00,1760918400000,17.29,19.19,16.93,18.66,7350769.65,1761004799999,True
2025-10-21 00:00:00,1761004800000,18.66,18.97,17.53,17.61,7395919.32,1761091199999,True
2025-10-22 00:00:00,1761091200000,17.6,17.84,16.71,17.2,4748622.1,1761177599999,True
2025-10-23 00:00:00,1761177600000,17.2,17.79,17.09,17.44,3347662.36,1761263999999,True
2025-10-24 00:00:00,1761264000000,17.44,18.1,17.29,17.89,3108106.38,1761350399999,True
2025-10-25 00:00:00,1761350400000,17.89,18.25,17.79,18.02,1335088.7,1761436799999,True
2025-10-26 00:00:00,1761436800000,18.02,18.69,17.69,18.55,3365251.69,1761523199999,True
2025-10-27 00:00:00,1761523200000,18.54,19.06,18.08,18.22,3943961.89,1761609599999,True
2025-10-28 00:00:00,1761609600000,18.21,18.83,17.43,17.83,4096933.57,1761695999999,True
2025-10-29 00:00:00,1761696000000,17.83,18.67,17.54,18.13,5416675.72,1761782399999,True
2025-10-30 00:00:00,1761782400000,18.14,18.43,16.32,16.8,6399161.49,1761868799999,True
2025-10-31 00:00:00,1761868800000,16.8,17.46,16.73,17.24,3731444.08,1761955199999,True
2025-11-01 00:00:00,1761955200000,17.24,17.44,17.04,17.14,1754292.31,1762041599999,True
2025-11-02 00:00:00,1762041600000,17.15,17.64,16.99,17.58,2182107.95,1762127999999,True
2025-11-03 00:00:00,1762128000000,17.59,17.66,14.51,15.25,8552762.39,1762214399999,True
2025-11-04 00:00:00,1762214400000,15.25,15.51,13.69,14.68,10850755.72,1762300799999,True
2025-11-05 00:00:00,1762300800000,14.69,15.4,13.98,15.09,5894032.13,1762387199999,True
2025-11-06 00:00:00,1762387200000,15.08,15.24,14.24,14.74,3839934.18,1762473599999,True
2025-11-07 00:00:00,1762473600000,14.74,16.23,14.31,15.79,5993232.84,1762559999999,True
2025-11-08 00:00:00,1762560000000,15.79,16.03,15.12,15.51,4114455.99,1762646399999,True
2025-11-09 00:00:00,1762646400000,15.52,16.13,15.02,15.93,3070400.01,1762732799999,True
2025-11-10 00:00:00,1762732800000,15.92,16.67,15.79,16.36,4747415.9,1762819199999,True
2025-11-11 00:00:00,1762819200000,16.36,16.8,15.25,15.28,4143466.43,1762905599999,True
2025-11-12 00:00:00,1762905600000,15.28,16.25,14.92,15.15,4424573.31,1762991999999,True
2025-11-13 00:00:00,1762992000000,15.15,16.02,14.14,14.54,5949252.14,1763078399999,True
2025-11-14 00:00:00,1763078400000,14.55,14.61,13.58,13.81,6599254.26,1763164799999,True
2025-11-15 00:00:00,1763164800000,13.81,14.34,13.79,14.14,2552274.78,1763251199999,True
2025-11-16 00:00:00,1763251200000,14.14,14.54,13.4,13.73,5401879.85,1763337599999,True
2025-11-17 00:00:00,1763337600000,13.73,14.29,13.08,13.33,5381203.2,1763423999999,True
2025-11-18 00:00:00,1763424000000,13.34,14.0,13.06,13.79,4903240.7,1763510399999,True
2025-11-19 00:00:00,1763510400000,13.8,13.83,12.77,13.53,5275849.25,1763596799999,True
2025-11-20 00:00:00,1763596800000,13.53,14.0,12.77,12.93,7252067.4,1763683199999,True
2025-11-21 00:00:00,1763683200000,12.94,13.22,11.61,12.11,10358430.4,1763769599999,True
2025-11-22 00:00:00,1763769600000,12.12,12.31,11.74,12.17,3456903.63,1763855999999,True
2025-11-23 00:00:00,1763856000000,12.17,12.75,12.11,12.53,4334135.56,1763942399999,True
2025-11-24 00:00:00,1763942400000,12.52,13.21,12.3,12.97,4496999.27,1764028799999,True
2025-11-25 00:00:00,1764028800000,12.97,13.22,12.55,13.09,4555186.5,1764115199999,True
2025-11-26 00:00:00,1764115200000,13.08,13.51,12.75,13.46,3028988.41,1764201599999,True
2025-11-27 00:00:00,1764201600000,13.45,13.57,13.23,13.34,1701459.82,1764287999999,True
2025-11-28 00:00:00,1764288000000,13.33,13.55,13.04,13.13,2123209.77,1764374399999,True
2025-11-29 00:00:00,1764374400000,13.12,13.22,12.91,12.99,1416097.99,1764460799999,True
2025-11-30 00:00:00,1764460800000,12.99,13.42,12.93,12.95,1500368.36,1764547199999,True
2025-12-01 00:00:00,1764547200000,12.95,12.99,11.74,12.07,5522451.03,1764633599999,True
2025-12-02 00:00:00,1764633600000,12.07,13.59,11.98,13.47,4969655.99,1764719999999,True
2025-12-03 00:00:00,1764720000000,13.47,14.75,13.43,14.64,7868526.73,1764806399999,True
2025-12-04 00:00:00,1764806400000,14.64,14.93,13.97,14.25,3758770.08,1764892799999,True
2025-12-05 00:00:00,1764892800000,14.25,14.4,13.36,13.59,3480586.8,1764979199999,True
2025-12-06 00:00:00,1764979200000,13.59,14.08,13.49,13.92,1853489.23,1765065599999,True
2025-12-07 00:00:00,1765065600000,13.91,14.18,13.17,13.65,3292175.7,1765151999999,True
2025-12-08 00:00:00,1765152000000,13.65,14.29,13.56,13.76,2670832.64,1765238399999,True
2025-12-09 00:00:00,1765238400000,13.76,15.01,13.53,14.41,3722324.34,1765324799999,True
2025-12-10 00:00:00,1765324800000,14.41,14.89,13.94,14.1,4263150.6,1765411199999,True
2025-12-11 00:00:00,1765411200000,14.09,14.21,13.4,14.07,3338662.89,1765497599999,True
2025-12-12 00:00:00,1765497600000,14.06,14.35,13.27,13.63,2772453.23,1765583999999,True
2025-12-13 00:00:00,1765584000000,13.64,13.97,13.6,13.74,1138943.54,1765670399999,True
2025-12-14 00:00:00,1765670400000,13.74,13.8,13.09,13.28,1444630.59,1765756799999,True
2025-12-15 00:00:00,1765756800000,13.28,13.74,12.47,12.85,3683730.69,1765843199999,True
2025-12-16 00:00:00,1765843200000,12.86,13.13,12.55,12.93,3079222.23,1765929599999,True
2025-12-17 00:00:00,1765929600000,12.93,13.18,12.12,12.27,4482766.86,1766015999999,True
2025-12-18 00:00:00,1766016000000,12.26,12.88,11.74,11.93,4358098.12,1766102399999,True
2025-12-19 00:00:00,1766102400000,11.93,12.76,11.84,12.54,3247113.51,1766188799999,True
2025-12-20 00:00:00,1766188800000,12.54,12.72,12.48,12.56,931824.28,1766275199999,True
2025-12-21 00:00:00,1766275200000,12.55,12.71,12.22,12.44,1465467.53,1766361599999,True
2025-12-22 00:00:00,1766361600000,12.44,12.95,12.33,12.58,2293793.13,1766447999999,True
2025-12-23 00:00:00,1766448000000,12.58,12.7,12.07,12.39,2796573.57,1766534399999,True
2025-12-24 00:00:00,1766534400000,12.39,12.44,12.01,12.28,1615917.48,1766620799999,True
2025-12-25 00:00:00,1766620800000,12.27,12.43,11.99,12.07,1333620.15,1766707199999,True
2025-12-26 00:00:00,1766707200000,12.06,12.54,12.02,12.19,1924237.68,1766793599999,True
2025-12-27 00:00:00,1766793600000,12.18,12.55,12.16,12.52,1069666.97,1766879999999,True
2025-12-28 00:00:00,1766880000000,12.52,12.6,12.32,12.5,1277287.38,1766966399999,True
2025-12-29 00:00:00,1766966400000,12.5,13.03,12.25,12.3,2954854.09,1767052799999,True
2025-12-30 00:00:00,1767052800000,12.31,12.61,12.26,12.42,1646109.08,1767139199999,True
2025-12-31 00:00:00,1767139200000,12.42,12.55,12.19,12.21,1623004.35,1767225599999,True
2026-01-01 00:00:00,1767225600000,12.2,12.64,12.15,12.6,1298317.35,1767311999999,True
2026-01-02 00:00:00,1767312000000,12.61,13.43,12.58,13.27,3912084.12,1767398399999,True
2026-01-03 00:00:00,1767398400000,13.27,13.37,12.97,13.23,1815555.33,1767484799999,True
2026-01-04 00:00:00,1767484800000,13.24,13.58,13.21,13.43,1896532.62,1767571199999,True
2026-01-05 00:00:00,1767571200000,13.42,14.13,13.4,13.9,4109474.72,1767657599999,True
2026-01-06 00:00:00,1767657600000,13.91,14.24,13.47,14.04,4765607.39,1767743999999,True
2026-01-07 00:00:00,1767744000000,14.03,14.04,13.29,13.44,3137962.62,1767830399999,True
2026-01-08 00:00:00,1767830400000,13.45,13.56,13.03,13.21,2702515.67,1767916799999,True
2026-01-09 00:00:00,1767916800000,13.22,13.45,13.03,13.14,2260152.41,1768003199999,True
2026-01-10 00:00:00,1768003200000,13.14,13.26,13.07,13.13,1031188.16,1768089599999,True
2026-01-11 00:00:00,1768089600000,13.14,13.37,13.05,13.21,1177324.14,1768175999999,True
2026-01-12 00:00:00,1768176000000,13.21,13.52,12.93,13.08,2177683.73,1768262399999,True
2026-01-13 00:00:00,1768262400000,13.08,14.18,13.05,14.06,3292078.9,1768348799999,True
2026-01-14 00:00:00,1768348800000,14.06,14.4,13.85,14.11,3393667.12,1768435199999,True
2026-01-15 00:00:00,1768435200000,14.11,14.22,13.56,13.8,3074233.52,1768521599999,True
2026-01-16 00:00:00,1768521600000,13.8,13.87,13.43,13.73,1843762.86,1768607999999,True
2026-01-17 00:00:00,1768608000000,13.73,13.9,13.63,13.75,931201.13,1768694399999,True
2026-01-18 00:00:00,1768694400000,13.74,13.88,13.3,13.32,1741389.83,1768780799999,True
2026-01-19 00:00:00,1768780800000,13.31,13.32,12.37,12.88,4620041.93,1768867199999,True
2026-01-20 00:00:00,1768867200000,12.88,12.91,12.03,12.12,2563317.41,1768953599999,True
2026-01-21 00:00:00,1768953600000,12.13,12.66,11.89,12.4,2945663.72,1769039999999,True
2026-01-22 00:00:00,1769040000000,12.4,12.58,12.12,12.27,1814067.05,1769126399999,True
2026-01-23 00:00:00,1769126400000,12.26,12.5,12.04,12.22,1371389.49,1769212799999,True
2026-01-24 00:00:00,1769212800000,12.22,12.28,12.13,12.2,873927.83,1769299199999,True
2026-01-25 00:00:00,1769299200000,12.21,12.22,11.36,11.52,2941954.24,1769385599999,True
2026-01-26 00:00:00,1769385600000,11.53,12.13,11.51,11.95,2032874.78,1769471999999,True
2026-01-27 00:00:00,1769472000000,11.94,12.19,11.84,12.03,2172577.81,1769558399999,True
2026-01-28 00:00:00,1769558400000,12.03,12.07,11.69,11.84,1644483.52,1769644799999,True
2026-01-29 00:00:00,1769644800000,11.85,11.87,10.83,11.13,3626057.88,1769731199999,True
2026-01-30 00:00:00,1769731200000,11.13,11.17,10.51,10.79,4786187.32,1769817599999,True
2026-01-31 00:00:00,1769817600000,10.79,10.84,8.97,9.99,9723508.97,1769903999999,True
2026-02-01 00:00:00,1769904000000,9.99,10.08,9.22,9.41,5435399.92,1769990399999,True
2026-02-02 00:00:00,1769990400000,9.4,10.04,9.02,9.81,7134765.79,1770076799999,True
2026-02-03 00:00:00,1770076800000,9.8,9.9,9.08,9.49,5840286.03,1770163199999,True
2026-02-04 00:00:00,1770163200000,9.49,9.78,9.02,9.25,5382703.22,1770249599999,True
2026-02-05 00:00:00,1770249600000,9.26,9.36,7.85,7.92,12548184.43,1770335999999,True
2026-02-06 00:00:00,1770336000000,7.92,9.01,7.15,8.88,11728958.3,1770422399999,True
2026-02-07 00:00:00,1770422400000,8.88,9.05,8.58,8.91,6639108.5,1770508799999,True
2026-02-08 00:00:00,1770508800000,8.91,9.05,8.72,8.83,2536395.22,1770595199999,True
2026-02-09 00:00:00,1770595200000,8.83,9.02,8.44,8.83,2810980.42,1770681599999,True
2026-02-10 00:00:00,1770681600000,8.84,8.89,8.47,8.57,2423078.44,1770767999999,True
2026-02-11 00:00:00,1770768000000,8.57,8.62,8.13,8.33,4013442.3,1770854399999,True
2026-02-12 00:00:00,1770854400000,8.32,8.6,8.17,8.41,2312895.87,1770940799999,True
2026-02-13 00:00:00,1770940800000,8.41,8.91,8.3,8.77,2312791.37,1771027199999,True
2026-02-14 00:00:00,1771027200000,8.76,9.21,8.75,9.09,2831707.88,1771113599999,True
2026-02-15 00:00:00,1771113600000,9.1,9.25,8.6,8.79,3072824.5,1771199999999,True
2026-02-16 00:00:00,1771200000000,8.79,8.99,8.65,8.94,1897487.0,1771286399999,True
2026-02-17 00:00:00,1771286400000,8.93,9.0,8.66,8.82,1822045.86,1771372799999,True
2026-02-18 00:00:00,1771372800000,8.83,9.0,8.52,8.6,1800699.08,1771459199999,True
2026-02-19 00:00:00,1771459200000,8.6,8.76,8.35,8.58,1710735.8,1771545599999,True
2026-02-20 00:00:00,1771545600000,8.58,9.02,8.45,8.95,3124444.03,1771631999999,True
2026-02-21 00:00:00,1771632000000,8.95,9.05,8.85,8.87,1904565.08,1771718399999,True
2026-02-22 00:00:00,1771718400000,8.87,8.9,8.6,8.69,1310299.33,1771804799999,True
2026-02-23 00:00:00,1771804800000,8.69,8.7,8.17,8.26,4307602.85,1771891199999,True
2026-02-24 00:00:00,1771891200000,8.27,8.34,8.05,8.19,2590017.43,1771977599999,True
2026-02-25 00:00:00,1771977600000,8.2,9.59,8.18,9.27,5682666.11,1772063999999,True
2026-02-26 00:00:00,1772064000000,9.27,9.34,8.86,9.09,3368687.02,1772150399999,True
2026-02-27 00:00:00,1772150400000,9.1,9.3,8.55,8.71,2186732.81,1772236799999,True
2026-02-28 00:00:00,1772236800000,8.71,8.95,8.21,8.85,4572875.45,1772323199999,True
2026-03-01 00:00:00,1772323200000,8.85,9.21,8.54,8.67,3557448.24,1772409599999,True
2026-03-02 00:00:00,1772409600000,8.67,9.27,8.59,8.96,3615246.46,1772495999999,True
2026-03-03 00:00:00,1772496000000,8.95,9.02,8.56,8.8,2444530.23,1772582399999,True
2026-03-04 00:00:00,1772582400000,8.81,9.64,8.68,9.35,4234226.0,1772668799999,True
2026-03-05 00:00:00,1772668800000,9.35,9.49,9.07,9.21,3411090.96,1772755199999,True
2026-03-06 00:00:00,1772755200000,9.2,9.3,8.67,8.8,2220301.94,1772841599999,True
2026-03-07 00:00:00,1772841600000,8.8,8.86,8.64,8.7,1183315.17,1772927999999,True
2026-03-08 00:00:00,1772928000000,8.7,8.78,8.4,8.52,2230662.96,1773014399999,True
2026-03-09 00:00:00,1773014400000,8.51,9.1,8.51,8.87,3227979.6,1773100799999,True
2026-03-10 00:00:00,1773100800000,8.87,9.19,8.85,8.99,3158638.13,1773187199999,True
2026-03-11 00:00:00,1773187200000,8.98,9.18,8.86,8.99,2870982.98,1773273599999,True
2026-03-12 00:00:00,1773273600000,8.99,9.11,8.83,9.05,2618504.7,1773359999999,True
2026-03-13 00:00:00,1773360000000,9.06,9.6,9.02,9.08,4660242.88,1773446399999,True
2026-03-14 00:00:00,1773446400000,9.08,9.18,8.92,9.17,1876782.32,1773532799999,True
2026-03-15 00:00:00,1773532800000,9.17,9.56,9.11,9.5,3028709.92,1773619199999,True
2026-03-16 00:00:00,1773619200000,9.5,10.08,9.41,9.92,6674046.47,1773705599999,True
2026-03-17 00:00:00,1773705600000,9.92,10.03,9.68,9.79,3821697.74,1773791999999,True
2026-03-18 00:00:00,1773792000000,9.79,9.93,9.08,9.22,3501468.16,1773878399999,True
2026-03-19 00:00:00,1773878400000,9.23,9.34,8.89,9.04,3762569.79,1773964799999,True
2026-03-20 00:00:00,1773964800000,9.05,9.21,8.96,9.12,2825699.88,1774051199999,True
2026-03-21 00:00:00,1774051200000,9.11,9.17,8.76,8.82,1541020.98,1774137599999,True
2026-03-22 00:00:00,1774137600000,8.82,8.97,8.57,8.68,3112411.45,1774223999999,True
2026-03-23 00:00:00,1774224000000,8.69,9.29,8.58,9.11,6135696.2,1774310399999,True
2026-03-24 00:00:00,1774310400000,9.1,9.27,9.01,9.25,3558808.47,1774396799999,True
2026-03-25 00:00:00,1774396800000,9.25,9.5,9.17,9.37,2945718.74,1774483199999,True
2026-03-26 00:00:00,1774483200000,9.37,9.39,8.81,8.91,3050140.21,1774569599999,True
2026-03-27 00:00:00,1774569600000,8.92,8.98,8.48,8.57,3065203.64,1774655999999,True
2026-03-28 00:00:00,1774656000000,8.57,8.7,8.37,8.44,2100702.76,1774742399999,True
2026-03-29 00:00:00,1774742400000,8.43,8.59,8.2,8.42,1505046.94,1774828799999,True
2026-03-30 00:00:00,1774828800000,8.42,8.93,8.4,8.62,2979309.11,1774915199999,True
2026-03-31 00:00:00,1774915200000,8.63,8.89,8.5,8.78,2519101.5,1775001599999,True
2026-04-01 00:00:00,1775001600000,8.78,9.2,8.74,8.94,3121335.95,1775087999999,True
2026-04-02 00:00:00,1775088000000,8.94,9.01,8.42,8.63,3321091.67,1775174399999,True
2026-04-03 00:00:00,1775174400000,8.63,8.81,8.59,8.65,1234713.25,1775260799999,True
2026-04-04 00:00:00,1775260800000,8.65,8.78,8.61,8.69,766284.03,1775347199999,True
2026-04-05 00:00:00,1775347200000,8.7,8.87,8.47,8.82,1344492.41,1775433599999,True
2026-04-06 00:00:00,1775433600000,8.83,9.15,8.72,8.81,2682459.36,1775519999999,True
2026-04-07 00:00:00,1775520000000,8.8,9.42,8.57,9.29,5126596.75,1775606399999,True
2026-04-08 00:00:00,1775606400000,9.29,9.34,8.84,8.85,3690230.33,1775692799999,True
2026-04-09 00:00:00,1775692800000,8.85,9.19,8.68,8.95,3835280.7,1775779199999,True
2026-04-10 00:00:00,1775779200000,8.95,9.18,8.88,9.09,2333686.56,1775865599999,True
2026-04-11 00:00:00,1775865600000,9.09,9.28,8.95,9.06,1746125.68,1775951999999,True
2026-04-12 00:00:00,1775952000000,9.06,9.09,8.68,8.73,2866517.68,1776038399999,True
2026-04-13 00:00:00,1776038400000,8.73,9.44,8.69,9.36,3781621.19,1776124799999,True
2026-04-14 00:00:00,1776124800000,9.36,9.39,8.93,9.02,3609432.01,1776211199999,True
2026-04-15 00:00:00,1776211200000,9.02,9.37,8.99,9.26,2334789.83,1776297599999,True
2026-04-16 00:00:00,1776297600000,9.26,9.68,9.11,9.59,4082356.17,1776383999999,True
2026-04-17 00:00:00,1776384000000,9.6,9.87,9.34,9.62,3135331.69,1776470399999,True
2026-04-18 00:00:00,1776470400000,9.61,9.65,9.26,9.28,2589699.09,1776556799999,True
2026-04-19 00:00:00,1776556800000,9.29,9.38,9.0,9.06,2962475.44,1776643199999,True
2026-04-20 00:00:00,1776643200000,9.06,9.41,9.05,9.29,2478133.2,1776729599999,True
2026-04-21 00:00:00,1776729600000,9.29,9.49,9.24,9.4,2477296.66,1776815999999,True
2026-04-22 00:00:00,1776816000000,9.4,9.56,9.28,9.29,2289309.75,1776902399999,True
2026-04-23 00:00:00,1776902400000,9.29,9.39,9.14,9.35,2304122.04,1776988799999,True
2026-04-24 00:00:00,1776988800000,9.35,9.45,9.24,9.38,1230308.17,1777075199999,True
2026-04-25 00:00:00,1777075200000,9.38,9.45,9.28,9.34,833162.6,1777161599999,True
2026-04-26 00:00:00,1777161600000,9.35,9.54,9.3,9.48,1246448.8,1777247999999,True
2026-04-27 00:00:00,1777248000000,9.48,9.6,9.15,9.33,1926098.43,1777334399999,True
2026-04-28 00:00:00,1777334400000,9.32,9.34,9.15,9.24,1122921.4,1777420799999,True
2026-04-29 00:00:00,1777420800000,9.24,9.42,8.91,9.11,1885066.76,1777507199999,True
2026-04-30 00:00:00,1777507200000,9.12,9.19,9.02,9.11,1204783.23,1777593599999,True
2026-05-01 00:00:00,1777593600000,9.11,9.28,9.06,9.1,1306158.03,1777679999999,True
2026-05-02 00:00:00,1777680000000,9.09,9.25,9.06,9.17,1264435.03,1777766399999,True
2026-05-03 00:00:00,1777766400000,9.18,9.22,9.07,9.13,1338148.69,1777852799999,True
2026-05-04 00:00:00,1777852800000,9.13,9.66,9.09,9.36,6132997.73,1777939199999,True
2026-05-05 00:00:00,1777939200000,9.35,9.85,9.35,9.76,3715634.06,1778025599999,True
2026-05-06 00:00:00,1778025600000,9.76,10.26,9.75,9.99,4810816.94,1778111999999,True
2026-05-07 00:00:00,1778112000000,9.99,10.13,9.8,9.85,2649305.39,1778198399999,True
2026-05-08 00:00:00,1778198400000,9.85,10.5,9.77,10.34,4564781.91,1778284799999,True
2026-05-09 00:00:00,1778284800000,10.34,10.61,10.28,10.37,2407310.32,1778371199999,True
2026-05-10 00:00:00,1778371200000,10.38,10.87,10.28,10.72,3089040.35,1778457599999,True
2026-05-11 00:00:00,1778457600000,10.71,10.76,10.4,10.6,3055981.1,1778543999999,True
2026-05-12 00:00:00,1778544000000,10.59,10.6,10.09,10.28,3241110.31,1778630399999,True
2026-05-13 00:00:00,1778630400000,10.29,10.81,10.03,10.21,4519819.65,1778716799999,True
2026-05-14 00:00:00,1778716800000,10.21,10.77,10.09,10.48,4564747.64,1778803199999,True
2026-05-15 00:00:00,1778803200000,10.48,10.57,9.96,10.07,2721083.62,1778889599999,True
2026-05-16 00:00:00,1778889600000,10.07,10.1,9.61,9.72,2595532.92,1778975999999,True
2026-05-17 00:00:00,1778976000000,9.71,9.85,9.34,9.57,2565815.45,1779062399999,True
2026-05-18 00:00:00,1779062400000,9.57,9.62,9.31,9.6,2891343.19,1779148799999,True
2026-05-19 00:00:00,1779148800000,9.61,9.83,9.43,9.45,2071257.97,1779235199999,True
2026-05-20 00:00:00,1779235200000,9.45,9.702,9.38,9.636,2376629.51,1779321599999,True
2026-05-21 00:00:00,1779321600000,9.635,9.858,9.52,9.757,2527652.98,1779407999999,True
2026-05-22 00:00:00,1779408000000,9.755,10.034,9.363,9.42,3220426.02,1779494399999,True
2026-05-23 00:00:00,1779494400000,9.42,9.784,9.059,9.565,2926211.26,1779580799999,True
2026-05-24 00:00:00,1779580800000,9.566,9.651,9.25,9.431,1792800.33,1779667199999,True
2026-05-25 00:00:00,1779667200000,9.431,9.672,9.368,9.506,1446609.84,1779753599999,True
2026-05-26 00:00:00,1779753600000,9.506,9.686,9.341,9.386,2173457.1,1779839999999,True
2026-05-27 00:00:00,1779840000000,9.386,9.484,9.099,9.136,2170733.63,1779926399999,True
2026-05-28 00:00:00,1779926400000,9.135,9.153,8.762,9.004,3033197.69,1780012799999,True
2026-05-29 00:00:00,1780012800000,9.004,9.146,8.795,9.022,1804362.15,1780099199999,True
2026-05-30 00:00:00,1780099200000,9.022,9.315,9.019,9.191,1810225.21,1780185599999,True
2026-05-31 00:00:00,1780185600000,9.192,9.301,8.993,9.148,1489356.43,1780271999999,True
2026-06-01 00:00:00,1780272000000,9.15,9.214,8.847,9.057,2341895.34,1780358399999,True
2026-06-02 00:00:00,1780358400000,9.058,9.073,8.246,8.374,3545280.43,1780444799999,True
2026-06-03 00:00:00,1780444800000,8.374,8.616,8.105,8.334,3833638.15,1780531199999,True
2026-06-04 00:00:00,1780531200000,8.334,8.399,7.799,8.018,6626895.71,1780617599999,True
2026-06-05 00:00:00,1780617600000,8.017,8.041,7.119,7.366,8169750.85,1780703999999,True
2026-06-06 00:00:00,1780704000000,7.367,7.469,6.996,7.394,4160221.87,1780790399999,True
2026-06-07 00:00:00,1780790400000,7.395,8.035,7.373,7.918,3242185.42,1780876799999,True
2026-06-08 00:00:00,1780876800000,7.918,8.128,7.722,7.998,2747819.9,1780963199999,True
2026-06-09 00:00:00,1780963200000,7.997,8.028,7.65,7.838,2516406.38,1781049599999,True
2026-06-10 00:00:00,1781049600000,7.838,7.901,7.481,7.561,2121138.84,1781135999999,True
2026-06-11 00:00:00,1781136000000,7.56,7.988,7.56,7.887,1989382.71,1781222399999,True
2026-06-12 00:00:00,1781222400000,7.888,8.011,7.753,7.867,1277280.29,1781308799999,True
2026-06-13 00:00:00,1781308800000,7.867,8.05,7.858,7.987,1101007.63,1781395199999,True
2026-06-14 00:00:00,1781395200000,7.987,8.184,7.783,8.181,1281649.82,1781481599999,True
2026-06-15 00:00:00,1781481600000,8.181,8.6,8.105,8.3,2679280.93,1781567999999,True
2026-06-16 00:00:00,1781568000000,8.299,8.484,8.094,8.277,1683716.24,1781654399999,True
2026-06-17 00:00:00,1781654400000,8.277,8.418,7.937,8.092,2003833.12,1781740799999,True
2026-06-18 00:00:00,1781740800000,8.093,8.137,7.772,8.016,1944282.09,1781827199999,True
2026-06-19 00:00:00,1781827200000,8.015,8.044,7.764,7.95,1395665.73,1781913599999,True
2026-06-20 00:00:00,1781913600000,7.949,8.017,7.824,7.987,1100953.38,1781999999999,True
2026-06-21 00:00:00,1782000000000,7.989,8.011,7.769,7.783,810700.71,1782086399999,True
2026-06-22 00:00:00,1782086400000,7.784,8.155,7.782,7.874,1811967.26,1782172799999,True
2026-06-23 00:00:00,1782172800000,7.873,7.916,7.479,7.635,2137775.28,1782259199999,True
2026-06-24 00:00:00,1782259200000,7.636,7.7,7.123,7.426,3068067.09,1782345599999,True
2026-06-25 00:00:00,1782345600000,7.427,7.553,7.01,7.248,2447276.45,1782431999999,True
2026-06-26 00:00:00,1782432000000,7.248,7.402,7.016,7.354,2237870.38,1782518399999,True
2026-06-27 00:00:00,1782518400000,7.355,7.478,7.248,7.297,893777.5,1782604799999,True
2026-06-28 00:00:00,1782604800000,7.296,7.358,7.16,7.268,1202857.43,1782691199999,True
2026-06-29 00:00:00,1782691200000,7.269,7.501,7.179,7.38,2327543.93,1782777599999,True
2026-06-30 00:00:00,1782777600000,7.379,7.397,7.121,7.201,2050584.78,1782863999999,True
