date,open_time,open,high,low,close,volume,close_time,is_closed
2021-01-01 00:00:00,1609459200000,124.22,133.97,122.89,126.24,1539801.80815,1609545599999,True
2021-01-02 00:00:00,1609545600000,126.2,142.0,123.15,136.96,2442266.765,1609631999999,True
2021-01-03 00:00:00,1609632000000,136.94,164.7,135.3,161.24,3813834.07669,1609718399999,True
2021-01-04 00:00:00,1609718400000,161.23,173.66,139.31,155.34,3530422.20392,1609804799999,True
2021-01-05 00:00:00,1609804800000,155.33,162.8,146.52,158.43,1998205.92425,1609891199999,True
2021-01-06 00:00:00,1609891200000,158.46,169.72,154.95,168.92,1857831.43166,1609977599999,True
2021-01-07 00:00:00,1609977600000,168.96,181.22,161.18,169.35,2493533.9948,1610063999999,True
2021-01-08 00:00:00,1610064000000,169.35,181.92,150.0,172.19,2843159.7034,1610150399999,True
2021-01-09 00:00:00,1610150400000,172.28,178.8,163.3,177.26,1749781.84973,1610236799999,True
2021-01-10 00:00:00,1610236800000,177.27,185.83,161.86,170.07,2269705.0446,1610323199999,True
2021-01-11 00:00:00,1610323200000,170.06,170.74,112.7,138.87,4989528.65149,1610409599999,True
2021-01-12 00:00:00,1610409600000,138.88,146.86,128.0,133.42,2825579.61257,1610495999999,True
2021-01-13 00:00:00,1610496000000,133.44,148.46,125.9,147.38,2153426.27798,1610582399999,True
2021-01-14 00:00:00,1610582400000,147.39,156.89,143.55,152.5,2033762.60027,1610668799999,True
2021-01-15 00:00:00,1610668800000,152.46,155.74,130.0,143.65,2104225.5121,1610755199999,True
2021-01-16 00:00:00,1610755200000,143.66,152.59,139.28,143.52,1784053.82975,1610841599999,True
2021-01-17 00:00:00,1610841600000,143.52,147.0,136.22,142.8,1379082.3792,1610927999999,True
2021-01-18 00:00:00,1610928000000,142.78,154.99,138.44,151.96,1644947.14813,1611014399999,True
2021-01-19 00:00:00,1611014400000,151.97,166.02,150.18,151.86,2288798.47777,1611100799999,True
2021-01-20 00:00:00,1611100800000,151.85,156.15,138.4,149.69,2037654.31965,1611187199999,True
2021-01-21 00:00:00,1611187200000,149.67,150.25,125.64,129.72,2114912.93172,1611273599999,True
2021-01-22 00:00:00,1611273600000,129.7,141.85,122.7,137.66,1979078.0056,1611359999999,True
2021-01-23 00:00:00,1611360000000,137.65,143.52,135.05,137.67,969988.56158,1611446399999,True
2021-01-24 00:00:00,1611446400000,137.66,142.65,133.73,141.01,917459.85058,1611532799999,True
2021-01-25 00:00:00,1611532800000,141.01,147.87,136.62,137.07,1380902.3935,1611619199999,True
2021-01-26 00:00:00,1611619200000,137.07,139.76,127.85,134.67,1093141.08136,1611705599999,True
2021-01-27 00:00:00,1611705600000,134.69,134.96,118.13,122.44,1240323.68178,1611791999999,True
2021-01-28 00:00:00,1611792000000,122.45,135.84,120.74,133.27,1074760.50528,1611878399999,True
2021-01-29 00:00:00,1611878400000,133.25,145.5,131.44,134.65,2193040.3844,1611964799999,True
2021-01-30 00:00:00,1611964800000,134.67,136.23,128.02,133.36,1215569.95596,1612051199999,True
2021-01-31 00:00:00,1612051200000,133.35,135.06,125.67,129.36,917993.35191,1612137599999,True
2021-02-01 00:00:00,1612137600000,129.37,136.63,125.95,132.0,1167609.37029,1612223999999,True
2021-02-02 00:00:00,1612224000000,131.99,145.82,131.87,141.98,1884558.49538,1612310399999,True
2021-02-03 00:00:00,1612310400000,141.96,156.7,141.92,155.93,1820822.28924,1612396799999,True
2021-02-04 00:00:00,1612396800000,155.94,158.68,141.03,145.07,1766938.56965,1612483199999,True
2021-02-05 00:00:00,1612483200000,145.05,156.93,143.45,155.05,1572009.29596,1612569599999,True
2021-02-06 00:00:00,1612569600000,155.05,164.27,149.82,155.57,1879526.24312,1612655999999,True
2021-02-07 00:00:00,1612656000000,155.57,157.29,145.23,150.76,1259975.92894,1612742399999,True
2021-02-08 00:00:00,1612742400000,150.76,169.38,147.76,167.28,1894490.90608,1612828799999,True
2021-02-09 00:00:00,1612828800000,167.28,184.49,164.22,181.49,1981149.12366,1612915199999,True
2021-02-10 00:00:00,1612915200000,181.52,195.17,169.57,181.56,2781973.96254,1613001599999,True
2021-02-11 00:00:00,1613001600000,181.59,193.59,175.72,183.62,1664189.0877,1613087999999,True
2021-02-12 00:00:00,1613088000000,183.62,199.84,176.75,196.69,1946870.34253,1613174399999,True
2021-02-13 00:00:00,1613174400000,196.71,229.07,191.45,225.76,2843517.28691,1613260799999,True
2021-02-14 00:00:00,1613260800000,225.77,230.77,208.11,213.49,1765475.48101,1613347199999,True
2021-02-15 00:00:00,1613347200000,213.47,219.99,185.31,207.83,2173405.17958,1613433599999,True
2021-02-16 00:00:00,1613433600000,208.03,222.48,200.1,210.26,1660812.39786,1613519999999,True
2021-02-17 00:00:00,1613520000000,210.23,237.75,203.37,237.49,1839179.97093,1613606399999,True
2021-02-18 00:00:00,1613606400000,237.39,239.18,221.0,226.59,1580820.71,1613692799999,True
2021-02-19 00:00:00,1613692800000,226.58,241.92,220.06,236.5,1402427.87852,1613779199999,True
2021-02-20 00:00:00,1613779200000,236.45,247.04,214.02,226.65,1701950.27455,1613865599999,True
2021-02-21 00:00:00,1613865600000,226.77,233.78,220.06,227.13,1268407.03046,1613951999999,True
2021-02-22 00:00:00,1613952000000,227.17,227.39,180.0,208.32,2556958.2216,1614038399999,True
2021-02-23 00:00:00,1614038400000,208.1,208.8,157.29,177.34,3669737.32689,1614124799999,True
2021-02-24 00:00:00,1614124800000,177.35,189.46,169.08,181.43,1827554.60176,1614211199999,True
2021-02-25 00:00:00,1614211200000,181.43,205.21,175.0,179.36,1961972.0422,1614297599999,True
2021-02-26 00:00:00,1614297600000,179.36,182.86,162.74,170.25,2180233.25143,1614383999999,True
2021-02-27 00:00:00,1614384000000,170.2,180.48,167.13,171.76,1113606.4401,1614470399999,True
2021-02-28 00:00:00,1614470400000,171.75,173.42,152.88,165.22,1682228.22219,1614556799999,True
2021-03-01 00:00:00,1614556800000,165.27,176.46,163.3,175.89,1216268.49518,1614643199999,True
2021-03-02 00:00:00,1614643200000,175.9,185.32,170.69,179.08,1441741.00235,1614729599999,True
2021-03-03 00:00:00,1614729600000,179.06,196.49,176.79,187.64,1873295.01116,1614815999999,True
2021-03-04 00:00:00,1614816000000,187.7,194.4,176.83,180.67,1485337.09208,1614902399999,True
2021-03-05 00:00:00,1614902400000,180.66,183.57,168.5,180.23,1182501.69882,1614988799999,True
2021-03-06 00:00:00,1614988800000,180.21,184.67,174.68,182.85,935959.9679,1615075199999,True
2021-03-07 00:00:00,1615075200000,182.86,192.24,182.25,190.75,820418.23901,1615161599999,True
2021-03-08 00:00:00,1615161600000,190.75,195.28,179.58,191.85,1171979.04352,1615247999999,True
2021-03-09 00:00:00,1615248000000,191.86,205.0,188.92,203.81,1279698.49896,1615334399999,True
2021-03-10 00:00:00,1615334400000,203.8,208.0,191.47,200.29,1422079.58464,1615420799999,True
2021-03-11 00:00:00,1615420800000,200.29,203.54,191.03,201.36,981380.1209,1615507199999,True
2021-03-12 00:00:00,1615507200000,201.37,224.23,198.41,220.84,2081683.73697,1615593599999,True
2021-03-13 00:00:00,1615593600000,220.8,230.23,212.7,226.06,1330663.68103,1615679999999,True
2021-03-14 00:00:00,1615680000000,226.08,228.12,213.84,213.94,806542.74173,1615766399999,True
2021-03-15 00:00:00,1615766400000,214.0,222.58,197.56,200.59,1413381.72445,1615852799999,True
2021-03-16 00:00:00,1615852800000,200.59,205.53,191.15,201.6,1063051.80222,1615939199999,True
2021-03-17 00:00:00,1615939200000,201.61,206.94,194.13,205.98,885644.66746,1616025599999,True
2021-03-18 00:00:00,1616025600000,205.96,208.25,199.13,199.7,774419.42586,1616111999999,True
2021-03-19 00:00:00,1616112000000,199.72,205.0,195.81,199.96,536877.41275,1616198399999,True
2021-03-20 00:00:00,1616198400000,199.96,206.1,198.82,200.17,473637.43878,1616284799999,True
2021-03-21 00:00:00,1616284800000,200.16,202.0,192.0,195.31,581731.80679,1616371199999,True
2021-03-22 00:00:00,1616371200000,195.33,199.0,184.42,185.67,725506.72916,1616457599999,True
2021-03-23 00:00:00,1616457600000,185.69,189.44,181.12,185.83,638849.27686,1616543999999,True
2021-03-24 00:00:00,1616544000000,185.82,197.17,172.0,176.05,1189902.97985,1616630399999,True
2021-03-25 00:00:00,1616630400000,176.05,179.03,167.86,171.53,956666.86464,1616716799999,True
2021-03-26 00:00:00,1616716800000,171.53,183.82,171.44,183.45,721838.20194,1616803199999,True
2021-03-27 00:00:00,1616803200000,183.44,186.12,177.75,184.06,475886.83873,1616889599999,True
2021-03-28 00:00:00,1616889600000,184.06,187.29,180.0,184.24,380545.16211,1616975999999,True
2021-03-29 00:00:00,1616976000000,184.22,197.6,182.45,193.73,904774.30423,1617062399999,True
2021-03-30 00:00:00,1617062400000,193.73,200.09,190.34,195.74,932290.6498,1617148799999,True
2021-03-31 00:00:00,1617148800000,195.71,198.99,187.0,196.7,698229.63786,1617235199999,True
2021-04-01 00:00:00,1617235200000,196.69,205.0,194.0,202.86,876741.40869,1617321599999,True
2021-04-02 00:00:00,1617321600000,202.87,213.77,200.78,211.46,942970.73038,1617407999999,True
2021-04-03 00:00:00,1617408000000,211.44,217.97,194.85,195.23,956126.60492,1617494399999,True
2021-04-04 00:00:00,1617494400000,195.17,204.92,192.22,202.21,565154.10714,1617580799999,True
2021-04-05 00:00:00,1617580800000,202.24,225.47,198.07,221.48,1329743.7613,1617667199999,True
2021-04-06 00:00:00,1617667200000,221.48,244.59,212.97,237.04,2444849.53403,1617753599999,True
2021-04-07 00:00:00,1617753600000,236.96,242.99,210.77,219.05,2263475.4652,1617839999999,True
2021-04-08 00:00:00,1617840000000,219.22,228.21,216.89,226.11,1074942.89645,1617926399999,True
2021-04-09 00:00:00,1617926400000,226.17,228.99,218.72,221.12,688918.8215,1618012799999,True
2021-04-10 00:00:00,1618012800000,221.13,257.0,219.16,256.34,1859281.88304,1618099199999,True
2021-04-11 00:00:00,1618099200000,256.55,263.62,244.77,252.31,1890765.80129,1618185599999,True
2021-04-12 00:00:00,1618185600000,252.35,259.94,240.01,244.42,1370860.1631,1618271999999,True
2021-04-13 00:00:00,1618272000000,244.44,273.54,244.36,267.59,1931888.55344,1618358399999,True
2021-04-14 00:00:00,1618358400000,267.61,283.0,255.0,278.86,1989435.79148,1618444799999,True
2021-04-15 00:00:00,1618444800000,278.8,290.9,266.0,285.63,1409760.53776,1618531199999,True
2021-04-16 00:00:00,1618531200000,285.64,317.09,265.5,308.43,3150447.99928,1618617599999,True
2021-04-17 00:00:00,1618617600000,308.39,335.69,296.75,300.86,2574519.6355,1618703999999,True
2021-04-18 00:00:00,1618704000000,300.87,304.83,231.1,273.36,3346589.56812,1618790399999,True
2021-04-19 00:00:00,1618790400000,273.35,284.39,250.21,261.38,1973511.87573,1618876799999,True
2021-04-20 00:00:00,1618876800000,261.47,272.8,234.31,260.68,2111225.32553,1618963199999,True
2021-04-21 00:00:00,1618963200000,260.73,277.0,250.75,257.69,1841080.20554,1619049599999,True
2021-04-22 00:00:00,1619049600000,257.63,289.61,239.0,252.5,2858792.51437,1619135999999,True
2021-04-23 00:00:00,1619136000000,252.6,257.15,206.89,241.31,2866031.89172,1619222399999,True
2021-04-24 00:00:00,1619222400000,241.31,241.41,220.34,224.75,1152968.01885,1619308799999,True
2021-04-25 00:00:00,1619308800000,224.76,235.8,210.73,223.88,928460.2198,1619395199999,True
2021-04-26 00:00:00,1619395200000,223.9,248.2,221.24,247.42,1236470.27391,1619481599999,True
2021-04-27 00:00:00,1619481600000,247.4,263.15,243.63,259.77,1114182.69248,1619567999999,True
2021-04-28 00:00:00,1619568000000,259.77,266.94,247.58,258.51,1014038.43734,1619654399999,True
2021-04-29 00:00:00,1619654400000,258.5,262.89,248.16,255.31,877558.7853,1619740799999,True
2021-04-30 00:00:00,1619740800000,255.31,273.58,252.61,271.13,1037748.69625,1619827199999,True
2021-05-01 00:00:00,1619827200000,271.14,278.58,265.9,276.78,759685.23196,1619913599999,True
2021-05-02 00:00:00,1619913600000,276.77,277.47,264.7,268.88,656429.21428,1619999999999,True
2021-05-03 00:00:00,1620000000000,268.83,299.72,268.44,294.87,1427253.57143,1620086399999,True
2021-05-04 00:00:00,1620086400000,294.73,327.68,270.0,305.23,3939316.56899,1620172799999,True
2021-05-05 00:00:00,1620172800000,305.24,360.0,300.52,356.04,3748897.98686,1620259199999,True
2021-05-06 00:00:00,1620259200000,356.03,364.93,318.0,354.67,2752093.00755,1620345599999,True
2021-05-07 00:00:00,1620345600000,354.52,374.5,333.33,344.89,2822668.46597,1620431999999,True
2021-05-08 00:00:00,1620432000000,344.89,356.68,334.0,347.1,1327716.1907,1620518399999,True
2021-05-09 00:00:00,1620518400000,347.17,389.0,333.51,387.8,2292100.05852,1620604799999,True
2021-05-10 00:00:00,1620604800000,387.77,413.49,333.68,358.89,3830553.73813,1620691199999,True
2021-05-11 00:00:00,1620691200000,358.93,379.72,345.0,377.6,2031121.35038,1620777599999,True
2021-05-12 00:00:00,1620777600000,377.8,394.37,301.0,310.4,2537826.91562,1620863999999,True
2021-05-13 00:00:00,1620864000000,310.4,332.73,291.0,317.95,2979065.55728,1620950399999,True
2021-05-14 00:00:00,1620950400000,317.95,338.85,307.96,326.23,1482325.51445,1621036799999,True
2021-05-15 00:00:00,1621036800000,326.24,332.0,296.17,300.3,1486176.50537,1621123199999,True
2021-05-16 00:00:00,1621123200000,300.22,323.95,279.66,295.89,1693568.12752,1621209599999,True
2021-05-17 00:00:00,1621209600000,295.89,296.34,261.27,281.53,2079261.84526,1621295999999,True
2021-05-18 00:00:00,1621296000000,281.38,317.97,278.32,293.98,2558765.69804,1621382399999,True
2021-05-19 00:00:00,1621382400000,293.98,300.31,147.0,185.93,6731555.34383,1621468799999,True
2021-05-20 00:00:00,1621468800000,186.31,225.0,166.45,210.74,4269465.92695,1621555199999,True
2021-05-21 00:00:00,1621555200000,210.66,219.12,156.56,179.97,2998819.79591,1621641599999,True
2021-05-22 00:00:00,1621641600000,179.97,184.44,161.61,169.32,1983438.52337,1621727999999,True
2021-05-23 00:00:00,1621728000000,169.3,176.26,118.03,142.39,3854006.12408,1621814399999,True
2021-05-24 00:00:00,1621814400000,142.52,185.37,139.54,185.32,2491240.93285,1621900799999,True
2021-05-25 00:00:00,1621900800000,185.32,194.61,167.15,183.76,1974384.43463,1621987199999,True
2021-05-26 00:00:00,1621987200000,183.89,204.13,179.42,198.91,1540975.47323,1622073599999,True
2021-05-27 00:00:00,1622073600000,198.92,209.0,180.39,194.32,1457775.38448,1622159999999,True
2021-05-28 00:00:00,1622160000000,194.31,198.88,165.5,177.33,2118247.13851,1622246399999,True
2021-05-29 00:00:00,1622246400000,177.3,188.69,157.65,164.01,1554075.0432,1622332799999,True
2021-05-30 00:00:00,1622332800000,164.04,181.1,155.11,170.51,1123365.50693,1622419199999,True
2021-05-31 00:00:00,1622419200000,170.48,188.5,163.5,187.97,1242054.05369,1622505599999,True
2021-06-01 00:00:00,1622505600000,188.01,193.16,175.82,182.99,1081241.44408,1622591999999,True
2021-06-02 00:00:00,1622592000000,183.05,191.34,178.27,187.14,976844.03214,1622678399999,True
2021-06-03 00:00:00,1622678400000,187.18,197.78,181.95,193.5,1079806.82442,1622764799999,True
2021-06-04 00:00:00,1622764800000,193.52,193.81,168.95,178.44,1130262.18071,1622851199999,True
2021-06-05 00:00:00,1622851200000,178.46,185.49,167.32,172.94,846082.98073,1622937599999,True
2021-06-06 00:00:00,1622937600000,172.95,179.96,172.02,176.41,677386.36378,1623023999999,True
2021-06-07 00:00:00,1623024000000,176.42,182.22,160.25,161.95,1035822.82509,1623110399999,True
2021-06-08 00:00:00,1623110400000,161.92,164.48,144.89,160.63,1417289.87647,1623196799999,True
2021-06-09 00:00:00,1623196800000,160.64,173.3,152.31,172.56,1139739.36054,1623283199999,True
2021-06-10 00:00:00,1623283200000,172.54,174.61,162.12,168.16,878866.63371,1623369599999,True
2021-06-11 00:00:00,1623369600000,168.18,173.78,160.55,162.83,928611.54446,1623455999999,True
2021-06-12 00:00:00,1623456000000,162.84,164.3,154.14,161.8,653167.31003,1623542399999,True
2021-06-13 00:00:00,1623542400000,161.81,171.59,156.42,170.85,573493.90783,1623628799999,True
2021-06-14 00:00:00,1623628800000,170.85,179.99,166.34,179.89,802051.95645,1623715199999,True
2021-06-15 00:00:00,1623715200000,179.88,181.2,172.15,175.15,654352.05304,1623801599999,True
2021-06-16 00:00:00,1623801600000,175.16,177.31,164.23,166.57,761479.45263,1623887999999,True
2021-06-17 00:00:00,1623888000000,166.56,173.4,162.81,167.08,559434.62367,1623974399999,True
2021-06-18 00:00:00,1623974400000,167.13,167.43,151.2,156.34,800699.30384,1624060799999,True
2021-06-19 00:00:00,1624060800000,156.33,160.88,152.31,152.49,523073.02283,1624147199999,True
2021-06-20 00:00:00,1624147200000,152.51,156.18,143.75,154.88,611253.37603,1624233599999,True
2021-06-21 00:00:00,1624233600000,154.87,155.5,123.91,124.46,1492819.3793,1624319999999,True
2021-06-22 00:00:00,1624320000000,124.38,133.03,104.92,119.64,2255757.11457,1624406399999,True
2021-06-23 00:00:00,1624406400000,119.69,133.75,115.49,129.1,1020444.64312,1624492799999,True
2021-06-24 00:00:00,1624492800000,129.13,137.36,123.71,134.58,660335.54019,1624579199999,True
2021-06-25 00:00:00,1624579200000,134.59,138.45,124.31,125.0,764515.33892,1624665599999,True
2021-06-26 00:00:00,1624665600000,125.03,129.44,118.67,126.89,871924.09227,1624751999999,True
2021-06-27 00:00:00,1624752000000,126.81,132.67,124.66,132.6,573388.24688,1624838399999,True
2021-06-28 00:00:00,1624838400000,132.57,139.55,129.89,137.69,703645.47159,1624924799999,True
2021-06-29 00:00:00,1624924800000,137.68,149.18,137.24,144.2,898148.69711,1625011199999,True
2021-06-30 00:00:00,1625011200000,144.23,146.94,136.01,144.26,629619.41847,1625097599999,True
2021-07-01 00:00:00,1625097600000,144.31,144.31,133.99,137.02,539535.2997,1625183999999,True
2021-07-02 00:00:00,1625184000000,137.01,138.97,130.6,136.85,467041.14947,1625270399999,True
2021-07-03 00:00:00,1625270400000,136.87,141.37,134.57,140.17,351451.49767,1625356799999,True
2021-07-04 00:00:00,1625356800000,140.19,148.1,136.88,144.95,443949.92264,1625443199999,True
2021-07-05 00:00:00,1625443200000,144.96,145.03,133.84,137.71,561680.84949,1625529599999,True
2021-07-06 00:00:00,1625529600000,137.76,142.73,135.6,138.87,530800.52733,1625615999999,True
2021-07-07 00:00:00,1625616000000,138.86,142.93,136.87,137.41,520913.20131,1625702399999,True
2021-07-08 00:00:00,1625702400000,137.38,137.74,127.77,132.15,645442.57112,1625788799999,True
2021-07-09 00:00:00,1625788800000,132.11,135.85,126.0,134.58,527547.82163,1625875199999,True
2021-07-10 00:00:00,1625875200000,134.54,136.82,130.32,133.99,365844.86832,1625961599999,True
2021-07-11 00:00:00,1625961600000,133.99,136.48,132.08,134.28,324968.57149,1626047999999,True
2021-07-12 00:00:00,1626048000000,134.28,139.75,131.82,133.38,670917.62355,1626134399999,True
2021-07-13 00:00:00,1626134400000,133.32,134.61,129.35,131.44,454856.67168,1626220799999,True
2021-07-14 00:00:00,1626220800000,131.45,132.42,123.59,131.07,538916.43958,1626307199999,True
2021-07-15 00:00:00,1626307200000,131.06,133.13,121.93,125.86,494375.7243,1626393599999,True
2021-07-16 00:00:00,1626393600000,125.88,127.87,120.38,120.65,422183.01506,1626479999999,True
2021-07-17 00:00:00,1626480000000,120.66,122.92,117.68,119.95,425298.69428,1626566399999,True
2021-07-18 00:00:00,1626566400000,120.0,124.05,116.23,119.17,430985.21457,1626652799999,True
2021-07-19 00:00:00,1626652800000,119.16,120.75,111.82,113.13,493082.96266,1626739199999,True
2021-07-20 00:00:00,1626739200000,113.14,115.09,103.83,107.29,766236.24738,1626825599999,True
2021-07-21 00:00:00,1626825600000,107.31,119.24,105.05,117.74,682039.47283,1626911999999,True
2021-07-22 00:00:00,1626912000000,117.77,122.0,115.61,120.67,464759.47146,1626998399999,True
2021-07-23 00:00:00,1626998400000,120.69,124.78,117.02,124.24,404160.06952,1627084799999,True
2021-07-24 00:00:00,1627084800000,124.27,127.7,123.29,125.99,432891.78019,1627171199999,True
2021-07-25 00:00:00,1627171200000,126.0,127.99,123.51,127.68,392963.87036,1627257599999,True
2021-07-26 00:00:00,1627257600000,127.64,140.47,126.85,131.06,1052092.77379,1627343999999,True
2021-07-27 00:00:00,1627344000000,131.06,135.12,127.27,134.74,607384.02252,1627430399999,True
2021-07-28 00:00:00,1627430400000,134.73,142.0,132.39,140.42,729936.12774,1627516799999,True
2021-07-29 00:00:00,1627516800000,140.48,143.0,136.55,141.44,542641.00192,1627603199999,True
2021-07-30 00:00:00,1627603200000,141.44,145.88,135.86,145.51,605847.24082,1627689599999,True
2021-07-31 00:00:00,1627689600000,145.51,146.6,141.83,144.37,388737.61543,1627775999999,True
2021-08-01 00:00:00,1627776000000,144.35,149.78,138.04,140.31,584699.77102,1627862399999,True
2021-08-02 00:00:00,1627862400000,140.31,145.93,138.76,141.35,419849.68249,1627948799999,True
2021-08-03 00:00:00,1627948800000,141.32,143.24,135.6,138.49,402821.08451,1628035199999,True
2021-08-04 00:00:00,1628035200000,138.49,144.5,135.54,142.57,486488.33119,1628121599999,True
2021-08-05 00:00:00,1628121600000,142.57,145.19,136.12,143.53,615027.38819,1628207999999,True
2021-08-06 00:00:00,1628208000000,143.51,150.9,141.73,147.95,685973.67511,1628294399999,True
2021-08-07 00:00:00,1628294400000,147.93,156.39,147.06,155.92,878574.53896,1628380799999,True
2021-08-08 00:00:00,1628380800000,155.92,157.63,147.0,149.69,700140.23658,1628467199999,True
2021-08-09 00:00:00,1628467200000,149.69,170.78,145.15,166.31,1165618.32076,1628553599999,True
2021-08-10 00:00:00,1628553600000,166.27,168.28,158.79,165.38,894686.73503,1628639999999,True
2021-08-11 00:00:00,1628640000000,165.38,176.07,164.23,170.6,914647.0176,1628726399999,True
2021-08-12 00:00:00,1628726400000,170.57,179.74,160.77,165.38,987267.21224,1628812799999,True
2021-08-13 00:00:00,1628812800000,165.41,184.57,164.0,183.31,1122682.76822,1628899199999,True
2021-08-14 00:00:00,1628899200000,183.32,185.11,174.62,182.76,944596.30069,1628985599999,True
2021-08-15 00:00:00,1628985600000,182.78,186.55,175.18,184.6,948648.90733,1629071999999,True
2021-08-16 00:00:00,1629072000000,184.59,189.03,176.35,177.93,898330.4154,1629158399999,True
2021-08-17 00:00:00,1629158400000,177.96,184.38,168.01,168.61,781038.75082,1629244799999,True
2021-08-18 00:00:00,1629244800000,168.6,174.54,162.92,166.65,694819.54486,1629331199999,True
2021-08-19 00:00:00,1629331200000,166.64,175.82,162.66,175.59,682216.29479,1629417599999,True
2021-08-20 00:00:00,1629417600000,175.57,184.11,174.11,183.59,708140.15383,1629503999999,True
2021-08-21 00:00:00,1629504000000,183.59,184.48,176.52,179.63,644225.29965,1629590399999,True
2021-08-22 00:00:00,1629590400000,179.57,189.6,178.38,185.91,935874.98336,1629676799999,True
2021-08-23 00:00:00,1629676800000,185.85,191.94,183.61,187.01,877311.28336,1629763199999,True
2021-08-24 00:00:00,1629763200000,186.98,188.64,172.25,173.42,780692.69421,1629849599999,True
2021-08-25 00:00:00,1629849600000,173.39,179.0,169.06,177.75,617983.0803,1629935999999,True
2021-08-26 00:00:00,1629936000000,177.76,180.18,164.9,167.7,568905.75324,1630022399999,True
2021-08-27 00:00:00,1630022400000,167.7,176.35,165.0,176.2,456121.02531,1630108799999,True
2021-08-28 00:00:00,1630108800000,176.2,177.1,171.3,175.6,316185.26963,1630195199999,True
2021-08-29 00:00:00,1630195200000,175.7,182.6,173.1,174.3,547343.58554,1630281599999,True
2021-08-30 00:00:00,1630281600000,174.4,176.5,166.5,167.3,468119.396,1630367999999,True
2021-08-31 00:00:00,1630368000000,167.4,175.4,165.6,171.5,553621.007,1630454399999,True
2021-09-01 00:00:00,1630454400000,171.6,182.8,168.5,180.9,692302.294,1630540799999,True
2021-09-02 00:00:00,1630540800000,180.9,187.9,179.4,183.3,683639.85445,1630627199999,True
2021-09-03 00:00:00,1630627200000,183.4,217.7,179.8,212.9,2071663.63126,1630713599999,True
2021-09-04 00:00:00,1630713600000,212.9,225.2,208.4,211.9,1448417.53392,1630799999999,True
2021-09-05 00:00:00,1630800000000,212.0,232.56,210.5,232.2,1007949.97992,1630886399999,True
2021-09-06 00:00:00,1630886400000,232.2,232.3,214.8,219.4,1001710.493,1630972799999,True
2021-09-07 00:00:00,1630972800000,219.4,221.9,162.1,178.5,2026882.59263,1631059199999,True
2021-09-08 00:00:00,1631059200000,178.4,189.0,169.3,179.7,1419232.641,1631145599999,True
2021-09-09 00:00:00,1631145600000,179.7,188.6,176.5,180.5,896655.718,1631231999999,True
2021-09-10 00:00:00,1631232000000,180.5,187.4,170.7,174.1,721100.842,1631318399999,True
2021-09-11 00:00:00,1631318400000,174.1,186.2,173.4,178.6,551963.071,1631404799999,True
2021-09-12 00:00:00,1631404800000,178.6,186.2,175.1,183.0,564714.696,1631491199999,True
2021-09-13 00:00:00,1631491200000,183.1,240.0,170.7,179.4,5437062.6741,1631577599999,True
2021-09-14 00:00:00,1631577600000,179.4,189.0,176.1,183.1,1091279.997,1631663999999,True
2021-09-15 00:00:00,1631664000000,183.0,192.1,179.6,189.0,745508.059,1631750399999,True
2021-09-16 00:00:00,1631750400000,189.1,195.4,181.5,185.2,935286.231,1631836799999,True
2021-09-17 00:00:00,1631836800000,185.2,190.5,177.5,180.0,566767.069,1631923199999,True
2021-09-18 00:00:00,1631923200000,180.0,185.8,177.9,181.4,372409.224,1632009599999,True
2021-09-19 00:00:00,1632009600000,181.3,181.7,172.5,175.6,364865.775,1632095999999,True
2021-09-20 00:00:00,1632096000000,175.6,176.0,153.3,157.2,1300459.67767,1632182399999,True
2021-09-21 00:00:00,1632182400000,157.2,162.3,144.7,148.5,988169.63393,1632268799999,True
2021-09-22 00:00:00,1632268800000,148.6,161.8,145.3,161.4,822665.566,1632355199999,True
2021-09-23 00:00:00,1632355200000,161.4,165.0,157.1,163.9,559513.522,1632441599999,True
2021-09-24 00:00:00,1632441600000,163.9,166.6,141.6,152.1,1236046.28455,1632527999999,True
2021-09-25 00:00:00,1632528000000,152.0,155.9,148.8,151.0,622457.078,1632614399999,True
2021-09-26 00:00:00,1632614400000,150.9,153.4,141.9,150.7,837958.065,1632700799999,True
2021-09-27 00:00:00,1632700800000,150.7,154.9,144.8,145.0,463173.188,1632787199999,True
2021-09-28 00:00:00,1632787200000,145.0,149.0,140.0,140.6,551914.7719,1632873599999,True
2021-09-29 00:00:00,1632873600000,140.5,150.4,139.7,144.7,505249.15568,1632959999999,True
2021-09-30 00:00:00,1632960000000,144.8,154.5,143.9,153.3,505878.24,1633046399999,True
2021-10-01 00:00:00,1633046400000,153.2,168.1,151.1,166.2,701432.917,1633132799999,True
2021-10-02 00:00:00,1633132800000,166.1,172.8,164.4,168.9,427845.773,1633219199999,True
2021-10-03 00:00:00,1633219200000,168.9,175.0,165.7,170.5,437060.787,1633305599999,True
2021-10-04 00:00:00,1633305600000,170.5,170.9,161.3,167.5,586624.931,1633391999999,True
2021-10-05 00:00:00,1633392000000,167.5,175.4,166.6,173.8,622714.612,1633478399999,True
2021-10-06 00:00:00,1633478400000,173.7,183.0,163.8,178.5,967921.404,1633564799999,True
2021-10-07 00:00:00,1633564800000,178.5,187.0,173.4,178.6,866672.447,1633651199999,True
2021-10-08 00:00:00,1633651200000,178.6,183.4,174.4,175.9,697493.034,1633737599999,True
2021-10-09 00:00:00,1633737600000,175.9,182.9,174.4,179.9,445979.888,1633823999999,True
2021-10-10 00:00:00,1633824000000,179.9,184.0,174.0,174.8,559785.153,1633910399999,True
2021-10-11 00:00:00,1633910400000,174.8,185.4,172.0,179.1,679614.987,1633996799999,True
2021-10-12 00:00:00,1633996800000,179.2,179.2,166.3,172.6,708173.9,1634083199999,True
2021-10-13 00:00:00,1634083200000,172.6,179.7,167.6,177.6,657952.562,1634169599999,True
2021-10-14 00:00:00,1634169600000,177.7,186.7,176.9,181.3,746399.181,1634255999999,True
2021-10-15 00:00:00,1634256000000,181.3,193.0,176.4,189.6,1143344.438,1634342399999,True
2021-10-16 00:00:00,1634342400000,189.7,192.6,185.0,186.0,576811.605,1634428799999,True
2021-10-17 00:00:00,1634428800000,186.0,188.1,176.4,183.7,475002.963,1634515199999,True
2021-10-18 00:00:00,1634515200000,183.8,187.6,178.5,185.6,591931.083,1634601599999,True
2021-10-19 00:00:00,1634601600000,185.5,191.6,183.1,188.8,598824.688,1634687999999,True
2021-10-20 00:00:00,1634688000000,188.8,209.4,185.6,207.3,1121684.82,1634774399999,True
2021-10-21 00:00:00,1634774400000,207.4,214.7,195.2,196.8,1129324.235,1634860799999,True
2021-10-22 00:00:00,1634860800000,196.8,201.5,187.9,191.0,731846.105,1634947199999,True
2021-10-23 00:00:00,1634947200000,191.0,198.0,188.7,196.3,413109.664,1635033599999,True
2021-10-24 00:00:00,1635033600000,196.3,199.9,185.2,190.4,568204.06,1635119999999,True
2021-10-25 00:00:00,1635120000000,190.4,197.4,189.6,195.5,435121.822,1635206399999,True
2021-10-26 00:00:00,1635206400000,195.5,199.4,190.3,197.6,571152.655,1635292799999,True
2021-10-27 00:00:00,1635292800000,197.5,205.0,171.1,179.3,1380721.926,1635379199999,True
2021-10-28 00:00:00,1635379200000,179.2,194.5,177.6,189.8,722390.735,1635465599999,True
2021-10-29 00:00:00,1635465600000,189.8,198.7,188.1,196.7,581094.6,1635551999999,True
2021-10-30 00:00:00,1635552000000,196.7,197.3,186.6,190.2,415371.62,1635638399999,True
2021-10-31 00:00:00,1635638400000,190.2,195.2,186.7,191.9,514684.875,1635724799999,True
2021-11-01 00:00:00,1635724800000,191.9,201.2,187.8,197.6,656176.592,1635811199999,True
2021-11-02 00:00:00,1635811200000,197.6,204.9,195.1,200.9,589454.742,1635897599999,True
2021-11-03 00:00:00,1635897600000,200.9,209.3,197.4,207.3,839855.941,1635983999999,True
2021-11-04 00:00:00,1635984000000,207.3,207.3,196.1,202.6,592543.494,1636070399999,True
2021-11-05 00:00:00,1636070400000,202.6,203.3,196.7,198.9,454701.028,1636156799999,True
2021-11-06 00:00:00,1636156800000,198.9,201.1,191.0,197.6,420636.051,1636243199999,True
2021-11-07 00:00:00,1636243200000,197.6,202.1,196.9,202.0,351383.08,1636329599999,True
2021-11-08 00:00:00,1636329600000,202.1,229.7,202.0,229.0,1380080.247,1636415999999,True
2021-11-09 00:00:00,1636416000000,229.0,274.6,226.5,262.0,3256268.81184,1636502399999,True
2021-11-10 00:00:00,1636502400000,262.0,295.7,251.6,260.4,3733558.8607,1636588799999,True
2021-11-11 00:00:00,1636588800000,260.3,274.2,250.5,262.3,1666490.106,1636675199999,True
2021-11-12 00:00:00,1636675200000,262.2,282.7,243.7,251.2,2414623.352,1636761599999,True
2021-11-13 00:00:00,1636761600000,251.1,264.2,245.2,257.7,1167201.211,1636847999999,True
2021-11-14 00:00:00,1636848000000,257.7,279.7,248.4,279.3,1358747.997,1636934399999,True
2021-11-15 00:00:00,1636934400000,279.3,281.5,259.0,263.0,1155933.609,1637020799999,True
2021-11-16 00:00:00,1637020800000,263.0,263.3,222.5,230.2,2396155.13,1637107199999,True
2021-11-17 00:00:00,1637107200000,230.4,235.4,217.6,229.6,1422751.183,1637193599999,True
2021-11-18 00:00:00,1637193600000,229.6,232.4,199.4,204.2,1689641.574,1637279999999,True
2021-11-19 00:00:00,1637280000000,204.1,221.3,199.5,217.9,1040819.801,1637366399999,True
2021-11-20 00:00:00,1637366400000,217.9,227.8,212.4,226.8,841347.754,1637452799999,True
2021-11-21 00:00:00,1637452800000,226.8,230.8,219.6,221.1,698329.313,1637539199999,True
2021-11-22 00:00:00,1637539200000,221.2,221.7,205.2,209.1,865031.634,1637625599999,True
2021-11-23 00:00:00,1637625600000,209.1,218.8,205.1,216.2,709895.649,1637711999999,True
2021-11-24 00:00:00,1637712000000,216.2,217.7,205.9,212.2,586526.86,1637798399999,True
2021-11-25 00:00:00,1637798400000,212.2,229.8,210.7,222.9,892094.61,1637884799999,True
2021-11-26 00:00:00,1637884800000,223.0,224.9,190.0,195.7,1536691.461,1637971199999,True
2021-11-27 00:00:00,1637971200000,195.7,201.0,190.6,195.1,524367.982,1638057599999,True
2021-11-28 00:00:00,1638057600000,195.0,199.9,182.0,199.5,723846.344,1638143999999,True
2021-11-29 00:00:00,1638144000000,199.5,209.5,194.9,205.5,810923.688,1638230399999,True
2021-11-30 00:00:00,1638230400000,205.5,219.9,197.4,207.8,1032919.457,1638316799999,True
2021-12-01 00:00:00,1638316800000,207.8,217.8,205.1,208.8,674057.314,1638403199999,True
2021-12-02 00:00:00,1638403200000,208.7,210.1,199.9,203.5,562121.73,1638489599999,True
2021-12-03 00:00:00,1638489600000,203.5,208.1,179.3,188.0,825086.4,1638575999999,True
2021-12-04 00:00:00,1638576000000,188.0,189.3,129.3,162.7,2758066.76925,1638662399999,True
2021-12-05 00:00:00,1638662400000,162.7,165.0,148.0,156.3,1075867.598,1638748799999,True
2021-12-06 00:00:00,1638748800000,156.3,164.5,141.3,161.3,1097434.113,1638835199999,True
2021-12-07 00:00:00,1638835200000,161.3,165.8,158.2,161.8,672241.01,1638921599999,True
2021-12-08 00:00:00,1638921600000,161.8,170.3,155.8,165.1,890527.252,1639007999999,True
2021-12-09 00:00:00,1639008000000,165.2,167.1,151.1,151.3,648228.982,1639094399999,True
2021-12-10 00:00:00,1639094400000,151.4,159.8,147.5,148.3,704610.428,1639180799999,True
2021-12-11 00:00:00,1639180800000,148.4,159.5,145.7,158.0,558649.677,1639267199999,True
2021-12-12 00:00:00,1639267200000,158.0,162.9,153.2,159.0,382460.669,1639353599999,True
2021-12-13 00:00:00,1639353600000,158.9,159.9,142.7,144.6,628722.159,1639439999999,True
2021-12-14 00:00:00,1639440000000,144.6,151.9,142.9,150.4,511641.769,1639526399999,True
2021-12-15 00:00:00,1639526400000,150.3,155.0,141.7,153.6,611833.278,1639612799999,True
2021-12-16 00:00:00,1639612800000,153.5,156.7,148.5,148.9,434853.361,1639699199999,True
2021-12-17 00:00:00,1639699200000,148.9,150.3,141.2,144.1,472455.023,1639785599999,True
2021-12-18 00:00:00,1639785600000,144.1,150.3,142.8,148.6,300448.219,1639871999999,True
2021-12-19 00:00:00,1639872000000,148.6,161.1,147.6,153.2,738406.682,1639958399999,True
2021-12-20 00:00:00,1639958400000,153.2,157.4,145.2,152.6,550918.769,1640044799999,True
2021-12-21 00:00:00,1640044800000,152.7,156.4,149.1,154.7,375493.205,1640131199999,True
2021-12-22 00:00:00,1640131200000,154.8,160.2,152.9,155.4,414964.85,1640217599999,True
2021-12-23 00:00:00,1640217600000,155.4,165.2,153.0,163.6,521673.021,1640303999999,True
2021-12-24 00:00:00,1640304000000,163.6,166.8,160.1,161.2,410835.441,1640390399999,True
2021-12-25 00:00:00,1640390400000,161.2,163.6,157.3,157.8,456068.094,1640476799999,True
2021-12-26 00:00:00,1640476800000,157.8,158.4,152.6,155.7,887961.059,1640563199999,True
2021-12-27 00:00:00,1640563200000,155.8,161.3,154.4,155.9,463944.984,1640649599999,True
2021-12-28 00:00:00,1640649600000,155.9,156.0,144.5,145.7,679901.014,1640735999999,True
2021-12-29 00:00:00,1640736000000,145.6,151.0,143.9,145.5,444947.628,1640822399999,True
2021-12-30 00:00:00,1640822400000,145.5,150.0,142.7,148.0,318121.046,1640908799999,True
2021-12-31 00:00:00,1640908800000,147.9,152.7,143.7,146.3,344892.41,1640995199999,True
2022-01-01 00:00:00,1640995200000,146.2,151.0,146.1,150.8,225155.54,1641081599999,True
2022-01-02 00:00:00,1641081600000,150.8,153.4,147.8,151.2,228350.087,1641167999999,True
2022-01-03 00:00:00,1641168000000,151.1,151.2,146.0,148.5,291038.873,1641254399999,True
2022-01-04 00:00:00,1641254400000,148.4,151.7,145.2,146.5,331705.663,1641340799999,True
2022-01-05 00:00:00,1641340800000,146.5,150.0,129.8,135.4,601964.057,1641427199999,True
2022-01-06 00:00:00,1641427200000,135.3,138.1,132.4,135.9,531427.357,1641513599999,True
2022-01-07 00:00:00,1641513600000,135.9,136.5,125.9,131.4,733975.31191,1641599999999,True
2022-01-08 00:00:00,1641600000000,131.4,134.8,124.8,129.4,450291.35478,1641686399999,True
2022-01-09 00:00:00,1641686400000,129.4,132.6,127.7,130.9,321828.343,1641772799999,True
2022-01-10 00:00:00,1641772800000,130.8,131.5,120.7,126.5,621002.30603,1641859199999,True
2022-01-11 00:00:00,1641859200000,126.6,133.5,125.7,131.6,396300.22,1641945599999,True
2022-01-12 00:00:00,1641945600000,131.6,142.3,130.8,141.9,387745.567,1642031999999,True
2022-01-13 00:00:00,1642032000000,142.0,142.4,134.6,136.7,462389.154,1642118399999,True
2022-01-14 00:00:00,1642118400000,136.7,146.7,135.8,144.7,588107.752,1642204799999,True
2022-01-15 00:00:00,1642204800000,144.7,150.7,144.0,147.7,461786.036,1642291199999,True
2022-01-16 00:00:00,1642291200000,147.6,149.0,143.2,146.4,323952.665,1642377599999,True
2022-01-17 00:00:00,1642377600000,146.4,153.9,144.1,151.2,809014.895,1642463999999,True
2022-01-18 00:00:00,1642464000000,151.1,153.4,138.6,141.5,605404.359,1642550399999,True
2022-01-19 00:00:00,1642550400000,141.4,143.0,133.2,136.2,437642.165,1642636799999,True
2022-01-20 00:00:00,1642636800000,136.2,142.9,128.8,129.7,404805.365,1642723199999,True
2022-01-21 00:00:00,1642723200000,129.6,131.1,109.8,114.5,1024703.15234,1642809599999,True
2022-01-22 00:00:00,1642809600000,114.5,117.0,96.3,108.4,1345786.1907,1642895999999,True
2022-01-23 00:00:00,1642896000000,108.4,112.8,105.6,112.3,588082.317,1642982399999,True
2022-01-24 00:00:00,1642982400000,112.3,112.3,97.5,109.5,1098206.519,1643068799999,True
2022-01-25 00:00:00,1643068800000,109.6,109.9,105.1,107.8,589373.563,1643155199999,True
2022-01-26 00:00:00,1643155200000,107.9,116.5,104.6,106.9,774954.382,1643241599999,True
2022-01-27 00:00:00,1643241600000,107.0,110.0,102.8,106.9,563991.766,1643327999999,True
2022-01-28 00:00:00,1643328000000,106.8,110.0,105.2,109.4,463842.238,1643414399999,True
2022-01-29 00:00:00,1643414400000,109.5,112.4,107.5,110.8,345775.899,1643500799999,True
2022-01-30 00:00:00,1643500800000,110.9,112.2,107.0,108.6,276376.291,1643587199999,True
2022-01-31 00:00:00,1643587200000,108.5,111.3,104.3,109.5,447814.467,1643673599999,True
2022-02-01 00:00:00,1643673600000,109.4,116.9,108.2,115.0,597661.679,1643759999999,True
2022-02-02 00:00:00,1643760000000,115.1,116.0,107.3,108.3,512026.267,1643846399999,True
2022-02-03 00:00:00,1643846400000,108.3,111.1,105.4,111.0,380748.903,1643932799999,True
2022-02-04 00:00:00,1643932800000,110.9,121.5,108.7,121.3,649501.138,1644019199999,True
2022-02-05 00:00:00,1644019200000,121.3,123.8,118.8,121.7,442597.015,1644105599999,True
2022-02-06 00:00:00,1644105600000,121.8,128.0,120.5,127.6,415141.018,1644191999999,True
2022-02-07 00:00:00,1644192000000,127.5,139.9,125.0,137.4,694509.795,1644278399999,True
2022-02-08 00:00:00,1644278400000,137.4,142.9,130.4,133.7,974024.21,1644364799999,True
2022-02-09 00:00:00,1644364800000,133.6,141.0,132.0,140.1,615072.437,1644451199999,True
2022-02-10 00:00:00,1644451200000,140.0,143.8,134.0,134.6,722895.221,1644537599999,True
2022-02-11 00:00:00,1644537600000,134.5,134.8,124.8,125.6,536508.563,1644623999999,True
2022-02-12 00:00:00,1644624000000,125.6,127.6,120.8,126.7,328295.304,1644710399999,True
2022-02-13 00:00:00,1644710400000,126.7,128.9,123.5,125.6,261891.161,1644796799999,True
2022-02-14 00:00:00,1644796800000,125.6,127.0,121.4,124.6,311463.001,1644883199999,True
2022-02-15 00:00:00,1644883200000,124.6,132.6,123.9,131.5,372015.055,1644969599999,True
2022-02-16 00:00:00,1644969600000,131.6,131.8,125.4,127.7,325088.116,1645055999999,True
2022-02-17 00:00:00,1645056000000,127.8,129.0,114.8,116.3,535445.236,1645142399999,True
2022-02-18 00:00:00,1645142400000,116.3,123.6,114.1,114.9,686552.347,1645228799999,True
2022-02-19 00:00:00,1645228800000,114.9,117.2,113.0,115.5,361933.434,1645315199999,True
2022-02-20 00:00:00,1645315200000,115.5,115.8,108.4,110.6,468241.931,1645401599999,True
2022-02-21 00:00:00,1645401600000,110.6,114.5,102.0,102.8,631230.777,1645487999999,True
2022-02-22 00:00:00,1645488000000,102.7,107.9,100.2,107.4,537388.743,1645574399999,True
2022-02-23 00:00:00,1645574400000,107.4,111.5,104.9,105.4,432495.97,1645660799999,True
2022-02-24 00:00:00,1645660800000,105.3,111.0,90.0,104.1,1288797.47718,1645747199999,True
2022-02-25 00:00:00,1645747200000,104.2,110.7,101.5,109.2,604602.878,1645833599999,True
2022-02-26 00:00:00,1645833600000,109.2,115.0,106.6,108.2,456598.44,1645919999999,True
2022-02-27 00:00:00,1645920000000,108.1,110.2,101.1,102.9,417924.626,1646006399999,True
2022-02-28 00:00:00,1646006400000,102.9,113.9,101.2,113.7,574622.74,1646092799999,True
2022-03-01 00:00:00,1646092800000,113.7,116.0,109.4,112.5,601477.274,1646179199999,True
2022-03-02 00:00:00,1646179200000,112.5,114.7,109.1,110.3,513465.217,1646265599999,True
2022-03-03 00:00:00,1646265600000,110.3,113.0,107.9,111.7,638112.361,1646351999999,True
2022-03-04 00:00:00,1646352000000,111.7,112.7,99.0,101.0,635993.785,1646438399999,True
2022-03-05 00:00:00,1646438400000,101.0,105.4,99.4,104.9,298763.798,1646524799999,True
2022-03-06 00:00:00,1646524800000,104.9,106.0,100.6,101.1,312844.282,1646611199999,True
2022-03-07 00:00:00,1646611200000,101.1,103.9,96.2,98.4,518690.842,1646697599999,True
2022-03-08 00:00:00,1646697600000,98.3,102.6,97.8,100.7,489539.231,1646783999999,True
2022-03-09 00:00:00,1646784000000,100.8,109.3,100.4,106.9,548748.759,1646870399999,True
2022-03-10 00:00:00,1646870400000,106.9,107.1,99.5,102.5,544448.846,1646956799999,True
2022-03-11 00:00:00,1646956800000,102.6,107.0,99.6,104.6,462322.473,1647043199999,True
2022-03-12 00:00:00,1647043200000,104.6,108.0,104.5,105.6,273690.902,1647129599999,True
2022-03-13 00:00:00,1647129600000,105.5,107.4,101.0,101.7,267778.849,1647215999999,True
2022-03-14 00:00:00,1647216000000,101.7,106.4,100.8,105.6,461259.961,1647302399999,True
2022-03-15 00:00:00,1647302400000,105.5,108.6,102.4,106.8,455884.752,1647388799999,True
2022-03-16 00:00:00,1647388800000,106.9,112.2,105.6,111.4,627565.504,1647475199999,True
2022-03-17 00:00:00,1647475200000,111.3,111.7,108.5,110.2,315598.565,1647561599999,True
2022-03-18 00:00:00,1647561600000,110.2,113.0,107.7,111.9,362061.811,1647647999999,True
2022-03-19 00:00:00,1647648000000,111.8,117.3,111.4,116.8,455077.798,1647734399999,True
2022-03-20 00:00:00,1647734400000,116.8,118.5,111.3,114.9,456736.029,1647820799999,True
2022-03-21 00:00:00,1647820800000,114.9,116.8,113.1,116.0,414783.622,1647907199999,True
2022-03-22 00:00:00,1647907200000,116.1,123.7,115.6,122.7,613158.765,1647993599999,True
2022-03-23 00:00:00,1647993600000,122.7,124.5,118.5,122.4,404116.575,1648079999999,True
2022-03-24 00:00:00,1648080000000,122.5,127.7,120.0,126.5,494673.517,1648166399999,True
2022-03-25 00:00:00,1648166400000,126.4,127.3,121.5,123.9,388911.114,1648252799999,True
2022-03-26 00:00:00,1648252800000,124.0,125.6,121.9,124.8,222339.521,1648339199999,True
2022-03-27 00:00:00,1648339200000,124.8,129.8,123.2,129.7,360946.115,1648425599999,True
2022-03-28 00:00:00,1648425600000,129.7,132.6,126.7,127.6,485087.181,1648511999999,True
2022-03-29 00:00:00,1648512000000,127.6,132.0,127.0,130.1,402240.888,1648598399999,True
2022-03-30 00:00:00,1648598400000,130.0,134.1,125.8,131.1,469285.075,1648684799999,True
2022-03-31 00:00:00,1648684800000,131.1,132.9,121.1,123.8,925439.976,1648771199999,True
2022-04-01 00:00:00,1648771200000,123.9,126.4,119.1,124.8,459214.201,1648857599999,True
2022-04-02 00:00:00,1648857600000,124.8,128.3,123.5,124.8,446188.67,1648943999999,True
2022-04-03 00:00:00,1648944000000,124.9,129.5,123.6,128.7,304078.019,1649030399999,True
2022-04-04 00:00:00,1649030400000,128.8,128.9,121.2,124.8,459946.591,1649116799999,True
2022-04-05 00:00:00,1649116800000,124.8,127.3,122.5,122.7,266800.707,1649203199999,True
2022-04-06 00:00:00,1649203200000,122.8,123.2,111.4,111.7,609814.446,1649289599999,True
2022-04-07 00:00:00,1649289600000,111.6,115.0,110.1,114.1,302722.598,1649375999999,True
2022-04-08 00:00:00,1649376000000,114.0,115.3,109.6,110.7,361955.502,1649462399999,True
2022-04-09 00:00:00,1649462400000,110.7,113.0,110.0,112.7,192659.628,1649548799999,True
2022-04-10 00:00:00,1649548800000,112.7,114.5,110.0,110.3,201089.865,1649635199999,True
2022-04-11 00:00:00,1649635200000,110.3,110.7,101.8,102.4,440456.851,1649721599999,True
2022-04-12 00:00:00,1649721600000,102.5,105.8,101.7,104.8,298962.751,1649807999999,True
2022-04-13 00:00:00,1649808000000,104.9,110.8,103.9,110.5,389766.945,1649894399999,True
2022-04-14 00:00:00,1649894400000,110.6,112.4,105.9,107.3,323593.487,1649980799999,True
2022-04-15 00:00:00,1649980800000,107.3,112.9,107.0,111.0,303062.025,1650067199999,True
2022-04-16 00:00:00,1650067200000,111.0,114.9,110.1,114.3,256441.818,1650153599999,True
2022-04-17 00:00:00,1650153600000,114.3,115.1,108.2,108.8,275657.857,1650239999999,True
2022-04-18 00:00:00,1650240000000,108.8,111.5,105.2,111.3,433957.577,1650326399999,True
2022-04-19 00:00:00,1650326400000,111.3,114.2,110.6,113.8,267982.503,1650412799999,True
2022-04-20 00:00:00,1650412800000,113.8,114.2,110.7,111.9,317572.869,1650499199999,True
2022-04-21 00:00:00,1650499200000,111.9,114.5,105.4,106.8,374445.22,1650585599999,True
2022-04-22 00:00:00,1650585600000,106.8,108.7,104.7,105.4,307003.595,1650671999999,True
2022-04-23 00:00:00,1650672000000,105.4,107.2,104.4,105.1,151820.201,1650758399999,True
2022-04-24 00:00:00,1650758400000,105.2,105.9,103.5,104.6,188484.103,1650844799999,True
2022-04-25 00:00:00,1650844800000,104.6,104.9,98.3,104.6,464513.108,1650931199999,True
2022-04-26 00:00:00,1650931200000,104.6,105.4,96.3,98.6,370089.57,1651017599999,True
2022-04-27 00:00:00,1651017600000,98.6,102.0,97.7,100.5,295862.61,1651103999999,True
2022-04-28 00:00:00,1651104000000,100.6,105.8,99.7,103.3,543891.391,1651190399999,True
2022-04-29 00:00:00,1651190400000,103.3,104.5,98.4,100.4,394065.385,1651276799999,True
2022-04-30 00:00:00,1651276800000,100.3,101.6,93.5,95.8,343937.913,1651363199999,True
2022-05-01 00:00:00,1651363200000,95.9,100.0,94.4,99.3,295463.925,1651449599999,True
2022-05-02 00:00:00,1651449600000,99.3,101.9,98.3,100.7,330388.68,1651535999999,True
2022-05-03 00:00:00,1651536000000,100.7,101.4,97.4,99.4,307980.668,1651622399999,True
2022-05-04 00:00:00,1651622400000,99.3,107.1,99.0,106.3,475753.421,1651708799999,True
2022-05-05 00:00:00,1651708800000,106.3,106.9,94.8,96.8,586614.195,1651795199999,True
2022-05-06 00:00:00,1651795200000,96.8,98.4,92.9,96.7,494007.711,1651881599999,True
2022-05-07 00:00:00,1651881600000,96.7,97.4,92.6,94.3,298037.215,1651967999999,True
2022-05-08 00:00:00,1651968000000,94.3,95.8,91.5,93.9,441180.21,1652054399999,True
2022-05-09 00:00:00,1652054400000,93.8,94.9,75.2,76.2,1075917.38183,1652140799999,True
2022-05-10 00:00:00,1652140800000,76.2,85.0,73.3,80.2,1335840.74274,1652227199999,True
2022-05-11 00:00:00,1652227200000,80.1,82.8,64.2,66.6,2156656.19047,1652313599999,True
2022-05-12 00:00:00,1652313600000,66.7,69.9,54.4,64.5,2076325.53921,1652399999999,True
2022-05-13 00:00:00,1652400000000,64.4,73.2,63.2,67.9,1132719.666,1652486399999,True
2022-05-14 00:00:00,1652486400000,67.8,70.3,64.2,68.9,556982.007,1652572799999,True
2022-05-15 00:00:00,1652572800000,68.8,71.8,65.9,71.6,508046.555,1652659199999,True
2022-05-16 00:00:00,1652659200000,71.5,71.6,64.9,67.3,577142.751,1652745599999,True
2022-05-17 00:00:00,1652745600000,67.2,73.9,67.1,73.2,639716.3,1652831999999,True
2022-05-18 00:00:00,1652832000000,73.1,74.4,65.7,66.0,701726.501,1652918399999,True
2022-05-19 00:00:00,1652918400000,65.9,72.7,64.6,72.1,690029.823,1653004799999,True
2022-05-20 00:00:00,1653004800000,72.1,73.5,66.7,68.6,755303.038,1653091199999,True
2022-05-21 00:00:00,1653091200000,68.6,70.7,67.9,69.8,274675.04,1653177599999,True
2022-05-22 00:00:00,1653177600000,69.8,72.6,69.4,71.7,290794.185,1653263999999,True
2022-05-23 00:00:00,1653264000000,71.6,74.0,68.3,69.1,613835.768,1653350399999,True
2022-05-24 00:00:00,1653350400000,69.0,70.8,67.0,70.2,492877.962,1653436799999,True
2022-05-25 00:00:00,1653436800000,70.3,71.7,67.9,68.2,414049.811,1653523199999,True
2022-05-26 00:00:00,1653523200000,68.2,68.9,60.4,63.5,730443.128,1653609599999,True
2022-05-27 00:00:00,1653609600000,63.4,64.1,60.9,61.6,739704.085,1653695999999,True
2022-05-28 00:00:00,1653696000000,61.6,64.0,61.3,63.0,336506.622,1653782399999,True
2022-05-29 00:00:00,1653782400000,63.1,64.4,61.8,63.6,315852.358,1653868799999,True
2022-05-30 00:00:00,1653868800000,63.7,69.8,63.2,69.1,612046.039,1653955199999,True
2022-05-31 00:00:00,1653955200000,69.1,69.8,66.7,68.4,445048.542,1654041599999,True
2022-06-01 00:00:00,1654041600000,68.4,70.6,61.7,62.7,634020.203,1654127999999,True
2022-06-02 00:00:00,1654128000000,62.7,64.8,62.1,64.5,371742.76,1654214399999,True
2022-06-03 00:00:00,1654214400000,64.4,64.9,61.4,62.6,281679.966,1654300799999,True
2022-06-04 00:00:00,1654300800000,62.6,64.4,61.3,63.7,187841.045,1654387199999,True
2022-06-05 00:00:00,1654387200000,63.8,63.9,61.7,63.2,194186.313,1654473599999,True
2022-06-06 00:00:00,1654473600000,63.2,66.7,62.9,64.5,374528.282,1654559999999,True
2022-06-07 00:00:00,1654560000000,64.5,65.5,60.1,63.8,493587.564,1654646399999,True
2022-06-08 00:00:00,1654646400000,63.9,64.5,61.1,61.3,460948.577,1654732799999,True
2022-06-09 00:00:00,1654732800000,61.4,62.4,59.2,60.3,295546.594,1654819199999,True
2022-06-10 00:00:00,1654819200000,60.2,60.4,55.6,56.7,505271.348,1654905599999,True
2022-06-11 00:00:00,1654905600000,56.6,57.8,51.6,52.2,588679.33839,1654991999999,True
2022-06-12 00:00:00,1654992000000,52.2,52.6,47.3,47.9,751665.40626,1655078399999,True
2022-06-13 00:00:00,1655078400000,47.9,48.3,41.0,43.5,1585014.73295,1655164799999,True
2022-06-14 00:00:00,1655164800000,43.5,46.5,40.3,46.15,1538135.285,1655251199999,True
2022-06-15 00:00:00,1655251200000,46.16,50.98,41.66,50.65,2010453.14,1655337599999,True
2022-06-16 00:00:00,1655337600000,50.66,51.22,44.02,44.78,1636635.976,1655423999999,True
2022-06-17 00:00:00,1655424000000,44.8,48.43,44.41,47.6,1207287.632,1655510399999,True
2022-06-18 00:00:00,1655510400000,47.6,48.4,41.46,47.18,1913775.171,1655596799999,True
2022-06-19 00:00:00,1655596800000,47.17,56.45,44.91,54.29,2451326.02,1655683199999,True
2022-06-20 00:00:00,1655683200000,54.3,54.77,51.31,52.77,1979924.021,1655769599999,True
2022-06-21 00:00:00,1655769600000,52.76,55.71,51.86,53.52,1381554.785,1655855999999,True
2022-06-22 00:00:00,1655856000000,53.53,53.55,50.41,52.13,927893.846,1655942399999,True
2022-06-23 00:00:00,1655942400000,52.15,56.77,51.9,55.74,994973.172,1656028799999,True
2022-06-24 00:00:00,1656028800000,55.72,57.34,54.4,55.84,730614.764,1656115199999,True
2022-06-25 00:00:00,1656115200000,55.85,59.76,54.59,58.88,618227.012,1656201599999,True
2022-06-26 00:00:00,1656201600000,58.89,60.5,56.6,56.61,518719.077,1656287999999,True
2022-06-27 00:00:00,1656288000000,56.6,58.62,54.82,55.86,397024.694,1656374399999,True
2022-06-28 00:00:00,1656374400000,55.89,57.0,52.57,52.68,428561.798,1656460799999,True
2022-06-29 00:00:00,1656460800000,52.71,54.45,51.36,53.68,451898.813,1656547199999,True
2022-06-30 00:00:00,1656547200000,53.68,54.0,50.15,53.84,505134.988,1656633599999,True
2022-07-01 00:00:00,1656633600000,53.84,56.28,50.04,51.19,606167.187,1656719999999,True
2022-07-02 00:00:00,1656720000000,51.21,51.65,49.77,50.55,395349.861,1656806399999,True
2022-07-03 00:00:00,1656806400000,50.55,52.22,49.11,50.95,319754.383,1656892799999,True
2022-07-04 00:00:00,1656892800000,50.94,52.43,49.7,52.26,428499.128,1656979199999,True
2022-07-05 00:00:00,1656979200000,52.24,52.48,47.95,49.7,567147.955,1657065599999,True
2022-07-06 00:00:00,1657065600000,49.7,51.2,48.96,50.34,369984.007,1657151999999,True
2022-07-07 00:00:00,1657152000000,50.36,52.64,49.77,52.15,478416.357,1657238399999,True
2022-07-08 00:00:00,1657238400000,52.17,53.99,50.75,51.35,539059.048,1657324799999,True
2022-07-09 00:00:00,1657324800000,51.35,54.8,51.33,54.09,369622.829,1657411199999,True
2022-07-10 00:00:00,1657411200000,54.09,55.07,50.65,52.12,793607.197,1657497599999,True
2022-07-11 00:00:00,1657497600000,52.12,52.25,48.26,48.71,458088.601,1657583999999,True
2022-07-12 00:00:00,1657584000000,48.7,49.37,47.28,47.33,466284.497,1657670399999,True
2022-07-13 00:00:00,1657670400000,47.32,49.73,46.41,49.56,601519.056,1657756799999,True
2022-07-14 00:00:00,1657756800000,49.54,51.75,47.96,51.32,522186.191,1657843199999,True
2022-07-15 00:00:00,1657843200000,51.32,52.78,50.61,51.78,544118.253,1657929599999,True
2022-07-16 00:00:00,1657929600000,51.76,55.56,51.07,55.08,437141.035,1658015999999,True
2022-07-17 00:00:00,1658016000000,55.07,57.02,54.33,55.76,488379.926,1658102399999,True
2022-07-18 00:00:00,1658102400000,55.76,59.56,55.23,58.6,704809.589,1658188799999,True
2022-07-19 00:00:00,1658188800000,58.59,59.63,55.83,57.9,648764.405,1658275199999,True
2022-07-20 00:00:00,1658275200000,57.9,61.73,56.4,57.2,823588.205,1658361599999,True
2022-07-21 00:00:00,1658361600000,57.2,58.65,55.15,58.02,495146.27,1658447999999,True
2022-07-22 00:00:00,1658448000000,58.03,59.18,55.5,56.09,504430.421,1658534399999,True
2022-07-23 00:00:00,1658534400000,56.09,57.24,54.5,56.32,359887.479,1658620799999,True
2022-07-24 00:00:00,1658620800000,56.32,59.78,56.32,58.39,353168.581,1658707199999,True
2022-07-25 00:00:00,1658707200000,58.39,59.02,53.89,54.0,480171.674,1658793599999,True
2022-07-26 00:00:00,1658793600000,54.0,54.15,51.96,53.88,420584.372,1658879999999,True
2022-07-27 00:00:00,1658880000000,53.89,59.07,53.01,59.01,536658.831,1658966399999,True
2022-07-28 00:00:00,1658966400000,59.0,64.29,58.02,63.41,793684.143,1659052799999,True
2022-07-29 00:00:00,1659052800000,63.4,64.58,59.76,60.65,598391.17,1659139199999,True
2022-07-30 00:00:00,1659139200000,60.65,64.07,59.91,60.42,571176.572,1659225599999,True
2022-07-31 00:00:00,1659225600000,60.43,63.02,59.61,59.74,362956.297,1659311999999,True
2022-08-01 00:00:00,1659312000000,59.74,60.75,58.25,59.44,413407.163,1659398399999,True
2022-08-02 00:00:00,1659398400000,59.46,59.85,56.63,58.05,499501.827,1659484799999,True
2022-08-03 00:00:00,1659484800000,58.06,60.13,56.7,57.77,497789.611,1659571199999,True
2022-08-04 00:00:00,1659571200000,57.76,60.8,57.6,59.65,438458.424,1659657599999,True
2022-08-05 00:00:00,1659657600000,59.64,62.57,59.61,62.47,487945.255,1659743999999,True
2022-08-06 00:00:00,1659744000000,62.47,62.58,60.5,60.83,221909.184,1659830399999,True
2022-08-07 00:00:00,1659830400000,60.82,62.0,59.86,61.1,242432.341,1659916799999,True
2022-08-08 00:00:00,1659916800000,61.11,64.09,60.8,62.61,403958.239,1660003199999,True
2022-08-09 00:00:00,1660003200000,62.59,62.86,58.2,59.16,467966.92,1660089599999,True
2022-08-10 00:00:00,1660089600000,59.15,62.35,57.42,61.59,683606.931,1660175999999,True
2022-08-11 00:00:00,1660176000000,61.58,63.48,61.48,61.84,451609.23,1660262399999,True
2022-08-12 00:00:00,1660262400000,61.84,63.08,60.66,62.88,361467.843,1660348799999,True
2022-08-13 00:00:00,1660348800000,62.88,65.66,62.63,63.8,502527.314,1660435199999,True
2022-08-14 00:00:00,1660435200000,63.81,65.84,62.37,63.14,453041.878,1660521599999,True
2022-08-15 00:00:00,1660521600000,63.13,65.32,59.64,60.67,521249.361,1660607999999,True
2022-08-16 00:00:00,1660608000000,60.66,61.77,59.99,61.33,367330.078,1660694399999,True
2022-08-17 00:00:00,1660694400000,61.32,64.74,59.67,60.52,718429.134,1660780799999,True
2022-08-18 00:00:00,1660780800000,60.52,61.73,59.33,60.02,422084.3,1660867199999,True
2022-08-19 00:00:00,1660867200000,60.03,60.19,53.26,53.99,807381.053,1660953599999,True
2022-08-20 00:00:00,1660953600000,54.01,55.62,52.64,54.1,651478.682,1661039999999,True
2022-08-21 00:00:00,1661040000000,54.11,56.0,53.8,55.67,377261.077,1661126399999,True
2022-08-22 00:00:00,1661126400000,55.66,57.45,52.26,57.22,877776.632,1661212799999,True
2022-08-23 00:00:00,1661212800000,57.23,57.75,53.88,57.08,562176.705,1661299199999,True
2022-08-24 00:00:00,1661299200000,57.1,57.69,55.56,56.46,437641.062,1661385599999,True
2022-08-25 00:00:00,1661385600000,56.47,57.53,55.82,56.63,379154.499,1661471999999,True
2022-08-26 00:00:00,1661472000000,56.62,58.31,52.08,52.68,663761.061,1661558399999,True
2022-08-27 00:00:00,1661558400000,52.69,53.48,51.63,53.01,342396.436,1661644799999,True
2022-08-28 00:00:00,1661644800000,53.01,56.0,52.47,53.41,571920.844,1661731199999,True
2022-08-29 00:00:00,1661731200000,53.42,56.7,52.52,55.8,635767.414,1661817599999,True
2022-08-30 00:00:00,1661817600000,55.78,56.25,51.81,53.01,505556.585,1661903999999,True
2022-08-31 00:00:00,1661904000000,53.01,55.26,53.01,53.84,441087.366,1661990399999,True
2022-09-01 00:00:00,1661990400000,53.83,57.82,53.19,57.58,746451.633,1662076799999,True
2022-09-02 00:00:00,1662076800000,57.59,62.5,56.49,60.99,970963.365,1662163199999,True
2022-09-03 00:00:00,1662163200000,60.99,62.23,59.53,60.15,604642.95,1662249599999,True
2022-09-04 00:00:00,1662249600000,60.15,60.99,58.61,60.9,416674.079,1662335999999,True
2022-09-05 00:00:00,1662336000000,60.9,61.63,59.25,60.39,550152.845,1662422399999,True
2022-09-06 00:00:00,1662422400000,60.39,62.74,54.0,54.11,893919.423,1662508799999,True
2022-09-07 00:00:00,1662508800000,54.09,58.29,52.86,57.31,791215.198,1662595199999,True
2022-09-08 00:00:00,1662595200000,57.31,58.6,56.06,57.96,526585.078,1662681599999,True
2022-09-09 00:00:00,1662681600000,57.97,61.94,57.7,61.13,640028.177,1662767999999,True
2022-09-10 00:00:00,1662768000000,61.14,64.69,60.54,63.28,643910.358,1662854399999,True
2022-09-11 00:00:00,1662854400000,63.28,64.47,61.33,62.16,491835.138,1662940799999,True
2022-09-12 00:00:00,1662940800000,62.16,63.23,60.08,61.38,492838.604,1663027199999,True
2022-09-13 00:00:00,1663027200000,61.39,67.48,58.33,59.1,1440002.977,1663113599999,True
2022-09-14 00:00:00,1663113600000,59.09,61.18,58.13,60.18,753407.479,1663199999999,True
2022-09-15 00:00:00,1663200000000,60.16,60.83,55.83,56.34,696696.515,1663286399999,True
2022-09-16 00:00:00,1663286400000,56.35,56.97,54.61,55.95,469333.524,1663372799999,True
2022-09-17 00:00:00,1663372800000,55.93,58.44,55.81,57.83,314150.499,1663459199999,True
2022-09-18 00:00:00,1663459200000,57.84,57.85,52.22,52.63,524264.696,1663545599999,True
2022-09-19 00:00:00,1663545600000,52.64,53.74,50.01,52.91,1189979.555,1663631999999,True
2022-09-20 00:00:00,1663632000000,52.89,53.85,50.86,52.3,740261.769,1663718399999,True
2022-09-21 00:00:00,1663718400000,52.32,55.52,50.23,51.09,948476.557,1663804799999,True
2022-09-22 00:00:00,1663804800000,51.09,54.09,50.62,53.57,615045.097,1663891199999,True
2022-09-23 00:00:00,1663891200000,53.58,55.34,51.4,55.22,628774.838,1663977599999,True
2022-09-24 00:00:00,1663977600000,55.23,55.96,53.18,53.43,477670.635,1664063999999,True
2022-09-25 00:00:00,1664064000000,53.43,54.41,52.22,52.53,388583.254,1664150399999,True
2022-09-26 00:00:00,1664150400000,52.53,53.73,51.87,53.44,462703.227,1664236799999,True
2022-09-27 00:00:00,1664236800000,53.44,55.66,51.8,52.65,594149.312,1664323199999,True
2022-09-28 00:00:00,1664323200000,52.65,53.83,51.0,53.29,486979.887,1664409599999,True
2022-09-29 00:00:00,1664409600000,53.29,54.16,52.24,53.96,415487.402,1664495999999,True
2022-09-30 00:00:00,1664496000000,53.97,55.1,52.86,53.48,417555.874,1664582399999,True
2022-10-01 00:00:00,1664582400000,53.49,53.83,52.44,52.92,227981.29,1664668799999,True
2022-10-02 00:00:00,1664668800000,52.91,53.46,51.67,51.82,245935.517,1664755199999,True
2022-10-03 00:00:00,1664755200000,51.82,54.34,51.5,54.17,377561.929,1664841599999,True
2022-10-04 00:00:00,1664841600000,54.16,55.73,53.88,55.28,379502.091,1664927999999,True
2022-10-05 00:00:00,1664928000000,55.28,55.3,53.3,54.63,340455.979,1665014399999,True
2022-10-06 00:00:00,1665014400000,54.62,55.05,53.34,53.53,389720.238,1665100799999,True
2022-10-07 00:00:00,1665100800000,53.53,53.85,52.27,52.83,353877.822,1665187199999,True
2022-10-08 00:00:00,1665187200000,52.84,53.55,52.38,52.79,244809.681,1665273599999,True
2022-10-09 00:00:00,1665273600000,52.79,53.99,52.69,53.9,197759.856,1665359999999,True
2022-10-10 00:00:00,1665360000000,53.89,54.46,52.5,52.63,393032.725,1665446399999,True
2022-10-11 00:00:00,1665446400000,52.64,52.64,51.27,52.03,325528.77,1665532799999,True
2022-10-12 00:00:00,1665532800000,52.02,52.98,51.6,52.23,355312.415,1665619199999,True
2022-10-13 00:00:00,1665619200000,52.22,52.5,48.32,51.1,598879.562,1665705599999,True
2022-10-14 00:00:00,1665705600000,51.09,52.57,50.9,51.31,320840.529,1665791999999,True
2022-10-15 00:00:00,1665792000000,51.3,51.67,50.26,50.39,230281.317,1665878399999,True
2022-10-16 00:00:00,1665878400000,50.39,51.81,50.26,51.43,231209.546,1665964799999,True
2022-10-17 00:00:00,1665964800000,51.43,52.16,51.05,51.82,219445.145,1666051199999,True
2022-10-18 00:00:00,1666051200000,51.85,52.2,50.75,51.86,267297.77,1666137599999,True
2022-10-19 00:00:00,1666137600000,51.86,52.02,50.76,50.94,232758.435,1666223999999,True
2022-10-20 00:00:00,1666224000000,50.94,52.1,50.56,51.22,271491.392,1666310399999,True
2022-10-21 00:00:00,1666310400000,51.22,51.81,49.54,51.63,305760.951,1666396799999,True
2022-10-22 00:00:00,1666396800000,51.64,52.48,51.37,52.18,187151.435,1666483199999,True
2022-10-23 00:00:00,1666483200000,52.18,54.05,51.82,54.03,251178.625,1666569599999,True
2022-10-24 00:00:00,1666569600000,54.04,54.2,52.11,52.54,349594.941,1666655999999,True
2022-10-25 00:00:00,1666656000000,52.54,56.8,52.28,55.92,560410.004,1666742399999,True
2022-10-26 00:00:00,1666742400000,55.92,57.62,55.66,56.39,516629.568,1666828799999,True
2022-10-27 00:00:00,1666828800000,56.38,56.69,54.5,54.75,429463.431,1666915199999,True
2022-10-28 00:00:00,1666915200000,54.75,55.56,53.5,54.92,434316.144,1667001599999,True
2022-10-29 00:00:00,1667001600000,54.92,57.61,54.64,56.6,551803.761,1667087999999,True
2022-10-30 00:00:00,1667088000000,56.59,57.5,54.72,55.35,375670.757,1667174399999,True
2022-10-31 00:00:00,1667174400000,55.36,56.42,54.0,55.01,474531.793,1667260799999,True
2022-11-01 00:00:00,1667260800000,55.02,55.93,54.5,55.1,350582.944,1667347199999,True
2022-11-02 00:00:00,1667347200000,55.1,62.94,54.7,60.95,2104437.286,1667433599999,True
2022-11-03 00:00:00,1667433600000,60.95,64.74,60.1,61.84,1374836.407,1667519999999,True
2022-11-04 00:00:00,1667520000000,61.84,70.47,61.66,67.58,1439948.154,1667606399999,True
2022-11-05 00:00:00,1667606400000,67.59,71.92,67.11,69.23,1110640.601,1667692799999,True
2022-11-06 00:00:00,1667692800000,69.26,71.08,67.53,68.26,805404.064,1667779199999,True
2022-11-07 00:00:00,1667779200000,68.26,73.36,66.21,67.42,1392881.038,1667865599999,True
2022-11-08 00:00:00,1667865600000,67.42,68.88,54.04,57.82,2190119.395,1667951999999,True
2022-11-09 00:00:00,1667952000000,57.79,59.79,47.6,50.68,2103687.619,1668038399999,True
2022-11-10 00:00:00,1668038400000,50.69,61.33,49.57,60.56,2070234.582,1668124799999,True
2022-11-11 00:00:00,1668124800000,60.56,64.42,58.51,61.49,1920110.08,1668211199999,True
2022-11-12 00:00:00,1668211200000,61.47,61.75,58.14,59.94,768579.231,1668297599999,True
2022-11-13 00:00:00,1668297600000,59.96,60.35,56.23,57.37,585950.814,1668383999999,True
2022-11-14 00:00:00,1668384000000,57.37,59.31,53.24,56.7,1455419.171,1668470399999,True
2022-11-15 00:00:00,1668470400000,56.7,59.54,56.48,58.01,785891.462,1668556799999,True
2022-11-16 00:00:00,1668556800000,58.0,60.19,56.72,57.49,708710.343,1668643199999,True
2022-11-17 00:00:00,1668643200000,57.49,63.34,57.01,62.59,1125276.943,1668729599999,True
2022-11-18 00:00:00,1668729600000,62.59,64.0,61.58,62.62,820500.727,1668815999999,True
2022-11-19 00:00:00,1668816000000,62.63,64.61,61.33,63.98,585835.654,1668902399999,True
2022-11-20 00:00:00,1668902400000,63.98,64.86,60.37,62.12,738121.307,1668988799999,True
2022-11-21 00:00:00,1668988800000,62.12,63.91,59.25,61.31,1219683.801,1669075199999,True
2022-11-22 00:00:00,1669075200000,61.34,71.32,61.07,70.66,2212093.045,1669161599999,True
2022-11-23 00:00:00,1669161600000,70.65,83.66,69.61,79.02,3062621.766,1669247999999,True
2022-11-24 00:00:00,1669248000000,79.01,79.52,75.11,78.66,1698054.062,1669334399999,True
2022-11-25 00:00:00,1669334400000,78.68,79.9,73.13,74.1,1546973.408,1669420799999,True
2022-11-26 00:00:00,1669420800000,74.1,79.65,73.89,76.47,1274051.02,1669507199999,True
2022-11-27 00:00:00,1669507200000,76.48,79.32,74.15,74.92,994997.591,1669593599999,True
2022-11-28 00:00:00,1669593600000,74.92,75.34,70.53,73.97,1474228.831,1669679999999,True
2022-11-29 00:00:00,1669680000000,73.96,77.98,73.4,75.8,1214848.559,1669766399999,True
2022-11-30 00:00:00,1669766400000,75.81,80.88,75.42,79.16,1108600.292,1669852799999,True
2022-12-01 00:00:00,1669852800000,79.15,80.66,76.27,77.57,968244.356,1669939199999,True
2022-12-02 00:00:00,1669939200000,77.57,78.09,75.34,77.94,582041.35,1670025599999,True
2022-12-03 00:00:00,1670025600000,77.93,78.13,75.44,76.47,432581.631,1670111999999,True
2022-12-04 00:00:00,1670112000000,76.44,77.51,75.79,77.07,390998.288,1670198399999,True
2022-12-05 00:00:00,1670198400000,77.07,85.0,76.82,80.19,1698312.839,1670284799999,True
2022-12-06 00:00:00,1670284800000,80.19,81.77,77.67,79.88,802781.092,1670371199999,True
2022-12-07 00:00:00,1670371200000,79.9,80.4,75.5,76.89,864677.814,1670457599999,True
2022-12-08 00:00:00,1670457600000,76.9,78.75,74.5,78.27,911785.771,1670543999999,True
2022-12-09 00:00:00,1670544000000,78.26,78.85,75.84,76.31,621921.168,1670630399999,True
2022-12-10 00:00:00,1670630400000,76.31,77.46,75.64,76.36,301184.283,1670716799999,True
2022-12-11 00:00:00,1670716800000,76.36,78.42,76.28,76.5,348230.246,1670803199999,True
2022-12-12 00:00:00,1670803200000,76.51,76.71,73.49,76.23,656093.652,1670889599999,True
2022-12-13 00:00:00,1670889600000,76.22,79.84,73.96,77.39,1018153.938,1670975999999,True
2022-12-14 00:00:00,1670976000000,77.4,79.11,74.2,75.3,911912.129,1671062399999,True
2022-12-15 00:00:00,1671062400000,75.29,75.47,71.7,72.42,598856.974,1671148799999,True
2022-12-16 00:00:00,1671148800000,72.43,73.56,65.0,66.25,1160661.942,1671235199999,True
2022-12-17 00:00:00,1671235200000,66.24,67.7,62.51,64.89,1344619.107,1671321599999,True
2022-12-18 00:00:00,1671321600000,64.89,65.96,63.03,64.37,639108.584,1671407999999,True
2022-12-19 00:00:00,1671408000000,64.39,65.02,61.04,63.37,866072.922,1671494399999,True
2022-12-20 00:00:00,1671494400000,63.36,66.35,63.08,65.55,850764.015,1671580799999,True
2022-12-21 00:00:00,1671580800000,65.56,66.84,64.61,65.4,573283.433,1671667199999,True
2022-12-22 00:00:00,1671667200000,65.4,66.7,64.24,66.21,505782.811,1671753599999,True
2022-12-23 00:00:00,1671753600000,66.21,66.72,64.91,65.75,387146.613,1671839999999,True
2022-12-24 00:00:00,1671840000000,65.75,66.05,65.06,65.76,218820.376,1671926399999,True
2022-12-25 00:00:00,1671926400000,65.77,69.72,65.3,69.15,563485.616,1672012799999,True
2022-12-26 00:00:00,1672012800000,69.15,71.83,68.58,70.78,724746.003,1672099199999,True
2022-12-27 00:00:00,1672099200000,70.77,71.14,67.77,68.67,688534.199,1672185599999,True
2022-12-28 00:00:00,1672185600000,68.68,69.48,65.69,66.32,693169.686,1672271999999,True
2022-12-29 00:00:00,1672272000000,66.32,67.3,65.57,66.66,498307.656,1672358399999,True
2022-12-30 00:00:00,1672358400000,66.66,68.72,66.04,67.94,476504.755,1672444799999,True
2022-12-31 00:00:00,1672444800000,67.94,71.12,67.62,70.14,563994.497,1672531199999,True
2023-01-01 00:00:00,1672531200000,70.14,71.55,68.91,70.91,497824.424,1672617599999,True
2023-01-02 00:00:00,1672617600000,70.92,77.96,70.0,74.74,1056995.281,1672703999999,True
2023-01-03 00:00:00,1672704000000,74.75,76.52,73.62,75.57,725798.101,1672790399999,True
2023-01-04 00:00:00,1672790400000,75.57,77.99,74.32,75.46,773197.793,1672876799999,True
2023-01-05 00:00:00,1672876800000,75.46,76.27,73.53,74.25,562086.168,1672963199999,True
2023-01-06 00:00:00,1672963200000,74.25,76.58,72.42,75.91,797819.975,1673049599999,True
2023-01-07 00:00:00,1673049600000,75.91,76.87,75.47,76.4,388687.641,1673135999999,True
2023-01-08 00:00:00,1673136000000,76.4,78.98,75.08,78.68,626879.182,1673222399999,True
2023-01-09 00:00:00,1673222400000,78.67,83.61,78.09,81.62,1179300.917,1673308799999,True
2023-01-10 00:00:00,1673308800000,81.61,82.85,79.43,80.83,847925.336,1673395199999,True
2023-01-11 00:00:00,1673395200000,80.82,85.0,79.88,84.08,968676.069,1673481599999,True
2023-01-12 00:00:00,1673481600000,84.08,87.7,81.0,86.09,1427276.097,1673567999999,True
2023-01-13 00:00:00,1673568000000,86.09,87.99,83.59,86.23,891288.557,1673654399999,True
2023-01-14 00:00:00,1673654400000,86.24,91.23,85.92,87.84,1747194.881,1673740799999,True
2023-01-15 00:00:00,1673740800000,87.84,88.68,85.21,87.37,586627.267,1673827199999,True
2023-01-16 00:00:00,1673827200000,87.37,89.16,83.91,85.91,750074.107,1673913599999,True
2023-01-17 00:00:00,1673913600000,85.94,89.39,84.52,87.02,740669.448,1673999999999,True
2023-01-18 00:00:00,1674000000000,87.04,88.4,82.11,82.62,935842.004,1674086399999,True
2023-01-19 00:00:00,1674086400000,82.62,84.57,81.67,84.21,484324.341,1674172799999,True
2023-01-20 00:00:00,1674172800000,84.21,91.42,83.0,90.28,757424.447,1674259199999,True
2023-01-21 00:00:00,1674259200000,90.28,92.1,87.57,87.91,720620.997,1674345599999,True
2023-01-22 00:00:00,1674345600000,87.91,90.05,86.07,87.58,501770.041,1674431999999,True
2023-01-23 00:00:00,1674432000000,87.58,93.2,87.51,89.9,691207.974,1674518399999,True
2023-01-24 00:00:00,1674518400000,89.91,91.45,86.0,87.19,499687.344,1674604799999,True
2023-01-25 00:00:00,1674604800000,87.19,91.93,85.53,89.38,529309.147,1674691199999,True
2023-01-26 00:00:00,1674691200000,89.38,89.96,86.82,87.52,475990.334,1674777599999,True
2023-01-27 00:00:00,1674777600000,87.51,89.23,85.81,88.89,418850.126,1674863999999,True
2023-01-28 00:00:00,1674864000000,88.89,89.96,86.96,89.67,392046.681,1674950399999,True
2023-01-29 00:00:00,1674950400000,89.66,97.77,89.65,94.84,1268331.01,1675036799999,True
2023-01-30 00:00:00,1675036800000,94.86,96.06,88.3,91.37,987138.227,1675123199999,True
2023-01-31 00:00:00,1675123200000,91.36,96.28,91.31,94.09,1045907.002,1675209599999,True
2023-02-01 00:00:00,1675209600000,94.09,102.53,93.73,100.33,1324424.131,1675295999999,True
2023-02-02 00:00:00,1675296000000,100.32,102.34,97.92,98.64,730534.055,1675382399999,True
2023-02-03 00:00:00,1675382400000,98.64,100.76,97.48,99.86,568938.087,1675468799999,True
2023-02-04 00:00:00,1675468800000,99.86,101.36,98.23,98.51,357081.561,1675555199999,True
2023-02-05 00:00:00,1675555200000,98.51,98.89,94.86,96.63,417682.275,1675641599999,True
2023-02-06 00:00:00,1675641600000,96.65,97.96,94.81,95.93,371415.943,1675727999999,True
2023-02-07 00:00:00,1675728000000,95.92,101.58,95.89,100.86,672704.474,1675814399999,True
2023-02-08 00:00:00,1675814400000,100.85,102.41,96.86,99.22,559839.764,1675900799999,True
2023-02-09 00:00:00,1675900800000,99.2,99.49,89.78,92.05,930317.558,1675987199999,True
2023-02-10 00:00:00,1675987200000,92.06,94.17,90.99,93.34,641293.685,1676073599999,True
2023-02-11 00:00:00,1676073600000,93.32,94.83,92.63,94.28,359543.176,1676159999999,True
2023-02-12 00:00:00,1676160000000,94.29,94.57,90.88,92.51,306598.202,1676246399999,True
2023-02-13 00:00:00,1676246400000,92.5,95.0,88.16,91.05,740201.598,1676332799999,True
2023-02-14 00:00:00,1676332800000,91.05,95.96,90.32,95.82,622092.631,1676419199999,True
2023-02-15 00:00:00,1676419200000,95.82,103.28,95.04,102.82,764436.261,1676505599999,True
2023-02-16 00:00:00,1676505600000,102.83,105.71,98.48,98.55,687509.194,1676591999999,True
2023-02-17 00:00:00,1676592000000,98.56,101.7,98.19,100.12,569585.278,1676678399999,True
2023-02-18 00:00:00,1676678400000,100.12,101.94,98.93,99.71,434788.196,1676764799999,True
2023-02-19 00:00:00,1676764800000,99.71,101.5,96.72,97.43,433963.156,1676851199999,True
2023-02-20 00:00:00,1676851200000,97.43,98.72,94.39,95.9,935281.523,1676937599999,True
2023-02-21 00:00:00,1676937600000,95.9,96.81,91.42,93.8,739676.014,1677023999999,True
2023-02-22 00:00:00,1677024000000,93.81,95.56,91.57,95.28,693131.993,1677110399999,True
2023-02-23 00:00:00,1677110400000,95.26,96.28,93.31,94.59,474230.846,1677196799999,True
2023-02-24 00:00:00,1677196800000,94.6,95.28,90.0,91.55,501375.88,1677283199999,True
2023-02-25 00:00:00,1677283200000,91.56,93.51,90.34,93.15,426347.651,1677369599999,True
2023-02-26 00:00:00,1677369600000,93.14,95.54,92.77,95.27,343656.079,1677455999999,True
2023-02-27 00:00:00,1677456000000,95.26,96.09,92.4,94.07,390505.03,1677542399999,True
2023-02-28 00:00:00,1677542400000,94.07,96.02,93.02,93.8,380334.634,1677628799999,True
2023-03-01 00:00:00,1677628800000,93.79,98.37,93.56,97.78,578624.04,1677715199999,True
2023-03-02 00:00:00,1677715200000,97.77,98.33,93.89,95.39,531837.148,1677801599999,True
2023-03-03 00:00:00,1677801600000,95.39,95.52,85.3,90.56,932908.772,1677887999999,True
2023-03-04 00:00:00,1677888000000,90.56,90.85,87.4,89.34,347999.151,1677974399999,True
2023-03-05 00:00:00,1677974400000,89.34,91.78,89.18,89.93,358378.991,1678060799999,True
2023-03-06 00:00:00,1678060800000,89.93,90.63,86.4,87.36,628899.913,1678147199999,True
2023-03-07 00:00:00,1678147200000,87.35,88.95,84.0,86.29,642884.79,1678233599999,True
2023-03-08 00:00:00,1678233600000,86.3,86.71,81.3,82.76,625642.83,1678319999999,True
2023-03-09 00:00:00,1678320000000,82.75,84.96,75.0,76.68,1098081.742,1678406399999,True
2023-03-10 00:00:00,1678406400000,76.69,76.85,67.97,71.37,1958666.309,1678492799999,True
2023-03-11 00:00:00,1678492800000,71.39,73.83,65.0,69.21,1897147.773,1678579199999,True
2023-03-12 00:00:00,1678579200000,69.21,76.42,67.39,76.26,1393380.049,1678665599999,True
2023-03-13 00:00:00,1678665600000,76.25,83.19,74.0,81.46,1843523.521,1678751999999,True
2023-03-14 00:00:00,1678752000000,81.45,88.24,79.17,83.94,1368971.071,1678838399999,True
2023-03-15 00:00:00,1678838400000,83.92,85.44,75.0,76.43,1324587.202,1678924799999,True
2023-03-16 00:00:00,1678924800000,76.43,79.87,75.58,78.86,792504.712,1679011199999,True
2023-03-17 00:00:00,1679011200000,78.85,85.57,78.16,85.51,935169.321,1679097599999,True
2023-03-18 00:00:00,1679097600000,85.51,87.92,81.88,83.02,990444.094,1679183999999,True
2023-03-19 00:00:00,1679184000000,83.01,86.39,82.11,83.98,612655.582,1679270399999,True
2023-03-20 00:00:00,1679270400000,83.99,84.3,77.72,78.05,943193.308,1679356799999,True
2023-03-21 00:00:00,1679356800000,78.04,83.48,76.71,82.48,906639.731,1679443199999,True
2023-03-22 00:00:00,1679443200000,82.48,88.31,79.0,87.27,1760098.981,1679529599999,True
2023-03-23 00:00:00,1679529600000,87.25,94.54,85.58,93.61,1868065.227,1679615999999,True
2023-03-24 00:00:00,1679616000000,93.61,95.98,89.07,93.58,1325987.089,1679702399999,True
2023-03-25 00:00:00,1679702400000,93.58,94.31,90.01,91.5,684739.493,1679788799999,True
2023-03-26 00:00:00,1679788800000,91.49,94.81,90.54,93.32,588285.448,1679875199999,True
2023-03-27 00:00:00,1679875200000,93.32,94.1,87.66,89.23,764069.755,1679961599999,True
2023-03-28 00:00:00,1679961600000,89.24,89.59,85.56,89.13,881860.674,1680047999999,True
2023-03-29 00:00:00,1680048000000,89.13,93.0,88.93,91.31,708985.063,1680134399999,True
2023-03-30 00:00:00,1680134400000,91.31,93.34,86.66,89.06,751300.11,1680220799999,True
2023-03-31 00:00:00,1680220800000,89.06,90.27,87.23,89.57,489786.451,1680307199999,True
2023-04-01 00:00:00,1680307200000,89.56,94.32,89.34,92.57,687331.248,1680393599999,True
2023-04-02 00:00:00,1680393600000,92.57,94.58,90.36,92.77,641228.631,1680479999999,True
2023-04-03 00:00:00,1680480000000,92.77,95.9,89.51,92.97,909253.989,1680566399999,True
2023-04-04 00:00:00,1680566400000,92.97,94.12,91.57,92.58,505371.32,1680652799999,True
2023-04-05 00:00:00,1680652800000,92.57,95.05,91.11,92.64,690226.2,1680739199999,True
2023-04-06 00:00:00,1680739200000,92.63,92.65,89.82,90.97,385392.357,1680825599999,True
2023-04-07 00:00:00,1680825600000,90.97,91.48,89.03,90.6,301548.406,1680911999999,True
2023-04-08 00:00:00,1680912000000,90.6,91.44,89.24,89.91,199093.068,1680998399999,True
2023-04-09 00:00:00,1680998400000,89.91,91.03,89.13,90.58,253822.749,1681084799999,True
2023-04-10 00:00:00,1681084800000,90.56,94.47,89.84,93.78,522079.986,1681171199999,True
2023-04-11 00:00:00,1681171200000,93.78,97.0,93.15,94.22,759225.859,1681257599999,True
2023-04-12 00:00:00,1681257600000,94.22,94.66,90.87,92.06,713535.198,1681343999999,True
2023-04-13 00:00:00,1681344000000,92.07,94.54,91.66,94.17,607464.042,1681430399999,True
2023-04-14 00:00:00,1681430400000,94.18,99.27,93.66,96.33,1044641.036,1681516799999,True
2023-04-15 00:00:00,1681516800000,96.31,97.32,94.71,96.68,343222.287,1681603199999,True
2023-04-16 00:00:00,1681603200000,96.69,102.18,95.1,100.01,902441.243,1681689599999,True
2023-04-17 00:00:00,1681689600000,100.0,100.3,97.32,98.84,692952.157,1681775999999,True
2023-04-18 00:00:00,1681776000000,98.88,103.44,97.6,101.95,817576.045,1681862399999,True
2023-04-19 00:00:00,1681862400000,101.93,101.93,87.0,90.47,1258566.956,1681948799999,True
2023-04-20 00:00:00,1681948800000,90.46,92.4,87.08,90.22,923591.763,1682035199999,True
2023-04-21 00:00:00,1682035200000,90.22,90.89,84.2,85.32,811762.122,1682121599999,True
2023-04-22 00:00:00,1682121600000,85.32,87.15,84.75,87.0,413059.798,1682207999999,True
2023-04-23 00:00:00,1682208000000,87.0,87.09,84.11,86.75,395182.074,1682294399999,True
2023-04-24 00:00:00,1682294400000,86.74,89.03,85.86,88.31,651422.316,1682380799999,True
2023-04-25 00:00:00,1682380800000,88.32,91.77,87.18,91.03,767570.935,1682467199999,True
2023-04-26 00:00:00,1682467200000,91.03,93.96,84.21,88.13,985517.498,1682553599999,True
2023-04-27 00:00:00,1682553600000,88.14,90.64,87.26,89.73,669510.161,1682639999999,True
2023-04-28 00:00:00,1682640000000,89.73,90.36,87.66,89.63,464509.676,1682726399999,True
2023-04-29 00:00:00,1682726400000,89.62,91.64,89.23,91.08,351205.815,1682812799999,True
2023-04-30 00:00:00,1682812800000,91.08,91.43,87.76,88.22,396494.58,1682899199999,True
2023-05-01 00:00:00,1682899200000,88.24,88.86,85.13,86.75,537906.62,1682985599999,True
2023-05-02 00:00:00,1682985600000,86.76,89.18,86.0,88.2,425254.867,1683071999999,True
2023-05-03 00:00:00,1683072000000,88.2,89.86,85.4,88.88,561552.261,1683158399999,True
2023-05-04 00:00:00,1683158400000,88.88,89.15,87.39,88.38,317092.93,1683244799999,True
2023-05-05 00:00:00,1683244800000,88.39,89.69,86.16,88.61,462767.029,1683331199999,True
2023-05-06 00:00:00,1683331200000,88.62,89.36,80.56,83.26,808799.894,1683417599999,True
2023-05-07 00:00:00,1683417600000,83.27,84.69,82.93,83.42,405461.481,1683503999999,True
2023-05-08 00:00:00,1683504000000,83.41,85.25,75.2,77.71,1093958.201,1683590399999,True
2023-05-09 00:00:00,1683590400000,77.72,80.1,77.31,79.9,652411.76,1683676799999,True
2023-05-10 00:00:00,1683676800000,79.91,82.04,77.12,80.93,862746.998,1683763199999,True
2023-05-11 00:00:00,1683763200000,80.93,81.97,78.37,80.88,787875.496,1683849599999,True
2023-05-12 00:00:00,1683849600000,80.89,81.48,77.07,80.45,770849.129,1683935999999,True
2023-05-13 00:00:00,1683936000000,80.45,81.09,79.78,80.26,378311.771,1684022399999,True
2023-05-14 00:00:00,1684022400000,80.26,84.02,79.55,83.5,475081.378,1684108799999,True
2023-05-15 00:00:00,1684108800000,83.49,88.5,82.14,86.89,1110552.095,1684195199999,True
2023-05-16 00:00:00,1684195200000,86.91,90.55,86.13,89.99,1212427.879,1684281599999,True
2023-05-17 00:00:00,1684281600000,89.99,95.0,89.59,93.88,1631954.238,1684367999999,True
2023-05-18 00:00:00,1684368000000,93.88,94.21,89.15,90.43,778910.547,1684454399999,True
2023-05-19 00:00:00,1684454400000,90.44,93.31,90.26,91.8,674615.432,1684540799999,True
2023-05-20 00:00:00,1684540800000,91.78,92.78,90.21,92.42,331961.718,1684627199999,True
2023-05-21 00:00:00,1684627200000,92.41,93.49,91.14,92.18,434485.442,1684713599999,True
2023-05-22 00:00:00,1684713600000,92.17,92.79,89.81,90.83,462506.227,1684799999999,True
2023-05-23 00:00:00,1684800000000,90.83,93.11,90.38,91.7,437608.283,1684886399999,True
2023-05-24 00:00:00,1684886400000,91.7,91.89,84.33,85.82,1241381.96,1684972799999,True
2023-05-25 00:00:00,1684972800000,85.83,86.79,82.54,86.57,836219.141,1685059199999,True
2023-05-26 00:00:00,1685059200000,86.57,88.2,86.05,87.08,684744.479,1685145599999,True
2023-05-27 00:00:00,1685145600000,87.08,88.81,86.91,88.55,335522.417,1685231999999,True
2023-05-28 00:00:00,1685232000000,88.56,92.35,88.14,91.45,582851.729,1685318399999,True
2023-05-29 00:00:00,1685318400000,91.46,92.18,90.12,90.86,484868.109,1685404799999,True
2023-05-30 00:00:00,1685404800000,90.86,93.3,90.51,92.25,553236.455,1685491199999,True
2023-05-31 00:00:00,1685491200000,92.25,92.72,87.5,90.42,730322.072,1685577599999,True
2023-06-01 00:00:00,1685577600000,90.42,95.98,89.17,94.19,1356811.01,1685663999999,True
2023-06-02 00:00:00,1685664000000,94.17,95.7,92.58,95.45,714015.964,1685750399999,True
2023-06-03 00:00:00,1685750400000,95.45,97.56,94.15,96.03,596590.884,1685836799999,True
2023-06-04 00:00:00,1685836800000,96.03,96.5,93.8,94.19,492464.068,1685923199999,True
2023-06-05 00:00:00,1685923200000,94.19,94.58,83.56,87.71,1320394.36,1686009599999,True
2023-06-06 00:00:00,1686009600000,87.7,91.47,85.64,90.92,836859.771,1686095999999,True
2023-06-07 00:00:00,1686096000000,90.93,91.31,87.34,88.85,691677.146,1686182399999,True
2023-06-08 00:00:00,1686182400000,88.83,89.53,87.19,88.5,405790.611,1686268799999,True
2023-06-09 00:00:00,1686268800000,88.49,89.98,86.66,89.3,437545.529,1686355199999,True
2023-06-10 00:00:00,1686355200000,89.3,89.34,73.56,77.13,1931078.315,1686441599999,True
2023-06-11 00:00:00,1686441600000,77.14,78.98,76.15,77.68,601244.43,1686527999999,True
2023-06-12 00:00:00,1686528000000,77.68,77.91,75.07,77.5,624473.429,1686614399999,True
2023-06-13 00:00:00,1686614400000,77.5,79.79,76.26,77.5,560306.834,1686700799999,True
2023-06-14 00:00:00,1686700800000,77.5,78.14,70.75,73.15,678793.191,1686787199999,True
2023-06-15 00:00:00,1686787200000,73.15,75.14,72.08,74.6,512970.921,1686873599999,True
2023-06-16 00:00:00,1686873600000,74.61,76.91,74.12,76.13,419230.737,1686959999999,True
2023-06-17 00:00:00,1686960000000,76.13,77.87,75.73,76.86,301798.536,1687046399999,True
2023-06-18 00:00:00,1687046400000,76.87,78.47,76.22,77.19,294006.387,1687132799999,True
2023-06-19 00:00:00,1687132800000,77.2,77.83,76.05,77.48,316595.527,1687219199999,True
2023-06-20 00:00:00,1687219200000,77.48,80.95,75.68,80.33,550346.966,1687305599999,True
2023-06-21 00:00:00,1687305600000,80.34,87.4,80.0,85.05,1229357.89,1687391999999,True
2023-06-22 00:00:00,1687392000000,85.04,88.85,84.0,85.93,796900.675,1687478399999,True
2023-06-23 00:00:00,1687478400000,85.94,93.12,85.02,91.26,1034513.877,1687564799999,True
2023-06-24 00:00:00,1687564800000,91.28,93.8,86.35,89.71,834154.053,1687651199999,True
2023-06-25 00:00:00,1687651200000,89.72,90.46,86.6,88.2,566508.551,1687737599999,True
2023-06-26 00:00:00,1687737600000,88.2,90.35,85.74,87.21,656513.038,1687823999999,True
2023-06-27 00:00:00,1687824000000,87.22,89.44,86.9,88.07,470344.953,1687910399999,True
2023-06-28 00:00:00,1687910400000,88.06,88.1,81.36,83.02,639774.735,1687996799999,True
2023-06-29 00:00:00,1687996800000,83.01,85.75,82.91,84.73,484623.807,1688083199999,True
2023-06-30 00:00:00,1688083200000,84.73,112.0,84.28,108.7,5474715.293,1688169599999,True
2023-07-01 00:00:00,1688169600000,108.7,113.0,102.86,107.1,2614144.4,1688255999999,True
2023-07-02 00:00:00,1688256000000,107.1,114.0,105.09,113.58,2299237.775,1688342399999,True
2023-07-03 00:00:00,1688342400000,113.57,115.0,105.55,107.27,1444586.945,1688428799999,True
2023-07-04 00:00:00,1688428800000,107.27,109.59,103.5,104.27,935566.37,1688515199999,True
2023-07-05 00:00:00,1688515200000,104.27,106.63,98.6,102.6,1410427.816,1688601599999,True
2023-07-06 00:00:00,1688601600000,102.6,105.95,95.14,95.25,1703635.889,1688687999999,True
2023-07-07 00:00:00,1688688000000,95.25,98.61,94.21,98.23,866824.098,1688774399999,True
2023-07-08 00:00:00,1688774400000,98.22,98.49,96.55,97.79,431026.029,1688860799999,True
2023-07-09 00:00:00,1688860800000,97.78,98.41,94.41,95.08,468670.42,1688947199999,True
2023-07-10 00:00:00,1688947200000,95.08,97.81,91.62,96.72,1108435.576,1689033599999,True
2023-07-11 00:00:00,1689033600000,96.73,98.35,95.51,96.77,775748.275,1689119999999,True
2023-07-12 00:00:00,1689120000000,96.76,97.85,94.12,96.21,681194.17,1689206399999,True
2023-07-13 00:00:00,1689206400000,96.21,104.41,95.61,101.85,1780959.223,1689292799999,True
2023-07-14 00:00:00,1689292800000,101.85,103.63,91.96,95.13,1470606.515,1689379199999,True
2023-07-15 00:00:00,1689379200000,95.12,95.79,93.74,94.78,474351.647,1689465599999,True
2023-07-16 00:00:00,1689465600000,94.77,95.36,91.84,92.89,493219.168,1689551999999,True
2023-07-17 00:00:00,1689552000000,92.89,93.58,89.15,92.2,825195.015,1689638399999,True
2023-07-18 00:00:00,1689638400000,92.19,92.95,89.37,91.56,547028.221,1689724799999,True
2023-07-19 00:00:00,1689724800000,91.55,94.23,91.39,91.99,610568.712,1689811199999,True
2023-07-20 00:00:00,1689811200000,92.0,95.02,91.39,92.37,763855.203,1689897599999,True
2023-07-21 00:00:00,1689897600000,92.37,94.79,91.68,94.09,562398.104,1689983999999,True
2023-07-22 00:00:00,1689984000000,94.1,96.46,91.2,92.09,523224.177,1690070399999,True
2023-07-23 00:00:00,1690070400000,92.09,93.62,91.52,93.16,459296.754,1690156799999,True
2023-07-24 00:00:00,1690156800000,93.15,93.43,87.27,89.14,744271.418,1690243199999,True
2023-07-25 00:00:00,1690243200000,89.14,90.19,88.55,89.45,437773.574,1690329599999,True
2023-07-26 00:00:00,1690329600000,89.45,91.17,88.5,90.64,523849.498,1690415999999,True
2023-07-27 00:00:00,1690416000000,90.63,91.99,89.66,90.6,492615.117,1690502399999,True
2023-07-28 00:00:00,1690502400000,90.59,92.0,90.53,91.44,400613.116,1690588799999,True
2023-07-29 00:00:00,1690588800000,91.44,94.9,90.84,94.32,483778.285,1690675199999,True
2023-07-30 00:00:00,1690675200000,94.33,96.18,90.82,94.03,1123107.136,1690761599999,True
2023-07-31 00:00:00,1690761600000,94.03,95.06,91.07,92.28,751748.352,1690847999999,True
2023-08-01 00:00:00,1690848000000,92.28,94.12,88.1,93.94,1191154.381,1690934399999,True
2023-08-02 00:00:00,1690934400000,93.95,94.68,85.7,87.54,1519927.122,1691020799999,True
2023-08-03 00:00:00,1691020800000,87.53,88.38,80.5,82.55,1131674.185,1691107199999,True
2023-08-04 00:00:00,1691107200000,82.55,83.92,80.74,82.2,956964.968,1691193599999,True
2023-08-05 00:00:00,1691193600000,82.2,83.42,81.35,83.12,353881.791,1691279999999,True
2023-08-06 00:00:00,1691280000000,83.11,83.49,81.68,82.57,376251.971,1691366399999,True
2023-08-07 00:00:00,1691366400000,82.57,83.44,79.29,82.49,531623.828,1691452799999,True
2023-08-08 00:00:00,1691452800000,82.48,85.47,81.75,83.86,735916.528,1691539199999,True
2023-08-09 00:00:00,1691539200000,83.85,84.61,83.13,84.08,381592.396,1691625599999,True
2023-08-10 00:00:00,1691625600000,84.08,84.39,82.66,83.14,337566.353,1691711999999,True
2023-08-11 00:00:00,1691712000000,83.13,83.72,82.68,83.58,186712.308,1691798399999,True
2023-08-12 00:00:00,1691798400000,83.58,84.0,83.27,83.47,178561.007,1691884799999,True
2023-08-13 00:00:00,1691884800000,83.48,83.81,81.01,81.92,331226.641,1691971199999,True
2023-08-14 00:00:00,1691971200000,81.92,83.13,81.5,82.11,330529.723,1692057599999,True
2023-08-15 00:00:00,1692057600000,82.11,82.25,77.0,79.26,600119.042,1692143999999,True
2023-08-16 00:00:00,1692144000000,79.27,79.61,72.75,74.56,1050727.642,1692230399999,True
2023-08-17 00:00:00,1692230400000,74.57,75.84,56.0,64.77,1709946.722,1692316799999,True
2023-08-18 00:00:00,1692316800000,64.77,65.97,63.04,63.98,1283276.079,1692403199999,True
2023-08-19 00:00:00,1692403200000,63.98,65.01,63.51,64.18,511070.915,1692489599999,True
2023-08-20 00:00:00,1692489600000,64.17,65.89,63.98,65.25,328241.945,1692575999999,True
2023-08-21 00:00:00,1692576000000,65.25,67.31,64.34,67.0,795770.097,1692662399999,True
2023-08-22 00:00:00,1692662400000,67.0,67.38,62.02,64.83,726834.414,1692748799999,True
2023-08-23 00:00:00,1692748800000,64.83,66.86,64.06,65.64,548642.362,1692835199999,True
2023-08-24 00:00:00,1692835200000,65.63,65.9,63.9,64.88,352946.421,1692921599999,True
2023-08-25 00:00:00,1692921600000,64.88,65.47,63.5,65.13,400427.672,1693007999999,True
2023-08-26 00:00:00,1693008000000,65.13,65.59,64.9,65.01,205559.917,1693094399999,True
2023-08-27 00:00:00,1693094400000,65.0,65.95,64.83,65.39,232033.928,1693180799999,True
2023-08-28 00:00:00,1693180800000,65.39,65.76,63.97,65.52,401983.007,1693267199999,True
2023-08-29 00:00:00,1693267200000,65.51,70.69,64.6,68.86,953145.162,1693353599999,True
2023-08-30 00:00:00,1693353600000,68.85,69.03,66.5,67.65,422458.336,1693439999999,True
2023-08-31 00:00:00,1693440000000,67.65,68.36,63.13,63.89,688058.059,1693526399999,True
2023-09-01 00:00:00,1693526400000,63.88,64.25,61.83,62.98,569049.852,1693612799999,True
2023-09-02 00:00:00,1693612800000,62.98,64.75,62.95,64.59,295503.141,1693699199999,True
2023-09-03 00:00:00,1693699200000,64.58,64.91,63.57,63.93,257480.232,1693785599999,True
2023-09-04 00:00:00,1693785600000,63.93,65.01,63.0,63.75,389301.433,1693871999999,True
2023-09-05 00:00:00,1693872000000,63.75,63.79,62.58,63.15,475655.47,1693958399999,True
2023-09-06 00:00:00,1693958400000,63.15,63.91,61.36,62.87,463879.229,1694044799999,True
2023-09-07 00:00:00,1694044800000,62.88,64.49,62.48,63.71,372442.946,1694131199999,True
2023-09-08 00:00:00,1694131200000,63.71,64.24,61.51,62.61,370397.71,1694217599999,True
2023-09-09 00:00:00,1694217600000,62.6,63.3,62.52,63.06,153119.403,1694303999999,True
2023-09-10 00:00:00,1694304000000,63.06,63.06,60.02,61.11,486962.352,1694390399999,True
2023-09-11 00:00:00,1694390400000,61.12,61.66,57.68,58.85,792927.547,1694476799999,True
2023-09-12 00:00:00,1694476800000,58.85,61.53,58.65,59.96,617319.813,1694563199999,True
2023-09-13 00:00:00,1694563200000,59.96,62.85,59.63,61.98,511853.421,1694649599999,True
2023-09-14 00:00:00,1694649600000,61.98,63.44,61.95,62.83,638084.848,1694735999999,True
2023-09-15 00:00:00,1694736000000,62.83,66.27,62.55,65.89,540624.758,1694822399999,True
2023-09-16 00:00:00,1694822400000,65.89,67.05,64.41,65.38,391265.329,1694908799999,True
2023-09-17 00:00:00,1694908800000,65.38,65.42,62.75,63.55,497205.276,1694995199999,True
2023-09-18 00:00:00,1694995200000,63.57,67.9,62.9,65.89,790412.337,1695081599999,True
2023-09-19 00:00:00,1695081600000,65.87,68.41,65.59,67.28,527023.356,1695167999999,True
2023-09-20 00:00:00,1695168000000,67.28,67.87,63.24,64.55,931126.906,1695254399999,True
2023-09-21 00:00:00,1695254400000,64.55,65.01,62.92,64.69,449081.78,1695340799999,True
2023-09-22 00:00:00,1695340800000,64.69,65.88,63.89,64.37,442545.403,1695427199999,True
2023-09-23 00:00:00,1695427200000,64.37,65.26,64.37,65.07,387901.571,1695513599999,True
2023-09-24 00:00:00,1695513600000,65.06,65.1,63.25,63.58,207773.25,1695599999999,True
2023-09-25 00:00:00,1695600000000,63.58,65.06,62.56,64.33,258415.693,1695686399999,True
2023-09-26 00:00:00,1695686400000,64.34,65.08,63.02,63.8,371056.263,1695772799999,True
2023-09-27 00:00:00,1695772800000,63.8,65.56,63.04,63.53,351266.028,1695859199999,True
2023-09-28 00:00:00,1695859200000,63.53,65.54,63.14,65.21,446339.742,1695945599999,True
2023-09-29 00:00:00,1695945600000,65.22,66.5,64.91,65.55,350400.956,1696031999999,True
2023-09-30 00:00:00,1696032000000,65.55,66.6,65.34,65.97,179434.202,1696118399999,True
2023-10-01 00:00:00,1696118400000,65.98,68.85,65.83,68.19,430058.027,1696204799999,True
2023-10-02 00:00:00,1696204800000,68.19,68.42,65.11,65.97,558987.867,1696291199999,True
2023-10-03 00:00:00,1696291200000,65.98,66.93,65.26,65.5,264841.857,1696377599999,True
2023-10-04 00:00:00,1696377600000,65.5,65.52,63.01,64.4,389378.985,1696463999999,True
2023-10-05 00:00:00,1696464000000,64.39,65.28,63.72,64.8,371850.64,1696550399999,True
2023-10-06 00:00:00,1696550400000,64.81,65.98,64.37,65.5,258989.347,1696636799999,True
2023-10-07 00:00:00,1696636800000,65.5,66.27,64.95,65.45,177304.899,1696723199999,True
2023-10-08 00:00:00,1696723200000,65.45,65.98,64.97,65.34,316323.185,1696809599999,True
2023-10-09 00:00:00,1696809600000,65.34,65.36,61.51,63.07,448896.385,1696895999999,True
2023-10-10 00:00:00,1696896000000,63.07,63.82,62.57,63.61,234743.163,1696982399999,True
2023-10-11 00:00:00,1696982400000,63.6,63.75,61.08,61.55,287049.191,1697068799999,True
2023-10-12 00:00:00,1697068800000,61.55,61.55,60.33,61.12,285371.231,1697155199999,True
2023-10-13 00:00:00,1697155200000,61.12,62.15,61.06,61.58,358112.195,1697241599999,True
2023-10-14 00:00:00,1697241600000,61.58,61.97,61.39,61.62,121555.639,1697327999999,True
2023-10-15 00:00:00,1697328000000,61.62,62.18,61.38,61.63,140207.935,1697414399999,True
2023-10-16 00:00:00,1697414400000,61.63,66.33,61.57,63.19,679996.392,1697500799999,True
2023-10-17 00:00:00,1697500800000,63.2,63.33,61.37,62.07,285933.96,1697587199999,True
2023-10-18 00:00:00,1697587200000,62.06,62.85,60.04,60.23,320321.652,1697673599999,True
2023-10-19 00:00:00,1697673600000,60.23,61.92,59.7,61.78,277475.09,1697759999999,True
2023-10-20 00:00:00,1697760000000,61.77,64.27,61.57,63.38,437547.959,1697846399999,True
2023-10-21 00:00:00,1697846400000,63.37,65.39,63.35,64.75,336999.659,1697932799999,True
2023-10-22 00:00:00,1697932800000,64.75,66.32,63.12,65.26,569753.647,1698019199999,True
2023-10-23 00:00:00,1698019200000,65.26,69.9,64.86,69.02,788986.444,1698105599999,True
2023-10-24 00:00:00,1698105600000,69.02,72.89,67.07,69.15,927287.448,1698191999999,True
2023-10-25 00:00:00,1698192000000,69.14,70.42,67.69,68.71,555761.144,1698278399999,True
2023-10-26 00:00:00,1698278400000,68.7,70.63,66.13,68.76,594733.362,1698364799999,True
2023-10-27 00:00:00,1698364800000,68.75,68.81,65.58,66.99,430964.8,1698451199999,True
2023-10-28 00:00:00,1698451200000,66.99,68.44,66.93,67.73,393365.01,1698537599999,True
2023-10-29 00:00:00,1698537600000,67.73,69.31,67.0,68.79,254650.085,1698623999999,True
2023-10-30 00:00:00,1698624000000,68.79,69.79,67.62,69.21,391259.073,1698710399999,True
2023-10-31 00:00:00,1698710400000,69.21,70.53,67.6,68.89,616209.44,1698796799999,True
2023-11-01 00:00:00,1698796800000,68.89,70.46,66.51,69.97,758567.526,1698883199999,True
2023-11-02 00:00:00,1698883200000,69.97,70.77,67.4,69.43,658461.347,1698969599999,True
2023-11-03 00:00:00,1698969600000,69.42,69.58,67.5,69.45,366590.453,1699055999999,True
2023-11-04 00:00:00,1699056000000,69.45,70.81,68.69,70.41,286371.778,1699142399999,True
2023-11-05 00:00:00,1699142400000,70.41,72.32,69.9,71.6,604752.663,1699228799999,True
2023-11-06 00:00:00,1699228800000,71.6,74.95,70.79,74.46,517587.681,1699315199999,True
2023-11-07 00:00:00,1699315200000,74.46,74.57,71.06,73.41,587908.072,1699401599999,True
2023-11-08 00:00:00,1699401600000,73.41,74.31,72.45,73.07,454113.58,1699487999999,True
2023-11-09 00:00:00,1699488000000,73.06,76.23,67.85,73.83,1037301.535,1699574399999,True
2023-11-10 00:00:00,1699574400000,73.85,75.48,70.67,73.28,659369.92,1699660799999,True
2023-11-11 00:00:00,1699660800000,73.27,75.95,70.84,75.26,701397.299,1699747199999,True
2023-11-12 00:00:00,1699747200000,75.26,76.79,72.12,74.88,759337.894,1699833599999,True
2023-11-13 00:00:00,1699833600000,74.88,76.05,70.5,71.1,687416.727,1699919999999,True
2023-11-14 00:00:00,1699920000000,71.1,72.56,68.09,70.61,612778.52,1700006399999,True
2023-11-15 00:00:00,1700006400000,70.61,74.3,70.5,74.03,546364.964,1700092799999,True
2023-11-16 00:00:00,1700092800000,74.02,74.35,69.78,70.97,516234.012,1700179199999,True
2023-11-17 00:00:00,1700179200000,70.96,71.66,68.0,70.29,701059.335,1700265599999,True
2023-11-18 00:00:00,1700265600000,70.28,70.33,67.5,69.86,319967.121,1700351999999,True
2023-11-19 00:00:00,1700352000000,69.85,70.67,68.5,70.54,267656.397,1700438399999,True
2023-11-20 00:00:00,1700438400000,70.56,71.02,68.62,69.51,363216.736,1700524799999,True
2023-11-21 00:00:00,1700524800000,69.52,71.87,65.12,66.15,766319.59,1700611199999,True
2023-11-22 00:00:00,1700611200000,66.15,69.15,65.96,68.7,411855.152,1700697599999,True
2023-11-23 00:00:00,1700697600000,68.7,70.76,68.38,69.51,487505.593,1700783999999,True
2023-11-24 00:00:00,1700784000000,69.51,71.77,69.43,70.73,431373.898,1700870399999,True
2023-11-25 00:00:00,1700870400000,70.72,72.5,70.48,71.87,300567.558,1700956799999,True
2023-11-26 00:00:00,1700956800000,71.87,71.87,68.91,70.03,373752.056,1701043199999,True
2023-11-27 00:00:00,1701043200000,70.03,70.5,67.91,69.22,322130.627,1701129599999,True
2023-11-28 00:00:00,1701129600000,69.22,70.27,67.81,69.77,633474.873,1701215999999,True
2023-11-29 00:00:00,1701216000000,69.76,70.46,69.15,70.0,304678.502,1701302399999,True
2023-11-30 00:00:00,1701302400000,69.99,70.15,69.11,69.42,212371.48,1701388799999,True
2023-12-01 00:00:00,1701388800000,69.44,72.23,69.2,71.57,478440.251,1701475199999,True
2023-12-02 00:00:00,1701475200000,71.57,72.72,71.16,72.2,286408.09,1701561599999,True
2023-12-03 00:00:00,1701561600000,72.2,72.75,71.3,72.31,285246.303,1701647999999,True
2023-12-04 00:00:00,1701648000000,72.31,75.07,71.89,72.93,1008230.995,1701734399999,True
2023-12-05 00:00:00,1701734400000,72.92,74.37,71.0,74.34,543100.844,1701820799999,True
2023-12-06 00:00:00,1701820800000,74.35,74.94,72.17,72.41,640078.051,1701907199999,True
2023-12-07 00:00:00,1701907200000,72.4,74.51,71.82,74.02,564515.734,1701993599999,True
2023-12-08 00:00:00,1701993600000,74.02,78.88,73.32,78.5,857419.485,1702079999999,True
2023-12-09 00:00:00,1702080000000,78.49,79.53,75.52,76.32,736505.035,1702166399999,True
2023-12-10 00:00:00,1702166400000,76.33,79.0,76.33,77.18,559666.195,1702252799999,True
2023-12-11 00:00:00,1702252800000,77.17,77.5,70.46,72.67,988665.178,1702339199999,True
2023-12-12 00:00:00,1702339200000,72.66,73.72,71.03,72.37,476918.626,1702425599999,True
2023-12-13 00:00:00,1702425600000,72.38,75.55,70.15,73.12,716835.326,1702511999999,True
2023-12-14 00:00:00,1702512000000,73.14,74.05,71.25,72.93,673631.561,1702598399999,True
2023-12-15 00:00:00,1702598400000,72.93,72.96,70.52,70.93,388128.515,1702684799999,True
2023-12-16 00:00:00,1702684800000,70.92,72.52,70.43,72.19,273166.636,1702771199999,True
2023-12-17 00:00:00,1702771200000,72.18,73.63,70.86,71.18,405335.594,1702857599999,True
2023-12-18 00:00:00,1702857600000,71.18,71.55,68.0,70.85,516602.696,1702943999999,True
2023-12-19 00:00:00,1702944000000,70.86,71.66,69.69,70.73,342815.358,1703030399999,True
2023-12-20 00:00:00,1703030400000,70.72,71.89,69.38,69.83,738447.841,1703116799999,True
2023-12-21 00:00:00,1703116800000,69.83,71.09,68.92,70.93,581051.4,1703203199999,True
2023-12-22 00:00:00,1703203200000,70.93,73.78,70.31,73.58,539144.649,1703289599999,True
2023-12-23 00:00:00,1703289600000,73.58,74.09,70.7,72.45,472707.301,1703375999999,True
2023-12-24 00:00:00,1703376000000,72.44,72.95,70.0,71.12,507808.475,1703462399999,True
2023-12-25 00:00:00,1703462400000,71.11,72.77,70.55,72.22,364732.752,1703548799999,True
2023-12-26 00:00:00,1703548800000,72.23,74.45,71.04,73.24,851162.765,1703635199999,True
2023-12-27 00:00:00,1703635200000,73.24,77.3,72.07,75.98,929059.454,1703721599999,True
2023-12-28 00:00:00,1703721600000,75.98,77.64,74.51,76.51,981067.893,1703807999999,True
2023-12-29 00:00:00,1703808000000,76.51,77.8,72.71,73.25,909063.669,1703894399999,True
2023-12-30 00:00:00,1703894400000,73.25,74.01,72.38,73.22,460911.041,1703980799999,True
2023-12-31 00:00:00,1703980800000,73.23,74.24,71.41,72.83,403057.357,1704067199999,True
2024-01-01 00:00:00,1704067200000,72.83,74.78,72.06,74.72,308376.95,1704153599999,True
2024-01-02 00:00:00,1704153600000,74.72,75.9,72.48,72.97,608280.863,1704239999999,True
2024-01-03 00:00:00,1704240000000,72.96,73.61,57.71,65.24,1513212.297,1704326399999,True
2024-01-04 00:00:00,1704326400000,65.23,67.11,64.5,66.41,728924.878,1704412799999,True
2024-01-05 00:00:00,1704412800000,66.41,66.73,63.4,66.0,659391.057,1704499199999,True
2024-01-06 00:00:00,1704499200000,65.99,66.08,63.22,65.64,404291.404,1704585599999,True
2024-01-07 00:00:00,1704585600000,65.65,66.38,63.68,64.27,357443.918,1704671999999,True
2024-01-08 00:00:00,1704672000000,64.27,68.37,61.0,67.73,923906.453,1704758399999,True
2024-01-09 00:00:00,1704758400000,67.72,67.82,64.16,66.99,812582.618,1704844799999,True
2024-01-10 00:00:00,1704844800000,66.99,71.2,65.0,70.1,852014.198,1704931199999,True
2024-01-11 00:00:00,1704931200000,70.1,74.62,69.54,71.88,1211539.098,1705017599999,True
2024-01-12 00:00:00,1705017600000,71.88,77.19,70.4,72.97,1734006.087,1705103999999,True
2024-01-13 00:00:00,1705104000000,72.97,73.6,70.98,71.98,629910.67,1705190399999,True
2024-01-14 00:00:00,1705190400000,71.98,72.3,69.43,69.78,482807.612,1705276799999,True
2024-01-15 00:00:00,1705276800000,69.8,71.62,68.79,69.13,386493.938,1705363199999,True
2024-01-16 00:00:00,1705363200000,69.15,70.53,68.38,69.44,461916.829,1705449599999,True
2024-01-17 00:00:00,1705449600000,69.44,70.0,68.35,69.46,382828.255,1705535999999,True
2024-01-18 00:00:00,1705536000000,69.46,70.34,66.21,68.11,742990.258,1705622399999,True
2024-01-19 00:00:00,1705622400000,68.11,71.57,66.97,71.29,647355.327,1705708799999,True
2024-01-20 00:00:00,1705708800000,71.3,72.76,70.45,71.36,614429.987,1705795199999,True
2024-01-21 00:00:00,1705795200000,71.35,72.3,70.5,71.75,311753.373,1705881599999,True
2024-01-22 00:00:00,1705881600000,71.75,72.71,66.67,67.36,770518.903,1705967999999,True
2024-01-23 00:00:00,1705968000000,67.36,68.43,63.19,65.5,701502.871,1706054399999,True
2024-01-24 00:00:00,1706054400000,65.5,66.35,64.86,66.13,385420.813,1706140799999,True
2024-01-25 00:00:00,1706140800000,66.12,66.16,64.56,65.5,275087.101,1706227199999,True
2024-01-26 00:00:00,1706227200000,65.5,67.55,65.19,67.05,321128.162,1706313599999,True
2024-01-27 00:00:00,1706313600000,67.05,68.33,66.34,68.06,248869.999,1706399999999,True
2024-01-28 00:00:00,1706400000000,68.05,68.49,67.29,68.35,301025.603,1706486399999,True
2024-01-29 00:00:00,1706486400000,68.34,68.79,66.84,68.43,435412.27,1706572799999,True
2024-01-30 00:00:00,1706572800000,68.43,68.74,67.17,67.47,299636.981,1706659199999,True
2024-01-31 00:00:00,1706659200000,67.48,70.07,66.14,66.76,612212.176,1706745599999,True
2024-02-01 00:00:00,1706745600000,66.76,68.13,65.7,67.54,289235.143,1706831999999,True
2024-02-02 00:00:00,1706832000000,67.55,68.43,67.32,68.05,209541.969,1706918399999,True
2024-02-03 00:00:00,1706918400000,68.05,69.2,67.9,68.81,215935.272,1707004799999,True
2024-02-04 00:00:00,1707004800000,68.82,68.9,66.46,66.94,288180.813,1707091199999,True
2024-02-05 00:00:00,1707091200000,66.95,68.26,66.58,67.7,272431.234,1707177599999,True
2024-02-06 00:00:00,1707177600000,67.71,68.8,67.55,68.29,317363.773,1707263999999,True
2024-02-07 00:00:00,1707264000000,68.29,68.83,67.75,68.62,355491.453,1707350399999,True
2024-02-08 00:00:00,1707350400000,68.63,70.66,68.36,70.53,461057.053,1707436799999,True
2024-02-09 00:00:00,1707436800000,70.54,71.95,70.07,70.64,774603.897,1707523199999,True
2024-02-10 00:00:00,1707523200000,70.64,71.3,69.93,70.8,369470.127,1707609599999,True
2024-02-11 00:00:00,1707609600000,70.79,73.1,70.6,71.55,613948.449,1707695999999,True
2024-02-12 00:00:00,1707696000000,71.55,73.46,70.32,72.82,487609.667,1707782399999,True
2024-02-13 00:00:00,1707782400000,72.81,73.16,68.1,68.97,1069326.647,1707868799999,True
2024-02-14 00:00:00,1707868800000,68.97,70.76,68.41,69.81,1053386.609,1707955199999,True
2024-02-15 00:00:00,1707955200000,69.81,70.95,69.0,69.76,892633.761,1708041599999,True
2024-02-16 00:00:00,1708041600000,69.76,70.99,68.61,70.59,564443.74,1708127999999,True
2024-02-17 00:00:00,1708128000000,70.59,70.7,68.0,69.97,436214.246,1708214399999,True
2024-02-18 00:00:00,1708214400000,69.97,71.35,69.82,70.8,393086.495,1708300799999,True
2024-02-19 00:00:00,1708300800000,70.8,71.74,70.42,71.3,521590.667,1708387199999,True
2024-02-20 00:00:00,1708387200000,71.29,71.48,67.41,69.65,782301.912,1708473599999,True
2024-02-21 00:00:00,1708473600000,69.65,69.69,67.32,68.9,472252.103,1708559999999,True
2024-02-22 00:00:00,1708560000000,68.91,69.76,67.91,68.8,516782.93,1708646399999,True
2024-02-23 00:00:00,1708646400000,68.79,69.1,67.48,68.8,394735.965,1708732799999,True
2024-02-24 00:00:00,1708732800000,68.79,70.67,68.62,70.41,368401.431,1708819199999,True
2024-02-25 00:00:00,1708819200000,70.41,70.61,69.75,70.16,332747.79,1708905599999,True
2024-02-26 00:00:00,1708905600000,70.16,72.99,69.1,71.93,754791.397,1708991999999,True
2024-02-27 00:00:00,1708992000000,71.93,76.38,71.93,73.97,1532194.552,1709078399999,True
2024-02-28 00:00:00,1709078400000,73.97,77.94,70.27,74.48,1803955.735,1709164799999,True
2024-02-29 00:00:00,1709164800000,74.48,84.96,73.87,79.92,2443670.28,1709251199999,True
2024-03-01 00:00:00,1709251200000,79.93,86.18,79.93,84.87,1292518.576,1709337599999,True
2024-03-02 00:00:00,1709337600000,84.89,94.5,84.45,94.49,2225902.682,1709423999999,True
2024-03-03 00:00:00,1709424000000,94.48,94.68,83.51,90.7,1320154.001,1709510399999,True
2024-03-04 00:00:00,1709510400000,90.7,92.69,87.49,88.95,1600382.338,1709596799999,True
2024-03-05 00:00:00,1709596800000,88.94,91.86,72.0,81.93,2974147.716,1709683199999,True
2024-03-06 00:00:00,1709683200000,81.93,87.4,79.76,85.87,1429676.918,1709769599999,True
2024-03-07 00:00:00,1709769600000,85.87,89.99,83.38,88.0,1274384.448,1709855999999,True
2024-03-08 00:00:00,1709856000000,88.0,89.48,83.78,88.32,1299568.77,1709942399999,True
2024-03-09 00:00:00,1709942400000,88.33,90.97,86.77,90.67,904845.679,1710028799999,True
2024-03-10 00:00:00,1710028800000,90.66,90.82,85.35,87.43,717059.191,1710115199999,True
2024-03-11 00:00:00,1710115200000,87.43,105.7,83.22,103.86,3096267.327,1710201599999,True
2024-03-12 00:00:00,1710201600000,103.87,104.27,91.77,97.52,2441251.838,1710287999999,True
2024-03-13 00:00:00,1710288000000,97.52,98.95,94.03,97.24,1134069.071,1710374399999,True
2024-03-14 00:00:00,1710374400000,97.24,98.24,89.55,94.08,1440061.815,1710460799999,True
2024-03-15 00:00:00,1710460800000,94.08,95.39,83.33,89.75,1627567.337,1710547199999,True
2024-03-16 00:00:00,1710547200000,89.77,90.75,82.25,84.12,1149294.873,1710633599999,True
2024-03-17 00:00:00,1710633600000,84.12,86.79,80.7,85.93,853819.758,1710719999999,True
2024-03-18 00:00:00,1710720000000,85.93,88.06,80.76,86.77,978580.698,1710806399999,True
2024-03-19 00:00:00,1710806400000,86.76,87.79,77.13,78.45,1961637.329,1710892799999,True
2024-03-20 00:00:00,1710892800000,78.45,85.29,76.97,84.65,1363127.952,1710979199999,True
2024-03-21 00:00:00,1710979200000,84.65,87.02,83.57,85.75,934690.544,1711065599999,True
2024-03-22 00:00:00,1711065600000,85.74,86.22,80.58,83.4,725163.718,1711151999999,True
2024-03-23 00:00:00,1711152000000,83.4,87.5,82.85,85.26,803555.89,1711238399999,True
2024-03-24 00:00:00,1711238400000,85.26,90.8,85.25,89.65,1052477.663,1711324799999,True
2024-03-25 00:00:00,1711324800000,89.66,92.06,88.54,90.58,1095171.166,1711411199999,True
2024-03-26 00:00:00,1711411200000,90.59,97.06,87.53,95.77,1767545.155,1711497599999,True
2024-03-27 00:00:00,1711497600000,95.76,99.0,92.3,93.55,1793109.088,1711583999999,True
2024-03-28 00:00:00,1711584000000,93.55,96.59,93.33,94.11,1112111.518,1711670399999,True
2024-03-29 00:00:00,1711670400000,94.11,110.44,92.75,109.06,3289558.98,1711756799999,True
2024-03-30 00:00:00,1711756800000,109.06,109.25,101.06,102.84,1242387.906,1711843199999,True
2024-03-31 00:00:00,1711843200000,102.84,106.87,101.41,105.01,1034072.535,1711929599999,True
2024-04-01 00:00:00,1711929600000,105.01,112.8,97.23,99.2,2502382.047,1712015999999,True
2024-04-02 00:00:00,1712016000000,99.21,108.99,93.1,106.75,2878977.199,1712102399999,True
2024-04-03 00:00:00,1712102400000,106.77,109.86,96.5,98.33,1868400.415,1712188799999,True
2024-04-04 00:00:00,1712188800000,98.33,104.3,96.23,98.38,1786345.493,1712275199999,True
2024-04-05 00:00:00,1712275200000,98.41,100.25,95.0,97.82,1244726.343,1712361599999,True
2024-04-06 00:00:00,1712361600000,97.83,102.47,97.17,101.6,771438.41,1712447999999,True
2024-04-07 00:00:00,1712448000000,101.6,105.99,100.11,101.21,938207.857,1712534399999,True
2024-04-08 00:00:00,1712534400000,101.21,106.06,99.52,103.27,1013133.783,1712620799999,True
2024-04-09 00:00:00,1712620800000,103.27,103.46,96.43,97.53,914660.536,1712707199999,True
2024-04-10 00:00:00,1712707200000,97.54,98.3,93.5,96.71,891774.881,1712793599999,True
2024-04-11 00:00:00,1712793600000,96.71,99.96,94.87,98.78,802195.584,1712879999999,True
2024-04-12 00:00:00,1712880000000,98.77,99.58,79.86,86.08,2094321.098,1712966399999,True
2024-04-13 00:00:00,1712966400000,86.1,86.67,70.5,77.33,2633053.68,1713052799999,True
2024-04-14 00:00:00,1713052800000,77.33,80.44,73.61,79.72,1630408.562,1713139199999,True
2024-04-15 00:00:00,1713139200000,79.72,82.83,75.61,78.1,1410368.593,1713225599999,True
2024-04-16 00:00:00,1713225600000,78.12,80.44,75.31,79.94,771397.839,1713311999999,True
2024-04-17 00:00:00,1713312000000,79.94,80.82,76.25,80.19,653290.465,1713398399999,True
2024-04-18 00:00:00,1713398400000,80.19,82.53,78.64,80.75,868441.994,1713484799999,True
2024-04-19 00:00:00,1713484800000,80.76,82.2,75.77,80.87,742141.865,1713571199999,True
2024-04-20 00:00:00,1713571200000,80.86,85.98,80.27,85.04,435008.951,1713657599999,True
2024-04-21 00:00:00,1713657600000,85.03,85.69,82.73,84.16,361745.445,1713743999999,True
2024-04-22 00:00:00,1713744000000,84.16,86.49,83.95,85.39,589746.588,1713830399999,True
2024-04-23 00:00:00,1713830400000,85.39,86.39,83.98,85.02,436631.335,1713916799999,True
2024-04-24 00:00:00,1713916800000,85.0,87.72,82.34,83.25,931482.385,1714003199999,True
2024-04-25 00:00:00,1714003200000,83.25,85.07,81.83,83.78,670805.321,1714089599999,True
2024-04-26 00:00:00,1714089600000,83.77,88.59,83.09,88.1,1062310.424,1714175999999,True
2024-04-27 00:00:00,1714176000000,88.1,88.46,83.14,83.88,699795.45,1714262399999,True
2024-04-28 00:00:00,1714262400000,83.88,85.43,83.57,83.99,384000.288,1714348799999,True
2024-04-29 00:00:00,1714348800000,83.98,85.64,81.73,83.51,519097.015,1714435199999,True
2024-04-30 00:00:00,1714435200000,83.52,84.56,77.19,79.49,616460.343,1714521599999,True
2024-05-01 00:00:00,1714521600000,79.48,80.89,74.6,80.17,713810.495,1714607999999,True
2024-05-02 00:00:00,1714608000000,80.17,81.28,78.66,80.02,398879.396,1714694399999,True
2024-05-03 00:00:00,1714694400000,80.03,82.62,79.33,81.85,426096.048,1714780799999,True
2024-05-04 00:00:00,1714780800000,81.86,83.01,81.42,81.66,294701.796,1714867199999,True
2024-05-05 00:00:00,1714867200000,81.66,81.78,80.37,81.32,336649.505,1714953599999,True
2024-05-06 00:00:00,1714953600000,81.32,84.2,80.01,80.79,580780.594,1715039999999,True
2024-05-07 00:00:00,1715040000000,80.79,82.65,79.78,80.84,493066.083,1715126399999,True
2024-05-08 00:00:00,1715126400000,80.82,82.33,79.32,81.7,486202.438,1715212799999,True
2024-05-09 00:00:00,1715212800000,81.69,83.16,80.7,83.08,352236.765,1715299199999,True
2024-05-10 00:00:00,1715299200000,83.07,83.48,79.55,80.22,420451.976,1715385599999,True
2024-05-11 00:00:00,1715385600000,80.22,82.29,80.13,81.39,258119.13,1715471999999,True
2024-05-12 00:00:00,1715472000000,81.39,82.18,80.84,81.41,186561.698,1715558399999,True
2024-05-13 00:00:00,1715558400000,81.42,82.61,78.95,80.62,448137.788,1715644799999,True
2024-05-14 00:00:00,1715644800000,80.62,81.67,78.53,78.79,482795.267,1715731199999,True
2024-05-15 00:00:00,1715731200000,78.77,82.87,78.23,82.45,464809.116,1715817599999,True
2024-05-16 00:00:00,1715817600000,82.45,83.24,81.37,82.43,347670.919,1715903999999,True
2024-05-17 00:00:00,1715904000000,82.43,84.23,81.92,84.14,326396.421,1715990399999,True
2024-05-18 00:00:00,1715990400000,84.15,84.81,83.43,83.84,215539.473,1716076799999,True
2024-05-19 00:00:00,1716076800000,83.84,84.38,81.77,82.4,227737.175,1716163199999,True
2024-05-20 00:00:00,1716163200000,82.4,89.11,82.39,88.64,599212.269,1716249599999,True
2024-05-21 00:00:00,1716249600000,88.64,89.63,87.0,88.26,905649.076,1716335999999,True
2024-05-22 00:00:00,1716336000000,88.26,88.48,84.88,85.78,537922.52,1716422399999,True
2024-05-23 00:00:00,1716422400000,85.78,87.95,80.53,85.45,984635.687,1716508799999,True
2024-05-24 00:00:00,1716508800000,85.45,86.48,84.01,85.0,591773.875,1716595199999,True
2024-05-25 00:00:00,1716595200000,85.0,85.98,84.43,84.98,251017.316,1716681599999,True
2024-05-26 00:00:00,1716681600000,84.99,85.26,83.54,83.9,279388.435,1716767999999,True
2024-05-27 00:00:00,1716768000000,83.91,86.43,83.82,85.24,346465.824,1716854399999,True
2024-05-28 00:00:00,1716854400000,85.24,85.54,82.06,83.44,475207.661,1716940799999,True
2024-05-29 00:00:00,1716940800000,83.44,84.21,82.63,83.59,334222.342,1717027199999,True
2024-05-30 00:00:00,1717027200000,83.58,85.54,81.9,84.42,441661.874,1717113599999,True
2024-05-31 00:00:00,1717113600000,84.43,84.7,82.02,83.21,355784.532,1717199999999,True
2024-06-01 00:00:00,1717200000000,83.21,83.74,82.92,83.48,172096.505,1717286399999,True
2024-06-02 00:00:00,1717286400000,83.48,83.53,82.2,83.11,285093.347,1717372799999,True
2024-06-03 00:00:00,1717372800000,83.11,84.29,82.65,82.82,379200.72,1717459199999,True
2024-06-04 00:00:00,1717459200000,82.83,83.7,81.11,83.65,340359.329,1717545599999,True
2024-06-05 00:00:00,1717545600000,83.66,85.47,83.49,85.44,302276.545,1717631999999,True
2024-06-06 00:00:00,1717632000000,85.44,85.84,84.16,84.19,296197.824,1717718399999,True
2024-06-07 00:00:00,1717718400000,84.19,84.83,75.0,80.13,782793.301,1717804799999,True
2024-06-08 00:00:00,1717804800000,80.13,80.46,78.84,79.97,257436.338,1717891199999,True
2024-06-09 00:00:00,1717891200000,79.96,80.71,79.49,80.49,163718.623,1717977599999,True
2024-06-10 00:00:00,1717977600000,80.5,80.52,79.07,79.66,245521.341,1718063999999,True
2024-06-11 00:00:00,1718064000000,79.67,79.85,75.55,77.32,673700.591,1718150399999,True
2024-06-12 00:00:00,1718150400000,77.31,79.28,76.33,78.5,474723.842,1718236799999,True
2024-06-13 00:00:00,1718236800000,78.5,79.79,77.27,79.15,375356.239,1718323199999,True
2024-06-14 00:00:00,1718323200000,79.15,80.27,75.9,77.61,513907.515,1718409599999,True
2024-06-15 00:00:00,1718409600000,77.61,79.47,77.45,79.23,234242.45,1718495999999,True
2024-06-16 00:00:00,1718496000000,79.23,80.15,78.63,78.98,189493.659,1718582399999,True
2024-06-17 00:00:00,1718582400000,78.99,79.24,75.1,76.59,452907.381,1718668799999,True
2024-06-18 00:00:00,1718668800000,76.6,76.77,70.65,72.66,731466.118,1718755199999,True
2024-06-19 00:00:00,1718755200000,72.66,74.97,72.5,73.77,316900.189,1718841599999,True
2024-06-20 00:00:00,1718841600000,73.77,75.35,73.24,74.69,371950.598,1718927999999,True
2024-06-21 00:00:00,1718928000000,74.7,74.73,72.17,74.17,523545.991,1719014399999,True
2024-06-22 00:00:00,1719014400000,74.17,74.88,73.56,74.61,179086.364,1719100799999,True
2024-06-23 00:00:00,1719100800000,74.6,75.06,73.23,73.37,183031.022,1719187199999,True
2024-06-24 00:00:00,1719187200000,73.37,73.45,67.5,69.68,712802.629,1719273599999,True
2024-06-25 00:00:00,1719273600000,69.68,72.03,69.4,71.35,369103.552,1719359999999,True
2024-06-26 00:00:00,1719360000000,71.35,71.95,70.36,71.02,286798.118,1719446399999,True
2024-06-27 00:00:00,1719446400000,71.02,73.35,70.55,73.28,300895.691,1719532799999,True
2024-06-28 00:00:00,1719532800000,73.28,74.76,72.54,72.9,412794.018,1719619199999,True
2024-06-29 00:00:00,1719619200000,72.9,76.9,72.87,74.95,348415.315,1719705599999,True
2024-06-30 00:00:00,1719705600000,74.94,75.98,74.11,75.31,317637.764,1719791999999,True
2024-07-01 00:00:00,1719792000000,75.32,75.96,74.17,74.38,270636.833,1719878399999,True
2024-07-02 00:00:00,1719878400000,74.38,76.21,74.28,76.04,243844.128,1719964799999,True
2024-07-03 00:00:00,1719964800000,76.04,76.21,71.78,72.08,393529.358,1720051199999,True
2024-07-04 00:00:00,1720051200000,72.08,72.42,65.0,65.42,534114.975,1720137599999,True
2024-07-05 00:00:00,1720137600000,65.42,65.58,56.86,61.85,1437934.907,1720223999999,True
2024-07-06 00:00:00,1720224000000,61.85,65.67,61.4,65.39,320005.364,1720310399999,True
2024-07-07 00:00:00,1720310400000,65.4,65.57,61.63,62.05,287837.524,1720396799999,True
2024-07-08 00:00:00,1720396800000,62.04,67.03,59.25,64.92,542865.4,1720483199999,True
2024-07-09 00:00:00,1720483200000,64.92,66.3,64.26,65.3,237630.526,1720569599999,True
2024-07-10 00:00:00,1720569600000,65.31,67.3,64.5,66.96,288677.299,1720655999999,True
2024-07-11 00:00:00,1720656000000,66.96,69.14,66.42,67.36,294587.381,1720742399999,True
2024-07-12 00:00:00,1720742400000,67.36,69.42,66.78,69.25,401927.86,1720828799999,True
2024-07-13 00:00:00,1720828800000,69.26,70.68,69.13,69.82,258768.927,1720915199999,True
2024-07-14 00:00:00,1720915200000,69.82,70.51,69.23,69.92,228944.765,1721001599999,True
2024-07-15 00:00:00,1721001600000,69.91,72.53,69.67,72.29,435940.946,1721087999999,True
2024-07-16 00:00:00,1721088000000,72.29,74.09,70.34,73.21,435389.184,1721174399999,True
2024-07-17 00:00:00,1721174400000,73.2,74.25,71.12,71.38,344202.11,1721260799999,True
2024-07-18 00:00:00,1721260800000,71.37,72.95,70.5,71.63,238896.669,1721347199999,True
2024-07-19 00:00:00,1721347200000,71.64,74.13,69.67,73.4,356994.208,1721433599999,True
2024-07-20 00:00:00,1721433600000,73.41,73.92,72.31,73.03,199919.213,1721519999999,True
2024-07-21 00:00:00,1721520000000,73.04,74.13,71.21,73.98,264424.146,1721606399999,True
2024-07-22 00:00:00,1721606400000,73.99,74.61,70.7,71.26,371305.96,1721692799999,True
2024-07-23 00:00:00,1721692800000,71.25,73.11,70.43,72.92,353283.963,1721779199999,True
2024-07-24 00:00:00,1721779200000,72.92,73.67,70.74,71.29,261735.815,1721865599999,True
2024-07-25 00:00:00,1721865600000,71.28,71.66,67.29,68.79,410661.569,1721951999999,True
2024-07-26 00:00:00,1721952000000,68.8,71.7,68.76,71.31,234994.905,1722038399999,True
2024-07-27 00:00:00,1722038400000,71.31,72.37,70.27,71.32,255064.977,1722124799999,True
2024-07-28 00:00:00,1722124800000,71.3,71.77,70.34,71.07,149307.521,1722211199999,True
2024-07-29 00:00:00,1722211200000,71.08,76.78,71.04,73.69,577061.851,1722297599999,True
2024-07-30 00:00:00,1722297600000,73.69,74.56,71.08,71.69,242566.586,1722383999999,True
2024-07-31 00:00:00,1722384000000,71.69,72.93,69.86,70.14,257184.993,1722470399999,True
2024-08-01 00:00:00,1722470400000,70.15,71.45,65.94,69.59,408394.942,1722556799999,True
2024-08-02 00:00:00,1722556800000,69.58,69.97,63.97,65.06,395849.521,1722643199999,True
2024-08-03 00:00:00,1722643200000,65.05,66.38,62.57,64.65,375256.367,1722729599999,True
2024-08-04 00:00:00,1722729600000,64.66,65.25,60.31,62.46,313781.198,1722815999999,True
2024-08-05 00:00:00,1722816000000,62.47,62.58,49.8,56.08,2173870.07,1722902399999,True
2024-08-06 00:00:00,1722902400000,56.09,59.32,55.98,58.25,492339.711,1722988799999,True
2024-08-07 00:00:00,1722988800000,58.24,59.5,55.35,55.99,620230.427,1723075199999,True
2024-08-08 00:00:00,1723075200000,56.0,62.0,55.16,61.16,372849.94,1723161599999,True
2024-08-09 00:00:00,1723161600000,61.15,61.24,59.33,60.72,286289.922,1723247999999,True
2024-08-10 00:00:00,1723248000000,60.72,61.55,60.14,61.16,199810.959,1723334399999,True
2024-08-11 00:00:00,1723334400000,61.17,62.42,58.81,59.73,306212.882,1723420799999,True
2024-08-12 00:00:00,1723420800000,59.73,62.06,59.17,61.5,444394.904,1723507199999,True
2024-08-13 00:00:00,1723507200000,61.5,63.52,61.12,63.44,296388.601,1723593599999,True
2024-08-14 00:00:00,1723593600000,63.43,64.69,62.57,64.06,334518.91,1723679999999,True
2024-08-15 00:00:00,1723680000000,64.05,66.89,63.59,65.33,572346.5,1723766399999,True
2024-08-16 00:00:00,1723766400000,65.33,66.79,64.28,66.49,425227.854,1723852799999,True
2024-08-17 00:00:00,1723852800000,66.49,67.87,65.88,67.59,218390.878,1723939199999,True
2024-08-18 00:00:00,1723939200000,67.59,68.16,66.09,66.33,291014.373,1724025599999,True
2024-08-19 00:00:00,1724025600000,66.34,67.42,65.59,66.32,325938.679,1724111999999,True
2024-08-20 00:00:00,1724112000000,66.32,67.3,63.15,64.41,423924.769,1724198399999,True
2024-08-21 00:00:00,1724198400000,64.41,64.77,62.06,64.27,453834.362,1724284799999,True
2024-08-22 00:00:00,1724284800000,64.27,64.37,62.48,63.77,321301.243,1724371199999,True
2024-08-23 00:00:00,1724371200000,63.77,66.88,63.47,66.1,427315.743,1724457599999,True
2024-08-24 00:00:00,1724457600000,66.1,67.99,65.43,66.57,307082.897,1724543999999,True
2024-08-25 00:00:00,1724544000000,66.57,66.87,64.42,64.82,273239.656,1724630399999,True
2024-08-26 00:00:00,1724630400000,64.82,65.1,62.97,63.01,325813.775,1724716799999,True
2024-08-27 00:00:00,1724716800000,63.0,63.97,59.0,60.38,401987.146,1724803199999,True
2024-08-28 00:00:00,1724803200000,60.37,62.38,59.4,61.82,393591.324,1724889599999,True
2024-08-29 00:00:00,1724889600000,61.83,63.96,61.09,62.47,646057.531,1724975999999,True
2024-08-30 00:00:00,1724976000000,62.46,65.42,61.55,64.94,445694.647,1725062399999,True
2024-08-31 00:00:00,1725062400000,64.93,66.45,64.86,64.97,333260.006,1725148799999,True
2024-09-01 00:00:00,1725148800000,64.96,65.13,62.84,63.59,275100.421,1725235199999,True
2024-09-02 00:00:00,1725235200000,63.57,65.74,62.6,65.33,338228.783,1725321599999,True
2024-09-03 00:00:00,1725321600000,65.33,66.38,64.3,64.36,320522.789,1725407999999,True
2024-09-04 00:00:00,1725408000000,64.36,66.22,62.02,65.42,425540.638,1725494399999,True
2024-09-05 00:00:00,1725494400000,65.41,68.55,64.43,66.08,736165.409,1725580799999,True
2024-09-06 00:00:00,1725580800000,66.07,66.81,61.18,63.05,503464.824,1725667199999,True
2024-09-07 00:00:00,1725667200000,63.05,64.16,61.64,62.07,315700.656,1725753599999,True
2024-09-08 00:00:00,1725753600000,62.06,62.32,59.89,60.95,393724.274,1725839999999,True
2024-09-09 00:00:00,1725840000000,60.94,61.82,59.65,61.42,595870.787,1725926399999,True
2024-09-10 00:00:00,1725926400000,61.41,61.77,60.35,61.51,377145.929,1726012799999,True
2024-09-11 00:00:00,1726012800000,61.52,62.42,60.13,62.19,489748.89,1726099199999,True
2024-09-12 00:00:00,1726099200000,62.17,63.12,61.52,62.84,383572.639,1726185599999,True
2024-09-13 00:00:00,1726185600000,62.83,65.01,62.4,64.91,407124.406,1726271999999,True
2024-09-14 00:00:00,1726272000000,64.92,66.76,64.87,65.91,414127.091,1726358399999,True
2024-09-15 00:00:00,1726358400000,65.91,66.31,62.89,63.24,295654.677,1726444799999,True
2024-09-16 00:00:00,1726444800000,63.24,63.75,62.1,62.62,291156.153,1726531199999,True
2024-09-17 00:00:00,1726531200000,62.63,64.03,61.93,63.77,298536.819,1726617599999,True
2024-09-18 00:00:00,1726617600000,63.76,64.86,62.39,64.84,302989.047,1726703999999,True
2024-09-19 00:00:00,1726704000000,64.84,66.06,64.69,65.4,345158.431,1726790399999,True
2024-09-20 00:00:00,1726790400000,65.39,66.45,64.33,65.33,358959.114,1726876799999,True
2024-09-21 00:00:00,1726876800000,65.33,67.15,64.82,66.84,222813.661,1726963199999,True
2024-09-22 00:00:00,1726963200000,66.85,68.82,66.46,68.68,306313.854,1727049599999,True
2024-09-23 00:00:00,1727049600000,68.69,69.35,66.63,66.96,311939.213,1727135999999,True
2024-09-24 00:00:00,1727136000000,66.95,67.17,65.66,66.7,311050.764,1727222399999,True
2024-09-25 00:00:00,1727222400000,66.71,67.85,65.91,66.55,251370.126,1727308799999,True
2024-09-26 00:00:00,1727308800000,66.55,68.58,65.63,68.54,293448.78,1727395199999,True
2024-09-27 00:00:00,1727395200000,68.54,71.2,68.28,71.13,377138.733,1727481599999,True
2024-09-28 00:00:00,1727481600000,71.13,71.52,69.01,69.95,324204.131,1727567999999,True
2024-09-29 00:00:00,1727568000000,69.95,70.32,68.49,69.27,217931.548,1727654399999,True
2024-09-30 00:00:00,1727654400000,69.27,69.38,66.28,66.82,350738.257,1727740799999,True
2024-10-01 00:00:00,1727740800000,66.83,68.59,62.0,63.41,476778.203,1727827199999,True
2024-10-02 00:00:00,1727827200000,63.4,64.77,62.23,62.95,333252.431,1727913599999,True
2024-10-03 00:00:00,1727913600000,62.95,63.97,61.92,63.44,338510.319,1727999999999,True
2024-10-04 00:00:00,1728000000000,63.45,65.2,63.29,64.95,232700.151,1728086399999,True
2024-10-05 00:00:00,1728086400000,64.95,66.36,64.67,66.29,209580.313,1728172799999,True
2024-10-06 00:00:00,1728172800000,66.3,67.65,66.11,67.02,205595.558,1728259199999,True
2024-10-07 00:00:00,1728259200000,67.03,67.98,64.48,64.77,343005.628,1728345599999,True
2024-10-08 00:00:00,1728345600000,64.77,66.16,64.52,65.69,237887.624,1728431999999,True
2024-10-09 00:00:00,1728432000000,65.69,65.97,64.11,64.59,300940.046,1728518399999,True
2024-10-10 00:00:00,1728518400000,64.59,65.09,63.22,64.32,218900.38,1728604799999,True
2024-10-11 00:00:00,1728604800000,64.32,65.92,64.3,65.58,213209.345,1728691199999,True
2024-10-12 00:00:00,1728691200000,65.59,66.65,65.07,66.19,156600.646,1728777599999,True
2024-10-13 00:00:00,1728777600000,66.19,66.3,64.43,64.8,169832.939,1728863999999,True
2024-10-14 00:00:00,1728864000000,64.8,67.37,64.12,66.83,392472.567,1728950399999,True
2024-10-15 00:00:00,1728950400000,66.84,72.0,65.27,70.87,1052315.145,1729036799999,True
2024-10-16 00:00:00,1729036800000,70.87,73.07,69.32,70.08,659266.466,1729123199999,True
2024-10-17 00:00:00,1729123200000,70.08,74.0,69.87,72.8,572727.857,1729209599999,True
2024-10-18 00:00:00,1729209600000,72.79,74.87,71.89,73.11,465869.732,1729295999999,True
2024-10-19 00:00:00,1729296000000,73.11,76.19,73.03,74.9,310186.925,1729382399999,True
2024-10-20 00:00:00,1729382400000,74.9,75.88,73.6,74.3,294976.535,1729468799999,True
2024-10-21 00:00:00,1729468800000,74.31,74.62,70.32,70.77,406227.564,1729555199999,True
2024-10-22 00:00:00,1729555200000,70.77,71.62,69.39,70.04,700483.125,1729641599999,True
2024-10-23 00:00:00,1729641600000,70.03,70.43,67.86,70.04,300494.357,1729727999999,True
2024-10-24 00:00:00,1729728000000,70.05,71.33,69.29,71.18,265397.628,1729814399999,True
2024-10-25 00:00:00,1729814400000,71.18,72.28,66.79,68.84,410496.964,1729900799999,True
2024-10-26 00:00:00,1729900800000,68.83,69.72,68.07,68.47,248465.197,1729987199999,True
2024-10-27 00:00:00,1729987200000,68.47,71.22,68.0,71.06,188682.053,1730073599999,True
2024-10-28 00:00:00,1730073600000,71.1,71.57,69.6,70.8,334714.929,1730159999999,True
2024-10-29 00:00:00,1730160000000,70.81,74.38,70.71,73.98,431834.786,1730246399999,True
2024-10-30 00:00:00,1730246400000,73.99,74.27,71.49,71.76,290639.026,1730332799999,True
2024-10-31 00:00:00,1730332800000,71.76,72.11,68.42,69.33,367951.223,1730419199999,True
2024-11-01 00:00:00,1730419200000,69.33,71.09,67.7,70.27,398447.975,1730505599999,True
2024-11-02 00:00:00,1730505600000,70.27,71.25,68.86,69.2,228292.224,1730591999999,True
2024-11-03 00:00:00,1730592000000,69.2,69.29,65.28,66.86,328302.269,1730678399999,True
2024-11-04 00:00:00,1730678400000,66.85,67.74,64.45,65.56,368027.479,1730764799999,True
2024-11-05 00:00:00,1730764800000,65.56,67.28,64.85,65.39,387237.066,1730851199999,True
2024-11-06 00:00:00,1730851200000,65.4,71.64,65.35,71.01,841276.532,1730937599999,True
2024-11-07 00:00:00,1730937600000,71.0,72.39,69.88,71.45,458912.255,1731023999999,True
2024-11-08 00:00:00,1731024000000,71.46,73.05,70.64,72.78,419454.252,1731110399999,True
2024-11-09 00:00:00,1731110400000,72.79,74.19,71.58,73.98,389149.592,1731196799999,True
2024-11-10 00:00:00,1731196800000,73.98,78.2,73.45,76.58,1116857.615,1731283199999,True
2024-11-11 00:00:00,1731283200000,76.58,80.37,74.57,80.03,1490444.189,1731369599999,True
2024-11-12 00:00:00,1731369600000,80.04,82.78,68.0,76.69,1818019.562,1731455999999,True
2024-11-13 00:00:00,1731456000000,76.69,77.93,71.86,75.39,1304193.717,1731542399999,True
2024-11-14 00:00:00,1731542400000,75.4,85.0,74.17,82.38,2471579.137,1731628799999,True
2024-11-15 00:00:00,1731628800000,82.37,87.37,78.84,83.7,1604234.042,1731715199999,True
2024-11-16 00:00:00,1731715200000,83.71,98.49,82.84,95.42,2821944.885,1731801599999,True
2024-11-17 00:00:00,1731801600000,95.44,97.43,84.68,87.2,1747857.17,1731887999999,True
2024-11-18 00:00:00,1731888000000,87.2,95.0,86.38,89.22,1671176.849,1731974399999,True
2024-11-19 00:00:00,1731974400000,89.21,90.18,85.07,86.68,1002251.171,1732060799999,True
2024-11-20 00:00:00,1732060800000,86.67,87.83,82.33,83.38,887763.33,1732147199999,True
2024-11-21 00:00:00,1732147200000,83.41,93.0,81.54,89.51,1455684.862,1732233599999,True
2024-11-22 00:00:00,1732233600000,89.51,92.78,87.63,92.2,1231751.446,1732319999999,True
2024-11-23 00:00:00,1732320000000,92.2,106.36,92.08,99.5,3151459.163,1732406399999,True
2024-11-24 00:00:00,1732406400000,99.5,103.18,91.53,96.92,1496549.842,1732492799999,True
2024-11-25 00:00:00,1732492800000,96.92,99.23,90.92,92.26,1039103.845,1732579199999,True
2024-11-26 00:00:00,1732579200000,92.23,95.31,87.95,92.82,851742.704,1732665599999,True
2024-11-27 00:00:00,1732665600000,92.82,99.0,91.47,97.23,825746.05,1732751999999,True
2024-11-28 00:00:00,1732752000000,97.25,98.31,93.66,95.54,529480.313,1732838399999,True
2024-11-29 00:00:00,1732838400000,95.54,104.8,94.72,104.77,817737.485,1732924799999,True
2024-11-30 00:00:00,1732924800000,104.76,104.92,100.33,102.74,829390.09,1733011199999,True
2024-12-01 00:00:00,1733011200000,102.75,122.25,99.35,119.55,1983464.76,1733097599999,True
2024-12-02 00:00:00,1733097600000,119.57,139.74,114.63,132.93,4487620.242,1733183999999,True
2024-12-03 00:00:00,1733184000000,132.93,135.16,121.42,130.89,2454253.328,1733270399999,True
2024-12-04 00:00:00,1733270400000,130.9,135.7,121.9,133.69,1760741.798,1733356799999,True
2024-12-05 00:00:00,1733356800000,133.69,147.06,124.94,135.78,2689717.085,1733443199999,True
2024-12-06 00:00:00,1733443200000,135.79,139.28,130.08,135.93,1164106.044,1733529599999,True
2024-12-07 00:00:00,1733529600000,135.94,138.67,131.76,133.79,799724.325,1733615999999,True
2024-12-08 00:00:00,1733616000000,133.79,135.9,130.08,134.91,633885.207,1733702399999,True
2024-12-09 00:00:00,1733702400000,134.91,135.07,100.56,110.44,2110765.154,1733788799999,True
2024-12-10 00:00:00,1733788800000,110.43,114.84,101.23,109.8,2582881.681,1733875199999,True
2024-12-11 00:00:00,1733875200000,109.79,118.68,106.01,117.3,1267462.877,1733961599999,True
2024-12-12 00:00:00,1733961600000,117.3,125.01,116.46,119.24,1493639.186,1734047999999,True
2024-12-13 00:00:00,1734048000000,119.23,125.3,117.04,124.52,1060225.123,1734134399999,True
2024-12-14 00:00:00,1734134400000,124.52,125.34,115.42,118.21,716518.273,1734220799999,True
2024-12-15 00:00:00,1734220800000,118.23,122.18,114.26,121.11,657673.179,1734307199999,True
2024-12-16 00:00:00,1734307200000,121.13,124.03,115.38,117.99,1018209.997,1734393599999,True
2024-12-17 00:00:00,1734393600000,118.0,131.48,114.37,125.63,1814655.994,1734479999999,True
2024-12-18 00:00:00,1734480000000,125.6,129.11,107.1,108.35,2148185.765,1734566399999,True
2024-12-19 00:00:00,1734566400000,108.32,111.76,94.69,99.36,2305051.958,1734652799999,True
2024-12-20 00:00:00,1734652800000,99.36,103.3,86.69,101.38,1911581.465,1734739199999,True
2024-12-21 00:00:00,1734739200000,101.37,106.04,97.74,101.56,1025955.733,1734825599999,True
2024-12-22 00:00:00,1734825600000,101.57,103.93,96.62,99.78,802186.042,1734911999999,True
2024-12-23 00:00:00,1734912000000,99.8,107.67,97.91,106.77,954998.504,1734998399999,True
2024-12-24 00:00:00,1734998400000,106.76,110.83,103.96,108.35,682252.924,1735084799999,True
2024-12-25 00:00:00,1735084800000,108.34,110.67,106.92,109.82,455229.844,1735171199999,True
2024-12-26 00:00:00,1735171200000,109.82,110.35,101.08,102.23,579103.403,1735257599999,True
2024-12-27 00:00:00,1735257600000,102.24,106.51,99.68,100.58,505959.606,1735343999999,True
2024-12-28 00:00:00,1735344000000,100.58,101.8,98.67,100.74,308821.06,1735430399999,True
2024-12-29 00:00:00,1735430400000,100.75,101.66,96.83,98.51,382496.606,1735516799999,True
2024-12-30 00:00:00,1735516800000,98.51,103.05,97.36,99.4,632333.703,1735603199999,True
2024-12-31 00:00:00,1735603200000,99.4,104.79,97.75,103.28,534270.836,1735689599999,True
2025-01-01 00:00:00,1735689600000,103.28,108.14,102.03,105.24,550072.36,1735775999999,True
2025-01-02 00:00:00,1735776000000,105.23,108.75,104.61,105.14,660886.805,1735862399999,True
2025-01-03 00:00:00,1735862400000,105.14,114.83,104.11,112.71,640808.332,1735948799999,True
2025-01-04 00:00:00,1735948800000,112.72,112.88,110.07,111.21,361726.076,1736035199999,True
2025-01-05 00:00:00,1736035200000,111.22,116.17,110.58,115.72,371535.918,1736121599999,True
2025-01-06 00:00:00,1736121600000,115.72,117.38,111.64,114.01,662970.334,1736207999999,True
2025-01-07 00:00:00,1736208000000,114.0,114.9,102.07,102.72,828382.941,1736294399999,True
2025-01-08 00:00:00,1736294400000,102.71,105.03,97.21,101.43,730219.614,1736380799999,True
2025-01-09 00:00:00,1736380800000,101.43,105.85,99.88,102.23,661927.707,1736467199999,True
2025-01-10 00:00:00,1736467200000,102.23,106.27,102.06,103.96,518210.256,1736553599999,True
2025-01-11 00:00:00,1736553600000,103.94,104.97,102.17,104.39,310729.856,1736639999999,True
2025-01-12 00:00:00,1736640000000,104.4,105.27,101.35,102.34,293039.88,1736726399999,True
2025-01-13 00:00:00,1736726400000,102.35,104.47,92.57,98.37,753144.321,1736812799999,True
2025-01-14 00:00:00,1736812800000,98.38,102.57,97.52,102.45,428318.978,1736899199999,True
2025-01-15 00:00:00,1736899200000,102.45,118.68,100.75,116.96,1024651.571,1736985599999,True
2025-01-16 00:00:00,1736985600000,116.96,130.49,114.04,124.41,2986879.825,1737071999999,True
2025-01-17 00:00:00,1737072000000,124.44,141.22,124.44,137.04,2607980.341,1737158399999,True
2025-01-18 00:00:00,1737158400000,137.04,139.6,123.23,125.4,1829953.181,1737244799999,True
2025-01-19 00:00:00,1737244800000,125.41,128.66,111.0,115.57,2294694.684,1737331199999,True
2025-01-20 00:00:00,1737331200000,115.56,127.97,112.88,118.58,1899680.537,1737417599999,True
2025-01-21 00:00:00,1737417600000,118.58,124.88,113.69,119.11,1104429.961,1737503999999,True
2025-01-22 00:00:00,1737504000000,119.11,120.27,114.22,115.38,642663.305,1737590399999,True
2025-01-23 00:00:00,1737590400000,115.38,117.21,111.24,116.42,654578.406,1737676799999,True
2025-01-24 00:00:00,1737676800000,116.42,122.99,112.82,118.71,987345.151,1737763199999,True
2025-01-25 00:00:00,1737763200000,118.71,129.35,118.04,123.92,1390886.426,1737849599999,True
2025-01-26 00:00:00,1737849600000,123.93,125.1,116.9,117.11,568152.234,1737935999999,True
2025-01-27 00:00:00,1737936000000,117.07,117.89,106.17,115.06,1211594.768,1738022399999,True
2025-01-28 00:00:00,1738022400000,115.05,116.95,109.1,109.92,691853.793,1738108799999,True
2025-01-29 00:00:00,1738108800000,109.92,119.49,109.85,115.9,799397.356,1738195199999,True
2025-01-30 00:00:00,1738195200000,115.9,134.0,114.22,130.15,1913996.416,1738281599999,True
2025-01-31 00:00:00,1738281600000,130.15,135.32,125.21,128.09,1149057.199,1738367999999,True
2025-02-01 00:00:00,1738368000000,128.09,131.24,117.62,118.04,1183240.981,1738454399999,True
2025-02-02 00:00:00,1738454400000,118.05,121.41,104.02,109.12,1569458.035,1738540799999,True
2025-02-03 00:00:00,1738540800000,109.13,109.16,80.04,106.91,3614756.025,1738627199999,True
2025-02-04 00:00:00,1738627200000,106.91,108.76,98.42,101.07,1303945.435,1738713599999,True
2025-02-05 00:00:00,1738713600000,101.08,109.45,100.47,103.38,1047918.633,1738799999999,True
2025-02-06 00:00:00,1738800000000,103.38,109.66,99.49,101.66,1119342.799,1738886399999,True
2025-02-07 00:00:00,1738886400000,101.66,108.13,100.57,103.11,851999.926,1738972799999,True
2025-02-08 00:00:00,1738972800000,103.11,105.17,101.75,104.69,490464.262,1739059199999,True
2025-02-09 00:00:00,1739059200000,104.69,109.18,102.28,107.2,748420.433,1739145599999,True
2025-02-10 00:00:00,1739145600000,107.2,122.48,107.13,120.21,1863120.565,1739231999999,True
2025-02-11 00:00:00,1739232000000,120.21,132.48,117.81,119.27,2470798.83,1739318399999,True
2025-02-12 00:00:00,1739318400000,119.26,125.0,111.33,122.04,1597881.367,1739404799999,True
2025-02-13 00:00:00,1739404800000,122.05,129.32,118.85,126.61,1388491.895,1739491199999,True
2025-02-14 00:00:00,1739491200000,126.62,133.87,124.39,124.91,1576650.344,1739577599999,True
2025-02-15 00:00:00,1739577600000,124.9,135.0,124.31,133.86,1339971.945,1739663999999,True
2025-02-16 00:00:00,1739664000000,133.86,137.5,125.04,125.71,1383270.475,1739750399999,True
2025-02-17 00:00:00,1739750400000,125.72,128.86,120.0,122.31,1349028.336,1739836799999,True
2025-02-18 00:00:00,1739836800000,122.31,129.85,119.85,129.75,1511393.623,1739923199999,True
2025-02-19 00:00:00,1739923200000,129.75,140.0,129.7,134.88,2093245.236,1740009599999,True
2025-02-20 00:00:00,1740009600000,134.88,135.23,125.86,130.82,1673076.047,1740095999999,True
2025-02-21 00:00:00,1740096000000,130.82,140.17,123.65,128.1,2669400.996,1740182399999,True
2025-02-22 00:00:00,1740182400000,128.1,131.2,125.58,125.9,941456.622,1740268799999,True
2025-02-23 00:00:00,1740268800000,125.91,130.44,125.17,129.85,585876.345,1740355199999,True
2025-02-24 00:00:00,1740355200000,129.86,130.5,112.01,114.77,1443025.494,1740441599999,True
2025-02-25 00:00:00,1740441600000,114.78,117.32,106.08,114.55,2046367.62,1740527999999,True
2025-02-26 00:00:00,1740528000000,114.55,128.94,113.96,124.68,2521203.963,1740614399999,True
2025-02-27 00:00:00,1740614400000,124.68,132.0,121.73,126.86,2245609.495,1740700799999,True
2025-02-28 00:00:00,1740700800000,126.86,129.59,114.05,128.04,2554702.699,1740787199999,True
2025-03-01 00:00:00,1740787200000,128.03,131.0,122.93,124.31,868229.911,1740873599999,True
2025-03-02 00:00:00,1740873600000,124.31,130.0,117.46,127.89,1991443.325,1740959999999,True
2025-03-03 00:00:00,1740960000000,127.89,130.4,106.7,109.89,2290258.924,1741046399999,True
2025-03-04 00:00:00,1741046400000,109.9,110.94,93.93,103.66,2521491.908,1741132799999,True
2025-03-05 00:00:00,1741132800000,103.65,106.87,100.61,104.73,963325.131,1741219199999,True
2025-03-06 00:00:00,1741219200000,104.73,113.0,102.11,103.39,1168337.179,1741305599999,True
2025-03-07 00:00:00,1741305600000,103.39,106.68,97.29,103.71,1166607.54,1741391999999,True
2025-03-08 00:00:00,1741392000000,103.71,109.05,101.77,102.34,579080.883,1741478399999,True
2025-03-09 00:00:00,1741478400000,102.34,102.77,93.61,94.62,904937.724,1741564799999,True
2025-03-10 00:00:00,1741564800000,94.63,99.1,86.26,87.48,1237623.854,1741651199999,True
2025-03-11 00:00:00,1741651200000,87.49,93.29,83.28,90.46,1264775.139,1741737599999,True
2025-03-12 00:00:00,1741737600000,90.45,93.0,87.3,91.51,689534.562,1741823999999,True
2025-03-13 00:00:00,1741824000000,91.5,91.77,86.28,88.08,626972.93,1741910399999,True
2025-03-14 00:00:00,1741910400000,88.09,92.84,87.81,91.31,509120.568,1741996799999,True
2025-03-15 00:00:00,1741996800000,91.32,94.25,90.96,92.47,492267.19,1742083199999,True
2025-03-16 00:00:00,1742083200000,92.47,92.69,88.34,90.22,492339.072,1742169599999,True
2025-03-17 00:00:00,1742169600000,90.22,95.0,90.21,92.3,849604.706,1742255999999,True
2025-03-18 00:00:00,1742256000000,92.3,92.33,87.1,90.03,682016.186,1742342399999,True
2025-03-19 00:00:00,1742342400000,90.03,94.25,89.31,94.09,743820.121,1742428799999,True
2025-03-20 00:00:00,1742428800000,94.09,94.57,90.07,93.29,609070.67,1742515199999,True
2025-03-21 00:00:00,1742515200000,93.29,93.94,90.82,90.84,444858.363,1742601599999,True
2025-03-22 00:00:00,1742601600000,90.83,92.22,90.38,91.37,277045.178,1742687999999,True
2025-03-23 00:00:00,1742688000000,91.37,93.0,90.63,91.48,274595.283,1742774399999,True
2025-03-24 00:00:00,1742774400000,91.48,95.6,90.81,93.77,688313.607,1742860799999,True
2025-03-25 00:00:00,1742860800000,93.77,94.77,91.9,94.36,508199.648,1742947199999,True
2025-03-26 00:00:00,1742947200000,94.36,96.52,90.9,92.42,574644.204,1743033599999,True
2025-03-27 00:00:00,1743033600000,92.42,95.02,92.17,92.79,427380.711,1743119999999,True
2025-03-28 00:00:00,1743120000000,92.79,93.43,85.71,87.35,632463.916,1743206399999,True
2025-03-29 00:00:00,1743206400000,87.36,88.04,84.16,85.46,470787.935,1743292799999,True
2025-03-30 00:00:00,1743292800000,85.46,86.81,84.68,86.1,249994.782,1743379199999,True
2025-03-31 00:00:00,1743379200000,86.11,86.27,80.8,82.97,611862.092,1743465599999,True
2025-04-01 00:00:00,1743465600000,82.98,85.9,82.86,84.48,426671.272,1743551999999,True
2025-04-02 00:00:00,1743552000000,84.48,88.56,80.95,81.54,785400.088,1743638399999,True
2025-04-03 00:00:00,1743638400000,81.53,84.8,80.12,83.45,547848.854,1743724799999,True
2025-04-04 00:00:00,1743724800000,83.45,85.12,81.61,84.41,441032.045,1743811199999,True
2025-04-05 00:00:00,1743811200000,84.41,84.98,81.62,82.67,172009.689,1743897599999,True
2025-04-06 00:00:00,1743897600000,82.68,83.13,68.41,70.62,906447.894,1743983999999,True
2025-04-07 00:00:00,1743984000000,70.63,73.04,63.08,70.99,1852618.484,1744070399999,True
2025-04-08 00:00:00,1744070400000,70.99,73.53,68.24,69.15,748218.582,1744156799999,True
2025-04-09 00:00:00,1744156800000,69.16,78.55,66.51,76.03,1126706.181,1744243199999,True
2025-04-10 00:00:00,1744243200000,76.03,76.12,71.07,73.81,575481.582,1744329599999,True
2025-04-11 00:00:00,1744329600000,73.81,77.55,73.73,76.19,453547.13,1744415999999,True
2025-04-12 00:00:00,1744416000000,76.19,80.11,74.92,78.62,455460.706,1744502399999,True
2025-04-13 00:00:00,1744502400000,78.63,80.03,76.41,77.85,364958.005,1744588799999,True
2025-04-14 00:00:00,1744588800000,77.85,80.67,75.66,77.18,463176.504,1744675199999,True
2025-04-15 00:00:00,1744675200000,77.19,78.72,74.65,75.27,312043.203,1744761599999,True
2025-04-16 00:00:00,1744761600000,75.28,76.53,73.27,74.33,409444.494,1744847999999,True
2025-04-17 00:00:00,1744848000000,74.34,76.6,73.67,74.95,316626.917,1744934399999,True
2025-04-18 00:00:00,1744934400000,74.94,77.08,74.59,76.0,231992.829,1745020799999,True
2025-04-19 00:00:00,1745020800000,76.0,76.77,74.24,76.1,220023.384,1745107199999,True
2025-04-20 00:00:00,1745107200000,76.1,78.5,75.39,77.79,213238.873,1745193599999,True
2025-04-21 00:00:00,1745193600000,77.8,81.85,77.41,78.15,465451.449,1745279999999,True
2025-04-22 00:00:00,1745280000000,78.14,84.7,77.38,83.49,526846.511,1745366399999,True
2025-04-23 00:00:00,1745366400000,83.5,85.22,82.22,83.28,652354.871,1745452799999,True
2025-04-24 00:00:00,1745452800000,83.27,84.62,80.77,84.29,418899.973,1745539199999,True
2025-04-25 00:00:00,1745539200000,84.3,87.26,82.89,86.28,427995.291,1745625599999,True
2025-04-26 00:00:00,1745625600000,86.29,88.04,85.21,87.06,277717.024,1745711999999,True
2025-04-27 00:00:00,1745712000000,87.06,87.59,84.56,85.39,258510.68,1745798399999,True
2025-04-28 00:00:00,1745798400000,85.38,88.1,83.7,85.67,406920.589,1745884799999,True
2025-04-29 00:00:00,1745884800000,85.67,87.5,84.48,85.57,427485.79,1745971199999,True
2025-04-30 00:00:00,1745971200000,85.56,86.62,81.43,83.51,429565.235,1746057599999,True
2025-05-01 00:00:00,1746057600000,83.52,91.0,83.3,88.85,475886.167,1746143999999,True
2025-05-02 00:00:00,1746144000000,88.85,91.04,86.95,87.97,324481.946,1746230399999,True
2025-05-03 00:00:00,1746230400000,87.96,87.99,85.53,86.55,183693.273,1746316799999,True
2025-05-04 00:00:00,1746316800000,86.55,86.9,84.79,85.05,286786.329,1746403199999,True
2025-05-05 00:00:00,1746403200000,85.05,89.51,82.19,83.25,623167.973,1746489599999,True
2025-05-06 00:00:00,1746489600000,83.25,92.71,80.99,91.6,808705.083,1746575999999,True
2025-05-07 00:00:00,1746576000000,91.6,93.7,87.21,89.53,917841.917,1746662399999,True
2025-05-08 00:00:00,1746662400000,89.52,95.46,89.39,94.99,911424.873,1746748799999,True
2025-05-09 00:00:00,1746748800000,94.98,101.55,93.83,100.52,1009111.937,1746835199999,True
2025-05-10 00:00:00,1746835200000,100.52,107.05,100.4,105.27,866022.936,1746921599999,True
2025-05-11 00:00:00,1746921600000,105.26,105.96,98.08,100.12,665563.496,1747007999999,True
2025-05-12 00:00:00,1747008000000,100.13,105.07,98.32,103.84,989909.104,1747094399999,True
2025-05-13 00:00:00,1747094400000,103.84,104.96,99.42,103.41,825560.07,1747180799999,True
2025-05-14 00:00:00,1747180800000,103.4,105.97,98.57,100.95,767279.98,1747267199999,True
2025-05-15 00:00:00,1747267200000,100.95,101.9,95.58,99.26,616643.113,1747353599999,True
2025-05-16 00:00:00,1747353600000,99.26,102.19,98.26,99.48,440148.167,1747439999999,True
2025-05-17 00:00:00,1747440000000,99.48,101.23,95.62,96.06,426717.374,1747526399999,True
2025-05-18 00:00:00,1747526400000,96.06,102.48,95.8,100.94,526149.566,1747612799999,True
2025-05-19 00:00:00,1747612800000,100.95,101.27,94.29,98.25,561000.722,1747699199999,True
2025-05-20 00:00:00,1747699200000,98.26,99.69,92.29,94.46,863392.165,1747785599999,True
2025-05-21 00:00:00,1747785600000,94.47,98.35,93.43,97.09,764205.048,1747871999999,True
2025-05-22 00:00:00,1747872000000,97.09,101.04,96.96,100.26,867224.575,1747958399999,True
2025-05-23 00:00:00,1747958400000,100.26,102.94,94.59,95.26,795284.665,1748044799999,True
2025-05-24 00:00:00,1748044800000,95.25,97.81,94.79,95.63,329413.992,1748131199999,True
2025-05-25 00:00:00,1748131200000,95.63,96.06,93.08,95.6,339057.251,1748217599999,True
2025-05-26 00:00:00,1748217600000,95.59,97.59,94.32,95.02,314456.476,1748303999999,True
2025-05-27 00:00:00,1748304000000,95.01,97.0,93.03,95.9,481476.201,1748390399999,True
2025-05-28 00:00:00,1748390400000,95.89,97.49,93.5,95.37,376226.267,1748476799999,True
2025-05-29 00:00:00,1748476800000,95.38,98.95,92.82,93.21,564289.815,1748563199999,True
2025-05-30 00:00:00,1748563200000,93.2,93.9,84.91,85.64,881102.393,1748649599999,True
2025-05-31 00:00:00,1748649600000,85.64,87.93,83.11,87.03,434395.68,1748735999999,True
2025-06-01 00:00:00,1748736000000,87.03,88.72,85.74,88.39,239166.11,1748822399999,True
2025-06-02 00:00:00,1748822400000,88.39,89.97,86.98,89.52,313354.958,1748908799999,True
2025-06-03 00:00:00,1748908800000,89.52,90.58,88.67,89.5,327630.836,1748995199999,True
2025-06-04 00:00:00,1748995200000,89.49,90.97,87.4,87.99,295444.154,1749081599999,True
2025-06-05 00:00:00,1749081600000,87.98,89.13,81.95,83.58,465674.842,1749167999999,True
2025-06-06 00:00:00,1749168000000,83.58,87.67,83.17,87.25,433907.926,1749254399999,True
2025-06-07 00:00:00,1749254400000,87.25,89.31,86.63,88.31,207699.499,1749340799999,True
2025-06-08 00:00:00,1749340800000,88.31,88.63,86.59,87.18,292584.04,1749427199999,True
2025-06-09 00:00:00,1749427200000,87.18,90.81,86.71,90.73,466484.988,1749513599999,True
2025-06-10 00:00:00,1749513600000,90.74,93.5,89.53,93.33,404853.223,1749599999999,True
2025-06-11 00:00:00,1749600000000,93.33,94.17,90.38,91.56,470181.03,1749686399999,True
2025-06-12 00:00:00,1749686400000,91.56,91.9,86.0,86.13,350586.926,1749772799999,True
2025-06-13 00:00:00,1749772800000,86.13,86.7,81.3,86.55,560297.625,1749859199999,True
2025-06-14 00:00:00,1749859200000,86.55,86.91,84.2,85.18,219955.437,1749945599999,True
2025-06-15 00:00:00,1749945600000,85.18,86.59,84.92,86.3,165888.536,1750031999999,True
2025-06-16 00:00:00,1750032000000,86.3,88.92,85.34,86.67,320777.131,1750118399999,True
2025-06-17 00:00:00,1750118400000,86.67,87.77,82.49,84.22,377572.877,1750204799999,True
2025-06-18 00:00:00,1750204800000,84.23,85.68,83.34,85.08,255130.458,1750291199999,True
2025-06-19 00:00:00,1750291200000,85.08,86.05,84.21,85.11,289102.7,1750377599999,True
2025-06-20 00:00:00,1750377600000,85.11,85.98,80.96,82.91,352058.908,1750463999999,True
2025-06-21 00:00:00,1750464000000,82.92,84.12,78.6,80.23,311569.49,1750550399999,True
2025-06-22 00:00:00,1750550400000,80.23,82.04,76.17,80.21,485528.54,1750636799999,True
2025-06-23 00:00:00,1750636800000,80.21,85.42,79.47,84.91,371464.044,1750723199999,True
2025-06-24 00:00:00,1750723200000,84.91,85.38,83.81,84.84,264062.339,1750809599999,True
2025-06-25 00:00:00,1750809600000,84.84,85.47,83.9,84.67,305392.709,1750895999999,True
2025-06-26 00:00:00,1750896000000,84.68,85.95,83.78,84.27,278766.39,1750982399999,True
2025-06-27 00:00:00,1750982400000,84.27,85.65,83.17,84.83,240855.095,1751068799999,True
2025-06-28 00:00:00,1751068800000,84.83,87.37,84.53,86.31,211612.911,1751155199999,True
2025-06-29 00:00:00,1751155200000,86.3,88.49,85.85,87.96,184230.651,1751241599999,True
2025-06-30 00:00:00,1751241600000,87.96,88.36,84.75,86.0,279933.722,1751327999999,True
2025-07-01 00:00:00,1751328000000,85.99,86.84,82.39,83.22,297602.279,1751414399999,True
2025-07-02 00:00:00,1751414400000,83.21,88.66,82.97,87.32,435180.53,1751500799999,True
2025-07-03 00:00:00,1751500800000,87.32,92.29,86.89,89.08,685108.99,1751587199999,True
2025-07-04 00:00:00,1751587200000,89.08,89.33,85.65,86.84,381029.019,1751673599999,True
2025-07-05 00:00:00,1751673600000,86.84,87.82,85.82,87.55,164680.995,1751759999999,True
2025-07-06 00:00:00,1751760000000,87.55,88.52,86.47,87.35,204172.737,1751846399999,True
2025-07-07 00:00:00,1751846400000,87.35,88.28,85.16,86.05,293614.071,1751932799999,True
2025-07-08 00:00:00,1751932800000,86.05,88.0,85.52,87.75,233151.159,1752019199999,True
2025-07-09 00:00:00,1752019200000,87.76,91.41,87.12,90.61,504075.951,1752105599999,True
2025-07-10 00:00:00,1752105600000,90.61,95.3,90.11,94.85,481170.134,1752191999999,True
2025-07-11 00:00:00,1752192000000,94.86,98.32,92.67,94.26,757779.391,1752278399999,True
2025-07-12 00:00:00,1752278400000,94.24,95.45,90.75,92.77,368315.491,1752364799999,True
2025-07-13 00:00:00,1752364800000,92.77,96.88,92.51,94.62,315620.972,1752451199999,True
2025-07-14 00:00:00,1752451200000,94.63,97.99,94.14,95.64,503815.871,1752537599999,True
2025-07-15 00:00:00,1752537600000,95.63,96.73,91.2,96.35,556039.853,1752623999999,True
2025-07-16 00:00:00,1752624000000,96.36,99.96,95.1,97.47,615319.406,1752710399999,True
2025-07-17 00:00:00,1752710400000,97.47,103.59,95.32,101.6,915931.99,1752796799999,True
2025-07-18 00:00:00,1752796800000,101.6,112.39,100.04,101.73,1836839.668,1752883199999,True
2025-07-19 00:00:00,1752883200000,101.72,114.18,99.66,113.16,1328811.952,1752969599999,True
2025-07-20 00:00:00,1752969600000,113.16,121.47,110.57,116.59,1699964.862,1753055999999,True
2025-07-21 00:00:00,1753056000000,116.59,122.0,114.56,115.43,1050258.95,1753142399999,True
2025-07-22 00:00:00,1753142400000,115.42,119.86,112.59,119.65,1066653.894,1753228799999,True
2025-07-23 00:00:00,1753228800000,119.66,122.29,108.89,112.05,1118428.874,1753315199999,True
2025-07-24 00:00:00,1753315200000,112.06,115.43,106.58,112.26,736983.942,1753401599999,True
2025-07-25 00:00:00,1753401600000,112.27,116.38,108.18,113.78,776174.654,1753487999999,True
2025-07-26 00:00:00,1753488000000,113.79,115.47,112.01,113.91,299137.841,1753574399999,True
2025-07-27 00:00:00,1753574400000,113.92,115.6,112.41,114.78,344001.336,1753660799999,True
2025-07-28 00:00:00,1753660800000,114.79,116.41,108.28,109.02,539974.448,1753747199999,True
2025-07-29 00:00:00,1753747200000,109.03,110.77,106.74,108.52,459505.77,1753833599999,True
2025-07-30 00:00:00,1753833600000,108.52,111.39,105.2,110.5,541987.443,1753919999999,True
2025-07-31 00:00:00,1753920000000,110.5,111.86,105.74,106.09,490160.731,1754006399999,True
2025-08-01 00:00:00,1754006400000,106.09,108.4,103.16,106.59,919215.998,1754092799999,True
2025-08-02 00:00:00,1754092800000,106.6,110.5,104.06,106.09,750430.477,1754179199999,True
2025-08-03 00:00:00,1754179200000,106.1,111.45,104.14,110.39,425970.144,1754265599999,True
2025-08-04 00:00:00,1754265600000,110.39,121.47,110.12,121.22,1062658.038,1754351999999,True
2025-08-05 00:00:00,1754352000000,121.22,129.16,119.54,120.27,1559475.757,1754438399999,True
2025-08-06 00:00:00,1754438400000,120.27,121.13,115.19,119.22,699317.943,1754524799999,True
2025-08-07 00:00:00,1754524800000,119.22,123.1,117.37,122.89,901648.011,1754611199999,True
2025-08-08 00:00:00,1754611200000,122.9,126.42,119.32,123.78,800267.488,1754697599999,True
2025-08-09 00:00:00,1754697600000,123.78,126.35,120.15,120.18,629896.316,1754783999999,True
2025-08-10 00:00:00,1754784000000,120.17,126.14,118.25,123.75,716426.142,1754870399999,True
2025-08-11 00:00:00,1754870400000,123.75,128.15,119.56,120.05,1078503.78,1754956799999,True
2025-08-12 00:00:00,1754956800000,120.06,131.99,118.36,130.46,1167337.439,1755043199999,True
2025-08-13 00:00:00,1755043200000,130.46,134.19,128.58,130.91,875809.398,1755129599999,True
2025-08-14 00:00:00,1755129600000,130.91,133.99,119.26,121.29,1141237.763,1755215999999,True
2025-08-15 00:00:00,1755216000000,121.28,123.27,116.55,119.14,687554.645,1755302399999,True
2025-08-16 00:00:00,1755302400000,119.13,121.09,117.14,121.05,330832.186,1755388799999,True
2025-08-17 00:00:00,1755388800000,121.04,123.2,119.76,120.71,463182.445,1755475199999,True
2025-08-18 00:00:00,1755475200000,120.72,120.93,115.29,117.77,525494.896,1755561599999,True
2025-08-19 00:00:00,1755561600000,117.77,119.07,112.11,112.67,498809.023,1755647999999,True
2025-08-20 00:00:00,1755648000000,112.67,117.12,112.06,116.06,459688.664,1755734399999,True
2025-08-21 00:00:00,1755734400000,116.06,117.3,113.45,114.76,256459.812,1755820799999,True
2025-08-22 00:00:00,1755820800000,114.76,123.66,112.51,122.96,648084.544,1755907199999,True
2025-08-23 00:00:00,1755907200000,122.95,123.37,119.76,121.45,331041.514,1755993599999,True
2025-08-24 00:00:00,1755993600000,121.45,124.77,117.1,118.19,474558.257,1756079999999,True
2025-08-25 00:00:00,1756080000000,118.18,118.66,106.7,109.13,888113.679,1756166399999,True
2025-08-26 00:00:00,1756166400000,109.13,114.79,108.79,113.48,455845.699,1756252799999,True
2025-08-27 00:00:00,1756252800000,113.48,116.27,111.95,112.18,411671.884,1756339199999,True
2025-08-28 00:00:00,1756339200000,112.17,114.62,111.32,113.64,278994.611,1756425599999,True
2025-08-29 00:00:00,1756425600000,113.64,113.87,108.63,109.91,479891.22,1756511999999,True
2025-08-30 00:00:00,1756512000000,109.91,111.27,108.3,110.84,227194.068,1756598399999,True
2025-08-31 00:00:00,1756598400000,110.83,111.91,108.76,108.89,214891.815,1756684799999,True
2025-09-01 00:00:00,1756684800000,108.87,111.35,106.38,108.73,382018.242,1756771199999,True
2025-09-02 00:00:00,1756771200000,108.73,113.0,108.58,111.76,424271.215,1756857599999,True
2025-09-03 00:00:00,1756857600000,111.76,113.31,110.79,112.98,272764.627,1756943999999,True
2025-09-04 00:00:00,1756944000000,112.98,113.5,109.5,111.05,223187.595,1757030399999,True
2025-09-05 00:00:00,1757030400000,111.05,115.12,111.01,112.05,371663.277,1757116799999,True
2025-09-06 00:00:00,1757116800000,112.05,112.53,111.23,112.13,132989.484,1757203199999,True
2025-09-07 00:00:00,1757203200000,112.14,115.41,112.14,114.9,225688.946,1757289599999,True
2025-09-08 00:00:00,1757289600000,114.9,115.55,111.9,112.75,501011.293,1757375999999,True
2025-09-09 00:00:00,1757376000000,112.76,114.69,110.8,111.92,482498.375,1757462399999,True
2025-09-10 00:00:00,1757462400000,111.93,118.73,111.52,117.66,541598.389,1757548799999,True
2025-09-11 00:00:00,1757548800000,117.65,117.8,112.95,115.83,540309.577,1757635199999,True
2025-09-12 00:00:00,1757635200000,115.83,118.27,114.72,118.03,478578.679,1757721599999,True
2025-09-13 00:00:00,1757721600000,118.03,120.83,117.46,119.22,607528.369,1757807999999,True
2025-09-14 00:00:00,1757808000000,119.22,119.33,113.93,115.1,648564.327,1757894399999,True
2025-09-15 00:00:00,1757894400000,115.1,116.76,111.92,113.72,429263.371,1757980799999,True
2025-09-16 00:00:00,1757980800000,113.72,115.79,112.0,115.03,431559.909,1758067199999,True
2025-09-17 00:00:00,1758067200000,115.02,117.6,113.13,117.0,496086.817,1758153599999,True
2025-09-18 00:00:00,1758153600000,117.0,119.11,114.91,118.19,539235.656,1758239999999,True
2025-09-19 00:00:00,1758240000000,118.19,119.47,113.37,114.04,386381.824,1758326399999,True
2025-09-20 00:00:00,1758326400000,114.03,115.31,113.4,113.92,178119.592,1758412799999,True
2025-09-21 00:00:00,1758412800000,113.92,116.27,113.7,114.0,209479.704,1758499199999,True
2025-09-22 00:00:00,1758499200000,113.99,114.51,102.2,105.65,767675.734,1758585599999,True
2025-09-23 00:00:00,1758585600000,105.66,107.24,104.39,106.07,329809.938,1758671999999,True
2025-09-24 00:00:00,1758672000000,106.07,107.69,104.56,105.52,430817.498,1758758399999,True
2025-09-25 00:00:00,1758758400000,105.52,105.83,100.25,102.28,485830.463,1758844799999,True
2025-09-26 00:00:00,1758844800000,102.28,104.88,100.97,104.55,245710.217,1758931199999,True
2025-09-27 00:00:00,1758931200000,104.54,104.96,103.26,104.46,150651.161,1759017599999,True
2025-09-28 00:00:00,1759017600000,104.47,107.17,102.7,106.88,180118.884,1759103999999,True
2025-09-29 00:00:00,1759104000000,106.88,107.66,105.3,106.76,268037.084,1759190399999,True
2025-09-30 00:00:00,1759190400000,106.76,107.61,103.84,106.88,274575.895,1759276799999,True
2025-10-01 00:00:00,1759276800000,106.87,115.34,105.39,115.1,561526.624,1759363199999,True
2025-10-02 00:00:00,1759363200000,115.11,122.71,115.11,119.54,1140711.459,1759449599999,True
2025-10-03 00:00:00,1759449600000,119.54,124.86,115.79,120.56,879533.808,1759535999999,True
2025-10-04 00:00:00,1759536000000,120.57,121.0,117.42,120.51,290698.143,1759622399999,True
2025-10-05 00:00:00,1759622400000,120.5,124.17,118.35,118.85,507015.733,1759708799999,True
2025-10-06 00:00:00,1759708800000,118.85,121.47,118.1,118.32,464570.491,1759795199999,True
2025-10-07 00:00:00,1759795200000,118.32,119.27,115.16,116.91,422674.282,1759881599999,True
2025-10-08 00:00:00,1759881600000,116.91,119.6,115.34,118.6,349258.487,1759967999999,True
2025-10-09 00:00:00,1759968000000,118.61,128.2,115.44,125.9,916537.15,1760054399999,True
2025-10-10 00:00:00,1760054400000,125.9,135.99,52.71,96.88,4389823.156,1760140799999,True
2025-10-11 00:00:00,1760140800000,96.87,102.77,90.05,93.34,2392845.063,1760227199999,True
2025-10-12 00:00:00,1760227200000,93.35,102.16,91.61,98.98,1264382.696,1760313599999,True
2025-10-13 00:00:00,1760313600000,98.97,101.34,94.81,99.45,1325856.9,1760399999999,True
2025-10-14 00:00:00,1760400000000,99.46,100.55,91.12,97.33,1285594.754,1760486399999,True
2025-10-15 00:00:00,1760486400000,97.33,99.97,93.36,95.5,674590.453,1760572799999,True
2025-10-16 00:00:00,1760572800000,95.5,96.96,89.59,91.79,846143.65,1760659199999,True
2025-10-17 00:00:00,1760659200000,91.79,93.14,83.36,90.12,1099055.861,1760745599999,True
2025-10-18 00:00:00,1760745600000,90.11,92.24,89.88,91.69,322080.334,1760831999999,True
2025-10-19 00:00:00,1760832000000,91.69,94.78,90.72,93.33,356712.683,1760918399999,True
2025-10-20 00:00:00,1760918400000,93.33,95.79,92.24,94.01,381476.736,1761004799999,True
2025-10-21 00:00:00,1761004800000,94.0,96.94,91.62,92.46,597066.665,1761091199999,True
2025-10-22 00:00:00,1761091200000,92.45,94.97,89.91,91.88,613128.16,1761177599999,True
2025-10-23 00:00:00,1761177600000,91.88,94.79,91.79,94.04,338092.586,1761263999999,True
2025-10-24 00:00:00,1761264000000,94.04,97.45,93.93,96.45,437003.74,1761350399999,True
2025-10-25 00:00:00,1761350400000,96.44,97.07,95.67,96.97,178797.931,1761436799999,True
2025-10-26 00:00:00,1761436800000,96.96,101.02,96.34,100.02,337315.117,1761523199999,True
2025-10-27 00:00:00,1761523200000,100.02,103.1,98.16,99.39,661778.678,1761609599999,True
2025-10-28 00:00:00,1761609600000,99.4,106.98,95.33,96.65,1136067.546,1761695999999,True
2025-10-29 00:00:00,1761696000000,96.64,100.75,95.79,98.53,636748.194,1761782399999,True
2025-10-30 00:00:00,1761782400000,98.53,99.76,90.37,93.39,689290.89,1761868799999,True
2025-10-31 00:00:00,1761868800000,93.38,96.3,92.98,95.38,367029.123,1761955199999,True
2025-11-01 00:00:00,1761955200000,95.38,104.0,95.03,101.38,586785.41,1762041599999,True
2025-11-02 00:00:00,1762041600000,101.39,101.54,97.5,99.42,466122.873,1762127999999,True
2025-11-03 00:00:00,1762128000000,99.42,99.79,85.35,87.43,1032684.313,1762214399999,True
2025-11-04 00:00:00,1762214400000,87.42,91.2,79.68,85.21,1131742.898,1762300799999,True
2025-11-05 00:00:00,1762300800000,85.2,89.97,82.01,89.39,597946.693,1762387199999,True
2025-11-06 00:00:00,1762387200000,89.39,89.39,85.3,87.0,495999.412,1762473599999,True
2025-11-07 00:00:00,1762473600000,87.01,104.85,85.95,101.87,1639946.774,1762559999999,True
2025-11-08 00:00:00,1762560000000,101.88,107.64,98.02,106.95,1089634.77,1762646399999,True
2025-11-09 00:00:00,1762646400000,106.95,113.71,98.8,110.31,1966394.492,1762732799999,True
2025-11-10 00:00:00,1762732800000,110.3,112.3,103.4,104.25,1071811.879,1762819199999,True
2025-11-11 00:00:00,1762819200000,104.24,106.99,99.02,99.68,931687.212,1762905599999,True
2025-11-12 00:00:00,1762905600000,99.69,104.32,94.86,97.59,1173355.162,1762991999999,True
2025-11-13 00:00:00,1762992000000,97.6,102.75,93.58,96.55,982130.246,1763078399999,True
2025-11-14 00:00:00,1763078400000,96.54,100.2,93.22,97.7,1072144.18,1763164799999,True
2025-11-15 00:00:00,1763164800000,97.69,109.59,97.57,101.71,1089472.087,1763251199999,True
2025-11-16 00:00:00,1763251200000,101.72,103.38,94.15,95.79,723048.093,1763337599999,True
2025-11-17 00:00:00,1763337600000,95.79,97.94,90.57,91.24,729231.572,1763423999999,True
2025-11-18 00:00:00,1763424000000,91.25,97.55,90.43,95.66,727888.918,1763510399999,True
2025-11-19 00:00:00,1763510400000,95.66,95.99,88.86,92.9,603273.923,1763596799999,True
2025-11-20 00:00:00,1763596800000,92.9,93.82,86.01,87.24,616052.902,1763683199999,True
2025-11-21 00:00:00,1763683200000,87.23,88.67,80.01,82.64,1109079.314,1763769599999,True
2025-11-22 00:00:00,1763769600000,82.64,83.9,80.82,82.12,390908.66,1763855999999,True
2025-11-23 00:00:00,1763856000000,82.11,84.45,81.85,83.09,403125.549,1763942399999,True
2025-11-24 00:00:00,1763942400000,83.09,87.25,82.19,85.46,507041.997,1764028799999,True
2025-11-25 00:00:00,1764028800000,85.46,86.76,83.08,85.3,501467.245,1764115199999,True
2025-11-26 00:00:00,1764115200000,85.29,87.72,83.28,86.87,397790.638,1764201599999,True
2025-11-27 00:00:00,1764201600000,86.85,87.8,85.97,86.59,271246.188,1764287999999,True
2025-11-28 00:00:00,1764288000000,86.59,86.77,83.13,84.22,366205.629,1764374399999,True
2025-11-29 00:00:00,1764374400000,84.22,85.73,83.14,83.95,188495.208,1764460799999,True
2025-11-30 00:00:00,1764460800000,83.95,84.83,82.27,82.38,173562.982,1764547199999,True
2025-12-01 00:00:00,1764547200000,82.37,82.5,74.66,77.55,768955.214,1764633599999,True
2025-12-02 00:00:00,1764633600000,77.56,83.31,77.31,82.79,416570.506,1764719999999,True
2025-12-03 00:00:00,1764720000000,82.8,86.73,82.5,85.83,501837.773,1764806399999,True
2025-12-04 00:00:00,1764806400000,85.83,86.77,82.16,83.54,457518.638,1764892799999,True
2025-12-05 00:00:00,1764892800000,83.54,84.13,79.59,80.38,404693.922,1764979199999,True
2025-12-06 00:00:00,1764979200000,80.39,82.52,79.9,81.68,271214.908,1765065599999,True
2025-12-07 00:00:00,1765065600000,81.67,83.76,79.88,81.43,278926.302,1765151999999,True
2025-12-08 00:00:00,1765152000000,81.43,84.49,81.01,83.87,356631.49,1765238399999,True
2025-12-09 00:00:00,1765238400000,83.87,87.54,82.47,85.82,438493.075,1765324799999,True
2025-12-10 00:00:00,1765324800000,85.82,87.09,83.74,84.3,343758.859,1765411199999,True
2025-12-11 00:00:00,1765411200000,84.3,84.59,80.31,82.93,447190.593,1765497599999,True
2025-12-12 00:00:00,1765497600000,82.93,84.49,80.5,81.95,300466.28,1765583999999,True
2025-12-13 00:00:00,1765584000000,81.95,82.45,80.77,81.47,150564.427,1765670399999,True
2025-12-14 00:00:00,1765670400000,81.47,81.99,77.96,78.96,246089.417,1765756799999,True
2025-12-15 00:00:00,1765756800000,78.96,81.42,75.74,77.51,377024.701,1765843199999,True
2025-12-16 00:00:00,1765843200000,77.52,79.89,76.44,79.08,398870.126,1765929599999,True
2025-12-17 00:00:00,1765929600000,79.07,81.04,75.16,76.01,376262.289,1766015999999,True
2025-12-18 00:00:00,1766016000000,76.01,78.56,72.64,74.29,475331.443,1766102399999,True
2025-12-19 00:00:00,1766102400000,74.28,78.02,73.56,77.49,362068.467,1766188799999,True
2025-12-20 00:00:00,1766188800000,77.49,79.41,76.43,77.84,157890.421,1766275199999,True
2025-12-21 00:00:00,1766275200000,77.84,78.05,75.46,76.79,208349.125,1766361599999,True
2025-12-22 00:00:00,1766361600000,76.79,79.49,76.35,77.05,307831.718,1766447999999,True
2025-12-23 00:00:00,1766448000000,77.05,77.96,75.53,77.01,260524.06,1766534399999,True
2025-12-24 00:00:00,1766534400000,77.01,77.42,75.22,75.79,266137.657,1766620799999,True
2025-12-25 00:00:00,1766620800000,75.79,77.57,75.36,75.71,204493.057,1766707199999,True
2025-12-26 00:00:00,1766707200000,75.7,78.0,75.48,76.87,254509.443,1766793599999,True
2025-12-27 00:00:00,1766793600000,76.87,80.58,76.76,80.33,211258.146,1766879999999,True
2025-12-28 00:00:00,1766880000000,80.33,80.58,77.87,78.73,219808.346,1766966399999,True
2025-12-29 00:00:00,1766966400000,78.73,80.25,76.92,78.32,309985.174,1767052799999,True
2025-12-30 00:00:00,1767052800000,78.33,79.03,77.62,78.89,238627.692,1767139199999,True
2025-12-31 00:00:00,1767139200000,78.88,78.89,76.08,76.85,233120.006,1767225599999,True
2026-01-01 00:00:00,1767225600000,76.86,80.03,76.7,79.97,194402.742,1767311999999,True
2026-01-02 00:00:00,1767312000000,79.97,82.25,79.04,81.93,285255.308,1767398399999,True
2026-01-03 00:00:00,1767398400000,81.94,82.82,80.77,82.08,249457.667,1767484799999,True
2026-01-04 00:00:00,1767484800000,82.09,83.17,81.65,82.26,254059.572,1767571199999,True
2026-01-05 00:00:00,1767571200000,82.26,84.57,81.44,83.46,427913.448,1767657599999,True
2026-01-06 00:00:00,1767657600000,83.46,84.89,81.16,83.96,356122.443,1767743999999,True
2026-01-07 00:00:00,1767744000000,83.95,83.97,81.0,81.71,276546.003,1767830399999,True
2026-01-08 00:00:00,1767830400000,81.71,82.3,80.0,81.31,252290.561,1767916799999,True
2026-01-09 00:00:00,1767916800000,81.31,82.12,79.91,81.49,251572.162,1768003199999,True
2026-01-10 00:00:00,1768003200000,81.48,82.42,80.8,81.19,149346.699,1768089599999,True
2026-01-11 00:00:00,1768089600000,81.19,81.78,78.53,78.79,323460.486,1768175999999,True
2026-01-12 00:00:00,1768176000000,78.79,80.75,75.6,76.12,766104.643,1768262399999,True
2026-01-13 00:00:00,1768262400000,76.11,78.95,75.26,78.18,1092209.996,1768348799999,True
2026-01-14 00:00:00,1768348800000,78.17,80.97,75.8,76.67,1728520.677,1768435199999,True
2026-01-15 00:00:00,1768435200000,76.66,76.92,69.46,72.21,1503254.414,1768521599999,True
2026-01-16 00:00:00,1768521600000,72.21,76.07,70.92,75.22,846767.044,1768607999999,True
2026-01-17 00:00:00,1768608000000,75.21,75.99,73.84,74.92,327149.181,1768694399999,True
2026-01-18 00:00:00,1768694400000,74.92,75.9,72.1,72.29,377184.548,1768780799999,True
2026-01-19 00:00:00,1768780800000,72.28,72.28,65.58,70.8,993480.913,1768867199999,True
2026-01-20 00:00:00,1768867200000,70.79,71.05,65.9,67.12,699879.344,1768953599999,True
2026-01-21 00:00:00,1768953600000,67.12,69.71,66.03,68.48,677970.362,1769039999999,True
2026-01-22 00:00:00,1769040000000,68.48,69.65,67.06,68.19,400973.972,1769126399999,True
2026-01-23 00:00:00,1769126400000,68.2,69.6,66.98,68.07,391555.321,1769212799999,True
2026-01-24 00:00:00,1769212800000,68.07,68.98,67.75,68.19,180394.712,1769299199999,True
2026-01-25 00:00:00,1769299200000,68.2,70.36,65.23,67.3,627760.546,1769385599999,True
2026-01-26 00:00:00,1769385600000,67.29,70.11,66.97,69.72,427828.099,1769471999999,True
2026-01-27 00:00:00,1769472000000,69.73,70.49,68.64,70.03,325716.599,1769558399999,True
2026-01-28 00:00:00,1769558400000,70.03,70.31,68.42,69.42,301017.18,1769644799999,True
2026-01-29 00:00:00,1769644800000,69.41,69.55,64.43,66.24,474641.116,1769731199999,True
2026-01-30 00:00:00,1769731200000,66.24,66.47,62.71,65.47,686027.282,1769817599999,True
2026-01-31 00:00:00,1769817600000,65.47,65.5,55.0,59.53,1322363.304,1769903999999,True
2026-02-01 00:00:00,1769904000000,59.53,59.92,57.16,58.49,614483.462,1769990399999,True
2026-02-02 00:00:00,1769990400000,58.49,61.17,56.51,60.02,649668.505,1770076799999,True
2026-02-03 00:00:00,1770076800000,60.02,61.38,56.87,59.48,607480.409,1770163199999,True
2026-02-04 00:00:00,1770163200000,59.47,60.99,57.07,58.89,610711.727,1770249599999,True
2026-02-05 00:00:00,1770249600000,58.89,59.49,50.18,50.79,1590945.035,1770335999999,True
2026-02-06 00:00:00,1770336000000,50.79,56.47,45.07,55.02,1678612.362,1770422399999,True
2026-02-07 00:00:00,1770422400000,55.01,56.0,52.86,55.19,807072.496,1770508799999,True
2026-02-08 00:00:00,1770508800000,55.19,55.88,53.65,54.53,374171.837,1770595199999,True
2026-02-09 00:00:00,1770595200000,54.53,55.13,52.36,54.45,393768.113,1770681599999,True
2026-02-10 00:00:00,1770681600000,54.45,54.68,52.84,53.38,289989.059,1770767999999,True
2026-02-11 00:00:00,1770768000000,53.37,53.71,51.0,52.32,428953.94,1770854399999,True
2026-02-12 00:00:00,1770854400000,52.32,53.81,51.51,53.15,340264.81,1770940799999,True
2026-02-13 00:00:00,1770940800000,53.15,55.7,52.36,55.03,376571.893,1771027199999,True
2026-02-14 00:00:00,1771027200000,55.04,56.66,54.88,55.99,322012.369,1771113599999,True
2026-02-15 00:00:00,1771113600000,55.99,56.68,54.18,55.08,375205.526,1771199999999,True
2026-02-16 00:00:00,1771200000000,55.09,55.65,53.33,55.13,393363.556,1771286399999,True
2026-02-17 00:00:00,1771286400000,55.13,55.85,53.17,53.96,357538.905,1771372799999,True
2026-02-18 00:00:00,1771372800000,53.96,54.93,52.95,53.32,260302.801,1771459199999,True
2026-02-19 00:00:00,1771459200000,53.32,53.73,51.42,52.7,266659.855,1771545599999,True
2026-02-20 00:00:00,1771545600000,52.71,55.47,52.66,55.19,463361.849,1771631999999,True
2026-02-21 00:00:00,1771632000000,55.19,56.01,54.82,54.9,242511.391,1771718399999,True
2026-02-22 00:00:00,1771718400000,54.91,54.92,52.94,53.48,231209.383,1771804799999,True
2026-02-23 00:00:00,1771804800000,53.48,53.55,50.72,51.35,349970.204,1771891199999,True
2026-02-24 00:00:00,1771891200000,51.35,51.9,50.18,51.15,376143.687,1771977599999,True
2026-02-25 00:00:00,1771977600000,51.16,59.0,51.03,56.76,683585.789,1772063999999,True
2026-02-26 00:00:00,1772064000000,56.76,57.09,54.42,55.62,339639.683,1772150399999,True
2026-02-27 00:00:00,1772150400000,55.61,56.39,53.42,54.56,305470.267,1772236799999,True
2026-02-28 00:00:00,1772236800000,54.55,54.96,51.47,54.4,383397.838,1772323199999,True
2026-03-01 00:00:00,1772323200000,54.41,55.53,52.47,53.24,299256.409,1772409599999,True
2026-03-02 00:00:00,1772409600000,53.25,55.72,52.95,54.61,462228.194,1772495999999,True
2026-03-03 00:00:00,1772496000000,54.61,55.26,53.02,54.76,439975.97,1772582399999,True
2026-03-04 00:00:00,1772582400000,54.77,57.66,54.3,56.77,528737.562,1772668799999,True
2026-03-05 00:00:00,1772668800000,56.77,57.27,55.03,55.46,390267.224,1772755199999,True
2026-03-06 00:00:00,1772755200000,55.47,55.89,53.12,53.81,299754.686,1772841599999,True
2026-03-07 00:00:00,1772841600000,53.8,54.29,53.21,53.58,262288.031,1772927999999,True
2026-03-08 00:00:00,1772928000000,53.59,53.94,51.88,52.59,398559.551,1773014399999,True
2026-03-09 00:00:00,1773014400000,52.58,54.75,52.5,53.77,327230.42,1773100799999,True
2026-03-10 00:00:00,1773100800000,53.77,55.0,53.43,53.87,348345.87,1773187199999,True
2026-03-11 00:00:00,1773187200000,53.87,55.28,53.54,54.8,272644.402,1773273599999,True
2026-03-12 00:00:00,1773273600000,54.8,55.0,53.8,54.56,271228.185,1773359999999,True
2026-03-13 00:00:00,1773360000000,54.57,56.71,54.47,55.3,337868.652,1773446399999,True
2026-03-14 00:00:00,1773446400000,55.3,55.84,54.37,54.98,225515.431,1773532799999,True
2026-03-15 00:00:00,1773532800000,54.98,56.41,54.69,56.27,247015.19,1773619199999,True
2026-03-16 00:00:00,1773619200000,56.28,59.23,55.82,58.7,587196.808,1773705599999,True
2026-03-17 00:00:00,1773705600000,58.69,59.26,57.31,58.09,402802.673,1773791999999,True
2026-03-18 00:00:00,1773792000000,58.09,58.56,55.3,56.08,355225.613,1773878399999,True
2026-03-19 00:00:00,1773878400000,56.08,56.35,54.59,55.54,266053.615,1773964799999,True
2026-03-20 00:00:00,1773964800000,55.53,56.47,55.17,56.17,221084.585,1774051199999,True
2026-03-21 00:00:00,1774051200000,56.18,56.59,54.42,54.81,194699.709,1774137599999,True
2026-03-22 00:00:00,1774137600000,54.79,55.05,53.03,53.51,303410.591,1774223999999,True
2026-03-23 00:00:00,1774224000000,53.51,56.16,53.27,55.72,361341.093,1774310399999,True
2026-03-24 00:00:00,1774310400000,55.73,56.5,55.05,56.38,251140.031,1774396799999,True
2026-03-25 00:00:00,1774396800000,56.39,56.8,55.79,56.65,308934.412,1774483199999,True
2026-03-26 00:00:00,1774483200000,56.64,56.67,54.23,54.59,382513.198,1774569599999,True
2026-03-27 00:00:00,1774569600000,54.59,55.18,53.29,53.72,262999.776,1774655999999,True
2026-03-28 00:00:00,1774656000000,53.71,54.93,53.26,53.85,269897.849,1774742399999,True
2026-03-29 00:00:00,1774742400000,53.84,54.39,52.22,53.32,181661.454,1774828799999,True
2026-03-30 00:00:00,1774828800000,53.33,54.41,52.96,53.34,414289.211,1774915199999,True
2026-03-31 00:00:00,1774915200000,53.34,54.29,53.13,53.95,332765.311,1775001599999,True
2026-04-01 00:00:00,1775001600000,53.94,54.78,53.72,53.82,398752.553,1775087999999,True
2026-04-02 00:00:00,1775088000000,53.82,54.12,51.4,52.29,346503.9,1775174399999,True
2026-04-03 00:00:00,1775174400000,52.29,53.49,52.14,53.24,195542.014,1775260799999,True
2026-04-04 00:00:00,1775260800000,53.23,53.86,52.99,53.59,149737.599,1775347199999,True
2026-04-05 00:00:00,1775347200000,53.59,54.21,52.59,54.11,154164.553,1775433599999,True
2026-04-06 00:00:00,1775433600000,54.12,54.64,53.2,53.53,251244.43,1775519999999,True
2026-04-07 00:00:00,1775520000000,53.52,55.74,52.91,55.36,313030.401,1775606399999,True
2026-04-08 00:00:00,1775606400000,55.36,55.59,53.89,53.95,262118.262,1775692799999,True
2026-04-09 00:00:00,1775692800000,53.94,55.28,53.62,54.55,248302.357,1775779199999,True
2026-04-10 00:00:00,1775779200000,54.55,55.52,54.23,54.96,227586.41,1775865599999,True
2026-04-11 00:00:00,1775865600000,54.96,55.71,54.35,55.06,181747.445,1775951999999,True
2026-04-12 00:00:00,1775952000000,55.06,55.06,53.36,53.48,208716.671,1776038399999,True
2026-04-13 00:00:00,1776038400000,53.49,54.76,52.66,54.62,330733.726,1776124799999,True
2026-04-14 00:00:00,1776124800000,54.62,55.27,54.01,54.28,323202.379,1776211199999,True
2026-04-15 00:00:00,1776211200000,54.28,55.65,53.78,55.15,261668.064,1776297599999,True
2026-04-16 00:00:00,1776297600000,55.16,56.61,54.59,56.36,329669.004,1776383999999,True
2026-04-17 00:00:00,1776384000000,56.36,57.42,55.34,56.39,340755.368,1776470399999,True
2026-04-18 00:00:00,1776470400000,56.39,56.66,55.24,55.65,230684.754,1776556799999,True
2026-04-19 00:00:00,1776556800000,55.66,55.82,53.91,54.06,228336.314,1776643199999,True
2026-04-20 00:00:00,1776643200000,54.06,55.44,53.99,55.03,265247.0,1776729599999,True
2026-04-21 00:00:00,1776729600000,55.03,55.88,54.67,55.57,253718.736,1776815999999,True
2026-04-22 00:00:00,1776816000000,55.57,56.55,55.48,55.49,267526.056,1776902399999,True
2026-04-23 00:00:00,1776902400000,55.5,56.23,54.9,56.21,233231.953,1776988799999,True
2026-04-24 00:00:00,1776988800000,56.21,56.76,55.75,56.54,233846.698,1777075199999,True
2026-04-25 00:00:00,1777075200000,56.55,56.72,55.91,56.05,141641.823,1777161599999,True
2026-04-26 00:00:00,1777161600000,56.05,56.48,55.75,56.28,151412.239,1777247999999,True
2026-04-27 00:00:00,1777248000000,56.28,56.8,54.95,55.57,255326.831,1777334399999,True
2026-04-28 00:00:00,1777334400000,55.56,55.79,54.67,55.71,182047.015,1777420799999,True
2026-04-29 00:00:00,1777420800000,55.7,57.71,54.35,55.32,407969.758,1777507199999,True
2026-04-30 00:00:00,1777507200000,55.32,55.99,54.93,55.19,195777.274,1777593599999,True
2026-05-01 00:00:00,1777593600000,55.19,56.03,54.9,55.4,249857.345,1777679999999,True
2026-05-02 00:00:00,1777680000000,55.4,55.71,55.05,55.39,166093.453,1777766399999,True
2026-05-03 00:00:00,1777766400000,55.39,55.76,54.84,55.29,155415.526,1777852799999,True
2026-05-04 00:00:00,1777852800000,55.3,56.43,54.9,54.96,427752.647,1777939199999,True
2026-05-05 00:00:00,1777939200000,54.96,56.61,54.76,56.34,348454.566,1778025599999,True
2026-05-06 00:00:00,1778025600000,56.34,57.93,56.08,56.73,382538.839,1778111999999,True
2026-05-07 00:00:00,1778112000000,56.74,57.4,56.05,56.42,307147.728,1778198399999,True
2026-05-08 00:00:00,1778198400000,56.43,58.99,56.06,58.32,336466.293,1778284799999,True
2026-05-09 00:00:00,1778284800000,58.32,59.14,57.62,58.0,242074.69,1778371199999,True
2026-05-10 00:00:00,1778371200000,57.99,60.61,57.66,60.43,343635.287,1778457599999,True
2026-05-11 00:00:00,1778457600000,60.42,60.59,58.06,58.52,329617.12,1778543999999,True
2026-05-12 00:00:00,1778544000000,58.51,58.68,57.05,58.12,304201.854,1778630399999,True
2026-05-13 00:00:00,1778630400000,58.11,58.97,56.28,57.01,350780.772,1778716799999,True
2026-05-14 00:00:00,1778716800000,57.0,59.56,56.63,58.21,352324.525,1778803199999,True
2026-05-15 00:00:00,1778803200000,58.2,58.52,56.39,57.5,315362.807,1778889599999,True
2026-05-16 00:00:00,1778889600000,57.5,57.71,55.57,56.14,218120.284,1778975999999,True
2026-05-17 00:00:00,1778976000000,56.14,56.52,53.72,54.57,274079.963,1779062399999,True
2026-05-18 00:00:00,1779062400000,54.56,54.58,53.16,54.37,385819.159,1779148799999,True
2026-05-19 00:00:00,1779148800000,54.38,54.59,53.5,54.5,239681.253,1779235199999,True
2026-05-20 00:00:00,1779235200000,54.51,54.56,53.29,53.96,295176.434,1779321599999,True
2026-05-21 00:00:00,1779321600000,53.96,54.7,53.3,54.18,307246.246,1779407999999,True
2026-05-22 00:00:00,1779408000000,54.18,54.58,52.26,52.65,346990.759,1779494399999,True
2026-05-23 00:00:00,1779494400000,52.65,54.24,51.47,53.49,280632.087,1779580799999,True
2026-05-24 00:00:00,1779580800000,53.49,53.68,51.97,52.76,197832.355,1779667199999,True
2026-05-25 00:00:00,1779667200000,52.75,53.2,52.45,52.73,240420.443,1779753599999,True
2026-05-26 00:00:00,1779753600000,52.73,53.12,51.63,51.92,232422.522,1779839999999,True
2026-05-27 00:00:00,1779840000000,51.92,52.88,51.67,51.97,248461.8,1779926399999,True
2026-05-28 00:00:00,1779926400000,51.96,52.14,50.33,51.67,335369.629,1780012799999,True
2026-05-29 00:00:00,1780012800000,51.67,52.34,51.16,51.89,239712.267,1780099199999,True
2026-05-30 00:00:00,1780099200000,51.9,52.78,51.83,52.45,202049.623,1780185599999,True
2026-05-31 00:00:00,1780185600000,52.46,52.76,51.39,52.07,171100.902,1780271999999,True
2026-06-01 00:00:00,1780272000000,52.08,52.29,50.1,50.79,322073.938,1780358399999,True
2026-06-02 00:00:00,1780358400000,50.79,50.84,46.3,46.91,518694.045,1780444799999,True
2026-06-03 00:00:00,1780444800000,46.91,48.56,46.82,47.14,464091.661,1780531199999,True
2026-06-04 00:00:00,1780531200000,47.13,47.48,43.9,45.64,540540.514,1780617599999,True
2026-06-05 00:00:00,1780617600000,45.64,45.85,41.94,43.32,635433.032,1780703999999,True
2026-06-06 00:00:00,1780704000000,43.32,44.03,40.52,41.39,445059.153,1780790399999,True
2026-06-07 00:00:00,1780790400000,41.4,43.46,41.1,42.83,497116.605,1780876799999,True
2026-06-08 00:00:00,1780876800000,42.82,43.82,42.04,43.03,380809.35,1780963199999,True
2026-06-09 00:00:00,1780963200000,43.03,43.5,41.81,43.03,335158.076,1781049599999,True
2026-06-10 00:00:00,1781049600000,43.02,43.24,41.25,41.74,336886.191,1781135999999,True
2026-06-11 00:00:00,1781136000000,41.73,42.95,41.72,42.47,265830.529,1781222399999,True
2026-06-12 00:00:00,1781222400000,42.47,43.54,42.19,43.07,301012.215,1781308799999,True
2026-06-13 00:00:00,1781308800000,43.07,44.4,42.95,44.33,222108.536,1781395199999,True
2026-06-14 00:00:00,1781395200000,44.34,45.44,43.73,45.41,248976.672,1781481599999,True
2026-06-15 00:00:00,1781481600000,45.4,46.29,44.77,45.76,444466.55,1781567999999,True
2026-06-16 00:00:00,1781568000000,45.75,46.36,44.41,45.69,274832.158,1781654399999,True
2026-06-17 00:00:00,1781654400000,45.69,45.98,44.38,44.92,230701.228,1781740799999,True
2026-06-18 00:00:00,1781740800000,44.93,45.05,42.99,43.86,261982.744,1781827199999,True
2026-06-19 00:00:00,1781827200000,43.85,44.59,43.19,44.07,197842.738,1781913599999,True
2026-06-20 00:00:00,1781913600000,44.06,44.63,43.77,44.53,157579.327,1781999999999,True
2026-06-21 00:00:00,1782000000000,44.53,46.08,44.39,44.47,203222.204,1782086399999,True
2026-06-22 00:00:00,1782086400000,44.47,45.84,44.29,44.56,197151.209,1782172799999,True
2026-06-23 00:00:00,1782172800000,44.56,44.68,41.8,42.17,325938.161,1782259199999,True
2026-06-24 00:00:00,1782259200000,42.18,42.42,39.32,41.19,379040.036,1782345599999,True
2026-06-25 00:00:00,1782345600000,41.19,42.0,39.28,40.92,364920.241,1782431999999,True
2026-06-26 00:00:00,1782432000000,40.92,42.18,40.03,41.91,454853.245,1782518399999,True
2026-06-27 00:00:00,1782518400000,41.92,43.3,41.71,42.17,329191.931,1782604799999,True
2026-06-28 00:00:00,1782604800000,42.18,43.37,41.9,42.53,227075.393,1782691199999,True
2026-06-29 00:00:00,1782691200000,42.53,43.44,42.12,43.2,306960.233,1782777599999,True
2026-06-30 00:00:00,1782777600000,43.19,43.21,41.59,41.93,292275.166,1782863999999,True
