date,open_time,open,high,low,close,volume,close_time,is_closed
2021-01-01 00:00:00,1609459200000,1.3907,1.4948,1.2862,1.3587,10549906.93,1609545599999,True
2021-01-02 00:00:00,1609545600000,1.3594,1.428,1.3063,1.4124,6657173.88,1609631999999,True
2021-01-03 00:00:00,1609632000000,1.4124,1.5925,1.4094,1.4707,9783612.25,1609718399999,True
2021-01-04 00:00:00,1609718400000,1.4731,1.5671,1.3,1.3868,9727640.33,1609804799999,True
2021-01-05 00:00:00,1609804800000,1.3874,1.523,1.3325,1.4953,9684785.0,1609891199999,True
2021-01-06 00:00:00,1609891200000,1.4956,1.596,1.4143,1.5413,6776010.11,1609977599999,True
2021-01-07 00:00:00,1609977600000,1.5413,1.5647,1.46,1.4972,6098679.85,1610063999999,True
2021-01-08 00:00:00,1610064000000,1.4993,1.9507,1.4272,1.7376,16890198.72,1610150399999,True
2021-01-09 00:00:00,1610150400000,1.7375,1.8436,1.6418,1.7586,21218008.94,1610236799999,True
2021-01-10 00:00:00,1610236800000,1.7596,1.9494,1.6235,1.7421,10899147.75,1610323199999,True
2021-01-11 00:00:00,1610323200000,1.7421,1.7599,1.3485,1.4833,8920544.81,1610409599999,True
2021-01-12 00:00:00,1610409600000,1.4834,1.616,1.4242,1.4319,6843435.88,1610495999999,True
2021-01-13 00:00:00,1610496000000,1.432,1.6075,1.3927,1.606,4424057.52,1610582399999,True
2021-01-14 00:00:00,1610582400000,1.6074,1.7689,1.5814,1.7274,5805891.02,1610668799999,True
2021-01-15 00:00:00,1610668800000,1.7279,1.9155,1.685,1.832,9843683.11,1610755199999,True
2021-01-16 00:00:00,1610755200000,1.8336,2.257,1.8331,2.0871,9695920.58,1610841599999,True
2021-01-17 00:00:00,1610841600000,2.0842,2.7763,2.0078,2.5013,18935946.74,1610927999999,True
2021-01-18 00:00:00,1610928000000,2.5013,2.6635,2.292,2.4086,8545881.89,1611014399999,True
2021-01-19 00:00:00,1611014400000,2.4086,2.4743,2.1613,2.1637,5454467.91,1611100799999,True
2021-01-20 00:00:00,1611100800000,2.1636,2.5929,2.1105,2.4825,13411690.43,1611187199999,True
2021-01-21 00:00:00,1611187200000,2.4869,2.5666,2.13,2.1592,9109863.82,1611273599999,True
2021-01-22 00:00:00,1611273600000,2.1631,2.5299,2.0,2.3683,7233277.97,1611359999999,True
2021-01-23 00:00:00,1611360000000,2.3712,2.524,2.3083,2.385,5088142.77,1611446399999,True
2021-01-24 00:00:00,1611446400000,2.3842,2.75,2.3518,2.5614,7385139.44,1611532799999,True
2021-01-25 00:00:00,1611532800000,2.5582,2.682,2.4195,2.4466,3580842.31,1611619199999,True
2021-01-26 00:00:00,1611619200000,2.4409,2.5622,2.1786,2.381,6415474.27,1611705599999,True
2021-01-27 00:00:00,1611705600000,2.3819,2.3819,2.0154,2.0319,7141892.28,1611791999999,True
2021-01-28 00:00:00,1611792000000,2.0312,2.316,2.0055,2.2485,6105010.06,1611878399999,True
2021-01-29 00:00:00,1611878400000,2.2447,2.3499,2.1003,2.1989,5839556.63,1611964799999,True
2021-01-30 00:00:00,1611964800000,2.202,2.2562,2.0581,2.1705,6045781.95,1612051199999,True
2021-01-31 00:00:00,1612051200000,2.1706,2.4243,2.0514,2.1441,7600845.34,1612137599999,True
2021-02-01 00:00:00,1612137600000,2.1436,2.3715,2.0872,2.2665,22085003.73,1612223999999,True
2021-02-02 00:00:00,1612224000000,2.264,2.56,2.2213,2.46,12026436.42,1612310399999,True
2021-02-03 00:00:00,1612310400000,2.4603,2.6471,2.3921,2.5575,8144282.26,1612396799999,True
2021-02-04 00:00:00,1612396800000,2.558,2.6665,2.4,2.4917,8187937.29,1612483199999,True
2021-02-05 00:00:00,1612483200000,2.4951,2.948,2.494,2.8576,8276577.71,1612569599999,True
2021-02-06 00:00:00,1612569600000,2.8595,2.89,2.5139,2.6854,7403729.99,1612655999999,True
2021-02-07 00:00:00,1612656000000,2.69,3.527,2.59,3.4,14671469.95,1612742399999,True
2021-02-08 00:00:00,1612742400000,3.4017,3.6,3.0388,3.4627,10977415.65,1612828799999,True
2021-02-09 00:00:00,1612828800000,3.4649,3.493,3.2133,3.3039,5083459.36,1612915199999,True
2021-02-10 00:00:00,1612915200000,3.3086,3.7026,3.125,3.2441,13230627.97,1613001599999,True
2021-02-11 00:00:00,1613001600000,3.2461,3.5367,3.1581,3.4505,7477513.28,1613087999999,True
2021-02-12 00:00:00,1613088000000,3.4568,4.9547,3.4142,4.7182,17111947.73,1613174399999,True
2021-02-13 00:00:00,1613174400000,4.7182,5.5929,4.4787,4.8194,14334158.15,1613260799999,True
2021-02-14 00:00:00,1613260800000,4.8125,4.8599,4.1501,4.3099,6150210.03,1613347199999,True
2021-02-15 00:00:00,1613347200000,4.3099,4.3862,3.454,4.0255,9681769.28,1613433599999,True
2021-02-16 00:00:00,1613433600000,4.0326,4.448,3.8613,4.0889,5532612.77,1613519999999,True
2021-02-17 00:00:00,1613520000000,4.089,4.3963,3.8155,4.2325,5487943.36,1613606399999,True
2021-02-18 00:00:00,1613606400000,4.2299,4.6685,4.0273,4.4418,5838157.48,1613692799999,True
2021-02-19 00:00:00,1613692800000,4.445,4.5668,4.0982,4.3833,5269477.29,1613779199999,True
2021-02-20 00:00:00,1613779200000,4.3861,4.7383,3.7257,4.0,6890772.88,1613865599999,True
2021-02-21 00:00:00,1613865600000,3.9977,4.1999,3.8582,4.1,4229506.95,1613951999999,True
2021-02-22 00:00:00,1613952000000,4.1015,4.1072,2.9735,3.7383,9951959.33,1614038399999,True
2021-02-23 00:00:00,1614038400000,3.734,3.7688,2.644,3.3799,13618660.7,1614124799999,True
2021-02-24 00:00:00,1614124800000,3.3716,3.66,3.1686,3.5713,6329024.74,1614211199999,True
2021-02-25 00:00:00,1614211200000,3.5768,4.6964,3.4623,3.8977,11806146.66,1614297599999,True
2021-02-26 00:00:00,1614297600000,3.8915,4.89,3.787,4.2309,18674750.97,1614383999999,True
2021-02-27 00:00:00,1614384000000,4.235,4.486,3.8907,4.001,6184410.43,1614470399999,True
2021-02-28 00:00:00,1614470400000,4.0012,4.0144,3.4148,3.8234,7446970.56,1614556799999,True
2021-03-01 00:00:00,1614556800000,3.8232,4.3,3.7931,4.1933,4917644.0,1614643199999,True
2021-03-02 00:00:00,1614643200000,4.1972,4.2447,3.8459,4.0363,4191767.89,1614729599999,True
2021-03-03 00:00:00,1614729600000,4.035,4.299,3.9976,4.1679,4208807.59,1614815999999,True
2021-03-04 00:00:00,1614816000000,4.1654,4.6599,4.1107,4.5338,8213502.85,1614902399999,True
2021-03-05 00:00:00,1614902400000,4.5338,4.6019,4.025,4.1615,4992992.64,1614988799999,True
2021-03-06 00:00:00,1614988800000,4.1582,4.2499,3.927,4.0525,2753233.66,1615075199999,True
2021-03-07 00:00:00,1615075200000,4.052,4.4043,4.0505,4.2756,3250967.77,1615161599999,True
2021-03-08 00:00:00,1615161600000,4.2802,4.6305,4.1219,4.576,4274549.49,1615247999999,True
2021-03-09 00:00:00,1615248000000,4.578,5.8067,4.5608,5.4092,14116431.4,1615334399999,True
2021-03-10 00:00:00,1615334400000,5.4043,6.24,4.9098,5.3063,15285634.18,1615420799999,True
2021-03-11 00:00:00,1615420800000,5.3086,6.292,5.1062,6.0766,12108006.08,1615507199999,True
2021-03-12 00:00:00,1615507200000,6.0638,7.45,5.9,6.9148,14470687.61,1615593599999,True
2021-03-13 00:00:00,1615593600000,6.9231,7.58,6.5115,7.3991,7544393.03,1615679999999,True
2021-03-14 00:00:00,1615680000000,7.399,7.4,6.6077,6.6135,5587564.21,1615766399999,True
2021-03-15 00:00:00,1615766400000,6.6092,6.8595,5.86,5.9027,7540992.67,1615852799999,True
2021-03-16 00:00:00,1615852800000,5.8937,6.9,5.5878,6.3833,6056303.72,1615939199999,True
2021-03-17 00:00:00,1615939200000,6.3898,6.4371,5.95,6.2294,3364222.88,1616025599999,True
2021-03-18 00:00:00,1616025600000,6.2371,6.5984,6.0,6.05,3578184.79,1616111999999,True
2021-03-19 00:00:00,1616112000000,6.0599,6.4464,5.8656,6.1663,3254147.98,1616198399999,True
2021-03-20 00:00:00,1616198400000,6.1714,6.5988,6.1162,6.2722,3266046.53,1616284799999,True
2021-03-21 00:00:00,1616284800000,6.2715,6.3037,5.8037,6.0388,3968967.41,1616371199999,True
2021-03-22 00:00:00,1616371200000,6.0389,6.0562,5.27,5.4066,4446588.79,1616457599999,True
2021-03-23 00:00:00,1616457600000,5.4069,5.8494,5.1046,5.3055,4545878.03,1616543999999,True
2021-03-24 00:00:00,1616544000000,5.3086,5.69,4.794,4.8521,4834196.65,1616630399999,True
2021-03-25 00:00:00,1616630400000,4.8578,5.0923,4.4628,4.8068,4605301.38,1616716799999,True
2021-03-26 00:00:00,1616716800000,4.811,5.5807,4.8052,5.481,4264539.99,1616803199999,True
2021-03-27 00:00:00,1616803200000,5.4755,5.6511,5.2464,5.3274,3151351.31,1616889599999,True
2021-03-28 00:00:00,1616889600000,5.3333,5.99,5.272,5.6028,4873450.48,1616975999999,True
2021-03-29 00:00:00,1616976000000,5.5996,5.95,5.5139,5.809,3638192.7,1617062399999,True
2021-03-30 00:00:00,1617062400000,5.807,6.699,5.7286,6.346,8177850.87,1617148799999,True
2021-03-31 00:00:00,1617148800000,6.3521,6.394,5.6744,5.9933,3795053.68,1617235199999,True
2021-04-01 00:00:00,1617235200000,5.9957,6.2945,5.83,5.9728,3668137.57,1617321599999,True
2021-04-02 00:00:00,1617321600000,5.9747,6.1658,5.8746,5.9834,3004100.14,1617407999999,True
2021-04-03 00:00:00,1617408000000,5.9887,6.4101,5.5515,5.6862,4670365.82,1617494399999,True
2021-04-04 00:00:00,1617494400000,5.6845,6.1049,5.5734,6.0884,3430696.87,1617580799999,True
2021-04-05 00:00:00,1617580800000,6.0867,6.31,5.8413,6.1327,3762941.69,1617667199999,True
2021-04-06 00:00:00,1617667200000,6.1317,7.35,6.1248,6.7694,12388629.29,1617753599999,True
2021-04-07 00:00:00,1617753600000,6.769,6.9793,5.6968,6.1245,8590357.53,1617839999999,True
2021-04-08 00:00:00,1617840000000,6.1274,6.8729,6.0182,6.8164,6417423.29,1617926399999,True
2021-04-09 00:00:00,1617926400000,6.8057,6.9453,6.3142,6.4216,2972369.17,1618012799999,True
2021-04-10 00:00:00,1618012800000,6.4222,6.871,6.3127,6.5032,4151041.68,1618099199999,True
2021-04-11 00:00:00,1618099200000,6.5021,7.4333,6.4704,6.7628,6998841.6,1618185599999,True
2021-04-12 00:00:00,1618185600000,6.7694,7.4,6.5729,6.7259,6156419.72,1618271999999,True
2021-04-13 00:00:00,1618272000000,6.7258,6.9198,6.3626,6.5029,5820102.03,1618358399999,True
2021-04-14 00:00:00,1618358400000,6.508,6.8262,6.1557,6.3349,6207677.83,1618444799999,True
2021-04-15 00:00:00,1618444800000,6.3349,7.0,6.2386,6.5225,4651021.03,1618531199999,True
2021-04-16 00:00:00,1618531200000,6.5189,6.562,5.88,5.9344,6463845.49,1618617599999,True
2021-04-17 00:00:00,1618617600000,5.9369,6.3019,5.7153,5.8744,4675563.62,1618703999999,True
2021-04-18 00:00:00,1618704000000,5.8754,5.9325,4.0122,5.1534,13328612.88,1618790399999,True
2021-04-19 00:00:00,1618790400000,5.1563,5.35,4.5848,4.7332,6200107.39,1618876799999,True
2021-04-20 00:00:00,1618876800000,4.7319,5.1422,4.4321,4.9324,5731495.25,1618963199999,True
2021-04-21 00:00:00,1618963200000,4.937,5.2,4.6315,4.7757,5516270.82,1619049599999,True
2021-04-22 00:00:00,1619049600000,4.7757,5.7569,4.6642,4.7945,8497880.52,1619135999999,True
2021-04-23 00:00:00,1619136000000,4.7868,4.962,4.0084,4.6549,10944330.26,1619222399999,True
2021-04-24 00:00:00,1619222400000,4.6545,4.666,4.1,4.2421,4248507.66,1619308799999,True
2021-04-25 00:00:00,1619308800000,4.2448,4.8688,4.2208,4.6462,4778907.42,1619395199999,True
2021-04-26 00:00:00,1619395200000,4.6484,5.1999,4.5921,5.0202,5370840.03,1619481599999,True
2021-04-27 00:00:00,1619481600000,5.0202,5.25,4.794,5.157,8657284.01,1619567999999,True
2021-04-28 00:00:00,1619568000000,5.1503,5.21,4.7224,4.9091,5712512.39,1619654399999,True
2021-04-29 00:00:00,1619654400000,4.9184,5.6286,4.7512,5.4892,10253978.0,1619740799999,True
2021-04-30 00:00:00,1619740800000,5.4888,6.0,5.2577,5.5601,7169243.51,1619827199999,True
2021-05-01 00:00:00,1619827200000,5.5625,5.78,5.2923,5.5042,5375437.12,1619913599999,True
2021-05-02 00:00:00,1619913600000,5.5081,5.5148,5.145,5.2757,4215921.21,1619999999999,True
2021-05-03 00:00:00,1620000000000,5.2759,5.5582,5.268,5.4784,4351686.51,1620086399999,True
2021-05-04 00:00:00,1620086400000,5.4834,5.493,4.7926,4.8169,6213573.4,1620172799999,True
2021-05-05 00:00:00,1620172800000,4.8169,5.25,4.7641,5.25,4166864.19,1620259199999,True
2021-05-06 00:00:00,1620259200000,5.247,5.586,5.0204,5.2065,7337825.63,1620345599999,True
2021-05-07 00:00:00,1620345600000,5.2107,5.5,5.0441,5.32,6971688.59,1620431999999,True
2021-05-08 00:00:00,1620432000000,5.3201,5.5679,5.1475,5.2338,4863105.92,1620518399999,True
2021-05-09 00:00:00,1620518400000,5.235,5.2686,4.8832,5.0636,4257476.5,1620604799999,True
2021-05-10 00:00:00,1620604800000,5.0642,5.2826,4.36,4.6959,4889027.21,1620691199999,True
2021-05-11 00:00:00,1620691200000,4.6963,4.9594,4.6142,4.9431,3722502.67,1620777599999,True
2021-05-12 00:00:00,1620777600000,4.944,5.985,4.604,4.7424,15878010.07,1620863999999,True
2021-05-13 00:00:00,1620864000000,4.7637,5.6399,4.51,5.4844,12914023.57,1620950399999,True
2021-05-14 00:00:00,1620950400000,5.4845,5.9499,5.45,5.7383,9955827.19,1621036799999,True
2021-05-15 00:00:00,1621036800000,5.7393,7.3355,5.6194,5.9421,25055681.16,1621123199999,True
2021-05-16 00:00:00,1621123200000,5.9437,6.6099,5.5355,5.8717,11677332.1,1621209599999,True
2021-05-17 00:00:00,1621209600000,5.8729,5.9671,5.01,5.7248,12650697.88,1621295999999,True
2021-05-18 00:00:00,1621296000000,5.7244,6.2988,5.4851,5.6737,8546204.35,1621382399999,True
2021-05-19 00:00:00,1621382400000,5.6792,5.8743,2.9,3.6014,22932160.55,1621468799999,True
2021-05-20 00:00:00,1621468800000,3.6059,4.3782,3.2,4.19,14812707.83,1621555199999,True
2021-05-21 00:00:00,1621555200000,4.1923,4.3889,3.03,3.4615,14350316.4,1621641599999,True
2021-05-22 00:00:00,1621641600000,3.4624,3.5319,2.9679,3.1639,9347059.88,1621727999999,True
2021-05-23 00:00:00,1621728000000,3.1664,3.37,2.2037,2.6575,16846351.12,1621814399999,True
2021-05-24 00:00:00,1621814400000,2.6552,3.28,2.5702,3.2661,12629556.82,1621900799999,True
2021-05-25 00:00:00,1621900800000,3.2684,3.434,2.8214,3.3345,10834305.0,1621987199999,True
2021-05-26 00:00:00,1621987200000,3.3338,3.65,3.2383,3.537,14161499.32,1622073599999,True
2021-05-27 00:00:00,1622073600000,3.5388,3.5403,3.1213,3.3049,10689164.84,1622159999999,True
2021-05-28 00:00:00,1622160000000,3.3018,3.3346,2.705,2.9212,11612867.27,1622246399999,True
2021-05-29 00:00:00,1622246400000,2.92,2.97,2.5279,2.6967,8775441.9,1622332799999,True
2021-05-30 00:00:00,1622332800000,2.6987,3.3,2.5312,3.1149,11040633.55,1622419199999,True
2021-05-31 00:00:00,1622419200000,3.1135,3.3762,2.8785,3.3548,10978931.99,1622505599999,True
2021-06-01 00:00:00,1622505600000,3.3548,3.3829,2.9876,3.2351,9230154.98,1622591999999,True
2021-06-02 00:00:00,1622592000000,3.2358,3.5893,3.1482,3.3134,8081483.75,1622678399999,True
2021-06-03 00:00:00,1622678400000,3.3117,3.65,3.2688,3.6096,7906215.37,1622764799999,True
2021-06-04 00:00:00,1622764800000,3.6116,3.6177,3.0029,3.1698,7768573.72,1622851199999,True
2021-06-05 00:00:00,1622851200000,3.177,3.4326,2.9938,3.2835,7302328.12,1622937599999,True
2021-06-06 00:00:00,1622937600000,3.2836,3.3184,3.1048,3.2047,3493377.64,1623023999999,True
2021-06-07 00:00:00,1623024000000,3.2052,3.3126,2.91,2.9256,4733509.17,1623110399999,True
2021-06-08 00:00:00,1623110400000,2.9248,2.9911,2.69,2.9,5871712.69,1623196799999,True
2021-06-09 00:00:00,1623196800000,2.9,3.3335,2.781,3.2245,8556087.39,1623283199999,True
2021-06-10 00:00:00,1623283200000,3.2245,3.2471,2.8811,2.9685,5751161.79,1623369599999,True
2021-06-11 00:00:00,1623369600000,2.9693,3.1988,2.8965,3.0208,5656725.85,1623455999999,True
2021-06-12 00:00:00,1623456000000,3.0221,3.0224,2.7857,2.9171,4326845.43,1623542399999,True
2021-06-13 00:00:00,1623542400000,2.916,3.16,2.8612,3.1376,2883956.95,1623628799999,True
2021-06-14 00:00:00,1623628800000,3.1355,3.3655,3.055,3.2217,5435125.75,1623715199999,True
2021-06-15 00:00:00,1623715200000,3.2246,3.3224,3.1607,3.2185,4225092.52,1623801599999,True
2021-06-16 00:00:00,1623801600000,3.2182,3.2432,2.981,3.0811,4690124.26,1623887999999,True
2021-06-17 00:00:00,1623888000000,3.0748,3.2,3.0,3.0892,3740322.61,1623974399999,True
2021-06-18 00:00:00,1623974400000,3.089,3.3418,2.8601,2.9316,9599915.22,1624060799999,True
2021-06-19 00:00:00,1624060800000,2.9294,2.983,2.8487,2.8639,3717034.16,1624147199999,True
2021-06-20 00:00:00,1624147200000,2.8618,2.9159,2.6535,2.8853,4309563.65,1624233599999,True
2021-06-21 00:00:00,1624233600000,2.8857,2.9346,2.2399,2.2436,8108936.5,1624319999999,True
2021-06-22 00:00:00,1624320000000,2.2449,2.4017,1.9228,2.1317,11122726.18,1624406399999,True
2021-06-23 00:00:00,1624406400000,2.1307,2.4014,2.0208,2.1481,9836279.03,1624492799999,True
2021-06-24 00:00:00,1624492800000,2.1485,2.2572,2.0227,2.171,6585298.97,1624579199999,True
2021-06-25 00:00:00,1624579200000,2.1709,2.233,1.8782,1.8947,9077184.61,1624665599999,True
2021-06-26 00:00:00,1624665600000,1.8942,1.922,1.7473,1.89,9026687.97,1624751999999,True
2021-06-27 00:00:00,1624752000000,1.8875,1.97,1.8105,1.9643,5393261.48,1624838399999,True
2021-06-28 00:00:00,1624838400000,1.9649,2.0619,1.9222,1.9773,6064774.48,1624924799999,True
2021-06-29 00:00:00,1624924800000,1.9767,2.1901,1.9631,2.0957,7598840.01,1625011199999,True
2021-06-30 00:00:00,1625011200000,2.0971,2.1197,1.9202,2.0907,6175072.23,1625097599999,True
2021-07-01 00:00:00,1625097600000,2.0917,2.1689,1.9202,2.0738,6875322.57,1625183999999,True
2021-07-02 00:00:00,1625184000000,2.0713,2.2,1.936,2.1026,8445830.42,1625270399999,True
2021-07-03 00:00:00,1625270400000,2.1049,2.2926,2.0952,2.2583,7333361.72,1625356799999,True
2021-07-04 00:00:00,1625356800000,2.2587,2.3485,2.1605,2.2931,5036401.9,1625443199999,True
2021-07-05 00:00:00,1625443200000,2.2917,2.3077,2.1125,2.1706,5503787.63,1625529599999,True
2021-07-06 00:00:00,1625529600000,2.1714,2.3261,2.1698,2.2573,5570173.44,1625615999999,True
2021-07-07 00:00:00,1625616000000,2.2558,2.4049,2.2371,2.3103,6083421.33,1625702399999,True
2021-07-08 00:00:00,1625702400000,2.3078,2.3143,2.045,2.0996,5066247.48,1625788799999,True
2021-07-09 00:00:00,1625788800000,2.0982,2.1206,2.0101,2.0887,3495499.28,1625875199999,True
2021-07-10 00:00:00,1625875200000,2.0903,2.1378,2.0308,2.1117,2882487.72,1625961599999,True
2021-07-11 00:00:00,1625961600000,2.1128,2.2477,2.0775,2.1749,4702300.55,1626047999999,True
2021-07-12 00:00:00,1626048000000,2.1733,2.2292,2.0345,2.092,2893770.68,1626134399999,True
2021-07-13 00:00:00,1626134400000,2.09,2.0979,1.9202,1.9486,3431989.19,1626220799999,True
2021-07-14 00:00:00,1626220800000,1.9449,2.0865,1.8618,1.9939,5092217.19,1626307199999,True
2021-07-15 00:00:00,1626307200000,1.994,2.0252,1.8575,1.9249,8510383.14,1626393599999,True
2021-07-16 00:00:00,1626393600000,1.9279,1.9847,1.8195,1.8404,5564754.22,1626479999999,True
2021-07-17 00:00:00,1626480000000,1.8422,2.0398,1.8004,1.9368,8217062.75,1626566399999,True
2021-07-18 00:00:00,1626566400000,1.9383,1.994,1.852,1.9071,4634244.11,1626652799999,True
2021-07-19 00:00:00,1626652800000,1.9079,1.917,1.7156,1.7305,5448810.05,1626739199999,True
2021-07-20 00:00:00,1626739200000,1.7304,1.76,1.546,1.6794,6681342.14,1626825599999,True
2021-07-21 00:00:00,1626825600000,1.6793,1.8384,1.6228,1.8274,5211053.99,1626911999999,True
2021-07-22 00:00:00,1626912000000,1.8274,1.9455,1.7683,1.9353,4859018.02,1626998399999,True
2021-07-23 00:00:00,1626998400000,1.9352,1.945,1.8159,1.9396,3653552.64,1627084799999,True
2021-07-24 00:00:00,1627084800000,1.9383,2.1984,1.9175,2.138,7829846.69,1627171199999,True
2021-07-25 00:00:00,1627171200000,2.1376,2.3129,2.04,2.1578,9092351.59,1627257599999,True
2021-07-26 00:00:00,1627257600000,2.1593,2.5146,2.1315,2.1476,11318676.76,1627343999999,True
2021-07-27 00:00:00,1627344000000,2.1466,2.3545,2.0667,2.2354,6964593.18,1627430399999,True
2021-07-28 00:00:00,1627430400000,2.2349,2.3074,2.1333,2.2264,5732985.88,1627516799999,True
2021-07-29 00:00:00,1627516800000,2.2249,2.31,2.1855,2.2549,4150397.75,1627603199999,True
2021-07-30 00:00:00,1627603200000,2.2566,2.3656,2.1458,2.3225,4892056.0,1627689599999,True
2021-07-31 00:00:00,1627689600000,2.3264,2.5086,2.3008,2.4003,6469993.84,1627775999999,True
2021-08-01 00:00:00,1627776000000,2.4023,2.55,2.3768,2.3916,5894344.75,1627862399999,True
2021-08-02 00:00:00,1627862400000,2.3918,2.4641,2.3211,2.3513,4589924.21,1627948799999,True
2021-08-03 00:00:00,1627948800000,2.3517,2.3971,2.2208,2.3404,3791509.93,1628035199999,True
2021-08-04 00:00:00,1628035200000,2.3387,2.495,2.2563,2.4543,4811676.43,1628121599999,True
2021-08-05 00:00:00,1628121600000,2.4579,2.5924,2.3261,2.516,6489159.69,1628207999999,True
2021-08-06 00:00:00,1628208000000,2.5168,2.59,2.4256,2.525,5261709.54,1628294399999,True
2021-08-07 00:00:00,1628294400000,2.525,2.7905,2.478,2.781,9853613.14,1628380799999,True
2021-08-08 00:00:00,1628380800000,2.7815,2.7828,2.5195,2.5594,6542884.05,1628467199999,True
2021-08-09 00:00:00,1628467200000,2.5609,2.75,2.4636,2.6889,5163708.22,1628553599999,True
2021-08-10 00:00:00,1628553600000,2.688,2.9468,2.6471,2.8581,7915010.13,1628639999999,True
2021-08-11 00:00:00,1628640000000,2.8611,3.0453,2.8178,2.9722,6305435.53,1628726399999,True
2021-08-12 00:00:00,1628726400000,2.9731,3.4644,2.9601,3.3435,16880195.39,1628812799999,True
2021-08-13 00:00:00,1628812800000,3.3381,3.486,3.2436,3.415,6127881.47,1628899199999,True
2021-08-14 00:00:00,1628899200000,3.4125,3.438,3.15,3.2459,6956305.52,1628985599999,True
2021-08-15 00:00:00,1628985600000,3.2446,3.2769,3.0122,3.2257,6365488.03,1629071999999,True
2021-08-16 00:00:00,1629072000000,3.2258,3.5659,3.214,3.4614,9142952.91,1629158399999,True
2021-08-17 00:00:00,1629158400000,3.4614,4.0,3.3733,3.7312,19931245.22,1629244799999,True
2021-08-18 00:00:00,1629244800000,3.7312,4.5649,3.6001,4.4377,25691359.87,1629331199999,True
2021-08-19 00:00:00,1629331200000,4.4377,4.82,4.153,4.4799,15312811.65,1629417599999,True
2021-08-20 00:00:00,1629417600000,4.4874,4.6177,4.3093,4.41,7869110.46,1629503999999,True
2021-08-21 00:00:00,1629504000000,4.4126,6.25,4.3107,6.185,24554012.17,1629590399999,True
2021-08-22 00:00:00,1629590400000,6.1803,6.5961,5.3293,5.4536,24298040.74,1629676799999,True
2021-08-23 00:00:00,1629676800000,5.4536,5.8952,5.3668,5.4911,12240971.62,1629763199999,True
2021-08-24 00:00:00,1629763200000,5.4914,5.75,4.8692,5.0472,12775794.69,1629849599999,True
2021-08-25 00:00:00,1629849600000,5.0434,5.606,4.8101,5.5808,13844459.37,1629935999999,True
2021-08-26 00:00:00,1629936000000,5.5871,5.7676,4.801,4.87,13079598.42,1630022399999,True
2021-08-27 00:00:00,1630022400000,4.866,5.398,4.605,5.316,10385846.06,1630108799999,True
2021-08-28 00:00:00,1630108800000,5.317,5.8,5.054,5.717,10856617.01,1630195199999,True
2021-08-29 00:00:00,1630195200000,5.719,6.225,5.536,5.546,16018887.3,1630281599999,True
2021-08-30 00:00:00,1630281600000,5.548,5.888,5.234,5.324,10821251.9,1630367999999,True
2021-08-31 00:00:00,1630368000000,5.324,5.528,5.097,5.277,8788606.7,1630454399999,True
2021-09-01 00:00:00,1630454400000,5.276,5.602,5.117,5.497,6182135.1,1630540799999,True
2021-09-02 00:00:00,1630540800000,5.493,5.684,5.405,5.49,5780225.4,1630627199999,True
2021-09-03 00:00:00,1630627200000,5.49,6.8817,5.48,6.168,23936687.03,1630713599999,True
2021-09-04 00:00:00,1630713600000,6.171,6.377,6.0,6.077,8897737.4,1630799999999,True
2021-09-05 00:00:00,1630800000000,6.077,6.193,5.864,6.14,7354211.2,1630886399999,True
2021-09-06 00:00:00,1630886400000,6.14,6.435,5.731,6.1,9120920.5,1630972799999,True
2021-09-07 00:00:00,1630972800000,6.1,8.8787,5.45,8.674,65537370.13,1631059199999,True
2021-09-08 00:00:00,1631059200000,8.67,11.05,7.36,10.391,85075795.94,1631145599999,True
2021-09-09 00:00:00,1631145600000,10.371,11.88,9.62,9.72,43251049.66,1631231999999,True
2021-09-10 00:00:00,1631232000000,9.73,10.426,8.561,9.933,29264265.2,1631318399999,True
2021-09-11 00:00:00,1631318400000,9.936,9.995,8.723,9.05,18652983.2,1631404799999,True
2021-09-12 00:00:00,1631404800000,9.055,9.8,8.311,8.942,17466297.5,1631491199999,True
2021-09-13 00:00:00,1631491200000,8.944,9.04,7.704,8.201,15411427.1,1631577599999,True
2021-09-14 00:00:00,1631577600000,8.204,9.339,8.062,8.612,13959223.9,1631663999999,True
2021-09-15 00:00:00,1631664000000,8.609,9.67,8.539,9.242,11966278.6,1631750399999,True
2021-09-16 00:00:00,1631750400000,9.24,9.373,8.43,8.73,8995826.5,1631836799999,True
2021-09-17 00:00:00,1631836800000,8.724,8.955,8.108,8.322,7145946.6,1631923199999,True
2021-09-18 00:00:00,1631923200000,8.323,9.44,8.111,9.071,10674330.9,1632009599999,True
2021-09-19 00:00:00,1632009600000,9.068,10.4,8.687,10.061,18308375.3,1632095999999,True
2021-09-20 00:00:00,1632096000000,10.059,10.439,7.353,7.693,33667386.7,1632182399999,True
2021-09-21 00:00:00,1632182400000,7.686,8.0,6.338,6.701,23120824.1,1632268799999,True
2021-09-22 00:00:00,1632268800000,6.704,7.825,6.523,7.771,15332430.2,1632355199999,True
2021-09-23 00:00:00,1632355200000,7.771,9.42,7.356,9.17,19475730.6,1632441599999,True
2021-09-24 00:00:00,1632441600000,9.181,9.29,7.414,7.973,28241387.6,1632527999999,True
2021-09-25 00:00:00,1632528000000,7.972,8.44,7.455,7.618,12799556.1,1632614399999,True
2021-09-26 00:00:00,1632614400000,7.613,7.678,6.598,7.293,15805400.8,1632700799999,True
2021-09-27 00:00:00,1632700800000,7.29,7.778,6.85,6.894,8944505.3,1632787199999,True
2021-09-28 00:00:00,1632787200000,6.89,7.132,6.363,6.416,8849791.3,1632873599999,True
2021-09-29 00:00:00,1632873600000,6.42,7.346,6.363,6.641,14449088.4,1632959999999,True
2021-09-30 00:00:00,1632960000000,6.645,7.0,6.559,6.927,10212304.4,1633046399999,True
2021-10-01 00:00:00,1633046400000,6.924,8.0,6.821,7.83,16075971.3,1633132799999,True
2021-10-02 00:00:00,1633132800000,7.835,8.286,7.52,7.806,10055362.1,1633219199999,True
2021-10-03 00:00:00,1633219200000,7.805,8.493,7.609,8.036,10678587.5,1633305599999,True
2021-10-04 00:00:00,1633305600000,8.034,8.2,7.381,7.626,12435928.5,1633391999999,True
2021-10-05 00:00:00,1633392000000,7.629,8.25,7.567,7.982,10789555.4,1633478399999,True
2021-10-06 00:00:00,1633478400000,7.986,8.007,7.137,7.797,10142196.0,1633564799999,True
2021-10-07 00:00:00,1633564800000,7.793,8.48,7.5,8.284,13840188.7,1633651199999,True
2021-10-08 00:00:00,1633651200000,8.28,8.752,8.0,8.104,11441925.8,1633737599999,True
2021-10-09 00:00:00,1633737600000,8.104,8.42,7.913,8.039,5144751.3,1633823999999,True
2021-10-10 00:00:00,1633824000000,8.043,8.047,7.308,7.391,6770752.6,1633910399999,True
2021-10-11 00:00:00,1633910400000,7.39,7.861,7.205,7.42,5836733.6,1633996799999,True
2021-10-12 00:00:00,1633996800000,7.42,7.42,6.766,7.269,8006879.3,1634083199999,True
2021-10-13 00:00:00,1634083200000,7.273,7.399,6.904,7.243,6360398.7,1634169599999,True
2021-10-14 00:00:00,1634169600000,7.243,8.188,7.199,8.047,10050006.0,1634255999999,True
2021-10-15 00:00:00,1634256000000,8.045,8.28,7.632,7.868,10334268.3,1634342399999,True
2021-10-16 00:00:00,1634342400000,7.868,8.186,7.711,7.861,5807664.7,1634428799999,True
2021-10-17 00:00:00,1634428800000,7.859,8.083,7.6,7.789,4093348.0,1634515199999,True
2021-10-18 00:00:00,1634515200000,7.794,7.937,7.616,7.844,4288817.5,1634601599999,True
2021-10-19 00:00:00,1634601600000,7.843,8.263,7.743,8.186,6708326.9,1634687999999,True
2021-10-20 00:00:00,1634688000000,8.186,8.896,8.128,8.732,9949804.2,1634774399999,True
2021-10-21 00:00:00,1634774400000,8.732,9.777,8.569,9.476,16065673.8,1634860799999,True
2021-10-22 00:00:00,1634860800000,9.472,9.673,8.813,9.107,11781202.3,1634947199999,True
2021-10-23 00:00:00,1634947200000,9.104,9.425,8.821,9.313,5753605.0,1635033599999,True
2021-10-24 00:00:00,1635033600000,9.309,9.954,9.136,9.603,10609363.7,1635119999999,True
2021-10-25 00:00:00,1635120000000,9.603,12.7,9.54,12.321,31308506.4,1635206399999,True
2021-10-26 00:00:00,1635206400000,12.32,13.23,11.807,12.31,21980239.57,1635292799999,True
2021-10-27 00:00:00,1635292800000,12.31,12.84,10.289,10.849,21117290.0,1635379199999,True
2021-10-28 00:00:00,1635379200000,10.855,12.641,10.651,11.358,15715972.3,1635465599999,True
2021-10-29 00:00:00,1635465600000,11.351,11.606,11.0,11.576,7160398.6,1635551999999,True
2021-10-30 00:00:00,1635552000000,11.585,11.59,10.091,10.481,8276970.1,1635638399999,True
2021-10-31 00:00:00,1635638400000,10.495,10.71,9.644,10.157,8217698.0,1635724799999,True
2021-11-01 00:00:00,1635724800000,10.158,10.714,9.836,10.144,9155164.9,1635811199999,True
2021-11-02 00:00:00,1635811200000,10.147,10.996,10.013,10.461,7807626.9,1635897599999,True
2021-11-03 00:00:00,1635897600000,10.462,11.297,10.194,10.96,9805337.6,1635983999999,True
2021-11-04 00:00:00,1635984000000,10.962,11.5,10.284,10.601,7916961.8,1636070399999,True
2021-11-05 00:00:00,1636070400000,10.6,11.007,10.122,10.364,5548643.6,1636156799999,True
2021-11-06 00:00:00,1636156800000,10.362,10.6,9.77,10.19,6725650.9,1636243199999,True
2021-11-07 00:00:00,1636243200000,10.194,10.555,10.061,10.332,4914225.0,1636329599999,True
2021-11-08 00:00:00,1636329600000,10.331,10.817,10.0,10.715,7182245.9,1636415999999,True
2021-11-09 00:00:00,1636416000000,10.717,11.85,10.479,11.374,11080315.4,1636502399999,True
2021-11-10 00:00:00,1636502400000,11.378,11.8,9.94,10.778,13330896.9,1636588799999,True
2021-11-11 00:00:00,1636588800000,10.766,12.54,10.561,12.042,14121617.6,1636675199999,True
2021-11-12 00:00:00,1636675200000,12.038,12.657,10.905,11.407,11350822.7,1636761599999,True
2021-11-13 00:00:00,1636761600000,11.405,11.437,10.837,11.152,5615530.6,1636847999999,True
2021-11-14 00:00:00,1636848000000,11.151,11.9,11.134,11.867,7175130.2,1636934399999,True
2021-11-15 00:00:00,1636934400000,11.87,11.978,11.034,11.08,5755518.3,1637020799999,True
2021-11-16 00:00:00,1637020800000,11.077,11.146,8.969,9.675,14245295.3,1637107199999,True
2021-11-17 00:00:00,1637107200000,9.674,9.838,9.126,9.415,7952125.9,1637193599999,True
2021-11-18 00:00:00,1637193600000,9.417,9.89,8.399,8.799,9791755.5,1637279999999,True
2021-11-19 00:00:00,1637280000000,8.799,9.579,8.643,9.422,6166435.0,1637366399999,True
2021-11-20 00:00:00,1637366400000,9.421,9.877,9.27,9.805,5349816.4,1637452799999,True
2021-11-21 00:00:00,1637452800000,9.805,9.941,9.348,9.665,3666133.8,1637539199999,True
2021-11-22 00:00:00,1637539200000,9.671,9.759,9.0,9.274,4682950.6,1637625599999,True
2021-11-23 00:00:00,1637625600000,9.269,9.989,9.082,9.972,4532588.2,1637711999999,True
2021-11-24 00:00:00,1637712000000,9.974,10.319,9.037,9.283,6229429.5,1637798399999,True
2021-11-25 00:00:00,1637798400000,9.282,9.497,9.108,9.278,4190673.5,1637884799999,True
2021-11-26 00:00:00,1637884800000,9.279,9.385,7.83,8.27,9411550.4,1637971199999,True
2021-11-27 00:00:00,1637971200000,8.27,8.539,8.16,8.309,2709278.2,1638057599999,True
2021-11-28 00:00:00,1638057600000,8.311,8.731,7.53,8.396,5472183.5,1638143999999,True
2021-11-29 00:00:00,1638144000000,8.391,8.538,8.12,8.423,2684024.3,1638230399999,True
2021-11-30 00:00:00,1638230400000,8.424,9.0,8.201,8.743,6082250.4,1638316799999,True
2021-12-01 00:00:00,1638316800000,8.75,8.919,8.352,8.506,3675429.2,1638403199999,True
2021-12-02 00:00:00,1638403200000,8.502,8.511,8.068,8.232,3746987.8,1638489599999,True
2021-12-03 00:00:00,1638489600000,8.231,9.581,8.2,9.126,14357598.4,1638575999999,True
2021-12-04 00:00:00,1638576000000,9.125,9.162,6.123,7.973,20863252.9,1638662399999,True
2021-12-05 00:00:00,1638662400000,7.972,8.175,7.1,7.343,6242831.7,1638748799999,True
2021-12-06 00:00:00,1638748800000,7.344,7.429,6.63,7.263,8663621.3,1638835199999,True
2021-12-07 00:00:00,1638835200000,7.263,7.694,7.12,7.595,6658309.6,1638921599999,True
2021-12-08 00:00:00,1638921600000,7.6,9.8,7.491,9.339,19428063.2,1639007999999,True
2021-12-09 00:00:00,1639008000000,9.34,10.081,8.895,9.765,19347698.0,1639094399999,True
2021-12-10 00:00:00,1639094400000,9.761,10.384,9.101,10.008,16088976.8,1639180799999,True
2021-12-11 00:00:00,1639180800000,10.006,11.824,9.527,11.649,16454296.0,1639267199999,True
2021-12-12 00:00:00,1639267200000,11.639,11.86,10.516,10.572,10173420.3,1639353599999,True
2021-12-13 00:00:00,1639353600000,10.565,10.717,8.902,9.101,12556806.9,1639439999999,True
2021-12-14 00:00:00,1639440000000,9.103,9.688,8.903,9.33,9425524.6,1639526399999,True
2021-12-15 00:00:00,1639526400000,9.329,17.95,9.05,9.845,42680329.33,1639612799999,True
2021-12-16 00:00:00,1639612800000,9.847,11.006,9.2,9.233,11896394.2,1639699199999,True
2021-12-17 00:00:00,1639699200000,9.235,9.348,8.27,8.402,10180885.8,1639785599999,True
2021-12-18 00:00:00,1639785600000,8.399,8.547,8.084,8.414,6486650.0,1639871999999,True
2021-12-19 00:00:00,1639872000000,8.413,9.696,8.35,9.013,14948631.2,1639958399999,True
2021-12-20 00:00:00,1639958400000,9.016,9.088,8.264,8.509,11878190.9,1640044799999,True
2021-12-21 00:00:00,1640044800000,8.512,9.383,8.494,9.246,9378713.7,1640131199999,True
2021-12-22 00:00:00,1640131200000,9.246,11.8,9.078,10.825,27615235.1,1640217599999,True
2021-12-23 00:00:00,1640217600000,10.825,14.273,10.695,13.723,40321532.5,1640303999999,True
2021-12-24 00:00:00,1640304000000,13.724,15.939,13.508,14.95,29247026.6,1640390399999,True
2021-12-25 00:00:00,1640390400000,14.949,15.696,14.207,15.221,17066993.1,1640476799999,True
2021-12-26 00:00:00,1640476800000,15.226,16.301,14.514,16.261,12543856.0,1640563199999,True
2021-12-27 00:00:00,1640563200000,16.267,16.49,14.571,14.752,12980034.8,1640649599999,True
2021-12-28 00:00:00,1640649600000,14.754,14.825,13.036,13.335,17918983.5,1640735999999,True
2021-12-29 00:00:00,1640736000000,13.333,15.228,13.135,14.904,20101784.8,1640822399999,True
2021-12-30 00:00:00,1640822400000,14.907,15.531,14.056,15.43,17366223.8,1640908799999,True
2021-12-31 00:00:00,1640908800000,15.43,15.716,14.146,14.625,9136497.6,1640995199999,True
2022-01-01 00:00:00,1640995200000,14.619,15.326,14.43,15.175,5338109.4,1641081599999,True
2022-01-02 00:00:00,1641081600000,15.171,15.268,14.219,14.384,5634754.0,1641167999999,True
2022-01-03 00:00:00,1641168000000,14.387,16.49,13.906,16.485,13822823.2,1641254399999,True
2022-01-04 00:00:00,1641254400000,16.48,17.664,15.92,16.028,21452398.3,1641340799999,True
2022-01-05 00:00:00,1641340800000,16.029,17.298,14.0,15.309,18198848.5,1641427199999,True
2022-01-06 00:00:00,1641427200000,15.305,16.3,14.751,15.935,17682247.0,1641513599999,True
2022-01-07 00:00:00,1641513600000,15.935,16.05,14.278,15.057,16078326.8,1641599999999,True
2022-01-08 00:00:00,1641600000000,15.059,15.561,13.31,13.82,12265867.7,1641686399999,True
2022-01-09 00:00:00,1641686400000,13.82,14.316,13.103,13.519,7801429.7,1641772799999,True
2022-01-10 00:00:00,1641772800000,13.514,15.555,13.2,15.474,21510045.8,1641859199999,True
2022-01-11 00:00:00,1641859200000,15.474,18.441,15.292,18.045,22842154.9,1641945599999,True
2022-01-12 00:00:00,1641945600000,18.04,18.838,17.392,17.573,15768190.8,1642031999999,True
2022-01-13 00:00:00,1642032000000,17.574,19.877,17.172,19.623,20613100.57,1642118399999,True
2022-01-14 00:00:00,1642118400000,19.625,20.597,18.451,20.184,18119207.95,1642204799999,True
2022-01-15 00:00:00,1642204800000,20.193,20.299,19.032,19.283,6770365.2,1642291199999,True
2022-01-16 00:00:00,1642291200000,19.281,20.456,18.751,20.142,9327904.7,1642377599999,True
2022-01-17 00:00:00,1642377600000,20.142,20.182,17.358,17.692,11529269.0,1642463999999,True
2022-01-18 00:00:00,1642464000000,17.692,18.223,16.758,17.705,12486326.5,1642550399999,True
2022-01-19 00:00:00,1642550400000,17.704,17.857,16.165,16.21,11754017.8,1642636799999,True
2022-01-20 00:00:00,1642636800000,16.208,17.579,15.15,15.259,11565497.5,1642723199999,True
2022-01-21 00:00:00,1642723200000,15.254,15.706,11.93,13.224,27700767.6,1642809599999,True
2022-01-22 00:00:00,1642809600000,13.224,13.538,10.092,11.407,27432919.2,1642895999999,True
2022-01-23 00:00:00,1642896000000,11.408,12.585,10.823,11.696,18776863.3,1642982399999,True
2022-01-24 00:00:00,1642982400000,11.7,11.712,9.509,10.719,25040201.5,1643068799999,True
2022-01-25 00:00:00,1643068800000,10.719,12.498,9.973,12.135,17682492.5,1643155199999,True
2022-01-26 00:00:00,1643155200000,12.131,12.937,10.735,11.302,23614921.7,1643241599999,True
2022-01-27 00:00:00,1643241600000,11.298,11.772,9.936,10.541,18223245.6,1643327999999,True
2022-01-28 00:00:00,1643328000000,10.537,10.893,10.066,10.769,10654080.8,1643414399999,True
2022-01-29 00:00:00,1643414400000,10.773,11.378,10.65,11.048,7289215.4,1643500799999,True
2022-01-30 00:00:00,1643500800000,11.044,11.157,10.264,10.357,6386429.3,1643587199999,True
2022-01-31 00:00:00,1643587200000,10.357,11.367,10.029,11.12,8148127.8,1643673599999,True
2022-02-01 00:00:00,1643673600000,11.122,11.528,10.921,11.211,6977477.8,1643759999999,True
2022-02-02 00:00:00,1643760000000,11.209,11.95,10.851,10.863,10732381.9,1643846399999,True
2022-02-03 00:00:00,1643846400000,10.862,10.993,10.438,10.959,8093251.2,1643932799999,True
2022-02-04 00:00:00,1643932800000,10.957,13.164,10.832,12.984,15562189.8,1644019199999,True
2022-02-05 00:00:00,1644019200000,12.984,13.592,12.569,12.815,12927701.1,1644105599999,True
2022-02-06 00:00:00,1644105600000,12.82,13.973,12.74,13.495,11213044.3,1644191999999,True
2022-02-07 00:00:00,1644192000000,13.496,14.083,13.066,13.503,11610916.3,1644278399999,True
2022-02-08 00:00:00,1644278400000,13.51,13.75,12.2,12.778,12742429.9,1644364799999,True
2022-02-09 00:00:00,1644364800000,12.782,13.105,12.098,12.995,6802873.4,1644451199999,True
2022-02-10 00:00:00,1644451200000,12.996,13.005,11.699,11.787,8628835.1,1644537599999,True
2022-02-11 00:00:00,1644537600000,11.783,12.327,10.644,10.854,9115922.0,1644623999999,True
2022-02-12 00:00:00,1644624000000,10.854,11.247,10.4,10.793,7232911.9,1644710399999,True
2022-02-13 00:00:00,1644710400000,10.797,11.2,10.123,10.38,5480309.8,1644796799999,True
2022-02-14 00:00:00,1644796800000,10.379,10.676,10.041,10.554,5308924.2,1644883199999,True
2022-02-15 00:00:00,1644883200000,10.559,11.6,10.492,11.51,6906966.6,1644969599999,True
2022-02-16 00:00:00,1644969600000,11.512,11.519,10.824,11.223,4635594.6,1645055999999,True
2022-02-17 00:00:00,1645056000000,11.211,11.729,10.4,10.445,8724050.2,1645142399999,True
2022-02-18 00:00:00,1645142400000,10.451,10.947,10.115,10.275,6327293.2,1645228799999,True
2022-02-19 00:00:00,1645228800000,10.274,10.476,9.836,10.044,4431814.5,1645315199999,True
2022-02-20 00:00:00,1645315200000,10.044,10.081,9.088,9.293,5966735.0,1645401599999,True
2022-02-21 00:00:00,1645401600000,9.294,9.846,8.494,8.545,8819899.8,1645487999999,True
2022-02-22 00:00:00,1645488000000,8.547,9.024,8.205,8.965,7822610.1,1645574399999,True
2022-02-23 00:00:00,1645574400000,8.959,9.448,8.525,8.556,6861524.4,1645660799999,True
2022-02-24 00:00:00,1645660800000,8.558,8.824,7.385,8.488,17816580.6,1645747199999,True
2022-02-25 00:00:00,1645747200000,8.489,9.049,8.228,8.935,7865253.6,1645833599999,True
2022-02-26 00:00:00,1645833600000,8.935,9.396,8.881,9.117,6753506.1,1645919999999,True
2022-02-27 00:00:00,1645920000000,9.117,9.173,8.283,8.508,6840159.8,1646006399999,True
2022-02-28 00:00:00,1646006400000,8.512,9.78,8.309,9.759,9068323.4,1646092799999,True
2022-03-01 00:00:00,1646092800000,9.757,11.94,9.483,11.808,24409388.4,1646179199999,True
2022-03-02 00:00:00,1646179200000,11.809,11.914,10.75,11.085,14609538.5,1646265599999,True
2022-03-03 00:00:00,1646265600000,11.091,11.629,10.704,11.035,12178786.3,1646351999999,True
2022-03-04 00:00:00,1646352000000,11.031,11.79,10.301,10.428,16040157.8,1646438399999,True
2022-03-05 00:00:00,1646438400000,10.427,10.756,10.058,10.505,8445830.9,1646524799999,True
2022-03-06 00:00:00,1646524800000,10.504,10.874,10.087,10.094,10069605.8,1646611199999,True
2022-03-07 00:00:00,1646611200000,10.094,10.335,9.321,9.658,11018251.5,1646697599999,True
2022-03-08 00:00:00,1646697600000,9.657,9.953,9.544,9.731,6866407.3,1646783999999,True
2022-03-09 00:00:00,1646784000000,9.733,11.714,9.692,11.598,16831600.5,1646870399999,True
2022-03-10 00:00:00,1646870400000,11.599,11.99,10.503,11.042,19164662.7,1646956799999,True
2022-03-11 00:00:00,1646956800000,11.042,11.363,10.23,10.252,13896245.0,1647043199999,True
2022-03-12 00:00:00,1647043200000,10.248,10.633,10.234,10.327,6216409.3,1647129599999,True
2022-03-13 00:00:00,1647129600000,10.328,10.475,9.723,9.85,6517122.2,1647215999999,True
2022-03-14 00:00:00,1647216000000,9.848,10.195,9.608,10.13,8430692.5,1647302399999,True
2022-03-15 00:00:00,1647302400000,10.131,10.399,9.831,10.113,8637866.9,1647388799999,True
2022-03-16 00:00:00,1647388800000,10.115,10.847,9.925,10.815,11466162.6,1647475199999,True
2022-03-17 00:00:00,1647475200000,10.816,11.192,10.663,10.723,8221120.7,1647561599999,True
2022-03-18 00:00:00,1647561600000,10.723,11.495,10.423,11.355,7050605.7,1647647999999,True
2022-03-19 00:00:00,1647648000000,11.354,11.56,11.057,11.293,5790549.9,1647734399999,True
2022-03-20 00:00:00,1647734400000,11.293,11.343,10.58,10.653,4677098.5,1647820799999,True
2022-03-21 00:00:00,1647820800000,10.652,11.288,10.519,10.862,6530709.5,1647907199999,True
2022-03-22 00:00:00,1647907200000,10.862,11.5,10.804,11.07,7006834.7,1647993599999,True
2022-03-23 00:00:00,1647993600000,11.071,12.719,10.882,12.493,13695498.2,1648079999999,True
2022-03-24 00:00:00,1648080000000,12.492,13.2,11.903,12.896,12391485.3,1648166399999,True
2022-03-25 00:00:00,1648166400000,12.895,12.9,11.927,12.221,9306749.5,1648252799999,True
2022-03-26 00:00:00,1648252800000,12.221,13.544,12.145,12.714,10830250.3,1648339199999,True
2022-03-27 00:00:00,1648339200000,12.716,13.227,12.482,13.197,7187618.0,1648425599999,True
2022-03-28 00:00:00,1648425600000,13.196,13.499,12.505,12.64,9740299.5,1648511999999,True
2022-03-29 00:00:00,1648512000000,12.641,14.428,12.599,14.101,15928040.8,1648598399999,True
2022-03-30 00:00:00,1648598400000,14.097,14.712,13.53,14.034,10958136.5,1648684799999,True
2022-03-31 00:00:00,1648684800000,14.034,14.383,12.97,13.302,10499897.8,1648771199999,True
2022-04-01 00:00:00,1648771200000,13.301,14.75,12.533,14.74,11251454.5,1648857599999,True
2022-04-02 00:00:00,1648857600000,14.738,16.288,14.361,14.825,16409947.3,1648943999999,True
2022-04-03 00:00:00,1648944000000,14.825,17.43,14.551,16.813,20711278.2,1649030399999,True
2022-04-04 00:00:00,1649030400000,16.806,18.0,15.311,17.115,27615632.2,1649116799999,True
2022-04-05 00:00:00,1649116800000,17.111,17.65,15.863,16.14,16550530.6,1649203199999,True
2022-04-06 00:00:00,1649203200000,16.14,17.083,15.078,15.272,34100746.3,1649289599999,True
2022-04-07 00:00:00,1649289600000,15.262,17.5,14.597,17.447,21698679.5,1649375999999,True
2022-04-08 00:00:00,1649376000000,17.439,19.788,17.064,17.527,47190840.8,1649462399999,True
2022-04-09 00:00:00,1649462400000,17.522,18.186,16.111,17.553,20825524.0,1649548799999,True
2022-04-10 00:00:00,1649548800000,17.552,17.697,15.711,15.804,13453229.7,1649635199999,True
2022-04-11 00:00:00,1649635200000,15.799,16.452,14.931,16.051,24293805.9,1649721599999,True
2022-04-12 00:00:00,1649721600000,16.051,17.174,15.563,16.53,26404563.9,1649807999999,True
2022-04-13 00:00:00,1649808000000,16.53,16.988,15.592,16.837,13794874.9,1649894399999,True
2022-04-14 00:00:00,1649894400000,16.833,17.766,15.924,16.384,16000883.8,1649980799999,True
2022-04-15 00:00:00,1649980800000,16.385,16.564,15.655,16.032,10144087.5,1650067199999,True
2022-04-16 00:00:00,1650067200000,16.032,16.307,15.545,15.934,6043635.4,1650153599999,True
2022-04-17 00:00:00,1650153600000,15.936,16.813,15.6,15.682,8370547.8,1650239999999,True
2022-04-18 00:00:00,1650240000000,15.681,16.349,14.682,16.169,14489934.1,1650326399999,True
2022-04-19 00:00:00,1650326400000,16.169,17.55,16.159,17.417,18447988.9,1650412799999,True
2022-04-20 00:00:00,1650412800000,17.417,17.82,16.345,16.654,15236513.7,1650499199999,True
2022-04-21 00:00:00,1650499200000,16.649,17.181,15.1,15.64,16961192.3,1650585599999,True
2022-04-22 00:00:00,1650585600000,15.64,15.839,15.053,15.569,10839843.0,1650671999999,True
2022-04-23 00:00:00,1650672000000,15.569,15.927,15.111,15.326,7006793.4,1650758399999,True
2022-04-24 00:00:00,1650758400000,15.325,15.582,14.822,15.006,7788475.9,1650844799999,True
2022-04-25 00:00:00,1650844800000,15.006,15.056,13.57,14.275,18987008.0,1650931199999,True
2022-04-26 00:00:00,1650931200000,14.274,15.2,12.362,12.685,18150215.6,1651017599999,True
2022-04-27 00:00:00,1651017600000,12.688,13.281,12.442,12.879,14373076.3,1651103999999,True
2022-04-28 00:00:00,1651104000000,12.879,13.15,12.25,12.402,11752863.1,1651190399999,True
2022-04-29 00:00:00,1651190400000,12.402,12.54,11.11,11.289,12397766.0,1651276799999,True
2022-04-30 00:00:00,1651276800000,11.288,11.795,10.1,10.336,11668267.0,1651363199999,True
2022-05-01 00:00:00,1651363200000,10.335,12.294,10.136,11.837,18414456.2,1651449599999,True
2022-05-02 00:00:00,1651449600000,11.84,12.199,11.087,11.849,16510041.7,1651535999999,True
2022-05-03 00:00:00,1651536000000,11.849,12.176,11.306,11.998,11250996.1,1651622399999,True
2022-05-04 00:00:00,1651622400000,11.999,13.06,11.868,12.979,15747141.3,1651708799999,True
2022-05-05 00:00:00,1651708800000,12.98,13.195,10.788,11.217,18412760.5,1651795199999,True
2022-05-06 00:00:00,1651795200000,11.215,11.328,10.418,10.779,13831512.9,1651881599999,True
2022-05-07 00:00:00,1651881600000,10.779,10.86,10.033,10.438,8451929.3,1651967999999,True
2022-05-08 00:00:00,1651968000000,10.436,11.257,9.85,11.145,16000809.8,1652054399999,True
2022-05-09 00:00:00,1652054400000,11.147,11.686,9.35,9.399,32111806.0,1652140799999,True
2022-05-10 00:00:00,1652140800000,9.398,10.927,8.86,9.563,31164956.6,1652227199999,True
2022-05-11 00:00:00,1652227200000,9.568,9.893,5.3,6.508,62496252.0,1652313599999,True
2022-05-12 00:00:00,1652313600000,6.512,7.35,5.26,6.421,46607823.5,1652399999999,True
2022-05-13 00:00:00,1652400000000,6.415,7.661,6.082,6.53,38206820.2,1652486399999,True
2022-05-14 00:00:00,1652486400000,6.531,6.892,5.959,6.678,15167801.4,1652572799999,True
2022-05-15 00:00:00,1652572800000,6.678,7.5,6.498,7.349,13136382.6,1652659199999,True
2022-05-16 00:00:00,1652659200000,7.348,7.348,6.436,6.543,13789149.4,1652745599999,True
2022-05-17 00:00:00,1652745600000,6.543,6.98,6.275,6.679,11702774.1,1652831999999,True
2022-05-18 00:00:00,1652832000000,6.679,6.78,5.871,5.923,13557357.4,1652918399999,True
2022-05-19 00:00:00,1652918400000,5.922,6.271,5.566,6.102,16152288.4,1653004799999,True
2022-05-20 00:00:00,1653004800000,6.102,6.275,5.637,5.752,12031711.9,1653091199999,True
2022-05-21 00:00:00,1653091200000,5.751,6.198,5.614,6.136,8236988.6,1653177599999,True
2022-05-22 00:00:00,1653177600000,6.136,6.387,5.992,6.242,10400866.2,1653263999999,True
2022-05-23 00:00:00,1653264000000,6.24,6.531,5.739,5.846,13820911.8,1653350399999,True
2022-05-24 00:00:00,1653350400000,5.846,6.037,5.522,5.97,13351363.3,1653436799999,True
2022-05-25 00:00:00,1653436800000,5.965,6.097,5.686,5.758,14401809.8,1653523199999,True
2022-05-26 00:00:00,1653523200000,5.757,5.829,5.06,5.231,23141924.6,1653609599999,True
2022-05-27 00:00:00,1653609600000,5.232,5.311,4.675,4.806,24475984.8,1653695999999,True
2022-05-28 00:00:00,1653696000000,4.805,5.054,4.718,4.998,10258763.7,1653782399999,True
2022-05-29 00:00:00,1653782400000,4.997,5.22,4.779,5.182,9585828.2,1653868799999,True
2022-05-30 00:00:00,1653868800000,5.181,5.822,5.101,5.76,17668616.9,1653955199999,True
2022-05-31 00:00:00,1653955200000,5.759,6.548,5.721,5.957,27157430.5,1654041599999,True
2022-06-01 00:00:00,1654041600000,5.956,5.994,5.237,5.343,18445117.6,1654127999999,True
2022-06-02 00:00:00,1654128000000,5.344,5.653,5.155,5.603,12176661.4,1654214399999,True
2022-06-03 00:00:00,1654214400000,5.605,5.64,5.134,5.252,8446131.1,1654300799999,True
2022-06-04 00:00:00,1654300800000,5.254,5.401,5.112,5.329,6058781.4,1654387199999,True
2022-06-05 00:00:00,1654387200000,5.329,5.511,5.209,5.331,5076600.1,1654473599999,True
2022-06-06 00:00:00,1654473600000,5.33,5.768,5.308,5.486,11617166.3,1654559999999,True
2022-06-07 00:00:00,1654560000000,5.486,5.494,5.052,5.198,11345301.5,1654646399999,True
2022-06-08 00:00:00,1654646400000,5.198,5.357,5.06,5.065,7289064.1,1654732799999,True
2022-06-09 00:00:00,1654732800000,5.065,5.218,4.992,5.083,5888089.9,1654819199999,True
2022-06-10 00:00:00,1654819200000,5.082,5.114,4.447,4.496,12528091.0,1654905599999,True
2022-06-11 00:00:00,1654905600000,4.497,4.683,4.0,4.1,11395434.2,1654991999999,True
2022-06-12 00:00:00,1654992000000,4.101,4.154,3.69,3.695,17857448.0,1655078399999,True
2022-06-13 00:00:00,1655078400000,3.694,3.736,3.089,3.517,30783549.5,1655164799999,True
2022-06-14 00:00:00,1655164800000,3.52,3.695,3.17,3.38,24170332.2,1655251199999,True
2022-06-15 00:00:00,1655251200000,3.383,3.875,3.038,3.813,25681623.9,1655337599999,True
2022-06-16 00:00:00,1655337600000,3.812,3.835,3.131,3.226,18371781.5,1655423999999,True
2022-06-17 00:00:00,1655424000000,3.225,3.511,3.176,3.374,13202845.4,1655510399999,True
2022-06-18 00:00:00,1655510400000,3.375,3.412,2.875,3.095,15491070.82,1655596799999,True
2022-06-19 00:00:00,1655596800000,3.095,3.348,2.975,3.288,14158024.5,1655683199999,True
2022-06-20 00:00:00,1655683200000,3.288,3.57,2.995,3.409,17212881.4,1655769599999,True
2022-06-21 00:00:00,1655769600000,3.409,3.705,3.384,3.518,15413725.5,1655855999999,True
2022-06-22 00:00:00,1655856000000,3.518,3.528,3.266,3.28,13065671.4,1655942399999,True
2022-06-23 00:00:00,1655942400000,3.281,3.585,3.273,3.554,9639006.1,1656028799999,True
2022-06-24 00:00:00,1656028800000,3.554,4.113,3.554,3.993,17672824.0,1656115199999,True
2022-06-25 00:00:00,1656115200000,3.993,4.4,3.932,4.172,20282391.5,1656201599999,True
2022-06-26 00:00:00,1656201600000,4.173,4.335,3.77,3.792,12425073.7,1656287999999,True
2022-06-27 00:00:00,1656288000000,3.792,4.007,3.632,3.739,12065215.3,1656374399999,True
2022-06-28 00:00:00,1656374400000,3.739,3.783,3.39,3.417,14493380.3,1656460799999,True
2022-06-29 00:00:00,1656460800000,3.417,3.56,3.335,3.429,12442462.7,1656547199999,True
2022-06-30 00:00:00,1656547200000,3.43,3.438,3.125,3.338,11718512.1,1656633599999,True
2022-07-01 00:00:00,1656633600000,3.338,3.459,3.234,3.352,11590819.3,1656719999999,True
2022-07-02 00:00:00,1656720000000,3.353,3.427,3.219,3.312,6117446.2,1656806399999,True
2022-07-03 00:00:00,1656806400000,3.313,3.349,3.202,3.323,6465455.9,1656892799999,True
2022-07-04 00:00:00,1656892800000,3.322,3.559,3.21,3.521,8656935.7,1656979199999,True
2022-07-05 00:00:00,1656979200000,3.521,3.593,3.262,3.393,12061320.8,1657065599999,True
2022-07-06 00:00:00,1657065600000,3.393,3.55,3.312,3.501,11018251.9,1657151999999,True
2022-07-07 00:00:00,1657152000000,3.502,3.778,3.437,3.704,10514327.8,1657238399999,True
2022-07-08 00:00:00,1657238400000,3.705,3.848,3.489,3.587,12564969.4,1657324799999,True
2022-07-09 00:00:00,1657324800000,3.587,3.879,3.586,3.793,11083048.0,1657411199999,True
2022-07-10 00:00:00,1657411200000,3.794,3.826,3.5,3.526,8664632.8,1657497599999,True
2022-07-11 00:00:00,1657497600000,3.526,3.535,3.21,3.225,8830979.1,1657583999999,True
2022-07-12 00:00:00,1657584000000,3.225,3.339,3.179,3.188,7601884.0,1657670399999,True
2022-07-13 00:00:00,1657670400000,3.188,3.345,3.038,3.337,12464940.6,1657756799999,True
2022-07-14 00:00:00,1657756800000,3.337,3.533,3.221,3.492,11316621.6,1657843199999,True
2022-07-15 00:00:00,1657843200000,3.49,3.638,3.433,3.502,9574440.2,1657929599999,True
2022-07-16 00:00:00,1657929600000,3.501,3.67,3.374,3.643,8856448.7,1658015999999,True
2022-07-17 00:00:00,1658016000000,3.645,3.767,3.508,3.524,10095353.6,1658102399999,True
2022-07-18 00:00:00,1658102400000,3.524,4.117,3.516,4.062,19177480.4,1658188799999,True
2022-07-19 00:00:00,1658188800000,4.062,4.667,4.006,4.533,29178130.0,1658275199999,True
2022-07-20 00:00:00,1658275200000,4.533,4.628,4.139,4.184,18176526.5,1658361599999,True
2022-07-21 00:00:00,1658361600000,4.183,4.498,4.043,4.375,12339335.6,1658447999999,True
2022-07-22 00:00:00,1658448000000,4.376,4.759,4.284,4.321,15047954.0,1658534399999,True
2022-07-23 00:00:00,1658534400000,4.321,4.477,4.133,4.308,8867442.4,1658620799999,True
2022-07-24 00:00:00,1658620800000,4.308,4.494,4.253,4.352,7649328.1,1658707199999,True
2022-07-25 00:00:00,1658707200000,4.351,4.385,3.779,3.787,12964537.7,1658793599999,True
2022-07-26 00:00:00,1658793600000,3.788,3.807,3.567,3.755,11519232.0,1658879999999,True
2022-07-27 00:00:00,1658880000000,3.756,4.163,3.638,4.149,11513994.7,1658966399999,True
2022-07-28 00:00:00,1658966400000,4.151,4.458,4.029,4.368,17066764.8,1659052799999,True
2022-07-29 00:00:00,1659052800000,4.368,4.586,4.182,4.369,14597933.2,1659139199999,True
2022-07-30 00:00:00,1659139200000,4.369,4.69,4.287,4.359,14918656.0,1659225599999,True
2022-07-31 00:00:00,1659225600000,4.359,4.592,4.215,4.231,11328881.8,1659311999999,True
2022-08-01 00:00:00,1659312000000,4.231,4.372,4.119,4.272,9217526.8,1659398399999,True
2022-08-02 00:00:00,1659398400000,4.272,4.459,4.035,4.311,12050572.9,1659484799999,True
2022-08-03 00:00:00,1659484800000,4.311,4.664,4.158,4.512,13574101.0,1659571199999,True
2022-08-04 00:00:00,1659571200000,4.512,4.749,4.321,4.421,14575458.2,1659657599999,True
2022-08-05 00:00:00,1659657600000,4.421,5.28,4.395,5.196,26060129.9,1659743999999,True
2022-08-06 00:00:00,1659744000000,5.198,5.199,4.878,4.902,11931788.6,1659830399999,True
2022-08-07 00:00:00,1659830400000,4.903,5.191,4.807,4.98,11854561.9,1659916799999,True
2022-08-08 00:00:00,1659916800000,4.981,5.732,4.977,5.489,18939747.3,1660003199999,True
2022-08-09 00:00:00,1660003200000,5.489,5.61,5.166,5.365,15409576.7,1660089599999,True
2022-08-10 00:00:00,1660089600000,5.365,6.075,5.178,5.904,28401298.1,1660175999999,True
2022-08-11 00:00:00,1660176000000,5.907,5.965,5.706,5.761,12591304.1,1660262399999,True
2022-08-12 00:00:00,1660262400000,5.762,6.067,5.627,5.975,13138534.0,1660348799999,True
2022-08-13 00:00:00,1660348800000,5.977,6.111,5.824,5.884,8144585.7,1660435199999,True
2022-08-14 00:00:00,1660435200000,5.885,5.939,5.521,5.616,7495021.9,1660521599999,True
2022-08-15 00:00:00,1660521600000,5.618,5.82,5.295,5.399,10895782.5,1660607999999,True
2022-08-16 00:00:00,1660608000000,5.4,5.52,5.233,5.264,10379272.5,1660694399999,True
2022-08-17 00:00:00,1660694400000,5.262,5.512,4.925,4.989,13549448.8,1660780799999,True
2022-08-18 00:00:00,1660780800000,4.99,5.204,4.82,4.853,10016857.9,1660867199999,True
2022-08-19 00:00:00,1660867200000,4.853,4.94,4.194,4.25,23618402.6,1660953599999,True
2022-08-20 00:00:00,1660953600000,4.249,4.444,4.019,4.151,17257440.7,1661039999999,True
2022-08-21 00:00:00,1661040000000,4.151,4.307,4.081,4.227,11166511.6,1661126399999,True
2022-08-22 00:00:00,1661126400000,4.228,4.235,3.927,4.119,14798385.0,1661212799999,True
2022-08-23 00:00:00,1661212800000,4.118,4.418,4.004,4.304,15438177.8,1661299199999,True
2022-08-24 00:00:00,1661299200000,4.308,4.402,4.144,4.269,10329613.1,1661385599999,True
2022-08-25 00:00:00,1661385600000,4.27,4.448,4.203,4.314,8754391.7,1661471999999,True
2022-08-26 00:00:00,1661472000000,4.315,4.437,3.891,3.938,19532425.1,1661558399999,True
2022-08-27 00:00:00,1661558400000,3.937,3.977,3.824,3.916,9999030.6,1661644799999,True
2022-08-28 00:00:00,1661644800000,3.916,3.942,3.737,3.764,8472280.2,1661731199999,True
2022-08-29 00:00:00,1661731200000,3.764,4.058,3.692,4.033,10117379.3,1661817599999,True
2022-08-30 00:00:00,1661817600000,4.034,4.29,3.954,4.2,14015677.1,1661903999999,True
2022-08-31 00:00:00,1661904000000,4.201,4.57,4.191,4.374,16732324.0,1661990399999,True
2022-09-01 00:00:00,1661990400000,4.373,4.43,4.185,4.346,11305020.8,1662076799999,True
2022-09-02 00:00:00,1662076800000,4.347,4.39,4.114,4.178,8636067.2,1662163199999,True
2022-09-03 00:00:00,1662163200000,4.178,4.214,4.122,4.171,3477019.9,1662249599999,True
2022-09-04 00:00:00,1662249600000,4.171,4.248,4.088,4.24,4442575.1,1662335999999,True
2022-09-05 00:00:00,1662336000000,4.24,4.283,4.115,4.233,5105227.4,1662422399999,True
2022-09-06 00:00:00,1662422400000,4.233,4.539,3.959,4.071,19776299.3,1662508799999,True
2022-09-07 00:00:00,1662508800000,4.072,4.429,4.03,4.378,12042146.8,1662595199999,True
2022-09-08 00:00:00,1662595200000,4.378,4.714,4.378,4.69,16552205.4,1662681599999,True
2022-09-09 00:00:00,1662681600000,4.688,4.9,4.616,4.811,10904921.6,1662767999999,True
2022-09-10 00:00:00,1662768000000,4.813,4.912,4.652,4.815,10626095.7,1662854399999,True
2022-09-11 00:00:00,1662854400000,4.816,5.046,4.628,4.896,11780612.1,1662940799999,True
2022-09-12 00:00:00,1662940800000,4.896,5.278,4.71,5.092,21265195.8,1663027199999,True
2022-09-13 00:00:00,1663027200000,5.094,5.096,4.403,4.419,20575453.0,1663113599999,True
2022-09-14 00:00:00,1663113600000,4.419,4.547,4.341,4.508,10135405.4,1663199999999,True
2022-09-15 00:00:00,1663200000000,4.507,4.521,4.13,4.184,10588656.3,1663286399999,True
2022-09-16 00:00:00,1663286400000,4.185,4.25,4.093,4.206,7517571.4,1663372799999,True
2022-09-17 00:00:00,1663372800000,4.207,4.39,4.203,4.379,6262940.2,1663459199999,True
2022-09-18 00:00:00,1663459200000,4.38,4.411,3.82,3.916,10394849.3,1663545599999,True
2022-09-19 00:00:00,1663545600000,3.917,4.08,3.806,4.055,12024692.8,1663631999999,True
2022-09-20 00:00:00,1663632000000,4.054,4.091,3.8,3.82,10642065.6,1663718399999,True
2022-09-21 00:00:00,1663718400000,3.82,4.039,3.546,3.641,15176741.7,1663804799999,True
2022-09-22 00:00:00,1663804800000,3.641,3.899,3.621,3.865,9297180.9,1663891199999,True
2022-09-23 00:00:00,1663891200000,3.866,3.95,3.612,3.792,11512240.6,1663977599999,True
2022-09-24 00:00:00,1663977600000,3.792,3.872,3.667,3.699,6087647.1,1664063999999,True
2022-09-25 00:00:00,1664064000000,3.699,3.769,3.611,3.649,4925193.4,1664150399999,True
2022-09-26 00:00:00,1664150400000,3.648,3.73,3.557,3.686,7553874.5,1664236799999,True
2022-09-27 00:00:00,1664236800000,3.687,3.821,3.553,3.618,10281841.2,1664323199999,True
2022-09-28 00:00:00,1664323200000,3.618,3.644,3.446,3.578,7540282.4,1664409599999,True
2022-09-29 00:00:00,1664409600000,3.579,3.609,3.503,3.587,5763496.5,1664495999999,True
2022-09-30 00:00:00,1664496000000,3.587,3.648,3.512,3.559,6515139.1,1664582399999,True
2022-10-01 00:00:00,1664582400000,3.559,3.595,3.527,3.556,2626308.7,1664668799999,True
2022-10-02 00:00:00,1664668800000,3.556,3.617,3.466,3.48,3730030.5,1664755199999,True
2022-10-03 00:00:00,1664755200000,3.48,3.565,3.411,3.541,5439659.8,1664841599999,True
2022-10-04 00:00:00,1664841600000,3.542,3.655,3.527,3.623,4994461.6,1664927999999,True
2022-10-05 00:00:00,1664928000000,3.623,3.729,3.546,3.696,7903442.2,1665014399999,True
2022-10-06 00:00:00,1665014400000,3.696,3.764,3.583,3.623,5749678.3,1665100799999,True
2022-10-07 00:00:00,1665100800000,3.622,3.628,3.514,3.552,4346318.0,1665187199999,True
2022-10-08 00:00:00,1665187200000,3.551,3.578,3.462,3.494,3275403.9,1665273599999,True
2022-10-09 00:00:00,1665273600000,3.494,3.534,3.484,3.518,2027270.5,1665359999999,True
2022-10-10 00:00:00,1665360000000,3.518,3.55,3.217,3.218,6913461.5,1665446399999,True
2022-10-11 00:00:00,1665446400000,3.217,3.24,3.078,3.173,12453063.7,1665532799999,True
2022-10-12 00:00:00,1665532800000,3.173,3.214,3.122,3.155,5474227.3,1665619199999,True
2022-10-13 00:00:00,1665619200000,3.154,3.16,2.76,3.04,21749805.2,1665705599999,True
2022-10-14 00:00:00,1665705600000,3.039,3.182,2.955,3.007,8111508.6,1665791999999,True
2022-10-15 00:00:00,1665792000000,3.006,3.018,2.916,2.924,4470389.4,1665878399999,True
2022-10-16 00:00:00,1665878400000,2.924,3.037,2.92,3.002,3760709.4,1665964799999,True
2022-10-17 00:00:00,1665964800000,3.002,3.072,2.965,3.061,4076821.2,1666051199999,True
2022-10-18 00:00:00,1666051200000,3.061,3.098,2.894,2.966,7157988.2,1666137599999,True
2022-10-19 00:00:00,1666137600000,2.966,2.973,2.796,2.826,6561954.3,1666223999999,True
2022-10-20 00:00:00,1666224000000,2.827,2.943,2.784,2.87,6367842.2,1666310399999,True
2022-10-21 00:00:00,1666310400000,2.871,2.918,2.726,2.887,7201806.1,1666396799999,True
2022-10-22 00:00:00,1666396800000,2.887,2.947,2.825,2.919,4550174.3,1666483199999,True
2022-10-23 00:00:00,1666483200000,2.92,3.0,2.845,2.983,6103696.7,1666569599999,True
2022-10-24 00:00:00,1666569600000,2.983,3.015,2.875,2.919,7266365.8,1666655999999,True
2022-10-25 00:00:00,1666656000000,2.919,3.086,2.889,3.001,9922859.5,1666742399999,True
2022-10-26 00:00:00,1666742400000,3.001,3.115,2.998,3.055,10521661.4,1666828799999,True
2022-10-27 00:00:00,1666828800000,3.055,3.178,2.937,2.964,11481721.3,1666915199999,True
2022-10-28 00:00:00,1666915200000,2.963,3.065,2.89,3.023,7927071.3,1667001599999,True
2022-10-29 00:00:00,1667001600000,3.022,3.171,3.02,3.088,10350711.8,1667087999999,True
2022-10-30 00:00:00,1667088000000,3.089,3.236,3.054,3.101,8778536.5,1667174399999,True
2022-10-31 00:00:00,1667174400000,3.101,3.189,3.043,3.106,7742729.6,1667260799999,True
2022-11-01 00:00:00,1667260800000,3.105,3.165,3.005,3.013,16484770.6,1667347199999,True
2022-11-02 00:00:00,1667347200000,3.013,3.03,2.825,2.901,10352126.5,1667433599999,True
2022-11-03 00:00:00,1667433600000,2.901,3.125,2.882,3.03,11071908.8,1667519999999,True
2022-11-04 00:00:00,1667520000000,3.03,3.308,3.009,3.307,14661487.4,1667606399999,True
2022-11-05 00:00:00,1667606400000,3.307,3.443,3.26,3.332,12907453.6,1667692799999,True
2022-11-06 00:00:00,1667692800000,3.333,3.361,3.079,3.094,8497904.0,1667779199999,True
2022-11-07 00:00:00,1667779200000,3.094,3.146,2.971,3.051,8797121.7,1667865599999,True
2022-11-08 00:00:00,1667865600000,3.05,3.072,2.39,2.633,21978341.0,1667951999999,True
2022-11-09 00:00:00,1667952000000,2.633,2.66,1.978,2.03,33890852.48,1668038399999,True
2022-11-10 00:00:00,1668038400000,2.03,2.381,1.99,2.315,27859121.9,1668124799999,True
2022-11-11 00:00:00,1668124800000,2.315,2.321,2.038,2.131,17568135.7,1668211199999,True
2022-11-12 00:00:00,1668211200000,2.131,2.137,1.953,2.0,22297890.6,1668297599999,True
2022-11-13 00:00:00,1668297600000,2.0,2.078,1.89,1.953,15518343.6,1668383999999,True
2022-11-14 00:00:00,1668384000000,1.953,2.023,1.8,1.971,17148826.8,1668470399999,True
2022-11-15 00:00:00,1668470400000,1.971,2.046,1.93,1.98,9660614.9,1668556799999,True
2022-11-16 00:00:00,1668556800000,1.981,2.019,1.891,1.922,7793135.6,1668643199999,True
2022-11-17 00:00:00,1668643200000,1.922,1.937,1.816,1.832,11235158.7,1668729599999,True
2022-11-18 00:00:00,1668729600000,1.832,1.87,1.752,1.784,13484028.8,1668815999999,True
2022-11-19 00:00:00,1668816000000,1.784,1.788,1.703,1.747,12681787.6,1668902399999,True
2022-11-20 00:00:00,1668902400000,1.748,1.762,1.552,1.57,16492619.57,1668988799999,True
2022-11-21 00:00:00,1668988800000,1.569,1.584,1.432,1.56,27412640.0,1669075199999,True
2022-11-22 00:00:00,1669075200000,1.56,1.649,1.492,1.627,18626063.2,1669161599999,True
2022-11-23 00:00:00,1669161600000,1.627,1.699,1.585,1.692,14861685.1,1669247999999,True
2022-11-24 00:00:00,1669248000000,1.692,1.733,1.625,1.643,11230409.1,1669334399999,True
2022-11-25 00:00:00,1669334400000,1.644,1.658,1.596,1.646,6694501.7,1669420799999,True
2022-11-26 00:00:00,1669420800000,1.647,1.704,1.588,1.612,8231656.5,1669507199999,True
2022-11-27 00:00:00,1669507200000,1.612,1.677,1.597,1.614,8110576.7,1669593599999,True
2022-11-28 00:00:00,1669593600000,1.615,1.627,1.482,1.591,13147693.0,1669679999999,True
2022-11-29 00:00:00,1669680000000,1.591,1.638,1.561,1.606,8169064.1,1669766399999,True
2022-11-30 00:00:00,1669766400000,1.606,1.753,1.606,1.723,14672588.4,1669852799999,True
2022-12-01 00:00:00,1669852800000,1.723,1.768,1.686,1.742,12344001.2,1669939199999,True
2022-12-02 00:00:00,1669939200000,1.742,1.8,1.711,1.756,11302172.9,1670025599999,True
2022-12-03 00:00:00,1670025600000,1.756,1.756,1.664,1.67,6354284.8,1670111999999,True
2022-12-04 00:00:00,1670112000000,1.669,1.74,1.668,1.723,6672540.0,1670198399999,True
2022-12-05 00:00:00,1670198400000,1.723,1.78,1.682,1.718,11200024.3,1670284799999,True
2022-12-06 00:00:00,1670284800000,1.718,1.79,1.714,1.789,11250335.8,1670371199999,True
2022-12-07 00:00:00,1670371200000,1.79,1.83,1.666,1.691,14024691.3,1670457599999,True
2022-12-08 00:00:00,1670457600000,1.691,1.715,1.638,1.706,8778615.7,1670543999999,True
2022-12-09 00:00:00,1670544000000,1.706,1.738,1.681,1.698,5903614.4,1670630399999,True
2022-12-10 00:00:00,1670630400000,1.697,1.73,1.686,1.705,3028627.4,1670716799999,True
2022-12-11 00:00:00,1670716800000,1.704,1.713,1.622,1.633,4474359.9,1670803199999,True
2022-12-12 00:00:00,1670803200000,1.633,1.642,1.568,1.631,8304305.0,1670889599999,True
2022-12-13 00:00:00,1670889600000,1.632,1.766,1.557,1.71,13225382.1,1670975999999,True
2022-12-14 00:00:00,1670976000000,1.71,1.735,1.651,1.659,10580131.1,1671062399999,True
2022-12-15 00:00:00,1671062400000,1.659,1.669,1.585,1.59,6700035.2,1671148799999,True
2022-12-16 00:00:00,1671148800000,1.592,1.61,1.346,1.37,12864791.7,1671235199999,True
2022-12-17 00:00:00,1671235200000,1.37,1.404,1.342,1.395,9842880.0,1671321599999,True
2022-12-18 00:00:00,1671321600000,1.395,1.398,1.346,1.364,5244223.4,1671407999999,True
2022-12-19 00:00:00,1671408000000,1.364,1.384,1.229,1.259,15072137.1,1671494399999,True
2022-12-20 00:00:00,1671494400000,1.26,1.351,1.254,1.343,11095137.4,1671580799999,True
2022-12-21 00:00:00,1671580800000,1.343,1.353,1.277,1.307,9262031.5,1671667199999,True
2022-12-22 00:00:00,1671667200000,1.306,1.325,1.271,1.322,6798476.8,1671753599999,True
2022-12-23 00:00:00,1671753600000,1.322,1.366,1.315,1.341,5494658.0,1671839999999,True
2022-12-24 00:00:00,1671840000000,1.342,1.353,1.327,1.337,2608743.3,1671926399999,True
2022-12-25 00:00:00,1671926400000,1.337,1.341,1.299,1.332,4082344.9,1672012799999,True
2022-12-26 00:00:00,1672012800000,1.333,1.365,1.331,1.362,3770646.0,1672099199999,True
2022-12-27 00:00:00,1672099200000,1.363,1.379,1.329,1.362,6572959.6,1672185599999,True
2022-12-28 00:00:00,1672185600000,1.363,1.364,1.293,1.316,7644817.2,1672271999999,True
2022-12-29 00:00:00,1672272000000,1.315,1.332,1.266,1.297,6608595.5,1672358399999,True
2022-12-30 00:00:00,1672358400000,1.297,1.304,1.238,1.277,7185607.7,1672444799999,True
2022-12-31 00:00:00,1672444800000,1.277,1.284,1.246,1.256,3423417.5,1672531199999,True
2023-01-01 00:00:00,1672531200000,1.256,1.285,1.239,1.276,4042516.7,1672617599999,True
2023-01-02 00:00:00,1672617600000,1.276,1.326,1.256,1.314,6170515.3,1672703999999,True
2023-01-03 00:00:00,1672704000000,1.314,1.365,1.304,1.335,7038132.0,1672790399999,True
2023-01-04 00:00:00,1672790400000,1.334,1.63,1.329,1.55,30388420.0,1672876799999,True
2023-01-05 00:00:00,1672876800000,1.55,1.666,1.507,1.524,18142157.3,1672963199999,True
2023-01-06 00:00:00,1672963200000,1.524,1.616,1.48,1.591,14942285.8,1673049599999,True
2023-01-07 00:00:00,1673049600000,1.592,1.602,1.543,1.56,5343944.1,1673135999999,True
2023-01-08 00:00:00,1673136000000,1.56,1.659,1.514,1.647,11913659.0,1673222399999,True
2023-01-09 00:00:00,1673222400000,1.647,1.725,1.621,1.642,24012933.1,1673308799999,True
2023-01-10 00:00:00,1673308800000,1.642,1.668,1.593,1.644,10391895.3,1673395199999,True
2023-01-11 00:00:00,1673395200000,1.645,1.839,1.554,1.82,25077718.8,1673481599999,True
2023-01-12 00:00:00,1673481600000,1.821,1.887,1.711,1.831,30796041.5,1673567999999,True
2023-01-13 00:00:00,1673568000000,1.83,2.023,1.779,1.956,22878776.4,1673654399999,True
2023-01-14 00:00:00,1673654400000,1.957,2.356,1.948,2.251,52656530.4,1673740799999,True
2023-01-15 00:00:00,1673740800000,2.252,2.274,2.105,2.24,20795628.5,1673827199999,True
2023-01-16 00:00:00,1673827200000,2.241,2.442,2.066,2.192,29624289.7,1673913599999,True
2023-01-17 00:00:00,1673913600000,2.192,2.266,2.145,2.156,16802041.9,1673999999999,True
2023-01-18 00:00:00,1674000000000,2.156,2.232,1.953,1.972,23336897.3,1674086399999,True
2023-01-19 00:00:00,1674086400000,1.972,2.159,1.97,2.096,17177752.4,1674172799999,True
2023-01-20 00:00:00,1674172800000,2.096,2.406,2.046,2.388,19445886.3,1674259199999,True
2023-01-21 00:00:00,1674259200000,2.389,2.475,2.3,2.324,24184976.0,1674345599999,True
2023-01-22 00:00:00,1674345600000,2.324,2.596,2.318,2.399,24843558.5,1674431999999,True
2023-01-23 00:00:00,1674432000000,2.399,2.71,2.395,2.544,25005546.0,1674518399999,True
2023-01-24 00:00:00,1674518400000,2.544,2.622,2.308,2.355,16261913.2,1674604799999,True
2023-01-25 00:00:00,1674604800000,2.355,2.635,2.278,2.545,19190076.7,1674691199999,True
2023-01-26 00:00:00,1674691200000,2.547,2.72,2.49,2.521,21700792.9,1674777599999,True
2023-01-27 00:00:00,1674777600000,2.521,2.588,2.381,2.557,23573876.7,1674863999999,True
2023-01-28 00:00:00,1674864000000,2.559,2.69,2.429,2.47,17585789.9,1674950399999,True
2023-01-29 00:00:00,1674950400000,2.47,2.608,2.433,2.571,12617519.9,1675036799999,True
2023-01-30 00:00:00,1675036800000,2.571,2.584,2.222,2.307,17760310.4,1675123199999,True
2023-01-31 00:00:00,1675123200000,2.306,2.38,2.271,2.328,14656896.5,1675209599999,True
2023-02-01 00:00:00,1675209600000,2.327,2.433,2.165,2.427,25875828.3,1675295999999,True
2023-02-02 00:00:00,1675296000000,2.427,2.578,2.403,2.444,22961520.6,1675382399999,True
2023-02-03 00:00:00,1675382400000,2.444,2.521,2.4,2.507,12415228.0,1675468799999,True
2023-02-04 00:00:00,1675468800000,2.507,2.58,2.426,2.501,10048130.7,1675555199999,True
2023-02-05 00:00:00,1675555200000,2.501,2.556,2.328,2.386,13159042.5,1675641599999,True
2023-02-06 00:00:00,1675641600000,2.386,2.43,2.281,2.308,11216592.8,1675727999999,True
2023-02-07 00:00:00,1675728000000,2.309,2.512,2.303,2.493,13000441.5,1675814399999,True
2023-02-08 00:00:00,1675814400000,2.493,2.846,2.472,2.639,36071912.7,1675900799999,True
2023-02-09 00:00:00,1675900800000,2.638,2.642,2.201,2.27,25825834.1,1675987199999,True
2023-02-10 00:00:00,1675987200000,2.27,2.306,2.198,2.25,14352326.2,1676073599999,True
2023-02-11 00:00:00,1676073600000,2.25,2.295,2.203,2.285,6795610.3,1676159999999,True
2023-02-12 00:00:00,1676160000000,2.284,2.374,2.193,2.237,10693637.2,1676246399999,True
2023-02-13 00:00:00,1676246400000,2.236,2.252,2.089,2.187,14139128.6,1676332799999,True
2023-02-14 00:00:00,1676332800000,2.187,2.259,2.107,2.246,13780998.6,1676419199999,True
2023-02-15 00:00:00,1676419200000,2.248,2.53,2.206,2.515,18966106.0,1676505599999,True
2023-02-16 00:00:00,1676505600000,2.516,2.556,2.301,2.311,23627914.4,1676591999999,True
2023-02-17 00:00:00,1676592000000,2.311,2.485,2.297,2.456,15288839.6,1676678399999,True
2023-02-18 00:00:00,1676678400000,2.457,2.705,2.456,2.576,20621477.6,1676764799999,True
2023-02-19 00:00:00,1676764800000,2.575,2.705,2.511,2.575,18681306.6,1676851199999,True
2023-02-20 00:00:00,1676851200000,2.577,2.765,2.483,2.702,19380398.9,1676937599999,True
2023-02-21 00:00:00,1676937600000,2.702,2.715,2.489,2.569,17236286.0,1677023999999,True
2023-02-22 00:00:00,1677024000000,2.568,2.572,2.396,2.508,13679243.8,1677110399999,True
2023-02-23 00:00:00,1677110400000,2.508,2.565,2.415,2.47,9101741.9,1677196799999,True
2023-02-24 00:00:00,1677196800000,2.471,2.49,2.253,2.313,11523805.7,1677283199999,True
2023-02-25 00:00:00,1677283200000,2.314,2.337,2.193,2.289,9058832.6,1677369599999,True
2023-02-26 00:00:00,1677369600000,2.288,2.386,2.271,2.376,5586699.2,1677455999999,True
2023-02-27 00:00:00,1677456000000,2.375,2.434,2.285,2.346,8490476.2,1677542399999,True
2023-02-28 00:00:00,1677542400000,2.346,2.383,2.213,2.23,7970602.2,1677628799999,True
2023-03-01 00:00:00,1677628800000,2.23,2.368,2.203,2.319,8148716.8,1677715199999,True
2023-03-02 00:00:00,1677715200000,2.319,2.332,2.208,2.259,6690279.6,1677801599999,True
2023-03-03 00:00:00,1677801600000,2.26,2.26,2.02,2.098,12583900.9,1677887999999,True
2023-03-04 00:00:00,1677888000000,2.099,2.118,1.98,2.05,7114453.0,1677974399999,True
2023-03-05 00:00:00,1677974400000,2.051,2.118,2.017,2.031,6308339.5,1678060799999,True
2023-03-06 00:00:00,1678060800000,2.03,2.078,1.983,2.055,8932485.3,1678147199999,True
2023-03-07 00:00:00,1678147200000,2.055,2.094,1.943,2.002,10135661.2,1678233599999,True
2023-03-08 00:00:00,1678233600000,2.002,2.015,1.816,1.842,12276420.9,1678319999999,True
2023-03-09 00:00:00,1678320000000,1.842,1.915,1.724,1.788,14873839.0,1678406399999,True
2023-03-10 00:00:00,1678406400000,1.788,1.813,1.669,1.798,16739229.7,1678492799999,True
2023-03-11 00:00:00,1678492800000,1.798,1.863,1.691,1.797,15215989.7,1678579199999,True
2023-03-12 00:00:00,1678579200000,1.797,1.979,1.763,1.941,11652011.1,1678665599999,True
2023-03-13 00:00:00,1678665600000,1.942,2.055,1.892,2.036,21260728.6,1678751999999,True
2023-03-14 00:00:00,1678752000000,2.037,2.212,1.973,2.116,18413769.8,1678838399999,True
2023-03-15 00:00:00,1678838400000,2.115,2.155,1.866,1.921,17144309.6,1678924799999,True
2023-03-16 00:00:00,1678924800000,1.922,1.979,1.891,1.963,9980513.8,1679011199999,True
2023-03-17 00:00:00,1679011200000,1.963,2.164,1.936,2.163,10678550.3,1679097599999,True
2023-03-18 00:00:00,1679097600000,2.163,2.215,2.062,2.079,12359582.7,1679183999999,True
2023-03-19 00:00:00,1679184000000,2.079,2.198,2.077,2.132,12598448.0,1679270399999,True
2023-03-20 00:00:00,1679270400000,2.134,2.17,1.966,1.994,18593606.9,1679356799999,True
2023-03-21 00:00:00,1679356800000,1.993,2.083,1.909,2.068,15296608.2,1679443199999,True
2023-03-22 00:00:00,1679443200000,2.069,2.078,1.875,1.946,19141264.0,1679529599999,True
2023-03-23 00:00:00,1679529600000,1.947,2.073,1.92,2.044,12780058.7,1679615999999,True
2023-03-24 00:00:00,1679616000000,2.045,2.051,1.927,1.963,9819952.9,1679702399999,True
2023-03-25 00:00:00,1679702400000,1.963,1.997,1.892,1.923,5598256.2,1679788799999,True
2023-03-26 00:00:00,1679788800000,1.923,1.982,1.915,1.957,3889052.4,1679875199999,True
2023-03-27 00:00:00,1679875200000,1.958,1.967,1.813,1.845,8113678.7,1679961599999,True
2023-03-28 00:00:00,1679961600000,1.844,1.904,1.809,1.883,5986425.1,1680047999999,True
2023-03-29 00:00:00,1680048000000,1.883,2.005,1.877,2.0,8255112.1,1680134399999,True
2023-03-30 00:00:00,1680134400000,2.0,2.038,1.902,1.927,8438719.9,1680220799999,True
2023-03-31 00:00:00,1680220800000,1.926,2.011,1.884,1.99,6361490.5,1680307199999,True
2023-04-01 00:00:00,1680307200000,1.99,2.009,1.957,1.987,4192210.2,1680393599999,True
2023-04-02 00:00:00,1680393600000,1.988,2.01,1.888,1.92,5270011.1,1680479999999,True
2023-04-03 00:00:00,1680480000000,1.92,2.021,1.854,1.948,10388832.8,1680566399999,True
2023-04-04 00:00:00,1680566400000,1.949,2.012,1.916,1.996,7175290.7,1680652799999,True
2023-04-05 00:00:00,1680652800000,1.996,2.08,1.982,2.027,9118705.7,1680739199999,True
2023-04-06 00:00:00,1680739200000,2.028,2.031,1.937,1.989,5464682.8,1680825599999,True
2023-04-07 00:00:00,1680825600000,1.988,2.029,1.952,2.018,5242617.8,1680911999999,True
2023-04-08 00:00:00,1680912000000,2.018,2.022,1.953,1.97,3812598.4,1680998399999,True
2023-04-09 00:00:00,1680998400000,1.97,2.04,1.93,2.006,4555310.8,1681084799999,True
2023-04-10 00:00:00,1681084800000,2.006,2.07,1.966,2.068,5853753.8,1681171199999,True
2023-04-11 00:00:00,1681171200000,2.068,2.108,2.038,2.052,8581394.5,1681257599999,True
2023-04-12 00:00:00,1681257600000,2.052,2.245,1.97,2.226,25428791.3,1681343999999,True
2023-04-13 00:00:00,1681344000000,2.226,2.228,2.156,2.203,12819673.3,1681430399999,True
2023-04-14 00:00:00,1681430400000,2.202,2.285,2.152,2.221,14172016.6,1681516799999,True
2023-04-15 00:00:00,1681516800000,2.221,2.409,2.174,2.316,16330812.1,1681603199999,True
2023-04-16 00:00:00,1681603200000,2.316,2.356,2.263,2.323,8448728.9,1681689599999,True
2023-04-17 00:00:00,1681689600000,2.322,2.336,2.236,2.287,11101966.6,1681775999999,True
2023-04-18 00:00:00,1681776000000,2.288,2.401,2.237,2.346,10781056.5,1681862399999,True
2023-04-19 00:00:00,1681862400000,2.346,2.404,2.086,2.148,15925513.7,1681948799999,True
2023-04-20 00:00:00,1681948800000,2.148,2.231,2.02,2.048,13072500.8,1682035199999,True
2023-04-21 00:00:00,1682035200000,2.047,2.067,1.881,1.927,10449617.6,1682121599999,True
2023-04-22 00:00:00,1682121600000,1.927,1.95,1.895,1.946,4523084.5,1682207999999,True
2023-04-23 00:00:00,1682208000000,1.946,1.95,1.84,1.911,5705700.9,1682294399999,True
2023-04-24 00:00:00,1682294400000,1.911,1.944,1.848,1.885,5384920.7,1682380799999,True
2023-04-25 00:00:00,1682380800000,1.885,1.992,1.842,1.961,7109045.3,1682467199999,True
2023-04-26 00:00:00,1682467200000,1.961,2.027,1.779,1.891,11268165.4,1682553599999,True
2023-04-27 00:00:00,1682553600000,1.892,1.956,1.876,1.923,6060436.9,1682639999999,True
2023-04-28 00:00:00,1682640000000,1.923,1.941,1.873,1.916,3354930.8,1682726399999,True
2023-04-29 00:00:00,1682726400000,1.916,1.96,1.905,1.936,2529800.7,1682812799999,True
2023-04-30 00:00:00,1682812800000,1.936,1.988,1.892,1.929,3997104.3,1682899199999,True
2023-05-01 00:00:00,1682899200000,1.929,1.954,1.802,1.838,5068102.0,1682985599999,True
2023-05-02 00:00:00,1682985600000,1.837,1.853,1.811,1.835,3591961.0,1683071999999,True
2023-05-03 00:00:00,1683072000000,1.836,1.928,1.78,1.899,5815336.0,1683158399999,True
2023-05-04 00:00:00,1683158400000,1.899,1.902,1.825,1.841,3427891.9,1683244799999,True
2023-05-05 00:00:00,1683244800000,1.841,1.89,1.809,1.865,3992768.4,1683331199999,True
2023-05-06 00:00:00,1683331200000,1.866,1.88,1.739,1.767,5611669.8,1683417599999,True
2023-05-07 00:00:00,1683417600000,1.768,1.785,1.726,1.737,3328987.2,1683503999999,True
2023-05-08 00:00:00,1683504000000,1.736,1.747,1.564,1.643,8790720.0,1683590399999,True
2023-05-09 00:00:00,1683590400000,1.642,1.653,1.604,1.623,3270355.9,1683676799999,True
2023-05-10 00:00:00,1683676800000,1.624,1.687,1.55,1.661,7961466.7,1683763199999,True
2023-05-11 00:00:00,1683763200000,1.66,1.662,1.552,1.595,7360469.0,1683849599999,True
2023-05-12 00:00:00,1683849600000,1.596,1.656,1.541,1.648,10249034.8,1683935999999,True
2023-05-13 00:00:00,1683936000000,1.649,1.673,1.616,1.66,3933437.7,1684022399999,True
2023-05-14 00:00:00,1684022400000,1.661,1.678,1.64,1.656,3785199.4,1684108799999,True
2023-05-15 00:00:00,1684108800000,1.656,1.706,1.636,1.656,5360033.4,1684195199999,True
2023-05-16 00:00:00,1684195200000,1.656,1.671,1.627,1.656,4435609.5,1684281599999,True
2023-05-17 00:00:00,1684281600000,1.658,1.72,1.639,1.699,5351734.7,1684367999999,True
2023-05-18 00:00:00,1684368000000,1.7,1.703,1.623,1.656,4321671.0,1684454399999,True
2023-05-19 00:00:00,1684454400000,1.657,1.694,1.651,1.666,3498192.9,1684540799999,True
2023-05-20 00:00:00,1684540800000,1.666,1.669,1.65,1.661,2255733.9,1684627199999,True
2023-05-21 00:00:00,1684627200000,1.661,1.667,1.607,1.609,2818102.2,1684713599999,True
2023-05-22 00:00:00,1684713600000,1.609,1.627,1.573,1.612,4053226.7,1684799999999,True
2023-05-23 00:00:00,1684800000000,1.612,1.679,1.6,1.644,3994336.5,1684886399999,True
2023-05-24 00:00:00,1684886400000,1.644,1.645,1.55,1.571,5814024.1,1684972799999,True
2023-05-25 00:00:00,1684972800000,1.571,1.585,1.53,1.563,5357911.4,1685059199999,True
2023-05-26 00:00:00,1685059200000,1.564,1.598,1.531,1.578,4915421.1,1685145599999,True
2023-05-27 00:00:00,1685145600000,1.578,1.657,1.574,1.631,2774391.0,1685231999999,True
2023-05-28 00:00:00,1685232000000,1.631,1.688,1.624,1.667,4305958.2,1685318399999,True
2023-05-29 00:00:00,1685318400000,1.667,1.677,1.616,1.626,4337105.4,1685404799999,True
2023-05-30 00:00:00,1685404800000,1.627,1.647,1.602,1.609,3929641.7,1685491199999,True
2023-05-31 00:00:00,1685491200000,1.609,1.621,1.546,1.566,5082297.4,1685577599999,True
2023-06-01 00:00:00,1685577600000,1.566,1.576,1.533,1.547,3742832.5,1685663999999,True
2023-06-02 00:00:00,1685664000000,1.547,1.628,1.535,1.614,5490478.6,1685750399999,True
2023-06-03 00:00:00,1685750400000,1.614,1.64,1.598,1.617,3046082.3,1685836799999,True
2023-06-04 00:00:00,1685836800000,1.617,1.649,1.605,1.617,2860843.2,1685923199999,True
2023-06-05 00:00:00,1685923200000,1.616,1.659,1.436,1.498,11766431.4,1686009599999,True
2023-06-06 00:00:00,1686009600000,1.499,1.54,1.449,1.533,7988036.8,1686095999999,True
2023-06-07 00:00:00,1686096000000,1.534,1.534,1.4,1.414,6995854.8,1686182399999,True
2023-06-08 00:00:00,1686182400000,1.415,1.424,1.385,1.415,6065333.2,1686268799999,True
2023-06-09 00:00:00,1686268800000,1.415,1.433,1.369,1.385,4836413.6,1686355199999,True
2023-06-10 00:00:00,1686355200000,1.386,1.386,1.146,1.203,20848472.0,1686441599999,True
2023-06-11 00:00:00,1686441600000,1.203,1.239,1.186,1.209,7094100.2,1686527999999,True
2023-06-12 00:00:00,1686528000000,1.209,1.216,1.166,1.198,6876392.2,1686614399999,True
2023-06-13 00:00:00,1686614400000,1.199,1.246,1.186,1.199,8398827.7,1686700799999,True
2023-06-14 00:00:00,1686700800000,1.2,1.243,1.151,1.177,8682845.1,1686787199999,True
2023-06-15 00:00:00,1686787200000,1.177,1.225,1.16,1.196,7403941.1,1686873599999,True
2023-06-16 00:00:00,1686873600000,1.196,1.238,1.176,1.214,5258916.6,1686959999999,True
2023-06-17 00:00:00,1686960000000,1.215,1.28,1.204,1.258,6543498.9,1687046399999,True
2023-06-18 00:00:00,1687046400000,1.259,1.279,1.215,1.236,5411156.0,1687132799999,True
2023-06-19 00:00:00,1687132800000,1.237,1.244,1.195,1.242,5493135.0,1687219199999,True
2023-06-20 00:00:00,1687219200000,1.242,1.31,1.217,1.298,6636377.6,1687305599999,True
2023-06-21 00:00:00,1687305600000,1.297,1.366,1.293,1.339,11869671.2,1687391999999,True
2023-06-22 00:00:00,1687392000000,1.339,1.388,1.31,1.324,9397960.8,1687478399999,True
2023-06-23 00:00:00,1687478400000,1.324,1.409,1.32,1.382,7528195.2,1687564799999,True
2023-06-24 00:00:00,1687564800000,1.383,1.46,1.377,1.412,8571240.0,1687651199999,True
2023-06-25 00:00:00,1687651200000,1.413,1.464,1.391,1.4,6575713.0,1687737599999,True
2023-06-26 00:00:00,1687737600000,1.4,1.633,1.352,1.486,43775816.1,1687823999999,True
2023-06-27 00:00:00,1687824000000,1.485,1.507,1.447,1.476,11091012.4,1687910399999,True
2023-06-28 00:00:00,1687910400000,1.477,1.48,1.33,1.363,10080423.2,1687996799999,True
2023-06-29 00:00:00,1687996800000,1.363,1.397,1.339,1.35,8823306.1,1688083199999,True
2023-06-30 00:00:00,1688083200000,1.35,1.447,1.271,1.385,18139787.6,1688169599999,True
2023-07-01 00:00:00,1688169600000,1.385,1.49,1.354,1.485,9181005.4,1688255999999,True
2023-07-02 00:00:00,1688256000000,1.486,1.488,1.427,1.467,7153954.0,1688342399999,True
2023-07-03 00:00:00,1688342400000,1.468,1.487,1.428,1.456,9063341.7,1688428799999,True
2023-07-04 00:00:00,1688428800000,1.457,1.457,1.382,1.399,6231733.7,1688515199999,True
2023-07-05 00:00:00,1688515200000,1.399,1.416,1.333,1.355,7671474.5,1688601599999,True
2023-07-06 00:00:00,1688601600000,1.355,1.395,1.286,1.311,7324684.6,1688687999999,True
2023-07-07 00:00:00,1688688000000,1.311,1.37,1.296,1.331,6928430.4,1688774399999,True
2023-07-08 00:00:00,1688774400000,1.331,1.401,1.327,1.383,8284334.7,1688860799999,True
2023-07-09 00:00:00,1688860800000,1.382,1.393,1.318,1.327,5650496.7,1688947199999,True
2023-07-10 00:00:00,1688947200000,1.327,1.36,1.286,1.332,5108028.5,1689033599999,True
2023-07-11 00:00:00,1689033600000,1.332,1.355,1.304,1.33,4755069.2,1689119999999,True
2023-07-12 00:00:00,1689120000000,1.33,1.371,1.306,1.329,5643855.3,1689206399999,True
2023-07-13 00:00:00,1689206400000,1.329,1.468,1.314,1.464,12005085.6,1689292799999,True
2023-07-14 00:00:00,1689292800000,1.465,1.6,1.447,1.499,24009191.0,1689379199999,True
2023-07-15 00:00:00,1689379200000,1.498,1.528,1.459,1.491,5639099.8,1689465599999,True
2023-07-16 00:00:00,1689465600000,1.491,1.512,1.435,1.446,5478129.3,1689551999999,True
2023-07-17 00:00:00,1689552000000,1.446,1.507,1.423,1.501,8293806.4,1689638399999,True
2023-07-18 00:00:00,1689638400000,1.502,1.514,1.441,1.47,6951023.1,1689724799999,True
2023-07-19 00:00:00,1689724800000,1.47,1.52,1.457,1.466,5788193.1,1689811199999,True
2023-07-20 00:00:00,1689811200000,1.467,1.606,1.458,1.53,13091695.6,1689897599999,True
2023-07-21 00:00:00,1689897600000,1.53,1.533,1.473,1.48,5048963.1,1689983999999,True
2023-07-22 00:00:00,1689984000000,1.48,1.49,1.425,1.444,3651560.9,1690070399999,True
2023-07-23 00:00:00,1690070400000,1.442,1.479,1.433,1.455,3535798.7,1690156799999,True
2023-07-24 00:00:00,1690156800000,1.455,1.464,1.35,1.38,5847243.9,1690243199999,True
2023-07-25 00:00:00,1690243200000,1.379,1.382,1.331,1.348,5020834.7,1690329599999,True
2023-07-26 00:00:00,1690329600000,1.349,1.38,1.317,1.365,5458350.4,1690415999999,True
2023-07-27 00:00:00,1690416000000,1.365,1.39,1.35,1.379,3660751.5,1690502399999,True
2023-07-28 00:00:00,1690502400000,1.379,1.408,1.37,1.39,2926133.3,1690588799999,True
2023-07-29 00:00:00,1690588800000,1.39,1.415,1.387,1.406,1840108.7,1690675199999,True
2023-07-30 00:00:00,1690675200000,1.406,1.419,1.361,1.396,3918773.8,1690761599999,True
2023-07-31 00:00:00,1690761600000,1.396,1.417,1.351,1.37,3308844.1,1690847999999,True
2023-08-01 00:00:00,1690848000000,1.371,1.417,1.323,1.415,5489169.2,1690934399999,True
2023-08-02 00:00:00,1690934400000,1.415,1.424,1.382,1.398,4544000.9,1691020799999,True
2023-08-03 00:00:00,1691020800000,1.397,1.418,1.351,1.36,4174063.7,1691107199999,True
2023-08-04 00:00:00,1691107200000,1.36,1.366,1.327,1.341,3014935.9,1691193599999,True
2023-08-05 00:00:00,1691193600000,1.341,1.359,1.331,1.354,2564334.2,1691279999999,True
2023-08-06 00:00:00,1691280000000,1.353,1.372,1.335,1.339,2878378.9,1691366399999,True
2023-08-07 00:00:00,1691366400000,1.339,1.364,1.303,1.34,3955579.4,1691452799999,True
2023-08-08 00:00:00,1691452800000,1.34,1.376,1.331,1.36,4726361.0,1691539199999,True
2023-08-09 00:00:00,1691539200000,1.361,1.373,1.334,1.349,2810354.8,1691625599999,True
2023-08-10 00:00:00,1691625600000,1.35,1.352,1.327,1.336,2551914.1,1691711999999,True
2023-08-11 00:00:00,1691712000000,1.336,1.34,1.32,1.333,1943037.1,1691798399999,True
2023-08-12 00:00:00,1691798400000,1.334,1.358,1.33,1.343,3333974.6,1691884799999,True
2023-08-13 00:00:00,1691884800000,1.344,1.358,1.333,1.34,1967665.4,1691971199999,True
2023-08-14 00:00:00,1691971200000,1.34,1.355,1.328,1.337,2219414.1,1692057599999,True
2023-08-15 00:00:00,1692057600000,1.336,1.342,1.222,1.281,4890327.8,1692143999999,True
2023-08-16 00:00:00,1692144000000,1.28,1.291,1.18,1.21,7128464.1,1692230399999,True
2023-08-17 00:00:00,1692230400000,1.21,1.228,1.02,1.12,10353831.08,1692316799999,True
2023-08-18 00:00:00,1692316800000,1.119,1.156,1.111,1.143,6888909.9,1692403199999,True
2023-08-19 00:00:00,1692403200000,1.141,1.191,1.13,1.166,4664505.0,1692489599999,True
2023-08-20 00:00:00,1692489600000,1.165,1.182,1.147,1.168,2516475.0,1692575999999,True
2023-08-21 00:00:00,1692576000000,1.168,1.174,1.108,1.131,5028617.3,1692662399999,True
2023-08-22 00:00:00,1692662400000,1.131,1.172,1.094,1.172,7661846.1,1692748799999,True
2023-08-23 00:00:00,1692748800000,1.171,1.231,1.144,1.21,10332818.0,1692835199999,True
2023-08-24 00:00:00,1692835200000,1.21,1.217,1.171,1.195,4448061.9,1692921599999,True
2023-08-25 00:00:00,1692921600000,1.194,1.215,1.158,1.191,3307812.3,1693007999999,True
2023-08-26 00:00:00,1693008000000,1.192,1.207,1.187,1.192,1928794.0,1693094399999,True
2023-08-27 00:00:00,1693094400000,1.191,1.231,1.17,1.179,4584983.7,1693180799999,True
2023-08-28 00:00:00,1693180800000,1.178,1.2,1.148,1.194,3354457.8,1693267199999,True
2023-08-29 00:00:00,1693267200000,1.195,1.257,1.162,1.227,6308042.3,1693353599999,True
2023-08-30 00:00:00,1693353600000,1.228,1.231,1.188,1.204,3217574.5,1693439999999,True
2023-08-31 00:00:00,1693440000000,1.203,1.204,1.131,1.156,4331981.5,1693526399999,True
2023-09-01 00:00:00,1693526400000,1.155,1.167,1.115,1.127,6313645.5,1693612799999,True
2023-09-02 00:00:00,1693612800000,1.127,1.133,1.107,1.121,1974904.8,1693699199999,True
2023-09-03 00:00:00,1693699200000,1.121,1.135,1.113,1.125,2114643.0,1693785599999,True
2023-09-04 00:00:00,1693785600000,1.125,1.148,1.108,1.127,6284215.6,1693871999999,True
2023-09-05 00:00:00,1693872000000,1.127,1.157,1.109,1.128,4854596.7,1693958399999,True
2023-09-06 00:00:00,1693958400000,1.128,1.146,1.105,1.131,4972410.7,1694044799999,True
2023-09-07 00:00:00,1694044800000,1.13,1.155,1.123,1.154,6601462.4,1694131199999,True
2023-09-08 00:00:00,1694131200000,1.154,1.166,1.126,1.151,3048731.7,1694217599999,True
2023-09-09 00:00:00,1694217600000,1.152,1.187,1.149,1.166,2730086.9,1694303999999,True
2023-09-10 00:00:00,1694304000000,1.166,1.168,1.103,1.151,4842293.9,1694390399999,True
2023-09-11 00:00:00,1694390400000,1.152,1.155,1.082,1.102,7330796.2,1694476799999,True
2023-09-12 00:00:00,1694476800000,1.103,1.134,1.065,1.071,8701227.3,1694563199999,True
2023-09-13 00:00:00,1694563200000,1.07,1.106,1.067,1.089,3795921.2,1694649599999,True
2023-09-14 00:00:00,1694649600000,1.089,1.12,1.085,1.109,3664068.5,1694735999999,True
2023-09-15 00:00:00,1694736000000,1.108,1.133,1.097,1.13,4653506.4,1694822399999,True
2023-09-16 00:00:00,1694822400000,1.131,1.142,1.117,1.128,2592885.7,1694908799999,True
2023-09-17 00:00:00,1694908800000,1.128,1.129,1.075,1.095,2908586.9,1694995199999,True
2023-09-18 00:00:00,1694995200000,1.095,1.127,1.078,1.1,6357338.6,1695081599999,True
2023-09-19 00:00:00,1695081600000,1.099,1.132,1.09,1.121,4261332.0,1695167999999,True
2023-09-20 00:00:00,1695168000000,1.122,1.132,1.097,1.121,4201266.8,1695254399999,True
2023-09-21 00:00:00,1695254400000,1.121,1.155,1.101,1.125,7638154.4,1695340799999,True
2023-09-22 00:00:00,1695340800000,1.125,1.133,1.103,1.122,3905389.2,1695427199999,True
2023-09-23 00:00:00,1695427200000,1.122,1.126,1.107,1.115,2374850.3,1695513599999,True
2023-09-24 00:00:00,1695513600000,1.115,1.116,1.088,1.096,2617122.4,1695599999999,True
2023-09-25 00:00:00,1695600000000,1.095,1.115,1.084,1.101,2974919.9,1695686399999,True
2023-09-26 00:00:00,1695686400000,1.102,1.106,1.071,1.08,5152679.7,1695772799999,True
2023-09-27 00:00:00,1695772800000,1.081,1.099,1.058,1.077,4371621.9,1695859199999,True
2023-09-28 00:00:00,1695859200000,1.078,1.111,1.074,1.108,3493977.2,1695945599999,True
2023-09-29 00:00:00,1695945600000,1.109,1.129,1.095,1.121,3838680.4,1696031999999,True
2023-09-30 00:00:00,1696032000000,1.121,1.149,1.12,1.133,3475168.3,1696118399999,True
2023-10-01 00:00:00,1696118400000,1.134,1.171,1.127,1.16,3938417.1,1696204799999,True
2023-10-02 00:00:00,1696204800000,1.161,1.172,1.101,1.115,5096402.8,1696291199999,True
2023-10-03 00:00:00,1696291200000,1.114,1.124,1.093,1.099,3207156.7,1696377599999,True
2023-10-04 00:00:00,1696377600000,1.099,1.105,1.059,1.098,4361081.2,1696463999999,True
2023-10-05 00:00:00,1696464000000,1.099,1.112,1.071,1.073,4072058.0,1696550399999,True
2023-10-06 00:00:00,1696550400000,1.074,1.102,1.074,1.093,2206636.7,1696636799999,True
2023-10-07 00:00:00,1696636800000,1.094,1.109,1.083,1.091,2215409.5,1696723199999,True
2023-10-08 00:00:00,1696723200000,1.091,1.101,1.077,1.094,1586540.4,1696809599999,True
2023-10-09 00:00:00,1696809600000,1.094,1.097,1.014,1.041,4465595.6,1696895999999,True
2023-10-10 00:00:00,1696896000000,1.041,1.058,1.031,1.043,2381739.0,1696982399999,True
2023-10-11 00:00:00,1696982400000,1.043,1.045,1.006,1.029,4039087.9,1697068799999,True
2023-10-12 00:00:00,1697068800000,1.029,1.029,0.995,1.012,5141076.9,1697155199999,True
2023-10-13 00:00:00,1697155200000,1.013,1.021,0.997,1.009,8351245.1,1697241599999,True
2023-10-14 00:00:00,1697241600000,1.009,1.016,1.004,1.01,2502154.4,1697327999999,True
2023-10-15 00:00:00,1697328000000,1.011,1.035,1.007,1.027,3035063.1,1697414399999,True
2023-10-16 00:00:00,1697414400000,1.027,1.07,1.021,1.033,5496266.0,1697500799999,True
2023-10-17 00:00:00,1697500800000,1.034,1.041,0.997,1.009,4852239.6,1697587199999,True
2023-10-18 00:00:00,1697587200000,1.009,1.02,0.985,0.998,3520710.0,1697673599999,True
2023-10-19 00:00:00,1697673600000,0.998,1.002,0.971,0.987,4094808.7,1697759999999,True
2023-10-20 00:00:00,1697760000000,0.987,1.02,0.982,1.005,5802635.0,1697846399999,True
2023-10-21 00:00:00,1697846400000,1.006,1.05,0.998,1.041,5101312.9,1697932799999,True
2023-10-22 00:00:00,1697932800000,1.041,1.057,1.014,1.056,6070777.8,1698019199999,True
2023-10-23 00:00:00,1698019200000,1.056,1.113,1.046,1.101,14194547.0,1698105599999,True
2023-10-24 00:00:00,1698105600000,1.101,1.17,1.087,1.138,19920792.1,1698191999999,True
2023-10-25 00:00:00,1698192000000,1.139,1.164,1.104,1.143,12055586.6,1698278399999,True
2023-10-26 00:00:00,1698278400000,1.143,1.218,1.133,1.191,18329689.5,1698364799999,True
2023-10-27 00:00:00,1698364800000,1.192,1.261,1.158,1.221,14772138.3,1698451199999,True
2023-10-28 00:00:00,1698451200000,1.221,1.265,1.209,1.219,8910527.0,1698537599999,True
2023-10-29 00:00:00,1698537600000,1.22,1.278,1.196,1.277,7911652.5,1698623999999,True
2023-10-30 00:00:00,1698624000000,1.277,1.326,1.246,1.32,10685128.6,1698710399999,True
2023-10-31 00:00:00,1698710400000,1.32,1.34,1.248,1.332,11730433.4,1698796799999,True
2023-11-01 00:00:00,1698796800000,1.332,1.576,1.321,1.527,33723299.7,1698883199999,True
2023-11-02 00:00:00,1698883200000,1.527,1.568,1.434,1.524,30784425.0,1698969599999,True
2023-11-03 00:00:00,1698969600000,1.525,1.562,1.447,1.473,15672876.9,1699055999999,True
2023-11-04 00:00:00,1699056000000,1.473,1.535,1.456,1.511,9867751.3,1699142399999,True
2023-11-05 00:00:00,1699142400000,1.512,1.677,1.497,1.636,24534249.6,1699228799999,True
2023-11-06 00:00:00,1699228800000,1.636,1.68,1.551,1.583,19318856.8,1699315199999,True
2023-11-07 00:00:00,1699315200000,1.583,1.584,1.406,1.446,22296044.9,1699401599999,True
2023-11-08 00:00:00,1699401600000,1.446,1.493,1.417,1.47,14346006.3,1699487999999,True
2023-11-09 00:00:00,1699488000000,1.469,1.567,1.288,1.438,32458140.6,1699574399999,True
2023-11-10 00:00:00,1699574400000,1.438,1.586,1.398,1.553,24320958.8,1699660799999,True
2023-11-11 00:00:00,1699660800000,1.553,1.634,1.468,1.598,34460404.5,1699747199999,True
2023-11-12 00:00:00,1699747200000,1.598,1.8,1.521,1.701,42445161.1,1699833599999,True
2023-11-13 00:00:00,1699833600000,1.702,1.746,1.589,1.59,38071835.8,1699919999999,True
2023-11-14 00:00:00,1699920000000,1.59,1.628,1.45,1.538,26311248.6,1700006399999,True
2023-11-15 00:00:00,1700006400000,1.538,1.74,1.534,1.7,27904096.0,1700092799999,True
2023-11-16 00:00:00,1700092800000,1.7,1.858,1.648,1.721,41974911.4,1700179199999,True
2023-11-17 00:00:00,1700179200000,1.722,1.951,1.713,1.872,48696695.8,1700265599999,True
2023-11-18 00:00:00,1700265600000,1.871,1.897,1.678,1.77,27057605.9,1700351999999,True
2023-11-19 00:00:00,1700352000000,1.77,2.052,1.713,1.985,33478846.3,1700438399999,True
2023-11-20 00:00:00,1700438400000,1.986,2.188,1.963,1.997,49997968.1,1700524799999,True
2023-11-21 00:00:00,1700524800000,1.997,2.052,1.728,1.75,37430517.2,1700611199999,True
2023-11-22 00:00:00,1700611200000,1.75,1.868,1.742,1.824,26122066.9,1700697599999,True
2023-11-23 00:00:00,1700697600000,1.825,1.855,1.766,1.808,20024990.8,1700783999999,True
2023-11-24 00:00:00,1700784000000,1.809,1.915,1.775,1.833,17992582.3,1700870399999,True
2023-11-25 00:00:00,1700870400000,1.834,1.913,1.818,1.885,11442702.2,1700956799999,True
2023-11-26 00:00:00,1700956800000,1.885,1.916,1.785,1.828,13920190.0,1701043199999,True
2023-11-27 00:00:00,1701043200000,1.829,1.834,1.732,1.781,13351378.3,1701129599999,True
2023-11-28 00:00:00,1701129600000,1.781,1.826,1.73,1.821,12135525.2,1701215999999,True
2023-11-29 00:00:00,1701216000000,1.821,1.892,1.793,1.798,13971264.1,1701302399999,True
2023-11-30 00:00:00,1701302400000,1.799,1.89,1.786,1.879,13433650.2,1701388799999,True
2023-12-01 00:00:00,1701388800000,1.879,1.907,1.854,1.893,9719614.3,1701475199999,True
2023-12-02 00:00:00,1701475200000,1.892,2.033,1.89,2.008,15063254.5,1701561599999,True
2023-12-03 00:00:00,1701561600000,2.008,2.026,1.952,1.979,9989162.7,1701647999999,True
2023-12-04 00:00:00,1701648000000,1.98,2.196,1.975,2.149,32024206.9,1701734399999,True
2023-12-05 00:00:00,1701734400000,2.15,2.321,2.131,2.257,33936487.1,1701820799999,True
2023-12-06 00:00:00,1701820800000,2.257,2.397,2.241,2.285,32112716.2,1701907199999,True
2023-12-07 00:00:00,1701907200000,2.284,2.374,2.212,2.267,23792112.9,1701993599999,True
2023-12-08 00:00:00,1701993600000,2.267,2.393,2.19,2.376,26905824.7,1702079999999,True
2023-12-09 00:00:00,1702080000000,2.377,2.613,2.376,2.421,39602783.2,1702166399999,True
2023-12-10 00:00:00,1702166400000,2.421,2.599,2.382,2.519,22403544.0,1702252799999,True
2023-12-11 00:00:00,1702252800000,2.519,2.541,2.162,2.24,36466566.3,1702339199999,True
2023-12-12 00:00:00,1702339200000,2.24,2.465,2.222,2.305,34839883.7,1702425599999,True
2023-12-13 00:00:00,1702425600000,2.305,2.342,2.101,2.328,21565632.8,1702511999999,True
2023-12-14 00:00:00,1702512000000,2.329,2.355,2.18,2.322,20890471.5,1702598399999,True
2023-12-15 00:00:00,1702598400000,2.322,2.327,2.181,2.191,17911063.7,1702684799999,True
2023-12-16 00:00:00,1702684800000,2.191,2.446,2.16,2.39,26889718.4,1702771199999,True
2023-12-17 00:00:00,1702771200000,2.389,2.482,2.26,2.266,17453844.8,1702857599999,True
2023-12-18 00:00:00,1702857600000,2.267,2.318,2.067,2.29,18967305.1,1702943999999,True
2023-12-19 00:00:00,1702944000000,2.289,2.5,2.262,2.431,30928107.9,1703030399999,True
2023-12-20 00:00:00,1703030400000,2.431,3.055,2.422,2.845,83773397.6,1703116799999,True
2023-12-21 00:00:00,1703116800000,2.846,3.625,2.766,3.538,84184146.9,1703203199999,True
2023-12-22 00:00:00,1703203200000,3.537,3.803,3.271,3.36,46609009.6,1703289599999,True
2023-12-23 00:00:00,1703289600000,3.36,4.0,3.203,3.902,39145831.4,1703375999999,True
2023-12-24 00:00:00,1703376000000,3.902,4.097,3.614,3.798,42586262.9,1703462399999,True
2023-12-25 00:00:00,1703462400000,3.798,4.374,3.71,4.25,47591449.0,1703548799999,True
2023-12-26 00:00:00,1703548800000,4.25,4.625,3.948,4.301,50211486.7,1703635199999,True
2023-12-27 00:00:00,1703635200000,4.301,4.4,3.988,4.083,27689133.6,1703721599999,True
2023-12-28 00:00:00,1703721600000,4.085,4.322,3.728,3.756,28060345.2,1703807999999,True
2023-12-29 00:00:00,1703808000000,3.757,3.973,3.52,3.62,24259118.5,1703894399999,True
2023-12-30 00:00:00,1703894400000,3.621,3.782,3.539,3.676,15126384.9,1703980799999,True
2023-12-31 00:00:00,1703980800000,3.675,3.883,3.521,3.65,15864655.7,1704067199999,True
2024-01-01 00:00:00,1704067200000,3.651,3.834,3.567,3.794,13962506.3,1704153599999,True
2024-01-02 00:00:00,1704153600000,3.793,4.331,3.737,3.923,52454346.3,1704239999999,True
2024-01-03 00:00:00,1704240000000,3.924,4.089,2.905,3.771,38638209.3,1704326399999,True
2024-01-04 00:00:00,1704326400000,3.771,4.048,3.571,3.91,23129680.8,1704412799999,True
2024-01-05 00:00:00,1704412800000,3.91,3.95,3.451,3.552,16442583.3,1704499199999,True
2024-01-06 00:00:00,1704499200000,3.551,3.708,3.167,3.479,22677929.8,1704585599999,True
2024-01-07 00:00:00,1704585600000,3.476,3.539,3.151,3.215,12829779.7,1704671999999,True
2024-01-08 00:00:00,1704672000000,3.215,3.482,2.92,3.416,26868001.9,1704758399999,True
2024-01-09 00:00:00,1704758400000,3.416,3.54,3.026,3.222,24410549.9,1704844799999,True
2024-01-10 00:00:00,1704844800000,3.222,3.684,3.08,3.603,22822968.5,1704931199999,True
2024-01-11 00:00:00,1704931200000,3.602,3.844,3.508,3.612,27635964.0,1705017599999,True
2024-01-12 00:00:00,1705017600000,3.612,3.679,3.309,3.458,20632952.7,1705103999999,True
2024-01-13 00:00:00,1705104000000,3.457,3.519,3.3,3.404,9473850.9,1705190399999,True
2024-01-14 00:00:00,1705190400000,3.405,3.521,3.293,3.307,10560449.0,1705276799999,True
2024-01-15 00:00:00,1705276800000,3.308,3.425,3.239,3.306,9838499.5,1705363199999,True
2024-01-16 00:00:00,1705363200000,3.304,3.347,3.177,3.24,11616425.6,1705449599999,True
2024-01-17 00:00:00,1705449600000,3.24,3.367,3.155,3.308,12408276.7,1705535999999,True
2024-01-18 00:00:00,1705536000000,3.31,3.376,2.994,3.083,13843276.9,1705622399999,True
2024-01-19 00:00:00,1705622400000,3.084,3.098,2.785,3.01,14531330.7,1705708799999,True
2024-01-20 00:00:00,1705708800000,3.009,3.009,2.867,2.967,6520578.8,1705795199999,True
2024-01-21 00:00:00,1705795200000,2.965,3.045,2.918,2.922,6240181.9,1705881599999,True
2024-01-22 00:00:00,1705881600000,2.922,2.949,2.59,2.649,19322124.2,1705967999999,True
2024-01-23 00:00:00,1705968000000,2.65,2.726,2.45,2.65,19354608.3,1706054399999,True
2024-01-24 00:00:00,1706054400000,2.651,2.695,2.544,2.68,18354173.7,1706140799999,True
2024-01-25 00:00:00,1706140800000,2.68,2.745,2.605,2.696,11363694.6,1706227199999,True
2024-01-26 00:00:00,1706227200000,2.696,3.006,2.647,2.917,25477824.5,1706313599999,True
2024-01-27 00:00:00,1706313600000,2.917,2.964,2.824,2.912,10574415.6,1706399999999,True
2024-01-28 00:00:00,1706400000000,2.913,3.077,2.86,2.88,19132111.8,1706486399999,True
2024-01-29 00:00:00,1706486400000,2.88,3.062,2.855,3.008,12528231.5,1706572799999,True
2024-01-30 00:00:00,1706572800000,3.009,3.234,2.959,3.011,22174896.0,1706659199999,True
2024-01-31 00:00:00,1706659200000,3.011,3.03,2.786,2.823,18587160.4,1706745599999,True
2024-02-01 00:00:00,1706745600000,2.823,2.879,2.727,2.855,12212900.0,1706831999999,True
2024-02-02 00:00:00,1706832000000,2.856,2.946,2.832,2.9,10640220.2,1706918399999,True
2024-02-03 00:00:00,1706918400000,2.9,2.947,2.797,2.815,6099542.4,1707004799999,True
2024-02-04 00:00:00,1707004800000,2.815,2.822,2.748,2.754,6162215.7,1707091199999,True
2024-02-05 00:00:00,1707091200000,2.753,2.816,2.696,2.751,8388031.4,1707177599999,True
2024-02-06 00:00:00,1707177600000,2.75,2.78,2.683,2.736,9402775.6,1707263999999,True
2024-02-07 00:00:00,1707264000000,2.737,2.894,2.684,2.87,11021302.8,1707350399999,True
2024-02-08 00:00:00,1707350400000,2.87,3.002,2.87,2.922,15481538.5,1707436799999,True
2024-02-09 00:00:00,1707436800000,2.922,3.056,2.92,2.995,18818340.3,1707523199999,True
2024-02-10 00:00:00,1707523200000,2.995,3.148,2.962,3.043,15423644.6,1707609599999,True
2024-02-11 00:00:00,1707609600000,3.043,3.217,3.034,3.125,19610244.0,1707695999999,True
2024-02-12 00:00:00,1707696000000,3.126,3.4,3.074,3.381,29291296.6,1707782399999,True
2024-02-13 00:00:00,1707782400000,3.38,3.447,3.165,3.214,16818534.3,1707868799999,True
2024-02-14 00:00:00,1707868800000,3.214,3.454,3.167,3.334,18172884.6,1707955199999,True
2024-02-15 00:00:00,1707955200000,3.335,3.411,3.263,3.399,16578798.6,1708041599999,True
2024-02-16 00:00:00,1708041600000,3.4,3.461,3.172,3.279,16787888.9,1708127999999,True
2024-02-17 00:00:00,1708128000000,3.28,3.349,3.132,3.331,9165640.8,1708214399999,True
2024-02-18 00:00:00,1708214400000,3.332,3.584,3.264,3.521,19797361.3,1708300799999,True
2024-02-19 00:00:00,1708300800000,3.521,3.617,3.467,3.529,17251344.8,1708387199999,True
2024-02-20 00:00:00,1708387200000,3.529,3.557,3.236,3.395,18851694.9,1708473599999,True
2024-02-21 00:00:00,1708473600000,3.396,3.397,3.085,3.241,15970830.7,1708559999999,True
2024-02-22 00:00:00,1708560000000,3.241,3.349,3.117,3.25,13698551.5,1708646399999,True
2024-02-23 00:00:00,1708646400000,3.25,3.43,3.148,3.364,17875974.0,1708732799999,True
2024-02-24 00:00:00,1708732800000,3.363,3.933,3.294,3.864,31053266.4,1708819199999,True
2024-02-25 00:00:00,1708819200000,3.866,3.88,3.655,3.704,18486403.8,1708905599999,True
2024-02-26 00:00:00,1708905600000,3.704,4.198,3.644,4.097,38142269.3,1708991999999,True
2024-02-27 00:00:00,1708992000000,4.097,4.148,3.844,3.941,24829369.1,1709078399999,True
2024-02-28 00:00:00,1709078400000,3.942,4.099,3.514,3.897,32768419.1,1709164799999,True
2024-02-29 00:00:00,1709164800000,3.896,4.09,3.72,3.877,26637312.2,1709251199999,True
2024-03-01 00:00:00,1709251200000,3.879,4.125,3.874,3.957,20604916.4,1709337599999,True
2024-03-02 00:00:00,1709337600000,3.957,4.498,3.878,4.484,27991433.3,1709423999999,True
2024-03-03 00:00:00,1709424000000,4.485,4.503,3.9,4.432,30506442.3,1709510399999,True
2024-03-04 00:00:00,1709510400000,4.432,4.779,4.222,4.34,33748343.0,1709596799999,True
2024-03-05 00:00:00,1709596800000,4.341,4.483,3.558,4.245,42389675.6,1709683199999,True
2024-03-06 00:00:00,1709683200000,4.245,5.958,4.0,5.895,73764765.2,1709769599999,True
2024-03-07 00:00:00,1709769600000,5.894,6.195,5.386,5.521,51337774.6,1709855999999,True
2024-03-08 00:00:00,1709856000000,5.521,5.766,5.107,5.745,39958447.0,1709942399999,True
2024-03-09 00:00:00,1709942400000,5.746,6.491,5.596,6.193,34655872.2,1710028799999,True
2024-03-10 00:00:00,1710028800000,6.194,6.295,5.756,5.947,19165184.6,1710115199999,True
2024-03-11 00:00:00,1710115200000,5.947,7.306,5.6,6.679,47179376.5,1710201599999,True
2024-03-12 00:00:00,1710201600000,6.68,8.09,6.632,8.078,47513454.3,1710287999999,True
2024-03-13 00:00:00,1710288000000,8.077,8.535,7.591,7.761,32153782.4,1710374399999,True
2024-03-14 00:00:00,1710374400000,7.76,8.914,7.601,8.861,40738992.8,1710460799999,True
2024-03-15 00:00:00,1710460800000,8.861,9.01,6.987,7.487,64807771.2,1710547199999,True
2024-03-16 00:00:00,1710547200000,7.487,7.973,6.512,6.727,39393410.7,1710633599999,True
2024-03-17 00:00:00,1710633600000,6.726,8.443,6.625,8.244,39837291.2,1710719999999,True
2024-03-18 00:00:00,1710720000000,8.243,8.581,6.855,7.026,50524513.2,1710806399999,True
2024-03-19 00:00:00,1710806400000,7.024,7.131,6.202,6.354,45807871.2,1710892799999,True
2024-03-20 00:00:00,1710892800000,6.352,7.011,6.01,6.912,39612773.3,1710979199999,True
2024-03-21 00:00:00,1710979200000,6.912,6.991,6.41,6.449,24181914.8,1711065599999,True
2024-03-22 00:00:00,1711065600000,6.448,6.835,6.21,6.491,22585388.7,1711151999999,True
2024-03-23 00:00:00,1711152000000,6.492,6.8,6.361,6.617,12222718.1,1711238399999,True
2024-03-24 00:00:00,1711238400000,6.617,7.005,6.428,7.001,11224119.2,1711324799999,True
2024-03-25 00:00:00,1711324800000,7.001,7.761,6.973,7.45,28075111.2,1711411199999,True
2024-03-26 00:00:00,1711411200000,7.45,8.087,7.418,7.663,29423061.9,1711497599999,True
2024-03-27 00:00:00,1711497600000,7.664,7.908,7.082,7.255,23673038.3,1711583999999,True
2024-03-28 00:00:00,1711584000000,7.255,7.442,7.111,7.191,11865025.0,1711670399999,True
2024-03-29 00:00:00,1711670400000,7.191,7.203,6.852,6.974,10271411.2,1711756799999,True
2024-03-30 00:00:00,1711756800000,6.974,7.322,6.909,6.938,9475874.0,1711843199999,True
2024-03-31 00:00:00,1711843200000,6.941,7.363,6.906,7.294,9120382.0,1711929599999,True
2024-04-01 00:00:00,1711929600000,7.295,7.372,6.568,6.733,14920750.6,1712015999999,True
2024-04-02 00:00:00,1712016000000,6.734,6.734,6.11,6.216,14927903.3,1712102399999,True
2024-04-03 00:00:00,1712102400000,6.216,6.906,5.998,6.596,22770253.1,1712188799999,True
2024-04-04 00:00:00,1712188800000,6.597,7.034,6.337,6.727,20005528.5,1712275199999,True
2024-04-05 00:00:00,1712275200000,6.729,7.5,6.459,7.222,31705032.2,1712361599999,True
2024-04-06 00:00:00,1712361600000,7.223,7.306,6.895,7.022,12158018.5,1712447999999,True
2024-04-07 00:00:00,1712448000000,7.022,7.143,6.818,6.916,11123723.1,1712534399999,True
2024-04-08 00:00:00,1712534400000,6.916,7.579,6.836,7.358,20252957.9,1712620799999,True
2024-04-09 00:00:00,1712620800000,7.358,7.7,7.17,7.227,24017668.3,1712707199999,True
2024-04-10 00:00:00,1712707200000,7.224,7.318,6.643,6.983,16655855.9,1712793599999,True
2024-04-11 00:00:00,1712793600000,6.983,7.334,6.733,6.795,13418253.9,1712879999999,True
2024-04-12 00:00:00,1712880000000,6.795,6.918,5.2,5.788,26311169.0,1712966399999,True
2024-04-13 00:00:00,1712966400000,5.787,5.858,4.279,5.215,48296291.9,1713052799999,True
2024-04-14 00:00:00,1713052800000,5.215,5.733,4.92,5.721,34929534.8,1713139199999,True
2024-04-15 00:00:00,1713139200000,5.72,5.859,4.987,5.221,26263402.5,1713225599999,True
2024-04-16 00:00:00,1713225600000,5.222,5.544,4.902,5.493,22049664.4,1713311999999,True
2024-04-17 00:00:00,1713312000000,5.493,5.66,5.185,5.407,22060810.4,1713398399999,True
2024-04-18 00:00:00,1713398400000,5.408,5.887,5.222,5.705,20547323.7,1713484799999,True
2024-04-19 00:00:00,1713484800000,5.705,5.864,5.226,5.586,21142036.2,1713571199999,True
2024-04-20 00:00:00,1713571200000,5.587,6.256,5.505,6.218,14385126.9,1713657599999,True
2024-04-21 00:00:00,1713657600000,6.218,6.487,6.052,6.446,11442555.6,1713743999999,True
2024-04-22 00:00:00,1713744000000,6.447,7.25,6.342,7.028,20064917.4,1713830399999,True
2024-04-23 00:00:00,1713830400000,7.028,7.273,6.837,6.893,16521718.6,1713916799999,True
2024-04-24 00:00:00,1713916800000,6.892,7.341,6.709,6.86,22268770.9,1714003199999,True
2024-04-25 00:00:00,1714003200000,6.861,7.235,6.607,7.131,20465117.8,1714089599999,True
2024-04-26 00:00:00,1714089600000,7.13,7.531,6.896,6.93,21553151.8,1714175999999,True
2024-04-27 00:00:00,1714176000000,6.929,7.643,6.7,7.14,24669762.0,1714262399999,True
2024-04-28 00:00:00,1714262400000,7.141,7.459,7.03,7.047,13228061.5,1714348799999,True
2024-04-29 00:00:00,1714348800000,7.046,7.112,6.675,6.865,11798917.6,1714435199999,True
2024-04-30 00:00:00,1714435200000,6.867,6.952,5.847,6.194,15935654.0,1714521599999,True
2024-05-01 00:00:00,1714521600000,6.192,6.436,5.726,6.14,22941718.7,1714607999999,True
2024-05-02 00:00:00,1714608000000,6.142,6.214,5.868,6.087,15485993.3,1714694399999,True
2024-05-03 00:00:00,1714694400000,6.086,6.935,6.026,6.874,14772704.3,1714780799999,True
2024-05-04 00:00:00,1714780800000,6.874,6.99,6.753,6.864,9953022.4,1714867199999,True
2024-05-05 00:00:00,1714867200000,6.864,7.532,6.682,7.49,14953255.5,1714953599999,True
2024-05-06 00:00:00,1714953600000,7.49,7.598,7.163,7.311,16883213.3,1715039999999,True
2024-05-07 00:00:00,1715040000000,7.312,7.915,7.113,7.118,18373768.2,1715126399999,True
2024-05-08 00:00:00,1715126400000,7.119,7.298,6.788,6.809,11283383.6,1715212799999,True
2024-05-09 00:00:00,1715212800000,6.808,7.498,6.805,7.479,14067797.4,1715299199999,True
2024-05-10 00:00:00,1715299200000,7.479,7.648,7.122,7.253,14082787.0,1715385599999,True
2024-05-11 00:00:00,1715385600000,7.256,7.334,7.0,7.021,8534518.1,1715471999999,True
2024-05-12 00:00:00,1715472000000,7.021,7.07,6.833,6.887,5610582.1,1715558399999,True
2024-05-13 00:00:00,1715558400000,6.887,7.375,6.538,7.292,15212635.0,1715644799999,True
2024-05-14 00:00:00,1715644800000,7.292,7.39,6.929,7.022,13097923.9,1715731199999,True
2024-05-15 00:00:00,1715731200000,7.022,8.092,6.89,8.052,24516188.9,1715817599999,True
2024-05-16 00:00:00,1715817600000,8.05,8.296,7.853,8.021,17978429.7,1715903999999,True
2024-05-17 00:00:00,1715904000000,8.022,8.52,7.913,8.037,17172562.3,1715990399999,True
2024-05-18 00:00:00,1715990400000,8.039,8.121,7.81,7.921,7152308.6,1716076799999,True
2024-05-19 00:00:00,1716076800000,7.921,7.998,7.666,7.777,7233168.1,1716163199999,True
2024-05-20 00:00:00,1716163200000,7.776,8.34,7.706,8.291,16668785.7,1716249599999,True
2024-05-21 00:00:00,1716249600000,8.291,8.333,7.759,7.819,15159657.8,1716335999999,True
2024-05-22 00:00:00,1716336000000,7.819,8.264,7.7,7.986,14404688.6,1716422399999,True
2024-05-23 00:00:00,1716422400000,7.986,8.179,7.332,7.695,18629607.4,1716508799999,True
2024-05-24 00:00:00,1716508800000,7.694,8.07,7.586,7.909,9728547.6,1716595199999,True
2024-05-25 00:00:00,1716595200000,7.909,8.257,7.858,8.23,8533867.5,1716681599999,True
2024-05-26 00:00:00,1716681600000,8.229,8.376,7.783,7.814,8214093.5,1716767999999,True
2024-05-27 00:00:00,1716768000000,7.813,7.974,7.689,7.827,10158272.6,1716854399999,True
2024-05-28 00:00:00,1716854400000,7.828,7.99,7.523,7.707,13656301.1,1716940799999,True
2024-05-29 00:00:00,1716940800000,7.708,7.829,7.55,7.586,6785209.4,1717027199999,True
2024-05-30 00:00:00,1717027200000,7.585,7.655,7.219,7.285,7937700.0,1717113599999,True
2024-05-31 00:00:00,1717113600000,7.286,7.439,7.082,7.246,8203670.1,1717199999999,True
2024-06-01 00:00:00,1717200000000,7.247,7.468,7.174,7.375,3603043.0,1717286399999,True
2024-06-02 00:00:00,1717286400000,7.374,7.503,7.12,7.192,5566926.7,1717372799999,True
2024-06-03 00:00:00,1717372800000,7.191,7.385,7.087,7.121,6526876.7,1717459199999,True
2024-06-04 00:00:00,1717459200000,7.12,7.472,7.006,7.42,7252843.4,1717545599999,True
2024-06-05 00:00:00,1717545600000,7.423,7.709,7.42,7.658,5946225.0,1717631999999,True
2024-06-06 00:00:00,1717632000000,7.659,7.681,7.235,7.33,4900753.4,1717718399999,True
2024-06-07 00:00:00,1717718400000,7.33,7.455,6.08,6.875,13407678.9,1717804799999,True
2024-06-08 00:00:00,1717804800000,6.876,6.908,6.478,6.569,5578968.9,1717891199999,True
2024-06-09 00:00:00,1717891200000,6.568,6.692,6.514,6.588,4405834.1,1717977599999,True
2024-06-10 00:00:00,1717977600000,6.588,6.639,6.338,6.397,7178403.8,1718063999999,True
2024-06-11 00:00:00,1718064000000,6.396,6.408,6.001,6.064,10343818.3,1718150399999,True
2024-06-12 00:00:00,1718150400000,6.064,6.716,5.869,6.402,11882875.0,1718236799999,True
2024-06-13 00:00:00,1718236800000,6.402,6.406,5.85,5.921,8276887.4,1718323199999,True
2024-06-14 00:00:00,1718323200000,5.922,6.009,5.41,5.588,12795226.9,1718409599999,True
2024-06-15 00:00:00,1718409600000,5.589,5.7,5.508,5.606,4470912.0,1718495999999,True
2024-06-16 00:00:00,1718496000000,5.607,5.738,5.495,5.64,3960468.6,1718582399999,True
2024-06-17 00:00:00,1718582400000,5.641,5.734,4.98,5.167,14998727.2,1718668799999,True
2024-06-18 00:00:00,1718668800000,5.167,5.191,4.441,4.727,23474910.0,1718755199999,True
2024-06-19 00:00:00,1718755200000,4.727,5.109,4.662,4.962,13059637.2,1718841599999,True
2024-06-20 00:00:00,1718841600000,4.963,5.499,4.919,5.162,18626793.2,1718927999999,True
2024-06-21 00:00:00,1718928000000,5.162,5.441,5.091,5.406,14409324.1,1719014399999,True
2024-06-22 00:00:00,1719014400000,5.407,5.429,5.113,5.184,5684191.6,1719100799999,True
2024-06-23 00:00:00,1719100800000,5.185,5.45,5.101,5.195,7363991.8,1719187199999,True
2024-06-24 00:00:00,1719187200000,5.194,5.6,5.027,5.371,24220154.9,1719273599999,True
2024-06-25 00:00:00,1719273600000,5.373,5.636,5.311,5.425,9991564.4,1719359999999,True
2024-06-26 00:00:00,1719360000000,5.425,5.517,5.156,5.177,7449189.2,1719446399999,True
2024-06-27 00:00:00,1719446400000,5.177,5.372,5.075,5.223,7382073.1,1719532799999,True
2024-06-28 00:00:00,1719532800000,5.223,5.246,4.858,4.962,7994176.4,1719619199999,True
2024-06-29 00:00:00,1719619200000,4.962,5.05,4.922,4.964,2936292.9,1719705599999,True
2024-06-30 00:00:00,1719705600000,4.965,5.367,4.876,5.304,5969503.3,1719791999999,True
2024-07-01 00:00:00,1719792000000,5.304,5.399,5.209,5.267,5227641.1,1719878399999,True
2024-07-02 00:00:00,1719878400000,5.267,5.599,5.236,5.522,7736809.1,1719964799999,True
2024-07-03 00:00:00,1719964800000,5.522,5.583,4.991,5.034,8395679.9,1720051199999,True
2024-07-04 00:00:00,1720051200000,5.034,5.094,4.606,4.623,12975813.8,1720137599999,True
2024-07-05 00:00:00,1720137600000,4.622,4.629,4.0,4.425,26683298.8,1720223999999,True
2024-07-06 00:00:00,1720224000000,4.425,4.852,4.37,4.811,6760934.0,1720310399999,True
2024-07-07 00:00:00,1720310400000,4.81,4.83,4.379,4.401,7016883.0,1720396799999,True
2024-07-08 00:00:00,1720396800000,4.401,4.787,4.165,4.467,14620554.6,1720483199999,True
2024-07-09 00:00:00,1720483200000,4.467,4.606,4.372,4.533,10959115.5,1720569599999,True
2024-07-10 00:00:00,1720569600000,4.534,4.748,4.46,4.625,7779685.0,1720655999999,True
2024-07-11 00:00:00,1720656000000,4.626,5.06,4.544,4.93,11064506.2,1720742399999,True
2024-07-12 00:00:00,1720742400000,4.93,5.188,4.745,5.186,10047881.0,1720828799999,True
2024-07-13 00:00:00,1720828800000,5.186,5.334,5.101,5.202,4420298.0,1720915199999,True
2024-07-14 00:00:00,1720915200000,5.202,5.491,5.195,5.401,6605269.1,1721001599999,True
2024-07-15 00:00:00,1721001600000,5.399,5.999,5.362,5.915,10822925.0,1721087999999,True
2024-07-16 00:00:00,1721088000000,5.917,6.275,5.862,6.246,17150216.0,1721174399999,True
2024-07-17 00:00:00,1721174400000,6.246,6.489,6.007,6.068,11258431.9,1721260799999,True
2024-07-18 00:00:00,1721260800000,6.068,6.237,5.869,6.04,7153372.9,1721347199999,True
2024-07-19 00:00:00,1721347200000,6.042,6.445,5.86,6.435,10112955.2,1721433599999,True
2024-07-20 00:00:00,1721433600000,6.435,6.444,6.236,6.287,4527564.1,1721519999999,True
2024-07-21 00:00:00,1721520000000,6.288,6.38,5.915,6.34,7534364.5,1721606399999,True
2024-07-22 00:00:00,1721606400000,6.34,6.46,5.99,6.034,7102785.3,1721692799999,True
2024-07-23 00:00:00,1721692800000,6.034,6.092,5.691,5.763,6958690.2,1721779199999,True
2024-07-24 00:00:00,1721779200000,5.762,6.003,5.543,5.62,6988865.5,1721865599999,True
2024-07-25 00:00:00,1721865600000,5.62,5.731,5.133,5.415,12486535.1,1721951999999,True
2024-07-26 00:00:00,1721952000000,5.414,5.82,5.392,5.717,6635365.7,1722038399999,True
2024-07-27 00:00:00,1722038400000,5.717,5.939,5.524,5.679,6841074.4,1722124799999,True
2024-07-28 00:00:00,1722124800000,5.678,5.679,5.395,5.445,3982303.3,1722211199999,True
2024-07-29 00:00:00,1722211200000,5.445,5.713,5.261,5.272,8618145.0,1722297599999,True
2024-07-30 00:00:00,1722297600000,5.272,5.373,5.067,5.151,4876199.0,1722383999999,True
2024-07-31 00:00:00,1722384000000,5.15,5.297,4.968,4.99,5816656.5,1722470399999,True
2024-08-01 00:00:00,1722470400000,4.991,5.133,4.635,4.981,10617886.9,1722556799999,True
2024-08-02 00:00:00,1722556800000,4.98,5.049,4.572,4.604,10237953.7,1722643199999,True
2024-08-03 00:00:00,1722643200000,4.604,4.727,4.236,4.365,9663916.4,1722729599999,True
2024-08-04 00:00:00,1722729600000,4.366,4.45,3.994,4.133,11954895.6,1722815999999,True
2024-08-05 00:00:00,1722816000000,4.134,4.189,3.076,3.525,59167551.5,1722902399999,True
2024-08-06 00:00:00,1722902400000,3.525,3.809,3.494,3.678,17862736.1,1722988799999,True
2024-08-07 00:00:00,1722988800000,3.678,3.88,3.505,3.57,13239132.6,1723075199999,True
2024-08-08 00:00:00,1723075200000,3.571,4.087,3.47,4.064,12491361.4,1723161599999,True
2024-08-09 00:00:00,1723161600000,4.065,4.171,3.913,4.056,9216589.1,1723247999999,True
2024-08-10 00:00:00,1723248000000,4.057,4.258,3.96,4.161,6118137.0,1723334399999,True
2024-08-11 00:00:00,1723334400000,4.161,4.222,3.833,3.868,7516938.1,1723420799999,True
2024-08-12 00:00:00,1723420800000,3.867,4.134,3.83,4.111,9357880.4,1723507199999,True
2024-08-13 00:00:00,1723507200000,4.112,4.413,3.936,4.304,8288436.4,1723593599999,True
2024-08-14 00:00:00,1723593600000,4.305,4.331,4.106,4.17,7052113.9,1723679999999,True
2024-08-15 00:00:00,1723680000000,4.17,4.249,3.934,4.027,7568104.1,1723766399999,True
2024-08-16 00:00:00,1723766400000,4.027,4.073,3.824,3.968,5996873.6,1723852799999,True
2024-08-17 00:00:00,1723852800000,3.968,4.023,3.927,3.992,2658656.4,1723939199999,True
2024-08-18 00:00:00,1723939200000,3.992,4.066,3.893,3.9,3807083.5,1724025599999,True
2024-08-19 00:00:00,1724025600000,3.901,4.007,3.833,4.002,5111782.3,1724111999999,True
2024-08-20 00:00:00,1724112000000,4.002,4.15,3.946,4.001,6062190.4,1724198399999,True
2024-08-21 00:00:00,1724198400000,4.0,4.302,3.959,4.247,9242388.4,1724284799999,True
2024-08-22 00:00:00,1724284800000,4.247,4.391,4.166,4.304,7101798.7,1724371199999,True
2024-08-23 00:00:00,1724371200000,4.305,4.851,4.304,4.838,13126575.1,1724457599999,True
2024-08-24 00:00:00,1724457600000,4.838,5.256,4.738,5.041,9182015.0,1724543999999,True
2024-08-25 00:00:00,1724544000000,5.042,5.077,4.78,4.919,8108287.4,1724630399999,True
2024-08-26 00:00:00,1724630400000,4.92,5.005,4.704,4.782,8353644.3,1724716799999,True
2024-08-27 00:00:00,1724716800000,4.782,5.014,4.431,4.528,13722042.6,1724803199999,True
2024-08-28 00:00:00,1724803200000,4.526,4.604,4.217,4.345,15730320.1,1724889599999,True
2024-08-29 00:00:00,1724889600000,4.345,4.544,4.122,4.211,9515024.9,1724975999999,True
2024-08-30 00:00:00,1724976000000,4.211,4.308,3.937,4.113,10049866.4,1725062399999,True
2024-08-31 00:00:00,1725062400000,4.113,4.164,3.975,4.032,5389196.2,1725148799999,True
2024-09-01 00:00:00,1725148800000,4.032,4.075,3.81,3.849,7207255.2,1725235199999,True
2024-09-02 00:00:00,1725235200000,3.848,4.031,3.836,3.99,8999096.4,1725321599999,True
2024-09-03 00:00:00,1725321600000,3.989,4.076,3.709,3.725,9057003.3,1725407999999,True
2024-09-04 00:00:00,1725408000000,3.726,3.942,3.551,3.888,9580107.5,1725494399999,True
2024-09-05 00:00:00,1725494400000,3.888,3.927,3.696,3.712,7148531.4,1725580799999,True
2024-09-06 00:00:00,1725580800000,3.712,3.813,3.423,3.55,12155714.1,1725667199999,True
2024-09-07 00:00:00,1725667200000,3.551,3.755,3.544,3.667,5911989.6,1725753599999,True
2024-09-08 00:00:00,1725753600000,3.667,3.819,3.643,3.756,6985906.5,1725839999999,True
2024-09-09 00:00:00,1725840000000,3.756,4.106,3.751,4.014,10088162.5,1725926399999,True
2024-09-10 00:00:00,1725926400000,4.015,4.083,3.937,4.033,6183639.3,1726012799999,True
2024-09-11 00:00:00,1726012800000,4.033,4.054,3.816,3.968,9988582.0,1726099199999,True
2024-09-12 00:00:00,1726099200000,3.968,4.302,3.966,4.248,12006482.4,1726185599999,True
2024-09-13 00:00:00,1726185600000,4.248,4.366,4.116,4.287,9189736.4,1726271999999,True
2024-09-14 00:00:00,1726272000000,4.288,4.306,4.154,4.193,4639385.9,1726358399999,True
2024-09-15 00:00:00,1726358400000,4.193,4.263,3.999,4.016,6709316.8,1726444799999,True
2024-09-16 00:00:00,1726444800000,4.017,4.032,3.849,3.879,7546179.2,1726531199999,True
2024-09-17 00:00:00,1726531200000,3.88,4.305,3.832,4.134,11660498.3,1726617599999,True
2024-09-18 00:00:00,1726617600000,4.134,4.257,3.935,4.253,12050902.7,1726703999999,True
2024-09-19 00:00:00,1726704000000,4.253,4.585,4.253,4.363,18642626.1,1726790399999,True
2024-09-20 00:00:00,1726790400000,4.364,4.511,4.256,4.386,14666623.0,1726876799999,True
2024-09-21 00:00:00,1726876800000,4.386,4.692,4.286,4.666,9815495.1,1726963199999,True
2024-09-22 00:00:00,1726963200000,4.666,4.686,4.382,4.524,11244659.5,1727049599999,True
2024-09-23 00:00:00,1727049600000,4.525,5.277,4.398,5.177,27906349.7,1727135999999,True
2024-09-24 00:00:00,1727136000000,5.177,5.399,5.055,5.346,15683352.9,1727222399999,True
2024-09-25 00:00:00,1727222400000,5.346,5.46,5.108,5.144,10455830.7,1727308799999,True
2024-09-26 00:00:00,1727308800000,5.144,5.871,5.117,5.547,21618348.1,1727395199999,True
2024-09-27 00:00:00,1727395200000,5.548,5.755,5.36,5.457,15082575.5,1727481599999,True
2024-09-28 00:00:00,1727481600000,5.457,5.578,5.333,5.561,7851563.8,1727567999999,True
2024-09-29 00:00:00,1727568000000,5.562,5.628,5.352,5.504,8040873.7,1727654399999,True
2024-09-30 00:00:00,1727654400000,5.504,5.516,5.22,5.288,12703934.8,1727740799999,True
2024-10-01 00:00:00,1727740800000,5.287,5.565,4.594,4.839,21076537.6,1727827199999,True
2024-10-02 00:00:00,1727827200000,4.839,5.005,4.522,4.626,14261015.6,1727913599999,True
2024-10-03 00:00:00,1727913600000,4.626,4.771,4.418,4.641,11191187.2,1727999999999,True
2024-10-04 00:00:00,1728000000000,4.642,4.862,4.591,4.831,10144358.1,1728086399999,True
2024-10-05 00:00:00,1728086400000,4.83,4.869,4.634,4.777,7439096.1,1728172799999,True
2024-10-06 00:00:00,1728172800000,4.778,4.968,4.716,4.95,5151207.3,1728259199999,True
2024-10-07 00:00:00,1728259200000,4.95,5.327,4.917,5.046,15311582.6,1728345599999,True
2024-10-08 00:00:00,1728345600000,5.046,5.161,4.855,4.894,9675865.2,1728431999999,True
2024-10-09 00:00:00,1728432000000,4.893,4.987,4.552,4.609,9417638.1,1728518399999,True
2024-10-10 00:00:00,1728518400000,4.609,4.684,4.423,4.594,7949110.7,1728604799999,True
2024-10-11 00:00:00,1728604800000,4.595,4.808,4.545,4.737,9795820.0,1728691199999,True
2024-10-12 00:00:00,1728691200000,4.737,4.922,4.677,4.846,8456267.1,1728777599999,True
2024-10-13 00:00:00,1728777600000,4.846,4.875,4.561,4.704,8045364.5,1728863999999,True
2024-10-14 00:00:00,1728864000000,4.704,5.079,4.626,5.026,13263598.6,1728950399999,True
2024-10-15 00:00:00,1728950400000,5.026,5.282,4.865,5.065,20120073.0,1729036799999,True
2024-10-16 00:00:00,1729036800000,5.065,5.081,4.885,4.945,10887686.2,1729123199999,True
2024-10-17 00:00:00,1729123200000,4.946,5.037,4.651,4.769,9548768.2,1729209599999,True
2024-10-18 00:00:00,1729209600000,4.769,4.945,4.729,4.894,7755289.6,1729295999999,True
2024-10-19 00:00:00,1729296000000,4.896,4.944,4.759,4.818,4603652.9,1729382399999,True
2024-10-20 00:00:00,1729382400000,4.817,5.017,4.711,4.979,6928687.5,1729468799999,True
2024-10-21 00:00:00,1729468800000,4.98,5.06,4.753,4.782,7660342.6,1729555199999,True
2024-10-22 00:00:00,1729555200000,4.782,4.844,4.621,4.682,8983774.1,1729641599999,True
2024-10-23 00:00:00,1729641600000,4.682,4.692,4.447,4.652,6722652.7,1729727999999,True
2024-10-24 00:00:00,1729728000000,4.652,4.78,4.541,4.719,5902466.4,1729814399999,True
2024-10-25 00:00:00,1729814400000,4.719,4.739,3.97,4.172,15306071.3,1729900799999,True
2024-10-26 00:00:00,1729900800000,4.172,4.276,4.099,4.237,9209428.4,1729987199999,True
2024-10-27 00:00:00,1729987200000,4.237,4.382,4.188,4.308,3958252.6,1730073599999,True
2024-10-28 00:00:00,1730073600000,4.308,4.359,4.072,4.297,8012576.4,1730159999999,True
2024-10-29 00:00:00,1730160000000,4.298,4.519,4.287,4.438,9853036.6,1730246399999,True
2024-10-30 00:00:00,1730246400000,4.438,4.44,4.266,4.31,8690766.6,1730332799999,True
2024-10-31 00:00:00,1730332800000,4.31,4.332,4.019,4.054,9182088.3,1730419199999,True
2024-11-01 00:00:00,1730419200000,4.054,4.162,3.86,3.93,10892960.1,1730505599999,True
2024-11-02 00:00:00,1730505600000,3.93,3.989,3.768,3.809,5644166.6,1730591999999,True
2024-11-03 00:00:00,1730592000000,3.81,3.839,3.554,3.688,10892724.8,1730678399999,True
2024-11-04 00:00:00,1730678400000,3.688,3.758,3.506,3.619,9450378.2,1730764799999,True
2024-11-05 00:00:00,1730764800000,3.62,3.938,3.61,3.81,7911670.7,1730851199999,True
2024-11-06 00:00:00,1730851200000,3.81,4.29,3.808,4.233,18677712.1,1730937599999,True
2024-11-07 00:00:00,1730937600000,4.233,4.351,4.084,4.231,11220555.7,1731023999999,True
2024-11-08 00:00:00,1731024000000,4.231,4.393,4.152,4.332,14150062.7,1731110399999,True
2024-11-09 00:00:00,1731110400000,4.332,4.694,4.24,4.639,13389510.3,1731196799999,True
2024-11-10 00:00:00,1731196800000,4.641,4.949,4.437,4.723,24307076.2,1731283199999,True
2024-11-11 00:00:00,1731283200000,4.723,5.583,4.699,5.562,40642954.2,1731369599999,True
2024-11-12 00:00:00,1731369600000,5.561,5.756,4.945,5.338,41496973.5,1731455999999,True
2024-11-13 00:00:00,1731456000000,5.34,5.547,4.96,5.169,32524801.9,1731542399999,True
2024-11-14 00:00:00,1731542400000,5.171,5.651,5.013,5.415,26483365.0,1731628799999,True
2024-11-15 00:00:00,1731628800000,5.415,5.678,5.173,5.558,24531488.0,1731715199999,True
2024-11-16 00:00:00,1731715200000,5.558,6.389,5.455,5.945,31037180.2,1731801599999,True
2024-11-17 00:00:00,1731801600000,5.947,6.157,5.604,5.705,20411166.9,1731887999999,True
2024-11-18 00:00:00,1731888000000,5.705,6.306,5.648,6.021,20607194.5,1731974399999,True
2024-11-19 00:00:00,1731974400000,6.021,6.102,5.613,5.783,17167730.7,1732060799999,True
2024-11-20 00:00:00,1732060800000,5.782,5.847,5.336,5.477,16319400.9,1732147199999,True
2024-11-21 00:00:00,1732147200000,5.477,5.86,5.3,5.79,22046172.1,1732233599999,True
2024-11-22 00:00:00,1732233600000,5.79,6.183,5.484,6.136,23941761.2,1732319999999,True
2024-11-23 00:00:00,1732320000000,6.136,6.579,6.014,6.191,33032970.6,1732406399999,True
2024-11-24 00:00:00,1732406400000,6.192,7.004,6.007,6.873,35291880.8,1732492799999,True
2024-11-25 00:00:00,1732492800000,6.873,7.251,6.351,6.46,32364140.4,1732579199999,True
2024-11-26 00:00:00,1732579200000,6.459,6.669,5.956,6.518,26485869.4,1732665599999,True
2024-11-27 00:00:00,1732665600000,6.518,6.881,6.393,6.817,18576207.9,1732751999999,True
2024-11-28 00:00:00,1732752000000,6.816,7.17,6.46,7.015,15395042.7,1732838399999,True
2024-11-29 00:00:00,1732838400000,7.015,7.041,6.778,6.963,11539336.3,1732924799999,True
2024-11-30 00:00:00,1732924800000,6.962,7.237,6.782,7.007,15870378.0,1733011199999,True
2024-12-01 00:00:00,1733011200000,7.007,7.164,6.772,6.915,12250046.2,1733097599999,True
2024-12-02 00:00:00,1733097600000,6.915,7.5,6.413,7.48,27186869.4,1733183999999,True
2024-12-03 00:00:00,1733184000000,7.48,7.627,6.736,7.387,32513551.2,1733270399999,True
2024-12-04 00:00:00,1733270400000,7.388,7.71,7.153,7.47,24592321.2,1733356799999,True
2024-12-05 00:00:00,1733356800000,7.471,8.025,7.033,7.617,27609202.5,1733443199999,True
2024-12-06 00:00:00,1733443200000,7.617,8.244,7.516,8.02,21439811.5,1733529599999,True
2024-12-07 00:00:00,1733529600000,8.021,8.055,7.656,7.723,11484036.5,1733615999999,True
2024-12-08 00:00:00,1733616000000,7.724,7.863,7.454,7.824,11619577.4,1733702399999,True
2024-12-09 00:00:00,1733702400000,7.825,7.84,5.901,6.503,29091894.6,1733788799999,True
2024-12-10 00:00:00,1733788800000,6.504,6.83,5.933,6.423,30837652.6,1733875199999,True
2024-12-11 00:00:00,1733875200000,6.425,6.928,6.148,6.85,12535582.7,1733961599999,True
2024-12-12 00:00:00,1733961600000,6.849,7.325,6.779,6.913,15609721.7,1734047999999,True
2024-12-13 00:00:00,1734048000000,6.913,7.077,6.727,6.936,11007149.1,1734134399999,True
2024-12-14 00:00:00,1734134400000,6.938,7.042,6.494,6.684,8149872.1,1734220799999,True
2024-12-15 00:00:00,1734220800000,6.684,6.907,6.467,6.859,6675687.8,1734307199999,True
2024-12-16 00:00:00,1734307200000,6.86,7.054,6.525,6.616,9933167.2,1734393599999,True
2024-12-17 00:00:00,1734393600000,6.616,7.01,6.329,6.384,19119594.2,1734479999999,True
2024-12-18 00:00:00,1734480000000,6.384,6.43,5.672,5.687,23573355.9,1734566399999,True
2024-12-19 00:00:00,1734566400000,5.687,5.874,4.99,5.201,37100381.3,1734652799999,True
2024-12-20 00:00:00,1734652800000,5.201,5.462,4.536,5.354,41119697.3,1734739199999,True
2024-12-21 00:00:00,1734739200000,5.353,5.661,4.928,5.024,16609392.1,1734825599999,True
2024-12-22 00:00:00,1734825600000,5.024,5.14,4.837,5.038,14809904.1,1734911999999,True
2024-12-23 00:00:00,1734912000000,5.039,5.703,4.914,5.439,15810699.7,1734998399999,True
2024-12-24 00:00:00,1734998400000,5.44,5.662,5.288,5.552,12441713.1,1735084799999,True
2024-12-25 00:00:00,1735084800000,5.552,5.648,5.357,5.447,8010692.4,1735171199999,True
2024-12-26 00:00:00,1735171200000,5.447,5.499,5.0,5.086,8348417.2,1735257599999,True
2024-12-27 00:00:00,1735257600000,5.087,5.314,5.032,5.116,9079087.4,1735343999999,True
2024-12-28 00:00:00,1735344000000,5.116,5.369,5.069,5.343,4741621.0,1735430399999,True
2024-12-29 00:00:00,1735430400000,5.344,5.479,5.088,5.129,6367777.8,1735516799999,True
2024-12-30 00:00:00,1735516800000,5.13,5.284,4.953,5.047,8772296.7,1735603199999,True
2024-12-31 00:00:00,1735603200000,5.048,5.16,4.87,4.913,8243724.5,1735689599999,True
2025-01-01 00:00:00,1735689600000,4.912,5.334,4.878,5.286,7686625.8,1735775999999,True
2025-01-02 00:00:00,1735776000000,5.286,5.57,5.281,5.447,9048617.6,1735862399999,True
2025-01-03 00:00:00,1735862400000,5.448,5.829,5.392,5.818,9731887.5,1735948799999,True
2025-01-04 00:00:00,1735948800000,5.818,5.933,5.732,5.788,6602086.7,1736035199999,True
2025-01-05 00:00:00,1736035200000,5.79,5.984,5.622,5.908,5780578.1,1736121599999,True
2025-01-06 00:00:00,1736121600000,5.907,6.232,5.782,6.016,9177393.0,1736207999999,True
2025-01-07 00:00:00,1736208000000,6.015,6.026,5.346,5.365,10982703.4,1736294399999,True
2025-01-08 00:00:00,1736294400000,5.364,5.45,4.865,5.153,13555949.8,1736380799999,True
2025-01-09 00:00:00,1736380800000,5.154,5.22,4.838,4.978,10277336.9,1736467199999,True
2025-01-10 00:00:00,1736467200000,4.977,5.151,4.882,5.085,8946117.4,1736553599999,True
2025-01-11 00:00:00,1736553600000,5.085,5.167,4.988,5.087,4433326.2,1736639999999,True
2025-01-12 00:00:00,1736640000000,5.087,5.126,4.91,4.973,4003452.3,1736726399999,True
2025-01-13 00:00:00,1736726400000,4.973,5.095,4.413,4.751,18199407.3,1736812799999,True
2025-01-14 00:00:00,1736812800000,4.752,5.059,4.702,5.054,8203892.3,1736899199999,True
2025-01-15 00:00:00,1736899200000,5.054,5.338,4.862,5.317,12699897.3,1736985599999,True
2025-01-16 00:00:00,1736985600000,5.317,5.36,5.088,5.16,11852177.6,1737071999999,True
2025-01-17 00:00:00,1737072000000,5.161,5.796,5.161,5.754,12294229.1,1737158399999,True
2025-01-18 00:00:00,1737158400000,5.755,5.884,5.3,5.445,12168542.8,1737244799999,True
2025-01-19 00:00:00,1737244800000,5.445,5.654,4.886,4.981,22864412.4,1737331199999,True
2025-01-20 00:00:00,1737331200000,4.981,5.637,4.756,5.1,30964143.1,1737417599999,True
2025-01-21 00:00:00,1737417600000,5.1,5.349,4.881,5.251,15168956.6,1737503999999,True
2025-01-22 00:00:00,1737504000000,5.251,5.299,5.068,5.096,8805483.9,1737590399999,True
2025-01-23 00:00:00,1737590400000,5.097,5.126,4.857,4.98,13231440.0,1737676799999,True
2025-01-24 00:00:00,1737676800000,4.981,5.18,4.844,5.003,11210637.7,1737763199999,True
2025-01-25 00:00:00,1737763200000,5.002,5.027,4.866,4.928,5608693.1,1737849599999,True
2025-01-26 00:00:00,1737849600000,4.928,5.145,4.748,4.759,7728818.5,1737935999999,True
2025-01-27 00:00:00,1737936000000,4.758,4.773,4.358,4.639,16685938.8,1738022399999,True
2025-01-28 00:00:00,1738022400000,4.64,4.683,4.253,4.284,7250173.1,1738108799999,True
2025-01-29 00:00:00,1738108800000,4.283,4.582,4.265,4.418,9278108.3,1738195199999,True
2025-01-30 00:00:00,1738195200000,4.419,4.677,4.369,4.603,7477915.1,1738281599999,True
2025-01-31 00:00:00,1738281600000,4.603,4.847,4.533,4.619,8849664.3,1738367999999,True
2025-02-01 00:00:00,1738368000000,4.619,4.686,4.224,4.258,7442363.1,1738454399999,True
2025-02-02 00:00:00,1738454400000,4.258,4.343,3.51,3.75,24154343.8,1738540799999,True
2025-02-03 00:00:00,1738540800000,3.751,3.797,2.701,3.775,54994450.6,1738627199999,True
2025-02-04 00:00:00,1738627200000,3.775,3.799,3.275,3.394,20812122.7,1738713599999,True
2025-02-05 00:00:00,1738713600000,3.394,3.479,3.237,3.279,11024426.7,1738799999999,True
2025-02-06 00:00:00,1738800000000,3.279,3.384,3.116,3.143,16871742.9,1738886399999,True
2025-02-07 00:00:00,1738886400000,3.144,3.409,3.108,3.206,10983379.0,1738972799999,True
2025-02-08 00:00:00,1738972800000,3.206,3.317,3.159,3.286,12148627.6,1739059199999,True
2025-02-09 00:00:00,1739059200000,3.286,3.476,3.033,3.178,13952407.1,1739145599999,True
2025-02-10 00:00:00,1739145600000,3.179,3.307,3.065,3.208,16743439.7,1739231999999,True
2025-02-11 00:00:00,1739232000000,3.208,3.389,3.129,3.202,12931531.6,1739318399999,True
2025-02-12 00:00:00,1739318400000,3.202,3.471,3.099,3.43,21124116.7,1739404799999,True
2025-02-13 00:00:00,1739404800000,3.431,3.445,3.252,3.376,10781292.4,1739491199999,True
2025-02-14 00:00:00,1739491200000,3.377,3.632,3.339,3.551,13087406.9,1739577599999,True
2025-02-15 00:00:00,1739577600000,3.552,3.609,3.375,3.405,7524714.6,1739663999999,True
2025-02-16 00:00:00,1739664000000,3.405,3.555,3.36,3.416,8008571.8,1739750399999,True
2025-02-17 00:00:00,1739750400000,3.416,3.507,3.218,3.259,13533071.2,1739836799999,True
2025-02-18 00:00:00,1739836800000,3.258,3.313,3.026,3.14,11113792.7,1739923199999,True
2025-02-19 00:00:00,1739923200000,3.139,3.194,3.059,3.158,8513485.8,1740009599999,True
2025-02-20 00:00:00,1740009600000,3.158,3.507,3.144,3.467,16272462.9,1740095999999,True
2025-02-21 00:00:00,1740096000000,3.468,3.634,3.219,3.31,15100783.0,1740182399999,True
2025-02-22 00:00:00,1740182400000,3.311,3.644,3.294,3.468,12079979.1,1740268799999,True
2025-02-23 00:00:00,1740268800000,3.469,3.5,3.351,3.433,6395525.0,1740355199999,True
2025-02-24 00:00:00,1740355200000,3.433,3.461,3.027,3.065,14656133.2,1740441599999,True
2025-02-25 00:00:00,1740441600000,3.065,3.094,2.753,3.009,26052023.5,1740527999999,True
2025-02-26 00:00:00,1740528000000,3.009,3.107,2.882,3.023,13035036.2,1740614399999,True
2025-02-27 00:00:00,1740614400000,3.024,3.179,3.001,3.058,11695670.2,1740700799999,True
2025-02-28 00:00:00,1740700800000,3.059,3.102,2.766,3.066,19795609.0,1740787199999,True
2025-03-01 00:00:00,1740787200000,3.067,3.324,3.05,3.272,11690024.2,1740873599999,True
2025-03-02 00:00:00,1740873600000,3.271,3.563,3.174,3.554,21230700.0,1740959999999,True
2025-03-03 00:00:00,1740960000000,3.554,3.565,2.916,2.972,23605185.2,1741046399999,True
2025-03-04 00:00:00,1741046400000,2.973,2.981,2.559,2.811,32591186.3,1741132799999,True
2025-03-05 00:00:00,1741132800000,2.812,3.048,2.776,2.989,16303167.1,1741219199999,True
2025-03-06 00:00:00,1741219200000,2.99,3.249,2.953,3.056,16892047.8,1741305599999,True
2025-03-07 00:00:00,1741305600000,3.055,3.098,2.884,2.942,27725970.0,1741391999999,True
2025-03-08 00:00:00,1741392000000,2.942,2.974,2.828,2.885,8638683.2,1741478399999,True
2025-03-09 00:00:00,1741478400000,2.886,2.902,2.495,2.553,13580313.4,1741564799999,True
2025-03-10 00:00:00,1741564800000,2.554,2.676,2.24,2.285,24749691.6,1741651199999,True
2025-03-11 00:00:00,1741651200000,2.286,2.565,2.14,2.449,24945681.3,1741737599999,True
2025-03-12 00:00:00,1741737600000,2.45,2.575,2.347,2.556,16458135.2,1741823999999,True
2025-03-13 00:00:00,1741824000000,2.556,2.657,2.479,2.572,13184773.0,1741910399999,True
2025-03-14 00:00:00,1741910400000,2.572,2.715,2.553,2.608,21538337.9,1741996799999,True
2025-03-15 00:00:00,1741996800000,2.608,2.696,2.602,2.642,7406681.3,1742083199999,True
2025-03-16 00:00:00,1742083200000,2.643,2.668,2.486,2.516,10074418.1,1742169599999,True
2025-03-17 00:00:00,1742169600000,2.516,2.685,2.507,2.637,10201123.2,1742255999999,True
2025-03-18 00:00:00,1742256000000,2.637,2.654,2.503,2.586,8117448.9,1742342399999,True
2025-03-19 00:00:00,1742342400000,2.585,2.823,2.56,2.791,19158508.7,1742428799999,True
2025-03-20 00:00:00,1742428800000,2.79,2.814,2.676,2.741,7588148.7,1742515199999,True
2025-03-21 00:00:00,1742515200000,2.742,2.782,2.684,2.715,5268081.8,1742601599999,True
2025-03-22 00:00:00,1742601600000,2.715,2.795,2.712,2.732,4215364.7,1742687999999,True
2025-03-23 00:00:00,1742688000000,2.732,2.796,2.714,2.778,3697250.5,1742774399999,True
2025-03-24 00:00:00,1742774400000,2.778,3.032,2.759,2.921,11247182.6,1742860799999,True
2025-03-25 00:00:00,1742860800000,2.922,3.076,2.897,3.026,7612237.4,1742947199999,True
2025-03-26 00:00:00,1742947200000,3.026,3.074,2.934,2.984,7249113.6,1743033599999,True
2025-03-27 00:00:00,1743033600000,2.985,3.093,2.938,3.013,7397400.7,1743119999999,True
2025-03-28 00:00:00,1743120000000,3.013,3.041,2.667,2.734,12064452.9,1743206399999,True
2025-03-29 00:00:00,1743206400000,2.733,2.772,2.521,2.566,9038715.3,1743292799999,True
2025-03-30 00:00:00,1743292800000,2.567,2.776,2.546,2.593,9516724.2,1743379199999,True
2025-03-31 00:00:00,1743379200000,2.594,2.632,2.468,2.509,13149021.6,1743465599999,True
2025-04-01 00:00:00,1743465600000,2.509,2.699,2.482,2.649,9740987.7,1743551999999,True
2025-04-02 00:00:00,1743552000000,2.65,2.74,2.404,2.449,15529658.7,1743638399999,True
2025-04-03 00:00:00,1743638400000,2.45,2.55,2.363,2.509,12259455.3,1743724799999,True
2025-04-04 00:00:00,1743724800000,2.51,2.573,2.4,2.508,12334383.9,1743811199999,True
2025-04-05 00:00:00,1743811200000,2.507,2.533,2.403,2.443,4194841.7,1743897599999,True
2025-04-06 00:00:00,1743897600000,2.443,2.454,2.11,2.162,11697095.9,1743983999999,True
2025-04-07 00:00:00,1743984000000,2.162,2.26,1.978,2.118,34486508.5,1744070399999,True
2025-04-08 00:00:00,1744070400000,2.119,2.17,1.876,1.908,21930944.4,1744156799999,True
2025-04-09 00:00:00,1744156800000,1.908,2.147,1.821,2.102,35529338.7,1744243199999,True
2025-04-10 00:00:00,1744243200000,2.102,2.106,1.932,2.004,15220642.7,1744329599999,True
2025-04-11 00:00:00,1744329600000,2.003,2.122,2.0,2.089,11273271.4,1744415999999,True
2025-04-12 00:00:00,1744416000000,2.089,2.236,2.06,2.212,9627141.3,1744502399999,True
2025-04-13 00:00:00,1744502400000,2.213,2.247,2.077,2.094,9819656.9,1744588799999,True
2025-04-14 00:00:00,1744588800000,2.095,2.21,2.076,2.115,16040456.4,1744675199999,True
2025-04-15 00:00:00,1744675200000,2.116,2.144,2.015,2.039,10866643.2,1744761599999,True
2025-04-16 00:00:00,1744761600000,2.038,2.062,1.912,1.967,17036810.8,1744847999999,True
2025-04-17 00:00:00,1744848000000,1.967,2.096,1.958,2.052,10071392.0,1744934399999,True
2025-04-18 00:00:00,1744934400000,2.052,2.091,2.025,2.056,9013703.9,1745020799999,True
2025-04-19 00:00:00,1745020800000,2.055,2.199,2.049,2.182,6724401.1,1745107199999,True
2025-04-20 00:00:00,1745107200000,2.183,2.276,2.143,2.243,6603317.9,1745193599999,True
2025-04-21 00:00:00,1745193600000,2.244,2.332,2.2,2.217,10896036.2,1745279999999,True
2025-04-22 00:00:00,1745280000000,2.216,2.427,2.149,2.404,12111883.1,1745366399999,True
2025-04-23 00:00:00,1745366400000,2.404,2.549,2.391,2.47,13889872.1,1745452799999,True
2025-04-24 00:00:00,1745452800000,2.47,2.589,2.359,2.544,12377761.6,1745539199999,True
2025-04-25 00:00:00,1745539200000,2.543,2.649,2.485,2.619,10952969.4,1745625599999,True
2025-04-26 00:00:00,1745625600000,2.62,2.729,2.549,2.623,9129696.9,1745711999999,True
2025-04-27 00:00:00,1745712000000,2.623,2.658,2.487,2.488,6959687.3,1745798399999,True
2025-04-28 00:00:00,1745798400000,2.489,2.63,2.419,2.584,12141763.8,1745884799999,True
2025-04-29 00:00:00,1745884800000,2.585,2.62,2.486,2.529,9866365.0,1745971199999,True
2025-04-30 00:00:00,1745971200000,2.528,2.55,2.375,2.463,7918908.3,1746057599999,True
2025-05-01 00:00:00,1746057600000,2.464,2.606,2.459,2.542,7959029.6,1746143999999,True
2025-05-02 00:00:00,1746144000000,2.542,2.635,2.486,2.51,7291529.0,1746230399999,True
2025-05-03 00:00:00,1746230400000,2.511,2.516,2.399,2.422,6812115.1,1746316799999,True
2025-05-04 00:00:00,1746316800000,2.422,2.454,2.304,2.322,6257302.2,1746403199999,True
2025-05-05 00:00:00,1746403200000,2.321,2.397,2.285,2.315,5763100.1,1746489599999,True
2025-05-06 00:00:00,1746489600000,2.315,2.348,2.232,2.329,9099056.8,1746575999999,True
2025-05-07 00:00:00,1746576000000,2.329,2.385,2.223,2.284,10610239.7,1746662399999,True
2025-05-08 00:00:00,1746662400000,2.285,2.743,2.274,2.736,15510250.4,1746748799999,True
2025-05-09 00:00:00,1746748800000,2.736,2.986,2.722,2.901,18620824.6,1746835199999,True
2025-05-10 00:00:00,1746835200000,2.901,3.383,2.875,3.35,14461501.9,1746921599999,True
2025-05-11 00:00:00,1746921600000,3.351,3.371,3.065,3.14,14382806.5,1747007999999,True
2025-05-12 00:00:00,1747008000000,3.141,3.341,3.012,3.187,18712480.4,1747094399999,True
2025-05-13 00:00:00,1747094400000,3.188,3.294,2.995,3.21,11080196.8,1747180799999,True
2025-05-14 00:00:00,1747180800000,3.21,3.293,3.022,3.051,11438919.9,1747267199999,True
2025-05-15 00:00:00,1747267200000,3.051,3.099,2.808,2.882,15562201.1,1747353599999,True
2025-05-16 00:00:00,1747353600000,2.883,2.99,2.769,2.795,8949362.0,1747439999999,True
2025-05-17 00:00:00,1747440000000,2.795,2.807,2.657,2.693,7893996.7,1747526399999,True
2025-05-18 00:00:00,1747526400000,2.693,2.945,2.641,2.866,12613480.2,1747612799999,True
2025-05-19 00:00:00,1747612800000,2.867,2.879,2.644,2.769,11295860.1,1747699199999,True
2025-05-20 00:00:00,1747699200000,2.769,2.888,2.674,2.813,9857449.0,1747785599999,True
2025-05-21 00:00:00,1747785600000,2.814,2.966,2.755,2.863,17235719.9,1747871999999,True
2025-05-22 00:00:00,1747872000000,2.864,3.103,2.863,3.076,14472008.2,1747958399999,True
2025-05-23 00:00:00,1747958400000,3.077,3.161,2.782,2.797,18804983.2,1748044799999,True
2025-05-24 00:00:00,1748044800000,2.798,2.86,2.758,2.774,6677724.9,1748131199999,True
2025-05-25 00:00:00,1748131200000,2.775,2.814,2.636,2.796,9368947.8,1748217599999,True
2025-05-26 00:00:00,1748217600000,2.797,2.87,2.737,2.769,9391458.3,1748303999999,True
2025-05-27 00:00:00,1748304000000,2.769,2.926,2.698,2.817,11240545.3,1748390399999,True
2025-05-28 00:00:00,1748390400000,2.817,2.899,2.737,2.87,10917220.5,1748476799999,True
2025-05-29 00:00:00,1748476800000,2.871,2.989,2.745,2.754,17760804.0,1748563199999,True
2025-05-30 00:00:00,1748563200000,2.754,2.771,2.41,2.444,21468557.3,1748649599999,True
2025-05-31 00:00:00,1748649600000,2.445,2.467,2.333,2.421,14058167.1,1748735999999,True
2025-06-01 00:00:00,1748736000000,2.421,2.474,2.352,2.462,8351113.6,1748822399999,True
2025-06-02 00:00:00,1748822400000,2.463,2.516,2.374,2.503,10185792.5,1748908799999,True
2025-06-03 00:00:00,1748908800000,2.504,2.591,2.475,2.506,9450772.3,1748995199999,True
2025-06-04 00:00:00,1748995200000,2.506,2.577,2.419,2.435,9179422.9,1749081599999,True
2025-06-05 00:00:00,1749081600000,2.435,2.52,2.224,2.247,13420715.5,1749167999999,True
2025-06-06 00:00:00,1749168000000,2.246,2.367,2.243,2.314,9464165.1,1749254399999,True
2025-06-07 00:00:00,1749254400000,2.315,2.465,2.302,2.423,5054418.7,1749340799999,True
2025-06-08 00:00:00,1749340800000,2.423,2.463,2.371,2.421,5876054.8,1749427199999,True
2025-06-09 00:00:00,1749427200000,2.421,2.552,2.371,2.543,8815827.0,1749513599999,True
2025-06-10 00:00:00,1749513600000,2.544,2.666,2.501,2.662,12020507.7,1749599999999,True
2025-06-11 00:00:00,1749600000000,2.662,2.73,2.556,2.573,10173942.1,1749686399999,True
2025-06-12 00:00:00,1749686400000,2.573,2.581,2.365,2.369,9888172.1,1749772799999,True
2025-06-13 00:00:00,1749772800000,2.369,2.37,2.159,2.24,19293339.8,1749859199999,True
2025-06-14 00:00:00,1749859200000,2.239,2.249,2.159,2.232,6672462.8,1749945599999,True
2025-06-15 00:00:00,1749945600000,2.233,2.272,2.17,2.228,5184333.5,1750031999999,True
2025-06-16 00:00:00,1750032000000,2.228,2.387,2.205,2.272,10042413.2,1750118399999,True
2025-06-17 00:00:00,1750118400000,2.272,2.301,2.097,2.14,12524666.1,1750204799999,True
2025-06-18 00:00:00,1750204800000,2.14,2.202,2.072,2.187,10805064.3,1750291199999,True
2025-06-19 00:00:00,1750291200000,2.187,2.213,2.143,2.181,8172312.1,1750377599999,True
2025-06-20 00:00:00,1750377600000,2.182,2.201,2.018,2.075,9320143.1,1750463999999,True
2025-06-21 00:00:00,1750464000000,2.075,2.105,1.903,1.973,8464747.8,1750550399999,True
2025-06-22 00:00:00,1750550400000,1.972,2.008,1.793,1.898,21111804.9,1750636799999,True
2025-06-23 00:00:00,1750636800000,1.898,2.149,1.864,2.123,18642754.3,1750723199999,True
2025-06-24 00:00:00,1750723200000,2.123,2.23,2.111,2.19,13359845.3,1750809599999,True
2025-06-25 00:00:00,1750809600000,2.19,2.198,2.114,2.139,9110942.6,1750895999999,True
2025-06-26 00:00:00,1750896000000,2.138,2.191,2.024,2.05,11957630.1,1750982399999,True
2025-06-27 00:00:00,1750982400000,2.051,2.13,2.024,2.113,10760814.6,1751068799999,True
2025-06-28 00:00:00,1751068800000,2.113,2.184,2.089,2.166,5123834.0,1751155199999,True
2025-06-29 00:00:00,1751155200000,2.167,2.296,2.112,2.259,8423965.5,1751241599999,True
2025-06-30 00:00:00,1751241600000,2.259,2.276,2.111,2.148,10642399.3,1751327999999,True
2025-07-01 00:00:00,1751328000000,2.149,2.166,2.017,2.04,7506594.6,1751414399999,True
2025-07-02 00:00:00,1751414400000,2.04,2.27,2.022,2.22,14532650.0,1751500799999,True
2025-07-03 00:00:00,1751500800000,2.221,2.363,2.214,2.275,13136681.5,1751587199999,True
2025-07-04 00:00:00,1751587200000,2.275,2.299,2.099,2.134,10507784.8,1751673599999,True
2025-07-05 00:00:00,1751673600000,2.135,2.161,2.096,2.149,4434850.2,1751759999999,True
2025-07-06 00:00:00,1751760000000,2.15,2.224,2.112,2.18,6010306.9,1751846399999,True
2025-07-07 00:00:00,1751846400000,2.181,2.215,2.132,2.159,7180956.6,1751932799999,True
2025-07-08 00:00:00,1751932800000,2.159,2.259,2.12,2.244,8864097.1,1752019199999,True
2025-07-09 00:00:00,1752019200000,2.245,2.36,2.204,2.339,10833621.7,1752105599999,True
2025-07-10 00:00:00,1752105600000,2.339,2.536,2.318,2.515,10789627.6,1752191999999,True
2025-07-11 00:00:00,1752192000000,2.516,2.641,2.42,2.505,16497053.9,1752278399999,True
2025-07-12 00:00:00,1752278400000,2.505,2.556,2.405,2.482,10024677.2,1752364799999,True
2025-07-13 00:00:00,1752364800000,2.483,2.592,2.469,2.531,7233596.5,1752451199999,True
2025-07-14 00:00:00,1752451200000,2.531,2.697,2.524,2.579,14187748.0,1752537599999,True
2025-07-15 00:00:00,1752537600000,2.579,2.672,2.479,2.67,13857400.7,1752623999999,True
2025-07-16 00:00:00,1752624000000,2.671,2.818,2.61,2.73,14911193.0,1752710399999,True
2025-07-17 00:00:00,1752710400000,2.731,2.863,2.659,2.817,17296681.9,1752796799999,True
2025-07-18 00:00:00,1752796800000,2.818,3.041,2.721,2.805,18255369.3,1752883199999,True
2025-07-19 00:00:00,1752883200000,2.804,2.949,2.739,2.918,9521366.3,1752969599999,True
2025-07-20 00:00:00,1752969600000,2.918,3.07,2.882,2.976,12221981.1,1753055999999,True
2025-07-21 00:00:00,1753056000000,2.976,3.101,2.91,3.022,15030754.5,1753142399999,True
2025-07-22 00:00:00,1753142400000,3.023,3.053,2.851,3.03,19539676.5,1753228799999,True
2025-07-23 00:00:00,1753228800000,3.031,3.038,2.659,2.754,17315760.9,1753315199999,True
2025-07-24 00:00:00,1753315200000,2.755,2.828,2.581,2.717,18267028.7,1753401599999,True
2025-07-25 00:00:00,1753401600000,2.718,2.869,2.602,2.855,15336781.0,1753487999999,True
2025-07-26 00:00:00,1753488000000,2.854,2.935,2.838,2.882,6542357.6,1753574399999,True
2025-07-27 00:00:00,1753574400000,2.883,2.978,2.878,2.963,8298608.4,1753660799999,True
2025-07-28 00:00:00,1753660800000,2.963,3.016,2.721,2.752,13913787.1,1753747199999,True
2025-07-29 00:00:00,1753747200000,2.751,2.834,2.659,2.723,13200628.5,1753833599999,True
2025-07-30 00:00:00,1753833600000,2.724,2.736,2.508,2.657,13128271.6,1753919999999,True
2025-07-31 00:00:00,1753920000000,2.657,2.737,2.524,2.535,8814362.5,1754006399999,True
2025-08-01 00:00:00,1754006400000,2.534,2.55,2.352,2.414,23048769.6,1754092799999,True
2025-08-02 00:00:00,1754092800000,2.415,2.452,2.301,2.348,8776964.0,1754179199999,True
2025-08-03 00:00:00,1754179200000,2.348,2.459,2.313,2.444,4792901.5,1754265599999,True
2025-08-04 00:00:00,1754265600000,2.444,2.57,2.441,2.552,7560879.0,1754351999999,True
2025-08-05 00:00:00,1754352000000,2.554,2.557,2.392,2.468,10430990.4,1754438399999,True
2025-08-06 00:00:00,1754438400000,2.469,2.528,2.385,2.489,8687298.5,1754524799999,True
2025-08-07 00:00:00,1754524800000,2.489,2.656,2.468,2.651,6288182.7,1754611199999,True
2025-08-08 00:00:00,1754611200000,2.651,2.764,2.608,2.712,11110772.6,1754697599999,True
2025-08-09 00:00:00,1754697600000,2.713,2.859,2.705,2.831,8196835.3,1754783999999,True
2025-08-10 00:00:00,1754784000000,2.831,2.87,2.695,2.754,11744994.8,1754870399999,True
2025-08-11 00:00:00,1754870400000,2.754,2.83,2.578,2.601,14279822.7,1754956799999,True
2025-08-12 00:00:00,1754956800000,2.601,2.825,2.565,2.787,12919041.1,1755043199999,True
2025-08-13 00:00:00,1755043200000,2.787,3.046,2.754,2.997,17725323.0,1755129599999,True
2025-08-14 00:00:00,1755129600000,2.998,3.06,2.692,2.759,24269353.8,1755215999999,True
2025-08-15 00:00:00,1755216000000,2.758,2.848,2.625,2.708,14216639.9,1755302399999,True
2025-08-16 00:00:00,1755302400000,2.707,2.767,2.682,2.742,7513133.5,1755388799999,True
2025-08-17 00:00:00,1755388800000,2.742,2.843,2.694,2.702,10149852.7,1755475199999,True
2025-08-18 00:00:00,1755475200000,2.701,2.702,2.544,2.575,14106376.1,1755561599999,True
2025-08-19 00:00:00,1755561600000,2.576,2.6,2.418,2.422,11643815.2,1755647999999,True
2025-08-20 00:00:00,1755648000000,2.423,2.564,2.413,2.547,9913750.9,1755734399999,True
2025-08-21 00:00:00,1755734400000,2.546,2.57,2.436,2.445,6441912.2,1755820799999,True
2025-08-22 00:00:00,1755820800000,2.446,2.718,2.369,2.688,19778990.8,1755907199999,True
2025-08-23 00:00:00,1755907200000,2.688,2.718,2.605,2.7,7327283.5,1755993599999,True
2025-08-24 00:00:00,1755993600000,2.7,2.788,2.576,2.657,14947241.4,1756079999999,True
2025-08-25 00:00:00,1756080000000,2.656,2.688,2.349,2.398,15931166.7,1756166399999,True
2025-08-26 00:00:00,1756166400000,2.397,2.547,2.377,2.526,10649679.9,1756252799999,True
2025-08-27 00:00:00,1756252800000,2.526,2.577,2.495,2.519,9521835.8,1756339199999,True
2025-08-28 00:00:00,1756339200000,2.518,2.567,2.477,2.545,9082971.9,1756425599999,True
2025-08-29 00:00:00,1756425600000,2.545,2.551,2.391,2.43,14150848.5,1756511999999,True
2025-08-30 00:00:00,1756512000000,2.43,2.464,2.393,2.435,3638301.6,1756598399999,True
2025-08-31 00:00:00,1756598400000,2.435,2.483,2.364,2.367,5591793.7,1756684799999,True
2025-09-01 00:00:00,1756684800000,2.366,2.453,2.279,2.34,13274722.1,1756771199999,True
2025-09-02 00:00:00,1756771200000,2.341,2.441,2.319,2.439,9646582.7,1756857599999,True
2025-09-03 00:00:00,1756857600000,2.439,2.494,2.421,2.469,6026890.2,1756943999999,True
2025-09-04 00:00:00,1756944000000,2.468,2.477,2.359,2.376,5984615.2,1757030399999,True
2025-09-05 00:00:00,1757030400000,2.375,2.478,2.366,2.399,11655802.6,1757116799999,True
2025-09-06 00:00:00,1757116800000,2.398,2.41,2.374,2.402,2938241.9,1757203199999,True
2025-09-07 00:00:00,1757203200000,2.403,2.488,2.4,2.465,4891282.3,1757289599999,True
2025-09-08 00:00:00,1757289600000,2.464,2.597,2.452,2.576,7823855.3,1757375999999,True
2025-09-09 00:00:00,1757376000000,2.577,2.796,2.576,2.634,21161601.9,1757462399999,True
2025-09-10 00:00:00,1757462400000,2.634,2.734,2.618,2.727,10951758.6,1757548799999,True
2025-09-11 00:00:00,1757548800000,2.726,2.772,2.674,2.745,11627765.8,1757635199999,True
2025-09-12 00:00:00,1757635200000,2.744,2.813,2.674,2.792,10269661.3,1757721599999,True
2025-09-13 00:00:00,1757721600000,2.792,2.889,2.768,2.81,12029689.3,1757807999999,True
2025-09-14 00:00:00,1757808000000,2.81,2.818,2.673,2.706,7398340.0,1757894399999,True
2025-09-15 00:00:00,1757894400000,2.705,2.778,2.577,2.626,12996176.0,1757980799999,True
2025-09-16 00:00:00,1757980800000,2.626,2.736,2.579,2.708,10198575.8,1758067199999,True
2025-09-17 00:00:00,1758067200000,2.708,2.836,2.648,2.824,14196018.2,1758153599999,True
2025-09-18 00:00:00,1758153600000,2.824,3.268,2.803,3.175,31510705.1,1758239999999,True
2025-09-19 00:00:00,1758240000000,3.176,3.342,3.092,3.12,33893185.1,1758326399999,True
2025-09-20 00:00:00,1758326400000,3.12,3.283,3.05,3.156,18215306.8,1758412799999,True
2025-09-21 00:00:00,1758412800000,3.155,3.169,3.07,3.129,8221274.4,1758499199999,True
2025-09-22 00:00:00,1758499200000,3.129,3.161,2.753,2.962,24463376.1,1758585599999,True
2025-09-23 00:00:00,1758585600000,2.962,3.134,2.855,2.919,23471364.9,1758671999999,True
2025-09-24 00:00:00,1758672000000,2.919,3.119,2.866,3.023,16787194.0,1758758399999,True
2025-09-25 00:00:00,1758758400000,3.022,3.038,2.705,2.728,24370347.1,1758844799999,True
2025-09-26 00:00:00,1758844800000,2.728,2.798,2.624,2.778,16306592.0,1758931199999,True
2025-09-27 00:00:00,1758931200000,2.777,2.777,2.685,2.728,5432660.9,1759017599999,True
2025-09-28 00:00:00,1759017600000,2.729,2.816,2.648,2.8,7185220.7,1759103999999,True
2025-09-29 00:00:00,1759104000000,2.8,2.835,2.689,2.775,13893789.9,1759190399999,True
2025-09-30 00:00:00,1759190400000,2.775,2.789,2.563,2.629,14050848.5,1759276799999,True
2025-10-01 00:00:00,1759276800000,2.629,2.877,2.615,2.833,18952060.3,1759363199999,True
2025-10-02 00:00:00,1759363200000,2.833,3.01,2.821,2.968,19961035.4,1759449599999,True
2025-10-03 00:00:00,1759449600000,2.969,3.084,2.889,3.032,19818244.1,1759535999999,True
2025-10-04 00:00:00,1759536000000,3.032,3.043,2.878,2.961,11900786.0,1759622399999,True
2025-10-05 00:00:00,1759622400000,2.961,3.181,2.933,2.957,20625298.9,1759708799999,True
2025-10-06 00:00:00,1759708800000,2.957,3.088,2.933,3.049,16702710.3,1759795199999,True
2025-10-07 00:00:00,1759795200000,3.049,3.072,2.903,2.949,21389957.3,1759881599999,True
2025-10-08 00:00:00,1759881600000,2.949,3.023,2.897,2.964,16391045.0,1759967999999,True
2025-10-09 00:00:00,1759968000000,2.964,2.967,2.809,2.88,17356845.6,1760054399999,True
2025-10-10 00:00:00,1760054400000,2.88,3.228,1.55,2.382,79343242.8,1760140799999,True
2025-10-11 00:00:00,1760140800000,2.381,2.58,2.184,2.3,41322360.1,1760227199999,True
2025-10-12 00:00:00,1760227200000,2.3,2.519,2.218,2.456,31877780.4,1760313599999,True
2025-10-13 00:00:00,1760313600000,2.457,2.682,2.414,2.619,27963610.2,1760399999999,True
2025-10-14 00:00:00,1760400000000,2.619,2.636,2.338,2.46,26681981.8,1760486399999,True
2025-10-15 00:00:00,1760486400000,2.46,2.523,2.292,2.325,17626417.6,1760572799999,True
2025-10-16 00:00:00,1760572800000,2.326,2.38,2.182,2.198,17022706.5,1760659199999,True
2025-10-17 00:00:00,1760659200000,2.198,2.235,2.057,2.149,21241586.2,1760745599999,True
2025-10-18 00:00:00,1760745600000,2.149,2.187,2.113,2.167,7803199.2,1760831999999,True
2025-10-19 00:00:00,1760832000000,2.167,2.302,2.133,2.258,12666075.9,1760918399999,True
2025-10-20 00:00:00,1760918400000,2.258,2.339,2.213,2.26,12387944.1,1761004799999,True
2025-10-21 00:00:00,1761004800000,2.259,2.365,2.163,2.217,16180056.5,1761091199999,True
2025-10-22 00:00:00,1761091200000,2.217,2.246,2.076,2.164,15653834.5,1761177599999,True
2025-10-23 00:00:00,1761177600000,2.164,2.244,2.144,2.202,12817928.2,1761263999999,True
2025-10-24 00:00:00,1761264000000,2.202,2.304,2.192,2.273,9832856.4,1761350399999,True
2025-10-25 00:00:00,1761350400000,2.272,2.298,2.224,2.279,5940613.2,1761436799999,True
2025-10-26 00:00:00,1761436800000,2.28,2.394,2.253,2.369,9916958.8,1761523199999,True
2025-10-27 00:00:00,1761523200000,2.369,2.419,2.311,2.332,12093121.2,1761609599999,True
2025-10-28 00:00:00,1761609600000,2.332,2.384,2.202,2.234,12817187.0,1761695999999,True
2025-10-29 00:00:00,1761696000000,2.235,2.349,2.224,2.276,12876079.2,1761782399999,True
2025-10-30 00:00:00,1761782400000,2.276,2.307,2.029,2.1,15100675.5,1761868799999,True
2025-10-31 00:00:00,1761868800000,2.1,2.159,2.069,2.099,9598215.8,1761955199999,True
2025-11-01 00:00:00,1761955200000,2.099,2.184,2.087,2.174,8180299.3,1762041599999,True
2025-11-02 00:00:00,1762041600000,2.173,2.202,2.103,2.19,6743999.2,1762127999999,True
2025-11-03 00:00:00,1762128000000,2.189,2.204,1.83,1.912,23835015.6,1762214399999,True
2025-11-04 00:00:00,1762214400000,1.912,1.95,1.72,1.831,33860081.0,1762300799999,True
2025-11-05 00:00:00,1762300800000,1.831,1.972,1.736,1.951,18470318.0,1762387199999,True
2025-11-06 00:00:00,1762387200000,1.951,2.104,1.888,2.097,34925808.2,1762473599999,True
2025-11-07 00:00:00,1762473600000,2.097,2.973,2.078,2.768,112307310.9,1762559999999,True
2025-11-08 00:00:00,1762560000000,2.768,3.185,2.598,2.937,85739350.5,1762646399999,True
2025-11-09 00:00:00,1762646400000,2.937,3.084,2.667,3.075,64467008.8,1762732799999,True
2025-11-10 00:00:00,1762732800000,3.075,3.15,2.75,2.787,47100615.1,1762819199999,True
2025-11-11 00:00:00,1762819200000,2.788,2.836,2.529,2.548,27189483.9,1762905599999,True
2025-11-12 00:00:00,1762905600000,2.548,2.664,2.478,2.535,17733981.2,1762991999999,True
2025-11-13 00:00:00,1762992000000,2.534,2.605,2.392,2.448,15565253.9,1763078399999,True
2025-11-14 00:00:00,1763078400000,2.448,2.463,2.306,2.355,20205056.1,1763164799999,True
2025-11-15 00:00:00,1763164800000,2.355,2.624,2.352,2.407,23442790.0,1763251199999,True
2025-11-16 00:00:00,1763251200000,2.408,2.572,2.23,2.29,27030981.0,1763337599999,True
2025-11-17 00:00:00,1763337600000,2.29,2.352,2.175,2.27,24238353.7,1763423999999,True
2025-11-18 00:00:00,1763424000000,2.271,2.355,2.201,2.276,31258831.5,1763510399999,True
2025-11-19 00:00:00,1763510400000,2.276,2.407,2.149,2.377,26731783.4,1763596799999,True
2025-11-20 00:00:00,1763596800000,2.377,2.414,2.066,2.074,32740622.4,1763683199999,True
2025-11-21 00:00:00,1763683200000,2.074,2.09,1.821,1.864,38919769.0,1763769599999,True
2025-11-22 00:00:00,1763769600000,1.864,1.902,1.798,1.841,16342261.4,1763855999999,True
2025-11-23 00:00:00,1763856000000,1.842,1.915,1.814,1.822,12871465.3,1763942399999,True
2025-11-24 00:00:00,1763942400000,1.822,1.988,1.798,1.905,22445647.6,1764028799999,True
2025-11-25 00:00:00,1764028800000,1.905,1.949,1.817,1.913,18027550.8,1764115199999,True
2025-11-26 00:00:00,1764115200000,1.913,1.96,1.836,1.937,11980594.7,1764201599999,True
2025-11-27 00:00:00,1764201600000,1.938,1.955,1.899,1.906,9320870.1,1764287999999,True
2025-11-28 00:00:00,1764288000000,1.907,1.956,1.85,1.879,10723502.9,1764374399999,True
2025-11-29 00:00:00,1764374400000,1.879,1.905,1.831,1.851,6496385.1,1764460799999,True
2025-11-30 00:00:00,1764460800000,1.851,1.869,1.803,1.805,7211122.0,1764547199999,True
2025-12-01 00:00:00,1764547200000,1.805,1.812,1.584,1.627,21347427.3,1764633599999,True
2025-12-02 00:00:00,1764633600000,1.626,1.835,1.624,1.804,19122823.7,1764719999999,True
2025-12-03 00:00:00,1764720000000,1.803,1.871,1.757,1.845,17868540.8,1764806399999,True
2025-12-04 00:00:00,1764806400000,1.846,1.9,1.747,1.797,14367247.6,1764892799999,True
2025-12-05 00:00:00,1764892800000,1.797,1.818,1.659,1.681,16306576.7,1764979199999,True
2025-12-06 00:00:00,1764979200000,1.681,1.748,1.667,1.709,9847253.4,1765065599999,True
2025-12-07 00:00:00,1765065600000,1.709,1.773,1.639,1.702,13481344.4,1765151999999,True
2025-12-08 00:00:00,1765152000000,1.702,1.801,1.691,1.745,13243048.4,1765238399999,True
2025-12-09 00:00:00,1765238400000,1.745,1.885,1.698,1.811,18585320.1,1765324799999,True
2025-12-10 00:00:00,1765324800000,1.81,1.864,1.735,1.76,18407020.0,1765411199999,True
2025-12-11 00:00:00,1765411200000,1.76,1.763,1.627,1.673,16902657.6,1765497599999,True
2025-12-12 00:00:00,1765497600000,1.674,1.72,1.584,1.637,15740371.6,1765583999999,True
2025-12-13 00:00:00,1765584000000,1.638,1.685,1.632,1.664,6683297.5,1765670399999,True
2025-12-14 00:00:00,1765670400000,1.664,1.67,1.57,1.591,9006783.3,1765756799999,True
2025-12-15 00:00:00,1765756800000,1.591,1.647,1.489,1.545,17359845.8,1765843199999,True
2025-12-16 00:00:00,1765843200000,1.545,1.62,1.506,1.57,18319907.5,1765929599999,True
2025-12-17 00:00:00,1765929600000,1.569,1.615,1.467,1.481,18390439.6,1766015999999,True
2025-12-18 00:00:00,1766016000000,1.481,1.6,1.419,1.427,28067284.9,1766102399999,True
2025-12-19 00:00:00,1766102400000,1.428,1.56,1.405,1.539,19065552.7,1766188799999,True
2025-12-20 00:00:00,1766188800000,1.539,1.546,1.505,1.523,6994396.6,1766275199999,True
2025-12-21 00:00:00,1766275200000,1.523,1.536,1.453,1.509,10102892.7,1766361599999,True
2025-12-22 00:00:00,1766361600000,1.51,1.587,1.492,1.505,14557086.2,1766447999999,True
2025-12-23 00:00:00,1766448000000,1.505,1.532,1.462,1.486,12176811.0,1766534399999,True
2025-12-24 00:00:00,1766534400000,1.486,1.489,1.436,1.455,9880620.8,1766620799999,True
2025-12-25 00:00:00,1766620800000,1.455,1.513,1.433,1.439,10510457.4,1766707199999,True
2025-12-26 00:00:00,1766707200000,1.438,1.563,1.432,1.519,16289527.6,1766793599999,True
2025-12-27 00:00:00,1766793600000,1.518,1.604,1.502,1.595,9206699.6,1766879999999,True
2025-12-28 00:00:00,1766880000000,1.595,1.615,1.553,1.582,8049154.7,1766966399999,True
2025-12-29 00:00:00,1766966400000,1.582,1.612,1.511,1.524,13184768.4,1767052799999,True
2025-12-30 00:00:00,1767052800000,1.524,1.562,1.512,1.516,8112641.8,1767139199999,True
2025-12-31 00:00:00,1767139200000,1.515,1.531,1.47,1.514,8188680.5,1767225599999,True
2026-01-01 00:00:00,1767225600000,1.514,1.634,1.501,1.627,11527288.8,1767311999999,True
2026-01-02 00:00:00,1767312000000,1.628,1.697,1.614,1.692,14922531.9,1767398399999,True
2026-01-03 00:00:00,1767398400000,1.692,1.719,1.657,1.711,8867519.5,1767484799999,True
2026-01-04 00:00:00,1767484800000,1.71,1.743,1.692,1.728,9879188.9,1767571199999,True
2026-01-05 00:00:00,1767571200000,1.728,1.801,1.709,1.774,21292889.0,1767657599999,True
2026-01-06 00:00:00,1767657600000,1.773,1.841,1.729,1.808,24453756.3,1767743999999,True
2026-01-07 00:00:00,1767744000000,1.808,1.809,1.703,1.722,16483359.0,1767830399999,True
2026-01-08 00:00:00,1767830400000,1.722,1.729,1.657,1.686,15952502.9,1767916799999,True
2026-01-09 00:00:00,1767916800000,1.686,1.757,1.661,1.703,15371486.2,1768003199999,True
2026-01-10 00:00:00,1768003200000,1.703,1.733,1.674,1.689,5749964.1,1768089599999,True
2026-01-11 00:00:00,1768089600000,1.689,1.739,1.671,1.702,8113125.0,1768175999999,True
2026-01-12 00:00:00,1768176000000,1.703,1.77,1.644,1.675,17322019.2,1768262399999,True
2026-01-13 00:00:00,1768262400000,1.674,1.894,1.673,1.859,23826989.7,1768348799999,True
2026-01-14 00:00:00,1768348800000,1.86,1.878,1.787,1.799,16751306.0,1768435199999,True
2026-01-15 00:00:00,1768435200000,1.8,1.815,1.698,1.722,15148887.4,1768521599999,True
2026-01-16 00:00:00,1768521600000,1.722,1.756,1.674,1.731,10882677.6,1768607999999,True
2026-01-17 00:00:00,1768608000000,1.732,1.81,1.721,1.751,10691136.7,1768694399999,True
2026-01-18 00:00:00,1768694400000,1.751,1.768,1.624,1.629,13230683.0,1768780799999,True
2026-01-19 00:00:00,1768780800000,1.628,1.628,1.449,1.597,29662288.0,1768867199999,True
2026-01-20 00:00:00,1768867200000,1.598,1.604,1.489,1.506,17565093.2,1768953599999,True
2026-01-21 00:00:00,1768953600000,1.506,1.574,1.483,1.529,15137516.4,1769039999999,True
2026-01-22 00:00:00,1769040000000,1.529,1.559,1.496,1.513,8420987.5,1769126399999,True
2026-01-23 00:00:00,1769126400000,1.513,1.551,1.491,1.509,7523136.9,1769212799999,True
2026-01-24 00:00:00,1769212800000,1.509,1.521,1.489,1.506,3450400.1,1769299199999,True
2026-01-25 00:00:00,1769299200000,1.507,1.516,1.409,1.436,9674071.5,1769385599999,True
2026-01-26 00:00:00,1769385600000,1.436,1.488,1.432,1.463,7842919.7,1769471999999,True
2026-01-27 00:00:00,1769472000000,1.463,1.505,1.447,1.49,8240821.5,1769558399999,True
2026-01-28 00:00:00,1769558400000,1.491,1.501,1.459,1.489,9394936.4,1769644799999,True
2026-01-29 00:00:00,1769644800000,1.489,1.496,1.344,1.375,16433402.9,1769731199999,True
2026-01-30 00:00:00,1769731200000,1.376,1.382,1.289,1.323,22463975.2,1769817599999,True
2026-01-31 00:00:00,1769817600000,1.322,1.329,1.091,1.206,32200581.5,1769903999999,True
2026-02-01 00:00:00,1769904000000,1.206,1.217,1.143,1.173,19501964.1,1769990399999,True
2026-02-02 00:00:00,1769990400000,1.173,1.239,1.136,1.2,22932446.3,1770076799999,True
2026-02-03 00:00:00,1770076800000,1.2,1.231,1.123,1.176,20663814.2,1770163199999,True
2026-02-04 00:00:00,1770163200000,1.176,1.206,1.128,1.16,18928478.1,1770249599999,True
2026-02-05 00:00:00,1770249600000,1.16,1.168,0.963,0.976,60597579.0,1770335999999,True
2026-02-06 00:00:00,1770336000000,0.977,1.114,0.841,1.087,49048908.3,1770422399999,True
2026-02-07 00:00:00,1770422400000,1.087,1.106,1.04,1.075,23484213.1,1770508799999,True
2026-02-08 00:00:00,1770508800000,1.074,1.08,1.028,1.038,8512933.4,1770595199999,True
2026-02-09 00:00:00,1770595200000,1.038,1.051,0.986,1.03,12993293.5,1770681599999,True
2026-02-10 00:00:00,1770681600000,1.031,1.037,0.982,0.993,18807324.4,1770767999999,True
2026-02-11 00:00:00,1770768000000,0.993,1.004,0.938,0.962,24207519.0,1770854399999,True
2026-02-12 00:00:00,1770854400000,0.962,1.011,0.934,0.964,20327703.8,1770940799999,True
2026-02-13 00:00:00,1770940800000,0.964,1.031,0.955,1.024,17811665.6,1771027199999,True
2026-02-14 00:00:00,1771027200000,1.024,1.102,1.016,1.086,17779047.6,1771113599999,True
2026-02-15 00:00:00,1771113600000,1.085,1.091,1.031,1.056,20880465.8,1771199999999,True
2026-02-16 00:00:00,1771200000000,1.056,1.075,1.025,1.058,18744003.8,1771286399999,True
2026-02-17 00:00:00,1771286400000,1.058,1.068,1.028,1.044,14689461.6,1771372799999,True
2026-02-18 00:00:00,1771372800000,1.044,1.066,1.006,1.017,10986307.3,1771459199999,True
2026-02-19 00:00:00,1771459200000,1.018,1.023,0.981,1.007,10544987.9,1771545599999,True
2026-02-20 00:00:00,1771545600000,1.007,1.056,1.002,1.054,14428259.4,1771631999999,True
2026-02-21 00:00:00,1771632000000,1.054,1.109,1.042,1.059,13777858.6,1771718399999,True
2026-02-22 00:00:00,1771718400000,1.058,1.058,1.004,1.022,7982809.2,1771804799999,True
2026-02-23 00:00:00,1771804800000,1.023,1.03,0.964,0.981,13039933.7,1771891199999,True
2026-02-24 00:00:00,1771891200000,0.981,0.993,0.953,0.967,9355926.3,1771977599999,True
2026-02-25 00:00:00,1771977600000,0.967,1.26,0.965,1.172,37962459.6,1772063999999,True
2026-02-26 00:00:00,1772064000000,1.172,1.184,1.084,1.127,18207299.9,1772150399999,True
2026-02-27 00:00:00,1772150400000,1.128,1.147,1.073,1.094,19294172.3,1772236799999,True
2026-02-28 00:00:00,1772236800000,1.094,1.174,1.028,1.172,24898367.0,1772323199999,True
2026-03-01 00:00:00,1772323200000,1.172,1.211,1.112,1.15,25884248.6,1772409599999,True
2026-03-02 00:00:00,1772409600000,1.15,1.414,1.142,1.36,62662239.9,1772495999999,True
2026-03-03 00:00:00,1772496000000,1.36,1.455,1.318,1.358,59647171.9,1772582399999,True
2026-03-04 00:00:00,1772582400000,1.358,1.416,1.302,1.311,38008407.0,1772668799999,True
2026-03-05 00:00:00,1772668800000,1.312,1.334,1.245,1.271,23390512.9,1772755199999,True
2026-03-06 00:00:00,1772755200000,1.271,1.3,1.216,1.227,17278686.0,1772841599999,True
2026-03-07 00:00:00,1772841600000,1.226,1.247,1.204,1.214,7121351.1,1772927999999,True
2026-03-08 00:00:00,1772928000000,1.215,1.256,1.189,1.212,15303412.2,1773014399999,True
2026-03-09 00:00:00,1773014400000,1.212,1.282,1.204,1.235,22467502.2,1773100799999,True
2026-03-10 00:00:00,1773100800000,1.234,1.333,1.225,1.284,23422672.1,1773187199999,True
2026-03-11 00:00:00,1773187200000,1.283,1.323,1.268,1.299,18003172.4,1773273599999,True
2026-03-12 00:00:00,1773273600000,1.298,1.372,1.278,1.368,21159154.4,1773359999999,True
2026-03-13 00:00:00,1773360000000,1.368,1.422,1.319,1.336,31103846.1,1773446399999,True
2026-03-14 00:00:00,1773446400000,1.335,1.342,1.297,1.325,8333987.7,1773532799999,True
2026-03-15 00:00:00,1773532800000,1.325,1.378,1.317,1.35,12777564.2,1773619199999,True
2026-03-16 00:00:00,1773619200000,1.351,1.51,1.34,1.49,29557732.3,1773705599999,True
2026-03-17 00:00:00,1773705600000,1.491,1.51,1.424,1.452,18188266.6,1773791999999,True
2026-03-18 00:00:00,1773792000000,1.452,1.471,1.373,1.386,20912333.1,1773878399999,True
2026-03-19 00:00:00,1773878400000,1.387,1.397,1.322,1.335,14109921.7,1773964799999,True
2026-03-20 00:00:00,1773964800000,1.335,1.365,1.309,1.316,13000499.9,1774051199999,True
2026-03-21 00:00:00,1774051200000,1.316,1.332,1.27,1.281,5897891.4,1774137599999,True
2026-03-22 00:00:00,1774137600000,1.281,1.306,1.26,1.274,8479956.7,1774223999999,True
2026-03-23 00:00:00,1774224000000,1.274,1.332,1.252,1.311,18514204.7,1774310399999,True
2026-03-24 00:00:00,1774310400000,1.311,1.33,1.273,1.292,12589295.7,1774396799999,True
2026-03-25 00:00:00,1774396800000,1.292,1.312,1.268,1.28,13678516.9,1774483199999,True
2026-03-26 00:00:00,1774483200000,1.28,1.28,1.203,1.224,9329282.4,1774569599999,True
2026-03-27 00:00:00,1774569600000,1.223,1.24,1.169,1.18,12534841.2,1774655999999,True
2026-03-28 00:00:00,1774656000000,1.181,1.192,1.161,1.173,5311373.6,1774742399999,True
2026-03-29 00:00:00,1774742400000,1.173,1.177,1.129,1.164,8497306.2,1774828799999,True
2026-03-30 00:00:00,1774828800000,1.165,1.226,1.148,1.162,9454163.5,1774915199999,True
2026-03-31 00:00:00,1774915200000,1.162,1.203,1.161,1.189,10463035.3,1775001599999,True
2026-04-01 00:00:00,1775001600000,1.188,1.23,1.178,1.191,8942272.8,1775087999999,True
2026-04-02 00:00:00,1775088000000,1.191,1.206,1.14,1.162,9595179.2,1775174399999,True
2026-04-03 00:00:00,1775174400000,1.163,1.23,1.158,1.209,9062691.3,1775260799999,True
2026-04-04 00:00:00,1775260800000,1.209,1.288,1.207,1.255,10348015.0,1775347199999,True
2026-04-05 00:00:00,1775347200000,1.256,1.271,1.224,1.248,7463566.7,1775433599999,True
2026-04-06 00:00:00,1775433600000,1.248,1.302,1.237,1.248,10422379.0,1775519999999,True
2026-04-07 00:00:00,1775520000000,1.248,1.34,1.221,1.31,13775824.1,1775606399999,True
2026-04-08 00:00:00,1775606400000,1.309,1.392,1.285,1.33,23070543.8,1775692799999,True
2026-04-09 00:00:00,1775692800000,1.33,1.392,1.32,1.366,17951842.9,1775779199999,True
2026-04-10 00:00:00,1775779200000,1.366,1.395,1.345,1.361,12934124.7,1775865599999,True
2026-04-11 00:00:00,1775865600000,1.361,1.425,1.331,1.402,11189219.6,1775951999999,True
2026-04-12 00:00:00,1775952000000,1.403,1.407,1.323,1.346,10996673.7,1776038399999,True
2026-04-13 00:00:00,1776038400000,1.347,1.421,1.345,1.419,17028033.8,1776124799999,True
2026-04-14 00:00:00,1776124800000,1.419,1.439,1.351,1.36,16642531.7,1776211199999,True
2026-04-15 00:00:00,1776211200000,1.36,1.422,1.342,1.409,10789947.8,1776297599999,True
2026-04-16 00:00:00,1776297600000,1.41,1.443,1.367,1.432,16566824.5,1776383999999,True
2026-04-17 00:00:00,1776384000000,1.432,1.442,1.369,1.407,21041018.6,1776470399999,True
2026-04-18 00:00:00,1776470400000,1.406,1.421,1.343,1.343,11733790.6,1776556799999,True
2026-04-19 00:00:00,1776556800000,1.344,1.389,1.322,1.325,13585946.6,1776643199999,True
2026-04-20 00:00:00,1776643200000,1.326,1.373,1.325,1.362,10184159.4,1776729599999,True
2026-04-21 00:00:00,1776729600000,1.363,1.399,1.349,1.385,10816546.7,1776815999999,True
2026-04-22 00:00:00,1776816000000,1.386,1.432,1.377,1.402,9258538.1,1776902399999,True
2026-04-23 00:00:00,1776902400000,1.402,1.414,1.37,1.405,8675419.7,1776988799999,True
2026-04-24 00:00:00,1776988800000,1.406,1.433,1.396,1.409,7255231.7,1777075199999,True
2026-04-25 00:00:00,1777075200000,1.408,1.422,1.388,1.402,3954389.8,1777161599999,True
2026-04-26 00:00:00,1777161600000,1.402,1.413,1.379,1.394,6403543.0,1777247999999,True
2026-04-27 00:00:00,1777248000000,1.395,1.413,1.34,1.364,8820909.8,1777334399999,True
2026-04-28 00:00:00,1777334400000,1.364,1.367,1.33,1.347,5115197.0,1777420799999,True
2026-04-29 00:00:00,1777420800000,1.347,1.374,1.293,1.328,7251076.7,1777507199999,True
2026-04-30 00:00:00,1777507200000,1.328,1.343,1.291,1.297,3949686.6,1777593599999,True
2026-05-01 00:00:00,1777593600000,1.298,1.32,1.279,1.288,6031828.2,1777679999999,True
2026-05-02 00:00:00,1777680000000,1.289,1.305,1.278,1.3,3496137.6,1777766399999,True
2026-05-03 00:00:00,1777766400000,1.301,1.304,1.268,1.275,4056823.7,1777852799999,True
2026-05-04 00:00:00,1777852800000,1.276,1.312,1.245,1.262,14616403.5,1777939199999,True
2026-05-05 00:00:00,1777939200000,1.262,1.317,1.258,1.296,11885032.7,1778025599999,True
2026-05-06 00:00:00,1778025600000,1.296,1.547,1.288,1.487,37966412.0,1778111999999,True
2026-05-07 00:00:00,1778112000000,1.488,1.529,1.451,1.47,18468827.8,1778198399999,True
2026-05-08 00:00:00,1778198400000,1.47,1.603,1.455,1.598,26334830.6,1778284799999,True
2026-05-09 00:00:00,1778284800000,1.598,1.618,1.55,1.568,10994136.1,1778371199999,True
2026-05-10 00:00:00,1778371200000,1.568,1.631,1.536,1.564,11473846.8,1778457599999,True
2026-05-11 00:00:00,1778457600000,1.564,1.575,1.51,1.548,12864534.5,1778543999999,True
2026-05-12 00:00:00,1778544000000,1.548,1.65,1.504,1.609,26426951.9,1778630399999,True
2026-05-13 00:00:00,1778630400000,1.609,1.692,1.549,1.574,28886132.0,1778716799999,True
2026-05-14 00:00:00,1778716800000,1.574,1.635,1.539,1.573,15293397.1,1778803199999,True
2026-05-15 00:00:00,1778803200000,1.573,1.593,1.509,1.545,13070654.4,1778889599999,True
2026-05-16 00:00:00,1778889600000,1.544,1.555,1.479,1.496,10195611.0,1778975999999,True
2026-05-17 00:00:00,1778976000000,1.497,1.56,1.469,1.508,8885842.7,1779062399999,True
2026-05-18 00:00:00,1779062400000,1.508,1.629,1.478,1.626,16495367.4,1779148799999,True
2026-05-19 00:00:00,1779148800000,1.626,1.687,1.581,1.602,18491712.8,1779235199999,True
2026-05-20 00:00:00,1779235200000,1.603,1.729,1.581,1.703,23292877.4,1779321599999,True
2026-05-21 00:00:00,1779321600000,1.703,1.967,1.696,1.927,38563882.9,1779407999999,True
2026-05-22 00:00:00,1779408000000,1.927,2.337,1.918,2.102,83296720.7,1779494399999,True
2026-05-23 00:00:00,1779494400000,2.103,2.474,2.01,2.452,69087849.6,1779580799999,True
2026-05-24 00:00:00,1779580800000,2.452,2.509,2.329,2.395,43437244.8,1779667199999,True
2026-05-25 00:00:00,1779667200000,2.396,2.824,2.337,2.772,59809608.5,1779753599999,True
2026-05-26 00:00:00,1779753600000,2.772,2.978,2.527,2.553,70564223.0,1779839999999,True
2026-05-27 00:00:00,1779840000000,2.554,2.739,2.453,2.489,61070214.9,1779926399999,True
2026-05-28 00:00:00,1779926400000,2.489,2.508,2.269,2.42,40033948.3,1780012799999,True
2026-05-29 00:00:00,1780012800000,2.42,2.633,2.362,2.38,56973623.8,1780099199999,True
2026-05-30 00:00:00,1780099200000,2.38,2.444,2.226,2.25,25153338.2,1780185599999,True
2026-05-31 00:00:00,1780185600000,2.251,2.358,2.215,2.32,27397087.6,1780271999999,True
2026-06-01 00:00:00,1780272000000,2.321,2.709,2.261,2.638,57769738.2,1780358399999,True
2026-06-02 00:00:00,1780358400000,2.638,2.775,2.455,2.628,66454587.9,1780444799999,True
2026-06-03 00:00:00,1780444800000,2.629,3.087,2.628,2.817,79228044.0,1780531199999,True
2026-06-04 00:00:00,1780531200000,2.817,2.854,2.17,2.2,85031683.2,1780617599999,True
2026-06-05 00:00:00,1780617600000,2.2,2.303,1.825,1.969,90516179.4,1780703999999,True
2026-06-06 00:00:00,1780704000000,1.969,2.007,1.827,1.859,32496797.3,1780790399999,True
2026-06-07 00:00:00,1780790400000,1.859,2.101,1.813,2.059,52333813.4,1780876799999,True
2026-06-08 00:00:00,1780876800000,2.059,2.265,2.014,2.13,43025496.2,1780963199999,True
2026-06-09 00:00:00,1780963200000,2.13,2.261,2.033,2.152,33711344.9,1781049599999,True
2026-06-10 00:00:00,1781049600000,2.151,2.206,1.93,1.969,34687621.2,1781135999999,True
2026-06-11 00:00:00,1781136000000,1.97,2.119,1.95,2.066,32830504.8,1781222399999,True
2026-06-12 00:00:00,1781222400000,2.066,2.155,1.977,2.011,22938521.3,1781308799999,True
2026-06-13 00:00:00,1781308800000,2.011,2.187,1.99,2.129,17507274.5,1781395199999,True
2026-06-14 00:00:00,1781395200000,2.128,2.237,2.063,2.218,17550776.1,1781481599999,True
2026-06-15 00:00:00,1781481600000,2.218,2.545,2.21,2.394,36646621.1,1781567999999,True
2026-06-16 00:00:00,1781568000000,2.394,2.562,2.289,2.308,31371061.1,1781654399999,True
2026-06-17 00:00:00,1781654400000,2.308,2.389,2.172,2.182,28580249.2,1781740799999,True
2026-06-18 00:00:00,1781740800000,2.181,2.301,2.13,2.237,23284239.5,1781827199999,True
2026-06-19 00:00:00,1781827200000,2.237,2.255,2.084,2.187,17228540.7,1781913599999,True
2026-06-20 00:00:00,1781913600000,2.186,2.205,2.099,2.194,11302010.3,1781999999999,True
2026-06-21 00:00:00,1782000000000,2.194,2.279,2.09,2.102,14846264.4,1782086399999,True
2026-06-22 00:00:00,1782086400000,2.102,2.199,2.056,2.069,15379805.8,1782172799999,True
2026-06-23 00:00:00,1782172800000,2.068,2.07,1.962,1.982,18033850.8,1782259199999,True
2026-06-24 00:00:00,1782259200000,1.982,2.005,1.86,1.965,16631148.5,1782345599999,True
2026-06-25 00:00:00,1782345600000,1.965,1.978,1.777,1.835,23063364.8,1782431999999,True
2026-06-26 00:00:00,1782432000000,1.835,1.864,1.752,1.804,26620282.5,1782518399999,True
2026-06-27 00:00:00,1782518400000,1.804,1.93,1.79,1.868,19330173.7,1782604799999,True
2026-06-28 00:00:00,1782604800000,1.869,1.95,1.803,1.834,16377969.4,1782691199999,True
2026-06-29 00:00:00,1782691200000,1.834,1.916,1.807,1.865,16153439.3,1782777599999,True
2026-06-30 00:00:00,1782777600000,1.865,1.875,1.759,1.782,15889450.1,1782863999999,True
