date,open_time,open,high,low,close,volume,close_time,is_closed
2021-01-01 00:00:00,1609459200000,5.15,5.2797,4.5895,4.7353,12818149.34,1609545599999,True
2021-01-02 00:00:00,1609545600000,4.7364,5.2,4.48,4.8564,15422965.31,1609631999999,True
2021-01-03 00:00:00,1609632000000,4.8573,5.6412,4.6756,5.5155,16004744.42,1609718399999,True
2021-01-04 00:00:00,1609718400000,5.5117,6.2,4.8556,5.4238,17737637.15,1609804799999,True
2021-01-05 00:00:00,1609804800000,5.4309,6.56,5.164,6.2518,13101875.75,1609891199999,True
2021-01-06 00:00:00,1609891200000,6.2518,6.5911,6.004,6.4157,8261062.72,1609977599999,True
2021-01-07 00:00:00,1609977600000,6.4157,6.84,6.028,6.2545,7832572.02,1610063999999,True
2021-01-08 00:00:00,1610064000000,6.2657,6.37,5.4188,5.8807,8255855.64,1610150399999,True
2021-01-09 00:00:00,1610150400000,5.8737,6.3461,5.6618,6.22,5958300.54,1610236799999,True
2021-01-10 00:00:00,1610236800000,6.2201,6.58,5.5447,5.9802,7474281.85,1610323199999,True
2021-01-11 00:00:00,1610323200000,5.9801,6.0035,4.3904,5.2448,14894495.8,1610409599999,True
2021-01-12 00:00:00,1610409600000,5.2427,5.8211,4.9651,5.5878,8248266.1,1610495999999,True
2021-01-13 00:00:00,1610496000000,5.5878,6.3825,5.2601,6.3311,6787774.1,1610582399999,True
2021-01-14 00:00:00,1610582400000,6.3406,7.13,6.1775,6.9593,10439216.67,1610668799999,True
2021-01-15 00:00:00,1610668800000,6.9603,7.49,6.361,7.3762,16759142.91,1610755199999,True
2021-01-16 00:00:00,1610755200000,7.3761,9.3776,7.1931,8.3908,16659914.44,1610841599999,True
2021-01-17 00:00:00,1610841600000,8.3987,9.18,8.0284,8.689,12230919.85,1610927999999,True
2021-01-18 00:00:00,1610928000000,8.6838,9.878,8.3,9.1904,10123589.68,1611014399999,True
2021-01-19 00:00:00,1611014400000,9.1984,9.9388,8.4641,8.5767,8643124.23,1611100799999,True
2021-01-20 00:00:00,1611100800000,8.5788,9.0465,7.65,8.9646,9665642.01,1611187199999,True
2021-01-21 00:00:00,1611187200000,8.9674,9.0369,7.3247,7.5873,8698599.1,1611273599999,True
2021-01-22 00:00:00,1611273600000,7.5865,9.0966,7.0405,8.6834,8355910.06,1611359999999,True
2021-01-23 00:00:00,1611360000000,8.6965,9.5339,8.4908,9.3428,5350324.46,1611446399999,True
2021-01-24 00:00:00,1611446400000,9.3357,12.3,9.1583,12.0505,12721611.85,1611532799999,True
2021-01-25 00:00:00,1611532800000,12.039,12.8983,10.88,11.3177,13116856.01,1611619199999,True
2021-01-26 00:00:00,1611619200000,11.3097,14.3148,11.1557,13.9086,19001655.6,1611705599999,True
2021-01-27 00:00:00,1611705600000,13.9086,15.4934,13.02,14.7493,20244050.72,1611791999999,True
2021-01-28 00:00:00,1611792000000,14.7493,15.3997,13.4994,14.1003,14385148.83,1611878399999,True
2021-01-29 00:00:00,1611878400000,14.1121,15.8,14.071,15.6418,13323277.76,1611964799999,True
2021-01-30 00:00:00,1611964800000,15.6418,19.62,15.09,19.5376,13273973.57,1612051199999,True
2021-01-31 00:00:00,1612051200000,19.5713,20.5612,17.3999,17.7246,15718817.49,1612137599999,True
2021-02-01 00:00:00,1612137600000,17.7335,20.7583,16.6679,20.4502,12215677.8,1612223999999,True
2021-02-02 00:00:00,1612224000000,20.4542,20.6062,18.005,18.9517,8876910.38,1612310399999,True
2021-02-03 00:00:00,1612310400000,18.9675,20.5585,18.6899,19.7114,7886297.54,1612396799999,True
2021-02-04 00:00:00,1612396800000,19.7238,21.596,19.132,20.1299,8880802.92,1612483199999,True
2021-02-05 00:00:00,1612483200000,20.1043,22.5,19.6333,21.145,6869668.75,1612569599999,True
2021-02-06 00:00:00,1612569600000,21.145,21.676,19.1641,19.2499,5455158.74,1612655999999,True
2021-02-07 00:00:00,1612656000000,19.2499,19.73,17.06,18.6592,6015538.25,1612742399999,True
2021-02-08 00:00:00,1612742400000,18.6745,20.1738,18.1163,19.3198,5898408.32,1612828799999,True
2021-02-09 00:00:00,1612828800000,19.3177,19.903,18.8145,19.5175,4421517.57,1612915199999,True
2021-02-10 00:00:00,1612915200000,19.5075,22.5,19.0,20.6802,7974562.63,1613001599999,True
2021-02-11 00:00:00,1613001600000,20.6808,22.0135,20.122,21.4536,3940036.85,1613087999999,True
2021-02-12 00:00:00,1613088000000,21.4615,23.83,21.2313,22.6236,5817360.92,1613174399999,True
2021-02-13 00:00:00,1613174400000,22.6374,23.8,21.2037,21.7738,4356960.74,1613260799999,True
2021-02-14 00:00:00,1613260800000,21.7744,22.6,20.6637,20.8245,2698101.82,1613347199999,True
2021-02-15 00:00:00,1613347200000,20.8295,21.5399,16.8421,20.0675,5678630.84,1613433599999,True
2021-02-16 00:00:00,1613433600000,20.0769,21.32,19.3752,20.4846,3690220.56,1613519999999,True
2021-02-17 00:00:00,1613520000000,20.4844,21.8168,19.1663,21.5175,3666053.53,1613606399999,True
2021-02-18 00:00:00,1613606400000,21.5384,22.27,20.5663,21.1733,4094257.31,1613692799999,True
2021-02-19 00:00:00,1613692800000,21.1742,21.544,19.3235,20.0756,6543994.23,1613779199999,True
2021-02-20 00:00:00,1613779200000,20.0744,32.999,19.5026,28.7533,23821017.72,1613865599999,True
2021-02-21 00:00:00,1613865600000,28.7315,32.122,27.7142,28.7763,12428623.7,1613951999999,True
2021-02-22 00:00:00,1613952000000,28.7958,29.1458,21.8157,27.6835,12142946.64,1614038399999,True
2021-02-23 00:00:00,1614038400000,27.6861,27.7995,18.1,24.8086,16473183.55,1614124799999,True
2021-02-24 00:00:00,1614124800000,24.8325,27.36,23.0701,25.2509,7424230.39,1614211199999,True
2021-02-25 00:00:00,1614211200000,25.2509,26.99,23.0803,23.4781,5769473.41,1614297599999,True
2021-02-26 00:00:00,1614297600000,23.478,25.1867,21.01,23.1082,5919224.99,1614383999999,True
2021-02-27 00:00:00,1614384000000,23.126,24.8409,22.2954,23.5338,4436321.8,1614470399999,True
2021-02-28 00:00:00,1614470400000,23.5538,24.127,20.4743,22.2098,5420311.75,1614556799999,True
2021-03-01 00:00:00,1614556800000,22.2152,25.72,22.0527,25.7058,4525679.92,1614643199999,True
2021-03-02 00:00:00,1614643200000,25.7164,27.4389,24.5146,25.5253,6697008.9,1614729599999,True
2021-03-03 00:00:00,1614729600000,25.5253,27.5855,25.265,25.3565,4518211.5,1614815999999,True
2021-03-04 00:00:00,1614816000000,25.3401,29.7738,24.75,28.2681,10291315.68,1614902399999,True
2021-03-05 00:00:00,1614902400000,28.2471,28.77,25.8223,28.2866,7108036.7,1614988799999,True
2021-03-06 00:00:00,1614988800000,28.2885,29.0502,27.1454,28.5148,3510511.8,1615075199999,True
2021-03-07 00:00:00,1615075200000,28.5311,34.88,28.3599,34.2651,8643240.24,1615161599999,True
2021-03-08 00:00:00,1615161600000,34.2459,34.9277,32.0333,33.2344,6597671.5,1615247999999,True
2021-03-09 00:00:00,1615248000000,33.222,34.7648,32.35,32.8722,4596044.4,1615334399999,True
2021-03-10 00:00:00,1615334400000,32.8696,33.5,30.3186,30.8877,3832878.65,1615420799999,True
2021-03-11 00:00:00,1615420800000,30.8787,31.8238,29.5,30.9944,3153485.8,1615507199999,True
2021-03-12 00:00:00,1615507200000,31.0093,31.9719,29.1548,30.9198,2817271.54,1615593599999,True
2021-03-13 00:00:00,1615593600000,30.9117,33.3585,30.185,32.4439,3410666.16,1615679999999,True
2021-03-14 00:00:00,1615680000000,32.4726,33.8965,30.6261,30.6509,2620736.83,1615766399999,True
2021-03-15 00:00:00,1615766400000,30.6494,31.534,29.534,29.7983,2781982.06,1615852799999,True
2021-03-16 00:00:00,1615852800000,29.8058,30.0501,27.9781,30.0247,2469876.37,1615939199999,True
2021-03-17 00:00:00,1615939200000,30.0247,31.68,29.4191,31.2878,3533112.09,1616025599999,True
2021-03-18 00:00:00,1616025600000,31.3261,31.6,29.7136,29.9785,1718067.32,1616111999999,True
2021-03-19 00:00:00,1616112000000,29.9752,34.2,29.4497,33.262,3484967.8,1616198399999,True
2021-03-20 00:00:00,1616198400000,33.2566,35.2005,31.85,32.0399,4039700.95,1616284799999,True
2021-03-21 00:00:00,1616284800000,32.04,33.3,31.5,32.9395,1811349.12,1616371199999,True
2021-03-22 00:00:00,1616371200000,32.9399,35.8531,31.7495,32.7958,5358849.03,1616457599999,True
2021-03-23 00:00:00,1616457600000,32.828,36.8,30.0888,30.9878,8403123.71,1616543999999,True
2021-03-24 00:00:00,1616544000000,31.017,31.8813,25.5247,27.2243,6871661.81,1616630399999,True
2021-03-25 00:00:00,1616630400000,27.2213,28.07,25.5659,26.5,4913672.84,1616716799999,True
2021-03-26 00:00:00,1616716800000,26.5005,29.0,26.4498,28.88,3200954.64,1616803199999,True
2021-03-27 00:00:00,1616803200000,28.88,29.4706,27.7951,28.1897,2404025.64,1616889599999,True
2021-03-28 00:00:00,1616889600000,28.1893,28.887,27.3558,27.8685,2025362.24,1616975999999,True
2021-03-29 00:00:00,1616976000000,27.8714,29.5,27.5013,29.0155,2808473.57,1617062399999,True
2021-03-30 00:00:00,1617062400000,29.0186,29.2693,28.28,28.55,2562782.3,1617148799999,True
2021-03-31 00:00:00,1617148800000,28.5487,29.0251,26.666,28.0316,2709216.2,1617235199999,True
2021-04-01 00:00:00,1617235200000,28.0776,30.3055,28.0776,28.6638,3244347.12,1617321599999,True
2021-04-02 00:00:00,1617321600000,28.6638,30.2803,28.4252,30.2084,2251495.66,1617407999999,True
2021-04-03 00:00:00,1617408000000,30.194,32.5,29.3293,29.3874,4271331.76,1617494399999,True
2021-04-04 00:00:00,1617494400000,29.3859,31.5,28.9183,30.9131,1729762.79,1617580799999,True
2021-04-05 00:00:00,1617580800000,30.9134,31.2306,29.6712,30.8292,1978116.57,1617667199999,True
2021-04-06 00:00:00,1617667200000,30.8292,32.4508,30.0174,31.233,2543943.79,1617753599999,True
2021-04-07 00:00:00,1617753600000,31.2512,31.4,27.7907,28.5722,2796671.57,1617839999999,True
2021-04-08 00:00:00,1617840000000,28.5646,30.3316,28.3312,30.2033,1693340.0,1617926399999,True
2021-04-09 00:00:00,1617926400000,30.1911,30.6713,29.25,29.5199,1472609.57,1618012799999,True
2021-04-10 00:00:00,1618012800000,29.5199,30.9839,29.1687,29.7649,1863776.25,1618099199999,True
2021-04-11 00:00:00,1618099200000,29.7743,30.6659,29.1936,29.9063,2335194.54,1618185599999,True
2021-04-12 00:00:00,1618185600000,29.9131,38.1639,29.5458,36.6844,10504630.76,1618271999999,True
2021-04-13 00:00:00,1618272000000,36.669,37.2,33.75,35.4293,5456454.88,1618358399999,True
2021-04-14 00:00:00,1618358400000,35.4336,36.93,33.222,36.0626,4599133.42,1618444799999,True
2021-04-15 00:00:00,1618444800000,36.0631,39.6,35.5813,37.7447,5458455.78,1618531199999,True
2021-04-16 00:00:00,1618531200000,37.7285,38.1977,33.983,36.1359,4000210.96,1618617599999,True
2021-04-17 00:00:00,1618617600000,36.1284,37.5267,34.6222,34.7343,2729047.23,1618703999999,True
2021-04-18 00:00:00,1618704000000,34.7412,35.1,26.9787,31.6225,6697460.24,1618790399999,True
2021-04-19 00:00:00,1618790400000,31.6364,32.73,29.181,31.3572,3932586.13,1618876799999,True
2021-04-20 00:00:00,1618876800000,31.3854,32.2985,28.0,31.9547,3661924.46,1618963199999,True
2021-04-21 00:00:00,1618963200000,31.9574,36.5644,30.513,33.4146,6855649.28,1619049599999,True
2021-04-22 00:00:00,1619049600000,33.4425,38.4579,32.66,33.9099,11202707.97,1619135999999,True
2021-04-23 00:00:00,1619136000000,33.9322,34.9307,29.5187,32.9502,9040239.73,1619222399999,True
2021-04-24 00:00:00,1619222400000,32.9518,32.9998,29.806,30.1473,3100534.37,1619308799999,True
2021-04-25 00:00:00,1619308800000,30.168,34.8634,30.0,34.352,4673943.493,1619395199999,True
2021-04-26 00:00:00,1619395200000,34.358,38.5,34.044,38.165,5278261.404,1619481599999,True
2021-04-27 00:00:00,1619481600000,38.165,40.629,37.3,39.63,5387724.424,1619567999999,True
2021-04-28 00:00:00,1619568000000,39.63,42.949,37.624,42.901,7137060.834,1619654399999,True
2021-04-29 00:00:00,1619654400000,42.876,44.0,39.581,41.05,4430490.183,1619740799999,True
2021-04-30 00:00:00,1619740800000,41.028,41.416,39.0,40.624,4308530.483,1619827199999,True
2021-05-01 00:00:00,1619827200000,40.646,41.288,39.19,40.339,3165037.016,1619913599999,True
2021-05-02 00:00:00,1619913600000,40.346,43.303,39.2,42.62,4160783.065,1619999999999,True
2021-05-03 00:00:00,1620000000000,42.619,45.0,41.2,42.277,4837994.954,1620086399999,True
2021-05-04 00:00:00,1620086400000,42.282,44.631,39.52,43.108,7355023.795,1620172799999,True
2021-05-05 00:00:00,1620172800000,43.091,44.9,41.497,42.423,6727812.045,1620259199999,True
2021-05-06 00:00:00,1620259200000,42.409,42.537,39.732,40.222,4988381.417,1620345599999,True
2021-05-07 00:00:00,1620345600000,40.224,41.377,38.27,39.74,4057210.562,1620431999999,True
2021-05-08 00:00:00,1620432000000,39.733,41.26,38.55,40.498,2961391.166,1620518399999,True
2021-05-09 00:00:00,1620518400000,40.48,40.722,38.064,39.43,2582372.604,1620604799999,True
2021-05-10 00:00:00,1620604800000,39.422,41.168,33.46,36.372,4237689.414,1620691199999,True
2021-05-11 00:00:00,1620691200000,36.378,38.544,35.448,38.515,2721296.599,1620777599999,True
2021-05-12 00:00:00,1620777600000,38.519,44.044,35.714,36.87,8229661.455,1620863999999,True
2021-05-13 00:00:00,1620864000000,37.079,40.328,33.905,37.345,5519523.221,1620950399999,True
2021-05-14 00:00:00,1620950400000,37.341,40.888,37.112,40.4,2694092.994,1621036799999,True
2021-05-15 00:00:00,1621036800000,40.406,42.4,36.505,36.607,3451479.688,1621123199999,True
2021-05-16 00:00:00,1621123200000,36.593,39.418,34.5,36.598,2888647.371,1621209599999,True
2021-05-17 00:00:00,1621209600000,36.597,36.597,31.781,33.232,3934373.62,1621295999999,True
2021-05-18 00:00:00,1621296000000,33.251,36.63,32.974,35.028,3743345.478,1621382399999,True
2021-05-19 00:00:00,1621382400000,35.009,35.5,16.0,23.169,13257004.569,1621468799999,True
2021-05-20 00:00:00,1621468800000,23.118,28.457,20.0,26.333,7410933.251,1621555199999,True
2021-05-21 00:00:00,1621555200000,26.347,27.951,18.819,21.945,7106530.233,1621641599999,True
2021-05-22 00:00:00,1621641600000,21.943,22.624,18.372,20.338,5227838.547,1621727999999,True
2021-05-23 00:00:00,1621728000000,20.371,21.308,13.0,16.709,11476301.552,1621814399999,True
2021-05-24 00:00:00,1621814400000,16.709,25.18,16.493,24.684,11137116.474,1621900799999,True
2021-05-25 00:00:00,1621900800000,24.68,26.7,21.505,25.106,10314512.406,1621987199999,True
2021-05-26 00:00:00,1621987200000,25.097,29.428,24.436,29.42,6640794.785,1622073599999,True
2021-05-27 00:00:00,1622073600000,29.382,30.0,26.106,28.549,6275644.883,1622159999999,True
2021-05-28 00:00:00,1622160000000,28.538,29.398,24.861,25.875,7728105.114,1622246399999,True
2021-05-29 00:00:00,1622246400000,25.886,27.531,21.809,23.169,5967352.893,1622332799999,True
2021-05-30 00:00:00,1622332800000,23.171,26.668,21.66,25.716,5654647.411,1622419199999,True
2021-05-31 00:00:00,1622419200000,25.7,28.4,23.433,28.239,7519968.022,1622505599999,True
2021-06-01 00:00:00,1622505600000,28.239,28.754,25.942,27.426,5252485.933,1622591999999,True
2021-06-02 00:00:00,1622592000000,27.413,28.803,26.335,27.626,3744189.318,1622678399999,True
2021-06-03 00:00:00,1622678400000,27.626,29.382,26.897,28.687,3675157.568,1622764799999,True
2021-06-04 00:00:00,1622764800000,28.68,28.696,25.005,26.422,4004398.55,1622851199999,True
2021-06-05 00:00:00,1622851200000,26.423,27.84,25.04,25.641,2675895.491,1622937599999,True
2021-06-06 00:00:00,1622937600000,25.628,26.45,25.303,25.861,1965325.548,1623023999999,True
2021-06-07 00:00:00,1623024000000,25.863,27.335,23.91,24.269,3839779.301,1623110399999,True
2021-06-08 00:00:00,1623110400000,24.263,24.644,20.465,23.424,4141801.396,1623196799999,True
2021-06-09 00:00:00,1623196800000,23.412,25.241,22.097,25.096,4569067.66,1623283199999,True
2021-06-10 00:00:00,1623283200000,25.094,25.26,23.085,23.582,2524473.954,1623369599999,True
2021-06-11 00:00:00,1623369600000,23.577,23.868,21.299,21.848,2595444.497,1623455999999,True
2021-06-12 00:00:00,1623456000000,21.848,22.063,20.239,21.296,2201492.912,1623542399999,True
2021-06-13 00:00:00,1623542400000,21.281,24.0,20.449,23.255,2282231.756,1623628799999,True
2021-06-14 00:00:00,1623628800000,23.255,24.207,22.494,24.16,2206791.975,1623715199999,True
2021-06-15 00:00:00,1623715200000,24.159,24.69,23.116,23.417,1506402.334,1623801599999,True
2021-06-16 00:00:00,1623801600000,23.416,23.55,21.642,21.828,1687477.964,1623887999999,True
2021-06-17 00:00:00,1623888000000,21.828,22.941,21.403,22.184,1443998.146,1623974399999,True
2021-06-18 00:00:00,1623974400000,22.182,22.269,19.55,20.388,2187107.789,1624060799999,True
2021-06-19 00:00:00,1624060800000,20.4,20.978,19.754,19.76,1744280.982,1624147199999,True
2021-06-20 00:00:00,1624147200000,19.763,21.025,18.622,20.704,2410717.378,1624233599999,True
2021-06-21 00:00:00,1624233600000,20.705,20.873,15.74,15.774,4733664.598,1624319999999,True
2021-06-22 00:00:00,1624320000000,15.787,17.2,13.93,16.421,6573754.006,1624406399999,True
2021-06-23 00:00:00,1624406400000,16.411,18.493,15.772,17.802,3802110.641,1624492799999,True
2021-06-24 00:00:00,1624492800000,17.804,18.601,16.611,18.051,2840757.25,1624579199999,True
2021-06-25 00:00:00,1624579200000,18.052,18.354,15.704,15.822,3191117.772,1624665599999,True
2021-06-26 00:00:00,1624665600000,15.821,16.472,15.104,16.122,2113043.446,1624751999999,True
2021-06-27 00:00:00,1624752000000,16.119,17.101,15.617,17.097,1849690.818,1624838399999,True
2021-06-28 00:00:00,1624838400000,17.082,18.148,16.87,17.727,2122095.862,1624924799999,True
2021-06-29 00:00:00,1624924800000,17.734,19.189,17.66,18.652,2732626.335,1625011199999,True
2021-06-30 00:00:00,1625011200000,18.64,19.299,17.149,19.278,2596846.284,1625097599999,True
2021-07-01 00:00:00,1625097600000,19.279,19.288,17.544,17.779,2155310.322,1625183999999,True
2021-07-02 00:00:00,1625184000000,17.781,18.262,16.939,18.213,1673825.913,1625270399999,True
2021-07-03 00:00:00,1625270400000,18.216,19.559,17.789,19.474,1969946.1,1625356799999,True
2021-07-04 00:00:00,1625356800000,19.474,21.498,18.931,20.757,3396421.138,1625443199999,True
2021-07-05 00:00:00,1625443200000,20.751,20.906,19.068,20.063,3729063.072,1625529599999,True
2021-07-06 00:00:00,1625529600000,20.062,23.235,20.03,22.376,5911864.441,1625615999999,True
2021-07-07 00:00:00,1625616000000,22.373,23.456,21.65,22.253,3088190.073,1625702399999,True
2021-07-08 00:00:00,1625702400000,22.254,22.311,19.908,20.353,3124268.554,1625788799999,True
2021-07-09 00:00:00,1625788800000,20.342,21.686,19.78,20.986,2534220.366,1625875199999,True
2021-07-10 00:00:00,1625875200000,20.978,21.515,19.95,20.244,1405443.519,1625961599999,True
2021-07-11 00:00:00,1625961600000,20.245,20.947,19.98,20.7,1315491.272,1626047999999,True
2021-07-12 00:00:00,1626048000000,20.7,21.45,19.205,19.528,1844838.187,1626134399999,True
2021-07-13 00:00:00,1626134400000,19.531,19.738,18.172,18.47,2357239.528,1626220799999,True
2021-07-14 00:00:00,1626220800000,18.461,18.542,16.721,17.885,4782786.984,1626307199999,True
2021-07-15 00:00:00,1626307200000,17.889,18.389,16.797,17.068,3278504.789,1626393599999,True
2021-07-16 00:00:00,1626393600000,17.07,17.6,15.918,16.337,2512504.072,1626479999999,True
2021-07-17 00:00:00,1626480000000,16.353,16.744,15.928,16.098,2244463.838,1626566399999,True
2021-07-18 00:00:00,1626566400000,16.112,17.168,16.024,16.305,2646507.712,1626652799999,True
2021-07-19 00:00:00,1626652800000,16.311,16.791,15.398,15.742,3004534.037,1626739199999,True
2021-07-20 00:00:00,1626739200000,15.735,15.97,14.394,14.554,3276914.078,1626825599999,True
2021-07-21 00:00:00,1626825600000,14.569,16.876,14.013,16.727,3689271.238,1626911999999,True
2021-07-22 00:00:00,1626912000000,16.727,17.617,16.066,17.579,2957017.843,1626998399999,True
2021-07-23 00:00:00,1626998400000,17.572,18.692,16.933,18.603,2570278.497,1627084799999,True
2021-07-24 00:00:00,1627084800000,18.6,18.941,18.031,18.239,2296503.764,1627171199999,True
2021-07-25 00:00:00,1627171200000,18.243,18.446,17.242,18.285,1820324.297,1627257599999,True
2021-07-26 00:00:00,1627257600000,18.273,20.319,18.174,18.527,4348247.683,1627343999999,True
2021-07-27 00:00:00,1627344000000,18.525,19.245,17.67,18.887,2480974.86,1627430399999,True
2021-07-28 00:00:00,1627430400000,18.89,19.467,18.52,19.065,2170430.677,1627516799999,True
2021-07-29 00:00:00,1627516800000,19.061,19.808,18.571,19.58,1868109.678,1627603199999,True
2021-07-30 00:00:00,1627603200000,19.576,21.064,19.34,20.917,3593897.692,1627689599999,True
2021-07-31 00:00:00,1627689600000,20.919,21.954,20.672,21.767,2671808.162,1627775999999,True
2021-08-01 00:00:00,1627776000000,21.764,23.22,21.546,21.979,3359665.109,1627862399999,True
2021-08-02 00:00:00,1627862400000,21.976,23.099,21.391,22.382,2704014.132,1627948799999,True
2021-08-03 00:00:00,1627948800000,22.382,22.74,20.624,21.326,3057063.711,1628035199999,True
2021-08-04 00:00:00,1628035200000,21.339,23.731,20.767,23.536,2980641.044,1628121599999,True
2021-08-05 00:00:00,1628121600000,23.53,25.579,22.057,25.44,3892635.146,1628207999999,True
2021-08-06 00:00:00,1628208000000,25.431,27.005,24.536,26.178,2830769.772,1628294399999,True
2021-08-07 00:00:00,1628294400000,26.178,29.0,25.8,28.3,4007794.406,1628380799999,True
2021-08-08 00:00:00,1628380800000,28.302,28.703,25.949,26.722,2475928.856,1628467199999,True
2021-08-09 00:00:00,1628467200000,26.697,28.78,25.378,28.352,2965035.961,1628553599999,True
2021-08-10 00:00:00,1628553600000,28.351,30.212,28.165,28.755,3851371.432,1628639999999,True
2021-08-11 00:00:00,1628640000000,28.756,30.426,28.725,28.95,2863582.29,1628726399999,True
2021-08-12 00:00:00,1628726400000,28.938,29.898,26.861,28.087,2795747.688,1628812799999,True
2021-08-13 00:00:00,1628812800000,28.092,30.617,27.845,30.507,2444678.043,1628899199999,True
2021-08-14 00:00:00,1628899200000,30.514,30.65,28.676,30.11,2362628.663,1628985599999,True
2021-08-15 00:00:00,1628985600000,30.113,30.456,28.28,30.239,2278033.949,1629071999999,True
2021-08-16 00:00:00,1629072000000,30.239,31.257,28.992,29.072,2815461.956,1629158399999,True
2021-08-17 00:00:00,1629158400000,29.072,30.809,25.882,26.416,3570773.107,1629244799999,True
2021-08-18 00:00:00,1629244800000,26.404,27.35,25.37,26.313,3781661.929,1629331199999,True
2021-08-19 00:00:00,1629331200000,26.319,27.99,25.306,27.962,2838095.207,1629417599999,True
2021-08-20 00:00:00,1629417600000,27.959,29.233,27.514,28.886,2616101.383,1629503999999,True
2021-08-21 00:00:00,1629504000000,28.887,29.724,28.175,28.237,2358606.712,1629590399999,True
2021-08-22 00:00:00,1629590400000,28.229,29.2,27.113,28.4,1948915.56,1629676799999,True
2021-08-23 00:00:00,1629676800000,28.4,29.627,28.363,28.8,2289290.628,1629763199999,True
2021-08-24 00:00:00,1629763200000,28.79,29.236,26.5,26.609,2151595.884,1629849599999,True
2021-08-25 00:00:00,1629849600000,26.614,27.455,25.68,27.064,1871023.847,1629935999999,True
2021-08-26 00:00:00,1629936000000,27.052,27.669,25.02,25.51,1862336.279,1630022399999,True
2021-08-27 00:00:00,1630022400000,25.52,27.478,25.02,27.41,1901520.921,1630108799999,True
2021-08-28 00:00:00,1630108800000,27.43,27.6,26.62,26.81,1118897.776,1630195199999,True
2021-08-29 00:00:00,1630195200000,26.84,27.67,26.15,26.78,1549825.926,1630281599999,True
2021-08-30 00:00:00,1630281600000,26.8,28.22,25.55,26.84,2436669.417,1630367999999,True
2021-08-31 00:00:00,1630368000000,26.84,29.79,26.15,29.38,4325565.565,1630454399999,True
2021-09-01 00:00:00,1630454400000,29.37,31.385,28.69,31.35,4806428.845,1630540799999,True
2021-09-02 00:00:00,1630540800000,31.33,31.41,29.48,29.93,2046183.925,1630627199999,True
2021-09-03 00:00:00,1630627200000,29.93,31.21,28.31,28.65,6213970.64,1630713599999,True
2021-09-04 00:00:00,1630713600000,28.66,29.48,28.2,28.56,2175242.4,1630799999999,True
2021-09-05 00:00:00,1630800000000,28.57,29.5,28.25,29.37,1844290.25,1630886399999,True
2021-09-06 00:00:00,1630886400000,29.35,30.3,28.11,28.84,3797456.43,1630972799999,True
2021-09-07 00:00:00,1630972800000,28.84,29.33,21.0,24.32,8621704.918,1631059199999,True
2021-09-08 00:00:00,1631059200000,24.34,24.98,21.35,23.15,4662434.29,1631145599999,True
2021-09-09 00:00:00,1631145600000,23.15,24.73,22.71,23.32,3345222.86,1631231999999,True
2021-09-10 00:00:00,1631232000000,23.31,24.26,21.4,22.31,2591885.65,1631318399999,True
2021-09-11 00:00:00,1631318400000,22.3,23.91,22.23,22.73,1530804.49,1631404799999,True
2021-09-12 00:00:00,1631404800000,22.73,24.28,22.16,23.74,2233078.66,1631491199999,True
2021-09-13 00:00:00,1631491200000,23.74,24.05,21.37,22.66,2501947.16,1631577599999,True
2021-09-14 00:00:00,1631577600000,22.66,25.93,22.47,25.68,3503337.11,1631663999999,True
2021-09-15 00:00:00,1631664000000,25.67,27.47,24.69,27.47,3780994.68,1631750399999,True
2021-09-16 00:00:00,1631750400000,27.48,27.62,25.22,26.23,3604414.07,1631836799999,True
2021-09-17 00:00:00,1631836800000,26.24,26.4,24.0,24.32,2953068.27,1631923199999,True
2021-09-18 00:00:00,1631923200000,24.33,25.22,23.93,24.54,1340393.94,1632009599999,True
2021-09-19 00:00:00,1632009600000,24.53,24.65,23.5,23.87,1100345.52,1632095999999,True
2021-09-20 00:00:00,1632096000000,23.89,23.99,20.38,20.9,3352033.839,1632182399999,True
2021-09-21 00:00:00,1632182400000,20.89,21.64,18.33,19.06,3710637.736,1632268799999,True
2021-09-22 00:00:00,1632268800000,19.07,21.66,18.85,21.62,2854102.75,1632355199999,True
2021-09-23 00:00:00,1632355200000,21.62,21.84,20.88,21.5,1648480.95,1632441599999,True
2021-09-24 00:00:00,1632441600000,21.5,21.63,18.17,19.65,3288006.949,1632527999999,True
2021-09-25 00:00:00,1632528000000,19.65,20.1,18.94,19.47,1934554.35,1632614399999,True
2021-09-26 00:00:00,1632614400000,19.47,24.76,17.73,24.04,12451857.696,1632700799999,True
2021-09-27 00:00:00,1632700800000,24.04,26.03,22.26,22.38,8594553.61,1632787199999,True
2021-09-28 00:00:00,1632787200000,22.39,25.0,22.15,23.07,8626875.1,1632873599999,True
2021-09-29 00:00:00,1632873600000,23.07,24.28,22.31,23.01,4862691.46,1632959999999,True
2021-09-30 00:00:00,1632960000000,23.01,23.96,22.62,23.53,3025569.37,1633046399999,True
2021-10-01 00:00:00,1633046400000,23.53,25.85,23.48,25.64,4261740.78,1633132799999,True
2021-10-02 00:00:00,1633132800000,25.63,27.23,25.35,26.15,3780085.0,1633219199999,True
2021-10-03 00:00:00,1633219200000,26.14,26.61,25.61,26.0,2177236.06,1633305599999,True
2021-10-04 00:00:00,1633305600000,26.01,26.02,24.22,25.34,2515850.29,1633391999999,True
2021-10-05 00:00:00,1633392000000,25.33,25.9,24.56,25.64,2093873.68,1633478399999,True
2021-10-06 00:00:00,1633478400000,25.64,26.04,23.79,25.25,2400309.01,1633564799999,True
2021-10-07 00:00:00,1633564800000,25.24,26.3,24.44,25.52,2190026.23,1633651199999,True
2021-10-08 00:00:00,1633651200000,25.53,26.1,24.62,24.76,1906592.17,1633737599999,True
2021-10-09 00:00:00,1633737600000,24.77,25.95,24.53,25.12,1342879.99,1633823999999,True
2021-10-10 00:00:00,1633824000000,25.15,26.0,24.08,24.17,2048362.62,1633910399999,True
2021-10-11 00:00:00,1633910400000,24.15,25.13,23.5,24.16,1704951.76,1633996799999,True
2021-10-12 00:00:00,1633996800000,24.16,24.18,22.3,23.46,1765179.48,1634083199999,True
2021-10-13 00:00:00,1634083200000,23.47,25.8,23.13,24.68,5582615.3,1634169599999,True
2021-10-14 00:00:00,1634169600000,24.7,27.0,24.52,26.43,3397885.31,1634255999999,True
2021-10-15 00:00:00,1634256000000,26.44,26.86,25.34,25.9,3090078.11,1634342399999,True
2021-10-16 00:00:00,1634342400000,25.88,27.99,25.73,27.06,3331454.33,1634428799999,True
2021-10-17 00:00:00,1634428800000,27.06,27.14,25.0,25.91,2293362.81,1634515199999,True
2021-10-18 00:00:00,1634515200000,25.92,26.24,24.85,25.64,1466133.78,1634601599999,True
2021-10-19 00:00:00,1634601600000,25.64,26.31,25.23,26.02,1374496.5,1634687999999,True
2021-10-20 00:00:00,1634688000000,26.03,27.14,25.5,27.12,1831462.0,1634774399999,True
2021-10-21 00:00:00,1634774400000,27.12,27.76,25.72,26.11,2192307.21,1634860799999,True
2021-10-22 00:00:00,1634860800000,26.1,26.86,25.33,25.63,1449568.95,1634947199999,True
2021-10-23 00:00:00,1634947200000,25.63,26.89,25.26,26.84,1344506.76,1635033599999,True
2021-10-24 00:00:00,1635033600000,26.85,27.25,25.35,25.79,1501331.61,1635119999999,True
2021-10-25 00:00:00,1635120000000,25.78,26.76,25.69,26.75,1270995.28,1635206399999,True
2021-10-26 00:00:00,1635206400000,26.75,28.3,26.09,26.55,3639235.64,1635292799999,True
2021-10-27 00:00:00,1635292800000,26.57,28.31,23.5,24.17,4583819.91,1635379199999,True
2021-10-28 00:00:00,1635379200000,24.16,25.37,23.91,24.89,2600717.48,1635465599999,True
2021-10-29 00:00:00,1635465600000,24.9,25.81,24.66,25.53,1606744.24,1635551999999,True
2021-10-30 00:00:00,1635552000000,25.54,25.6,24.4,24.91,1127205.87,1635638399999,True
2021-10-31 00:00:00,1635638400000,24.91,25.28,23.99,24.98,1219438.8,1635724799999,True
2021-11-01 00:00:00,1635724800000,24.99,26.46,24.13,25.62,2194938.19,1635811199999,True
2021-11-02 00:00:00,1635811200000,25.61,26.31,25.14,26.18,1527314.85,1635897599999,True
2021-11-03 00:00:00,1635897600000,26.17,27.07,25.34,26.89,2814244.55,1635983999999,True
2021-11-04 00:00:00,1635984000000,26.89,27.46,25.24,25.73,2787074.81,1636070399999,True
2021-11-05 00:00:00,1636070400000,25.72,26.12,25.26,25.57,2024809.25,1636156799999,True
2021-11-06 00:00:00,1636156800000,25.58,25.79,24.41,25.16,1363847.43,1636243199999,True
2021-11-07 00:00:00,1636243200000,25.16,25.5,24.96,25.33,1003251.62,1636329599999,True
2021-11-08 00:00:00,1636329600000,25.33,26.4,25.21,26.25,2478790.13,1636415999999,True
2021-11-09 00:00:00,1636416000000,26.25,27.8,25.82,26.36,3830667.58,1636502399999,True
2021-11-10 00:00:00,1636502400000,26.37,28.48,24.02,25.26,5766191.73,1636588799999,True
2021-11-11 00:00:00,1636588800000,25.26,26.12,24.9,25.38,1891206.97,1636675199999,True
2021-11-12 00:00:00,1636675200000,25.38,25.7,23.89,24.56,1826909.1,1636761599999,True
2021-11-13 00:00:00,1636761600000,24.57,24.82,24.16,24.65,953384.07,1636847999999,True
2021-11-14 00:00:00,1636848000000,24.66,25.02,24.01,24.57,939318.21,1636934399999,True
2021-11-15 00:00:00,1636934400000,24.57,25.9,23.73,24.0,1959952.97,1637020799999,True
2021-11-16 00:00:00,1637020800000,24.0,24.0,20.34,21.68,4692657.9,1637107199999,True
2021-11-17 00:00:00,1637107200000,21.69,21.95,21.04,21.88,1684296.15,1637193599999,True
2021-11-18 00:00:00,1637193600000,21.86,22.25,19.57,20.09,2178936.56,1637279999999,True
2021-11-19 00:00:00,1637280000000,20.09,21.31,19.77,21.2,1248029.43,1637366399999,True
2021-11-20 00:00:00,1637366400000,21.2,22.03,20.92,22.02,1230995.19,1637452799999,True
2021-11-21 00:00:00,1637452800000,22.03,22.17,21.38,21.62,896799.46,1637539199999,True
2021-11-22 00:00:00,1637539200000,21.62,22.31,20.72,20.95,1865975.43,1637625599999,True
2021-11-23 00:00:00,1637625600000,20.96,22.34,20.76,22.2,1361092.98,1637711999999,True
2021-11-24 00:00:00,1637712000000,22.21,22.31,20.53,20.8,1368958.45,1637798399999,True
2021-11-25 00:00:00,1637798400000,20.8,21.65,20.57,21.39,1388461.25,1637884799999,True
2021-11-26 00:00:00,1637884800000,21.4,21.45,18.71,19.27,1957267.01,1637971199999,True
2021-11-27 00:00:00,1637971200000,19.25,20.16,19.22,19.49,837834.92,1638057599999,True
2021-11-28 00:00:00,1638057600000,19.49,20.26,18.47,20.12,1453479.11,1638143999999,True
2021-11-29 00:00:00,1638144000000,20.12,20.48,19.6,20.26,1139685.58,1638230399999,True
2021-11-30 00:00:00,1638230400000,20.26,21.48,19.55,21.25,1697883.41,1638316799999,True
2021-12-01 00:00:00,1638316800000,21.25,22.3,20.77,20.95,1865023.7,1638403199999,True
2021-12-02 00:00:00,1638403200000,20.95,23.05,20.51,22.44,4262256.77,1638489599999,True
2021-12-03 00:00:00,1638489600000,22.41,23.03,19.26,19.96,2887521.15,1638575999999,True
2021-12-04 00:00:00,1638576000000,19.95,20.03,13.18,17.19,7587852.105,1638662399999,True
2021-12-05 00:00:00,1638662400000,17.18,17.48,15.88,16.53,2258446.65,1638748799999,True
2021-12-06 00:00:00,1638748800000,16.54,17.5,15.17,17.3,2275551.62,1638835199999,True
2021-12-07 00:00:00,1638835200000,17.3,17.66,16.92,17.14,1715523.25,1638921599999,True
2021-12-08 00:00:00,1638921600000,17.15,18.75,16.96,18.73,2080951.57,1639007999999,True
2021-12-09 00:00:00,1639008000000,18.73,18.77,16.11,16.17,2103223.72,1639094399999,True
2021-12-10 00:00:00,1639094400000,16.17,16.53,15.09,15.15,2357332.34,1639180799999,True
2021-12-11 00:00:00,1639180800000,15.14,16.74,14.94,15.9,1949767.09,1639267199999,True
2021-12-12 00:00:00,1639267200000,15.9,16.19,15.27,16.0,991330.38,1639353599999,True
2021-12-13 00:00:00,1639353600000,16.0,16.09,13.76,14.16,1984501.11,1639439999999,True
2021-12-14 00:00:00,1639440000000,14.16,15.08,13.91,15.0,1352106.29,1639526399999,True
2021-12-15 00:00:00,1639526400000,14.98,15.52,14.15,15.19,2194474.09,1639612799999,True
2021-12-16 00:00:00,1639612800000,15.19,15.37,14.34,14.42,2163655.41,1639699199999,True
2021-12-17 00:00:00,1639699200000,14.41,15.1,13.67,14.97,1789860.25,1639785599999,True
2021-12-18 00:00:00,1639785600000,14.97,16.1,14.67,15.56,2701601.97,1639871999999,True
2021-12-19 00:00:00,1639872000000,15.57,15.97,14.83,14.97,1589950.01,1639958399999,True
2021-12-20 00:00:00,1639958400000,14.96,15.17,13.96,14.51,1821301.19,1640044799999,True
2021-12-21 00:00:00,1640044800000,14.51,15.1,14.31,15.05,1098347.03,1640131199999,True
2021-12-22 00:00:00,1640131200000,15.05,18.0,14.96,16.23,2472751.55,1640217599999,True
2021-12-23 00:00:00,1640217600000,16.22,18.26,15.92,18.17,4136178.14,1640303999999,True
2021-12-24 00:00:00,1640304000000,18.18,18.29,17.23,17.49,2296234.01,1640390399999,True
2021-12-25 00:00:00,1640390400000,17.51,17.84,17.07,17.46,1217142.43,1640476799999,True
2021-12-26 00:00:00,1640476800000,17.47,18.79,16.71,18.66,1838091.86,1640563199999,True
2021-12-27 00:00:00,1640563200000,18.65,20.07,18.53,19.12,2679326.94,1640649599999,True
2021-12-28 00:00:00,1640649600000,19.13,19.92,17.72,18.39,4013857.2,1640735999999,True
2021-12-29 00:00:00,1640736000000,18.4,19.5,16.87,17.13,3638665.39,1640822399999,True
2021-12-30 00:00:00,1640822400000,17.12,17.91,16.71,17.8,1609634.43,1640908799999,True
2021-12-31 00:00:00,1640908800000,17.8,18.65,16.77,17.0,2203063.81,1640995199999,True
2022-01-01 00:00:00,1640995200000,17.01,17.57,16.79,17.48,1236062.74,1641081599999,True
2022-01-02 00:00:00,1641081600000,17.48,18.5,17.04,18.4,1239824.76,1641167999999,True
2022-01-03 00:00:00,1641168000000,18.39,19.18,17.84,18.46,2377836.01,1641254399999,True
2022-01-04 00:00:00,1641254400000,18.47,19.15,17.68,18.21,2349174.13,1641340799999,True
2022-01-05 00:00:00,1641340800000,18.21,19.87,16.31,17.11,4464972.53,1641427199999,True
2022-01-06 00:00:00,1641427200000,17.12,17.26,16.08,17.06,2682869.44,1641513599999,True
2022-01-07 00:00:00,1641513600000,17.07,17.16,15.23,15.76,2769810.35,1641599999999,True
2022-01-08 00:00:00,1641600000000,15.77,16.2,14.53,14.92,1535850.86,1641686399999,True
2022-01-09 00:00:00,1641686400000,14.93,16.3,14.81,15.8,1329527.16,1641772799999,True
2022-01-10 00:00:00,1641772800000,15.8,16.46,14.64,15.11,2523686.14,1641859199999,True
2022-01-11 00:00:00,1641859200000,15.12,16.32,14.98,15.96,1710488.91,1641945599999,True
2022-01-12 00:00:00,1641945600000,15.97,16.61,15.95,16.28,1250210.31,1642031999999,True
2022-01-13 00:00:00,1642032000000,16.29,16.59,15.39,15.45,1407495.12,1642118399999,True
2022-01-14 00:00:00,1642118400000,15.46,15.96,15.13,15.86,959028.98,1642204799999,True
2022-01-15 00:00:00,1642204800000,15.85,16.72,15.7,16.47,1097913.21,1642291199999,True
2022-01-16 00:00:00,1642291200000,16.47,18.19,16.29,17.83,1883856.29,1642377599999,True
2022-01-17 00:00:00,1642377600000,17.83,17.96,16.23,16.63,1629800.43,1642463999999,True
2022-01-18 00:00:00,1642464000000,16.64,17.72,15.62,15.98,2159779.56,1642550399999,True
2022-01-19 00:00:00,1642550400000,15.97,16.23,15.1,15.11,1148456.18,1642636799999,True
2022-01-20 00:00:00,1642636800000,15.12,16.19,14.37,14.46,1317288.83,1642723199999,True
2022-01-21 00:00:00,1642723200000,14.45,14.67,12.31,12.64,2858141.448,1642809599999,True
2022-01-22 00:00:00,1642809600000,12.64,13.01,10.35,11.15,4555381.496,1642895999999,True
2022-01-23 00:00:00,1642896000000,11.14,11.93,10.82,11.42,2354356.17,1642982399999,True
2022-01-24 00:00:00,1642982400000,11.42,11.43,9.53,10.68,3978296.27,1643068799999,True
2022-01-25 00:00:00,1643068800000,10.69,10.94,10.32,10.58,1480467.38,1643155199999,True
2022-01-26 00:00:00,1643155200000,10.59,11.77,10.35,10.58,2025241.33,1643241599999,True
2022-01-27 00:00:00,1643241600000,10.59,10.92,9.89,10.32,2548189.29,1643327999999,True
2022-01-28 00:00:00,1643328000000,10.32,10.74,9.85,10.67,1332611.38,1643414399999,True
2022-01-29 00:00:00,1643414400000,10.66,11.24,10.57,11.16,1363190.07,1643500799999,True
2022-01-30 00:00:00,1643500800000,11.15,11.45,10.64,10.79,1062723.27,1643587199999,True
2022-01-31 00:00:00,1643587200000,10.79,11.9,10.29,11.77,1671188.24,1643673599999,True
2022-02-01 00:00:00,1643673600000,11.77,11.87,11.01,11.11,1723172.05,1643759999999,True
2022-02-02 00:00:00,1643760000000,11.11,11.36,10.39,10.52,1659977.39,1643846399999,True
2022-02-03 00:00:00,1643846400000,10.51,10.59,9.97,10.41,1348397.8,1643932799999,True
2022-02-04 00:00:00,1643932800000,10.4,11.5,10.32,11.18,2241922.29,1644019199999,True
2022-02-05 00:00:00,1644019200000,11.18,12.04,11.11,11.25,2268387.76,1644105599999,True
2022-02-06 00:00:00,1644105600000,11.25,11.73,11.01,11.67,1414908.03,1644191999999,True
2022-02-07 00:00:00,1644192000000,11.67,12.6,11.38,12.37,3428495.34,1644278399999,True
2022-02-08 00:00:00,1644278400000,12.37,13.0,11.5,11.94,3071005.14,1644364799999,True
2022-02-09 00:00:00,1644364800000,11.94,12.65,11.6,12.32,1725896.49,1644451199999,True
2022-02-10 00:00:00,1644451200000,12.32,12.35,11.33,11.41,2443921.95,1644537599999,True
2022-02-11 00:00:00,1644537600000,11.41,11.66,10.38,10.64,1308177.72,1644623999999,True
2022-02-12 00:00:00,1644624000000,10.65,10.98,10.4,10.65,1005286.41,1644710399999,True
2022-02-13 00:00:00,1644710400000,10.64,10.86,10.25,10.33,758608.08,1644796799999,True
2022-02-14 00:00:00,1644796800000,10.33,10.72,10.1,10.61,861079.98,1644883199999,True
2022-02-15 00:00:00,1644883200000,10.61,11.53,10.6,11.47,1419334.1,1644969599999,True
2022-02-16 00:00:00,1644969600000,11.47,11.53,10.78,11.22,1491829.1,1645055999999,True
2022-02-17 00:00:00,1645056000000,11.23,11.38,10.22,10.4,1492563.74,1645142399999,True
2022-02-18 00:00:00,1645142400000,10.41,10.7,10.04,10.16,1370733.24,1645228799999,True
2022-02-19 00:00:00,1645228800000,10.16,10.42,9.75,10.03,1056382.64,1645315199999,True
2022-02-20 00:00:00,1645315200000,10.02,10.05,9.18,9.35,1500266.051,1645401599999,True
2022-02-21 00:00:00,1645401600000,9.35,9.76,8.5,8.53,2516924.768,1645487999999,True
2022-02-22 00:00:00,1645488000000,8.52,8.97,8.13,8.86,2363257.731,1645574399999,True
2022-02-23 00:00:00,1645574400000,8.87,9.46,8.71,8.74,1870091.15,1645660799999,True
2022-02-24 00:00:00,1645660800000,8.74,9.06,7.51,8.82,5800166.655,1645747199999,True
2022-02-25 00:00:00,1645747200000,8.82,9.43,8.45,9.25,1958327.84,1645833599999,True
2022-02-26 00:00:00,1645833600000,9.25,9.55,8.93,9.05,1434761.9,1645919999999,True
2022-02-27 00:00:00,1645920000000,9.06,10.15,8.64,9.77,5227479.72,1646006399999,True
2022-02-28 00:00:00,1646006400000,9.78,10.55,9.36,10.53,4566984.09,1646092799999,True
2022-03-01 00:00:00,1646092800000,10.54,10.83,10.02,10.35,3684418.62,1646179199999,True
2022-03-02 00:00:00,1646179200000,10.36,10.59,9.95,10.04,2734874.01,1646265599999,True
2022-03-03 00:00:00,1646265600000,10.05,10.12,9.42,9.55,1792211.69,1646351999999,True
2022-03-04 00:00:00,1646352000000,9.56,9.57,8.65,8.8,2100224.3,1646438399999,True
2022-03-05 00:00:00,1646438400000,8.8,9.14,8.66,9.01,1293852.52,1646524799999,True
2022-03-06 00:00:00,1646524800000,9.02,9.08,8.44,8.48,1828590.34,1646611199999,True
2022-03-07 00:00:00,1646611200000,8.48,8.8,8.1,8.3,2469944.16,1646697599999,True
2022-03-08 00:00:00,1646697600000,8.31,8.87,8.24,8.81,2274200.81,1646783999999,True
2022-03-09 00:00:00,1646784000000,8.82,9.46,8.74,9.21,2637766.42,1646870399999,True
2022-03-10 00:00:00,1646870400000,9.22,9.3,8.49,8.68,2081355.46,1646956799999,True
2022-03-11 00:00:00,1646956800000,8.68,9.05,8.36,8.51,2280471.78,1647043199999,True
2022-03-12 00:00:00,1647043200000,8.51,8.87,8.44,8.46,1336697.32,1647129599999,True
2022-03-13 00:00:00,1647129600000,8.47,8.76,8.12,8.19,1345879.23,1647215999999,True
2022-03-14 00:00:00,1647216000000,8.2,8.58,8.1,8.49,1888909.71,1647302399999,True
2022-03-15 00:00:00,1647302400000,8.49,8.8,8.14,8.72,1550652.01,1647388799999,True
2022-03-16 00:00:00,1647388800000,8.72,9.22,8.5,9.1,2613174.5,1647475199999,True
2022-03-17 00:00:00,1647475200000,9.1,9.41,9.02,9.22,1661105.99,1647561599999,True
2022-03-18 00:00:00,1647561600000,9.23,9.77,9.0,9.63,2004333.01,1647647999999,True
2022-03-19 00:00:00,1647648000000,9.63,9.96,9.54,9.74,3247681.74,1647734399999,True
2022-03-20 00:00:00,1647734400000,9.74,9.78,9.13,9.32,1844603.94,1647820799999,True
2022-03-21 00:00:00,1647820800000,9.33,9.61,9.17,9.34,2120500.49,1647907199999,True
2022-03-22 00:00:00,1647907200000,9.35,10.17,9.27,9.75,2661212.89,1647993599999,True
2022-03-23 00:00:00,1647993600000,9.75,10.26,9.65,10.0,2078395.51,1648079999999,True
2022-03-24 00:00:00,1648080000000,10.01,10.8,9.96,10.79,3091213.21,1648166399999,True
2022-03-25 00:00:00,1648166400000,10.79,11.15,10.42,10.57,2828893.98,1648252799999,True
2022-03-26 00:00:00,1648252800000,10.58,10.75,10.36,10.63,1142328.95,1648339199999,True
2022-03-27 00:00:00,1648339200000,10.63,11.44,10.46,11.41,2256090.51,1648425599999,True
2022-03-28 00:00:00,1648425600000,11.41,11.58,10.76,10.9,3163768.27,1648511999999,True
2022-03-29 00:00:00,1648512000000,10.91,11.72,10.88,11.25,2920712.49,1648598399999,True
2022-03-30 00:00:00,1648598400000,11.25,11.85,10.8,11.72,3246794.45,1648684799999,True
2022-03-31 00:00:00,1648684800000,11.73,12.49,11.04,11.29,4407918.63,1648771199999,True
2022-04-01 00:00:00,1648771200000,11.3,12.09,10.87,11.58,3366731.25,1648857599999,True
2022-04-02 00:00:00,1648857600000,11.58,12.02,11.42,11.65,3441860.07,1648943999999,True
2022-04-03 00:00:00,1648944000000,11.65,12.04,11.46,11.87,2283837.64,1649030399999,True
2022-04-04 00:00:00,1649030400000,11.87,12.17,11.04,11.54,2864850.62,1649116799999,True
2022-04-05 00:00:00,1649116800000,11.55,11.9,11.04,11.12,1594119.81,1649203199999,True
2022-04-06 00:00:00,1649203200000,11.12,11.12,9.91,9.96,2810776.72,1649289599999,True
2022-04-07 00:00:00,1649289600000,9.96,10.55,9.81,10.44,1456826.8,1649375999999,True
2022-04-08 00:00:00,1649376000000,10.44,10.55,9.62,9.74,1472282.01,1649462399999,True
2022-04-09 00:00:00,1649462400000,9.74,10.09,9.72,10.05,857175.17,1649548799999,True
2022-04-10 00:00:00,1649548800000,10.05,10.32,9.83,9.88,928829.63,1649635199999,True
2022-04-11 00:00:00,1649635200000,9.89,9.89,8.9,8.99,1608656.52,1649721599999,True
2022-04-12 00:00:00,1649721600000,8.99,9.49,8.94,9.32,1052819.76,1649807999999,True
2022-04-13 00:00:00,1649808000000,9.32,9.74,9.26,9.65,1235317.71,1649894399999,True
2022-04-14 00:00:00,1649894400000,9.66,9.75,9.32,9.48,927401.63,1649980799999,True
2022-04-15 00:00:00,1649980800000,9.48,9.98,9.45,9.77,1105710.14,1650067199999,True
2022-04-16 00:00:00,1650067200000,9.77,9.83,9.49,9.67,604301.21,1650153599999,True
2022-04-17 00:00:00,1650153600000,9.67,9.72,9.19,9.24,679734.11,1650239999999,True
2022-04-18 00:00:00,1650240000000,9.24,9.41,8.85,9.38,1295324.11,1650326399999,True
2022-04-19 00:00:00,1650326400000,9.39,9.62,9.21,9.55,876687.55,1650412799999,True
2022-04-20 00:00:00,1650412800000,9.55,9.7,9.1,9.32,1389404.39,1650499199999,True
2022-04-21 00:00:00,1650499200000,9.33,9.72,8.61,8.85,1951981.2,1650585599999,True
2022-04-22 00:00:00,1650585600000,8.86,9.14,8.74,8.91,1475388.63,1650671999999,True
2022-04-23 00:00:00,1650672000000,8.91,9.22,8.83,8.9,995331.67,1650758399999,True
2022-04-24 00:00:00,1650758400000,8.91,9.16,8.68,8.71,1087081.66,1650844799999,True
2022-04-25 00:00:00,1650844800000,8.71,8.78,8.16,8.73,1836789.57,1650931199999,True
2022-04-26 00:00:00,1650931200000,8.74,8.82,7.91,8.01,1315422.73,1651017599999,True
2022-04-27 00:00:00,1651017600000,8.01,8.41,7.98,8.23,1036909.08,1651103999999,True
2022-04-28 00:00:00,1651104000000,8.23,8.36,8.02,8.16,1363059.67,1651190399999,True
2022-04-29 00:00:00,1651190400000,8.17,8.23,7.51,7.61,1635435.76,1651276799999,True
2022-04-30 00:00:00,1651276800000,7.62,7.79,6.35,6.75,2622825.358,1651363199999,True
2022-05-01 00:00:00,1651363200000,6.76,7.24,6.53,7.12,2287673.78,1651449599999,True
2022-05-02 00:00:00,1651449600000,7.12,7.2,6.64,6.94,1762024.29,1651535999999,True
2022-05-03 00:00:00,1651536000000,6.94,7.13,6.69,6.85,1239669.15,1651622399999,True
2022-05-04 00:00:00,1651622400000,6.86,7.97,6.83,7.93,2536415.52,1651708799999,True
2022-05-05 00:00:00,1651708800000,7.93,8.11,6.96,7.34,2925514.8,1651795199999,True
2022-05-06 00:00:00,1651795200000,7.35,7.7,6.85,7.59,2686760.07,1651881599999,True
2022-05-07 00:00:00,1651881600000,7.59,7.65,6.97,7.18,2468567.96,1651967999999,True
2022-05-08 00:00:00,1651968000000,7.18,7.34,6.85,7.09,2402992.12,1652054399999,True
2022-05-09 00:00:00,1652054400000,7.1,7.22,5.9,5.95,5910358.919,1652140799999,True
2022-05-10 00:00:00,1652140800000,5.95,6.66,5.75,6.07,5405883.36,1652227199999,True
2022-05-11 00:00:00,1652227200000,6.08,6.22,4.65,4.91,9587421.08,1652313599999,True
2022-05-12 00:00:00,1652313600000,4.92,5.2,3.73,4.67,8726581.3,1652399999999,True
2022-05-13 00:00:00,1652400000000,4.67,5.47,4.6,5.13,4218652.85,1652486399999,True
2022-05-14 00:00:00,1652486400000,5.14,5.38,4.72,5.17,3157543.73,1652572799999,True
2022-05-15 00:00:00,1652572800000,5.18,5.47,4.98,5.46,2656164.5,1652659199999,True
2022-05-16 00:00:00,1652659200000,5.46,5.46,4.89,5.06,2815061.2,1652745599999,True
2022-05-17 00:00:00,1652745600000,5.06,5.51,5.04,5.47,3218048.3,1652831999999,True
2022-05-18 00:00:00,1652832000000,5.47,5.55,4.87,4.89,2512634.31,1652918399999,True
2022-05-19 00:00:00,1652918400000,4.9,5.35,4.73,5.19,3074014.69,1653004799999,True
2022-05-20 00:00:00,1653004800000,5.2,5.52,4.92,5.1,3301934.51,1653091199999,True
2022-05-21 00:00:00,1653091200000,5.1,5.38,4.98,5.24,1909543.26,1653177599999,True
2022-05-22 00:00:00,1653177600000,5.24,5.54,5.12,5.48,2259806.45,1653263999999,True
2022-05-23 00:00:00,1653264000000,5.49,6.08,5.36,5.62,4457774.11,1653350399999,True
2022-05-24 00:00:00,1653350400000,5.63,5.83,5.28,5.6,3734107.58,1653436799999,True
2022-05-25 00:00:00,1653436800000,5.6,5.8,5.38,5.62,3072355.39,1653523199999,True
2022-05-26 00:00:00,1653523200000,5.63,5.77,4.77,4.95,4505027.86,1653609599999,True
2022-05-27 00:00:00,1653609600000,4.95,5.09,4.59,4.69,5120258.03,1653695999999,True
2022-05-28 00:00:00,1653696000000,4.7,5.03,4.61,4.98,2470893.6,1653782399999,True
2022-05-29 00:00:00,1653782400000,4.99,5.03,4.77,4.95,2160832.05,1653868799999,True
2022-05-30 00:00:00,1653868800000,4.95,5.7,4.89,5.66,3675000.23,1653955199999,True
2022-05-31 00:00:00,1653955200000,5.66,5.88,5.54,5.7,3488946.0,1654041599999,True
2022-06-01 00:00:00,1654041600000,5.7,5.82,5.1,5.14,2830546.52,1654127999999,True
2022-06-02 00:00:00,1654128000000,5.14,5.34,5.04,5.3,2429713.61,1654214399999,True
2022-06-03 00:00:00,1654214400000,5.3,5.34,4.96,5.08,1457460.12,1654300799999,True
2022-06-04 00:00:00,1654300800000,5.08,5.18,4.94,5.13,1013048.94,1654387199999,True
2022-06-05 00:00:00,1654387200000,5.13,5.23,4.91,5.09,1087831.95,1654473599999,True
2022-06-06 00:00:00,1654473600000,5.1,5.42,5.09,5.37,1867925.83,1654559999999,True
2022-06-07 00:00:00,1654560000000,5.38,5.42,4.93,5.22,3231580.55,1654646399999,True
2022-06-08 00:00:00,1654646400000,5.22,5.33,5.03,5.09,2123447.57,1654732799999,True
2022-06-09 00:00:00,1654732800000,5.09,5.36,5.02,5.2,853487.87,1654819199999,True
2022-06-10 00:00:00,1654819200000,5.21,5.23,4.76,4.81,1581466.82,1654905599999,True
2022-06-11 00:00:00,1654905600000,4.82,4.97,4.33,4.39,2353190.48,1654991999999,True
2022-06-12 00:00:00,1654992000000,4.39,4.48,4.05,4.06,2323564.16,1655078399999,True
2022-06-13 00:00:00,1655078400000,4.07,4.14,3.45,3.66,6519155.239,1655164799999,True
2022-06-14 00:00:00,1655164800000,3.68,3.93,3.35,3.86,4168211.001,1655251199999,True
2022-06-15 00:00:00,1655251200000,3.87,4.43,3.39,4.42,6369871.19,1655337599999,True
2022-06-16 00:00:00,1655337600000,4.43,4.47,3.75,3.83,4771731.28,1655423999999,True
2022-06-17 00:00:00,1655424000000,3.84,4.01,3.79,3.93,1993568.78,1655510399999,True
2022-06-18 00:00:00,1655510400000,3.94,4.09,3.33,3.64,3885227.55,1655596799999,True
2022-06-19 00:00:00,1655596800000,3.65,4.27,3.49,4.19,3544123.62,1655683199999,True
2022-06-20 00:00:00,1655683200000,4.2,4.4,3.98,4.29,4592702.26,1655769599999,True
2022-06-21 00:00:00,1655769600000,4.3,5.21,4.22,4.77,5883772.19,1655855999999,True
2022-06-22 00:00:00,1655856000000,4.78,5.37,4.56,4.98,9486178.31,1655942399999,True
2022-06-23 00:00:00,1655942400000,4.99,5.69,4.96,5.62,6511782.97,1656028799999,True
2022-06-24 00:00:00,1656028800000,5.63,5.8,5.35,5.47,4699338.84,1656115199999,True
2022-06-25 00:00:00,1656115200000,5.47,5.77,5.24,5.62,2761812.5,1656201599999,True
2022-06-26 00:00:00,1656201600000,5.62,6.08,5.47,5.6,3795149.93,1656287999999,True
2022-06-27 00:00:00,1656288000000,5.6,5.93,5.27,5.33,3881305.15,1656374399999,True
2022-06-28 00:00:00,1656374400000,5.34,5.49,4.86,4.92,3338083.21,1656460799999,True
2022-06-29 00:00:00,1656460800000,4.93,5.26,4.78,5.11,4408158.23,1656547199999,True
2022-06-30 00:00:00,1656547200000,5.12,5.15,4.6,5.0,5100727.33,1656633599999,True
2022-07-01 00:00:00,1656633600000,5.01,5.13,4.74,4.86,3790068.99,1656719999999,True
2022-07-02 00:00:00,1656720000000,4.86,5.09,4.72,4.92,2773018.71,1656806399999,True
2022-07-03 00:00:00,1656806400000,4.92,4.96,4.72,4.91,1954557.14,1656892799999,True
2022-07-04 00:00:00,1656892800000,4.92,5.36,4.73,5.35,2282415.88,1656979199999,True
2022-07-05 00:00:00,1656979200000,5.35,5.45,5.01,5.3,3012580.5,1657065599999,True
2022-07-06 00:00:00,1657065600000,5.31,5.5,5.19,5.35,3384862.08,1657151999999,True
2022-07-07 00:00:00,1657152000000,5.36,5.83,5.29,5.73,2522250.62,1657238399999,True
2022-07-08 00:00:00,1657238400000,5.73,5.97,5.52,5.8,3246478.2,1657324799999,True
2022-07-09 00:00:00,1657324800000,5.8,6.62,5.8,6.46,3944641.16,1657411199999,True
2022-07-10 00:00:00,1657411200000,6.46,6.48,5.98,6.23,3500367.63,1657497599999,True
2022-07-11 00:00:00,1657497600000,6.24,6.28,5.23,5.57,5746929.26,1657583999999,True
2022-07-12 00:00:00,1657584000000,5.57,5.89,5.45,5.54,6679031.05,1657670399999,True
2022-07-13 00:00:00,1657670400000,5.54,6.27,5.24,6.12,6448203.92,1657756799999,True
2022-07-14 00:00:00,1657756800000,6.12,7.11,6.02,7.02,12068688.69,1657843199999,True
2022-07-15 00:00:00,1657843200000,7.02,7.26,6.72,6.78,4718959.43,1657929599999,True
2022-07-16 00:00:00,1657929600000,6.79,7.7,6.67,7.38,4888161.58,1658015999999,True
2022-07-17 00:00:00,1658016000000,7.38,7.48,6.89,6.94,2752228.05,1658102399999,True
2022-07-18 00:00:00,1658102400000,6.95,7.46,6.92,7.33,4645472.95,1658188799999,True
2022-07-19 00:00:00,1658188800000,7.33,7.76,7.21,7.35,6058507.79,1658275199999,True
2022-07-20 00:00:00,1658275200000,7.35,7.61,6.78,6.86,4550577.76,1658361599999,True
2022-07-21 00:00:00,1658361600000,6.87,7.29,6.67,7.23,3074675.99,1658447999999,True
2022-07-22 00:00:00,1658448000000,7.23,7.46,6.82,6.89,2877264.23,1658534399999,True
2022-07-23 00:00:00,1658534400000,6.89,7.21,6.63,6.97,2235643.93,1658620799999,True
2022-07-24 00:00:00,1658620800000,6.97,7.36,6.88,7.24,2525993.63,1658707199999,True
2022-07-25 00:00:00,1658707200000,7.25,7.53,6.81,7.04,6229298.83,1658793599999,True
2022-07-26 00:00:00,1658793600000,7.05,7.05,6.22,6.66,4654432.23,1658879999999,True
2022-07-27 00:00:00,1658880000000,6.66,8.2,6.5,8.03,5793578.3,1658966399999,True
2022-07-28 00:00:00,1658966400000,8.04,9.83,7.95,9.28,9994818.79,1659052799999,True
2022-07-29 00:00:00,1659052800000,9.28,9.41,8.61,9.08,5531524.94,1659139199999,True
2022-07-30 00:00:00,1659139200000,9.09,9.17,8.51,8.78,3750663.41,1659225599999,True
2022-07-31 00:00:00,1659225600000,8.78,9.15,8.29,8.32,3743212.8,1659311999999,True
2022-08-01 00:00:00,1659312000000,8.33,8.57,8.05,8.36,3186288.03,1659398399999,True
2022-08-02 00:00:00,1659398400000,8.36,8.68,7.81,8.25,5449833.97,1659484799999,True
2022-08-03 00:00:00,1659484800000,8.26,9.39,8.02,8.91,5385763.95,1659571199999,True
2022-08-04 00:00:00,1659571200000,8.91,9.12,8.51,8.82,3907337.17,1659657599999,True
2022-08-05 00:00:00,1659657600000,8.83,9.27,8.78,8.96,2609906.34,1659743999999,True
2022-08-06 00:00:00,1659744000000,8.97,9.15,8.73,8.77,1392030.35,1659830399999,True
2022-08-07 00:00:00,1659830400000,8.78,8.98,8.7,8.79,1069655.1,1659916799999,True
2022-08-08 00:00:00,1659916800000,8.79,9.28,8.73,8.79,2407847.58,1660003199999,True
2022-08-09 00:00:00,1660003200000,8.79,8.87,8.08,8.44,2765223.62,1660089599999,True
2022-08-10 00:00:00,1660089600000,8.44,9.44,8.08,9.22,3634726.46,1660175999999,True
2022-08-11 00:00:00,1660176000000,9.22,9.62,8.85,8.96,3138103.51,1660262399999,True
2022-08-12 00:00:00,1660262400000,8.96,9.25,8.74,9.21,1809218.5,1660348799999,True
2022-08-13 00:00:00,1660348800000,9.21,9.35,8.9,8.99,1945918.91,1660435199999,True
2022-08-14 00:00:00,1660435200000,8.99,9.62,8.75,8.87,3027701.99,1660521599999,True
2022-08-15 00:00:00,1660521600000,8.88,9.17,8.29,8.47,2949106.6,1660607999999,True
2022-08-16 00:00:00,1660608000000,8.47,8.57,8.19,8.33,2815218.35,1660694399999,True
2022-08-17 00:00:00,1660694400000,8.34,8.67,7.82,7.96,2509782.62,1660780799999,True
2022-08-18 00:00:00,1660780800000,7.96,8.21,7.4,7.58,1930259.69,1660867199999,True
2022-08-19 00:00:00,1660867200000,7.58,7.7,6.79,6.9,3751478.06,1660953599999,True
2022-08-20 00:00:00,1660953600000,6.9,7.2,6.74,7.0,1861911.06,1661039999999,True
2022-08-21 00:00:00,1661040000000,7.01,7.32,6.97,7.21,1796500.88,1661126399999,True
2022-08-22 00:00:00,1661126400000,7.21,7.36,6.61,6.98,2950439.29,1661212799999,True
2022-08-23 00:00:00,1661212800000,6.99,7.22,6.74,7.11,1794566.82,1661299199999,True
2022-08-24 00:00:00,1661299200000,7.12,7.29,6.87,7.05,1454967.94,1661385599999,True
2022-08-25 00:00:00,1661385600000,7.05,7.25,6.92,7.03,1618060.83,1661471999999,True
2022-08-26 00:00:00,1661472000000,7.03,7.03,6.07,6.16,3447418.21,1661558399999,True
2022-08-27 00:00:00,1661558400000,6.16,6.2,5.95,6.06,2108020.78,1661644799999,True
2022-08-28 00:00:00,1661644800000,6.06,6.11,5.71,5.74,1641116.78,1661731199999,True
2022-08-29 00:00:00,1661731200000,5.74,6.4,5.68,6.34,1731326.51,1661817599999,True
2022-08-30 00:00:00,1661817600000,6.34,6.46,5.94,6.17,2274706.86,1661903999999,True
2022-08-31 00:00:00,1661904000000,6.18,6.43,6.1,6.15,4043991.47,1661990399999,True
2022-09-01 00:00:00,1661990400000,6.15,6.36,5.95,6.31,1820390.25,1662076799999,True
2022-09-02 00:00:00,1662076800000,6.32,6.7,6.19,6.4,1422913.91,1662163199999,True
2022-09-03 00:00:00,1662163200000,6.41,6.41,6.22,6.31,543996.82,1662249599999,True
2022-09-04 00:00:00,1662249600000,6.31,6.52,6.22,6.48,866358.74,1662335999999,True
2022-09-05 00:00:00,1662336000000,6.49,6.67,6.18,6.58,1890083.53,1662422399999,True
2022-09-06 00:00:00,1662422400000,6.58,6.75,5.78,5.82,2583144.95,1662508799999,True
2022-09-07 00:00:00,1662508800000,5.84,6.23,5.71,6.12,1489249.08,1662595199999,True
2022-09-08 00:00:00,1662595200000,6.12,6.26,5.95,6.18,1355600.75,1662681599999,True
2022-09-09 00:00:00,1662681600000,6.18,6.72,6.17,6.51,3068327.74,1662767999999,True
2022-09-10 00:00:00,1662768000000,6.51,6.73,6.43,6.68,1761517.67,1662854399999,True
2022-09-11 00:00:00,1662854400000,6.68,6.73,6.36,6.49,1993817.61,1662940799999,True
2022-09-12 00:00:00,1662940800000,6.49,6.97,6.37,6.65,2670140.3,1663027199999,True
2022-09-13 00:00:00,1663027200000,6.66,6.77,5.99,6.03,2566863.34,1663113599999,True
2022-09-14 00:00:00,1663113600000,6.04,6.24,5.95,6.18,1385955.51,1663199999999,True
2022-09-15 00:00:00,1663200000000,6.18,6.24,5.78,5.89,2138227.19,1663286399999,True
2022-09-16 00:00:00,1663286400000,5.89,5.94,5.66,5.83,1047796.51,1663372799999,True
2022-09-17 00:00:00,1663372800000,5.83,6.04,5.81,6.02,1013366.23,1663459199999,True
2022-09-18 00:00:00,1663459200000,6.02,6.05,5.33,5.47,1570359.47,1663545599999,True
2022-09-19 00:00:00,1663545600000,5.47,5.52,5.2,5.48,2149386.95,1663631999999,True
2022-09-20 00:00:00,1663632000000,5.48,5.55,5.26,5.3,1249696.73,1663718399999,True
2022-09-21 00:00:00,1663718400000,5.3,5.76,5.14,5.34,2589816.38,1663804799999,True
2022-09-22 00:00:00,1663804800000,5.34,5.86,5.32,5.74,2275079.32,1663891199999,True
2022-09-23 00:00:00,1663891200000,5.74,5.99,5.7,5.91,1970328.28,1663977599999,True
2022-09-24 00:00:00,1663977600000,5.92,6.06,5.76,5.8,1437096.64,1664063999999,True
2022-09-25 00:00:00,1664064000000,5.8,5.96,5.61,5.66,1344115.75,1664150399999,True
2022-09-26 00:00:00,1664150400000,5.66,5.99,5.55,5.92,2534723.74,1664236799999,True
2022-09-27 00:00:00,1664236800000,5.93,6.71,5.9,6.38,6339426.95,1664323199999,True
2022-09-28 00:00:00,1664323200000,6.38,6.63,6.0,6.56,3712680.15,1664409599999,True
2022-09-29 00:00:00,1664409600000,6.56,6.57,6.12,6.38,2598995.52,1664495999999,True
2022-09-30 00:00:00,1664496000000,6.38,6.77,6.26,6.46,4068677.81,1664582399999,True
2022-10-01 00:00:00,1664582400000,6.47,6.66,6.38,6.4,1748286.97,1664668799999,True
2022-10-02 00:00:00,1664668800000,6.4,6.54,6.17,6.26,4337227.16,1664755199999,True
2022-10-03 00:00:00,1664755200000,6.27,6.81,6.18,6.63,3976429.93,1664841599999,True
2022-10-04 00:00:00,1664841600000,6.63,6.85,6.57,6.65,4159895.25,1664927999999,True
2022-10-05 00:00:00,1664928000000,6.65,6.82,6.47,6.81,1875783.47,1665014399999,True
2022-10-06 00:00:00,1665014400000,6.82,7.0,6.75,6.87,3232477.74,1665100799999,True
2022-10-07 00:00:00,1665100800000,6.88,7.08,6.68,6.79,2553847.66,1665187199999,True
2022-10-08 00:00:00,1665187200000,6.79,6.85,6.42,6.51,1382326.01,1665273599999,True
2022-10-09 00:00:00,1665273600000,6.52,6.65,6.49,6.63,1024713.14,1665359999999,True
2022-10-10 00:00:00,1665360000000,6.64,6.72,6.2,6.39,1298488.66,1665446399999,True
2022-10-11 00:00:00,1665446400000,6.4,6.51,5.94,6.0,2152592.06,1665532799999,True
2022-10-12 00:00:00,1665532800000,6.0,6.17,5.97,6.06,1162059.31,1665619199999,True
2022-10-13 00:00:00,1665619200000,6.06,6.22,5.38,6.14,4697466.68,1665705599999,True
2022-10-14 00:00:00,1665705600000,6.15,6.53,6.09,6.28,3412672.47,1665791999999,True
2022-10-15 00:00:00,1665792000000,6.29,6.34,5.99,6.04,1247305.22,1665878399999,True
2022-10-16 00:00:00,1665878400000,6.05,6.17,5.97,6.1,1073581.7,1665964799999,True
2022-10-17 00:00:00,1665964800000,6.11,6.45,6.04,6.39,1627806.78,1666051199999,True
2022-10-18 00:00:00,1666051200000,6.4,6.66,6.21,6.53,2725331.66,1666137599999,True
2022-10-19 00:00:00,1666137600000,6.53,6.77,6.38,6.57,3736310.05,1666223999999,True
2022-10-20 00:00:00,1666224000000,6.57,6.59,6.01,6.09,3308415.98,1666310399999,True
2022-10-21 00:00:00,1666310400000,6.1,6.17,5.82,6.03,4786494.44,1666396799999,True
2022-10-22 00:00:00,1666396800000,6.04,6.16,5.98,6.09,1371657.2,1666483199999,True
2022-10-23 00:00:00,1666483200000,6.09,6.3,5.97,6.29,2051908.12,1666569599999,True
2022-10-24 00:00:00,1666569600000,6.29,6.37,6.06,6.15,2106358.09,1666655999999,True
2022-10-25 00:00:00,1666656000000,6.14,6.78,6.07,6.58,2743931.61,1666742399999,True
2022-10-26 00:00:00,1666742400000,6.58,6.9,6.52,6.69,2695553.59,1666828799999,True
2022-10-27 00:00:00,1666828800000,6.69,7.22,6.68,6.8,4444778.43,1666915199999,True
2022-10-28 00:00:00,1666915200000,6.8,6.99,6.51,6.85,5842955.79,1667001599999,True
2022-10-29 00:00:00,1667001600000,6.86,7.24,6.71,7.1,3869923.53,1667087999999,True
2022-10-30 00:00:00,1667088000000,7.1,7.37,6.78,6.89,2644418.17,1667174399999,True
2022-10-31 00:00:00,1667174400000,6.89,7.13,6.7,6.96,2275736.39,1667260799999,True
2022-11-01 00:00:00,1667260800000,6.95,7.46,6.91,7.12,3496980.2,1667347199999,True
2022-11-02 00:00:00,1667347200000,7.11,7.38,6.83,7.1,4285397.04,1667433599999,True
2022-11-03 00:00:00,1667433600000,7.1,7.41,6.89,6.91,3786516.87,1667519999999,True
2022-11-04 00:00:00,1667520000000,6.92,7.77,6.81,7.55,4736168.89,1667606399999,True
2022-11-05 00:00:00,1667606400000,7.55,7.79,7.51,7.69,3072316.99,1667692799999,True
2022-11-06 00:00:00,1667692800000,7.68,7.77,7.04,7.06,2698935.24,1667779199999,True
2022-11-07 00:00:00,1667779200000,7.05,7.7,6.87,7.01,5156008.98,1667865599999,True
2022-11-08 00:00:00,1667865600000,7.0,7.1,5.45,6.07,7487956.51,1667951999999,True
2022-11-09 00:00:00,1667952000000,6.07,6.22,4.71,4.9,6577704.69,1668038399999,True
2022-11-10 00:00:00,1668038400000,4.89,5.91,4.79,5.77,8234747.54,1668124799999,True
2022-11-11 00:00:00,1668124800000,5.76,6.25,5.45,6.1,5737113.98,1668211199999,True
2022-11-12 00:00:00,1668211200000,6.1,6.19,5.28,5.56,5885301.5,1668297599999,True
2022-11-13 00:00:00,1668297600000,5.56,6.17,5.52,5.8,6047885.22,1668383999999,True
2022-11-14 00:00:00,1668384000000,5.8,6.12,5.38,6.09,4632784.5,1668470399999,True
2022-11-15 00:00:00,1668470400000,6.09,6.51,5.97,6.28,3232226.5,1668556799999,True
2022-11-16 00:00:00,1668556800000,6.29,6.42,5.83,5.96,2294924.86,1668643199999,True
2022-11-17 00:00:00,1668643200000,5.96,6.05,5.66,5.73,1586245.52,1668729599999,True
2022-11-18 00:00:00,1668729600000,5.73,6.06,5.72,5.85,2158402.94,1668815999999,True
2022-11-19 00:00:00,1668816000000,5.86,5.89,5.66,5.76,1138049.07,1668902399999,True
2022-11-20 00:00:00,1668902400000,5.75,5.82,5.38,5.44,1595556.76,1668988799999,True
2022-11-21 00:00:00,1668988800000,5.44,5.48,5.08,5.19,2983854.29,1669075199999,True
2022-11-22 00:00:00,1669075200000,5.19,5.39,4.95,5.31,2987868.2,1669161599999,True
2022-11-23 00:00:00,1669161600000,5.32,5.55,5.25,5.49,2040961.3,1669247999999,True
2022-11-24 00:00:00,1669248000000,5.49,5.6,5.38,5.45,1805163.64,1669334399999,True
2022-11-25 00:00:00,1669334400000,5.46,5.52,5.29,5.41,2011725.37,1669420799999,True
2022-11-26 00:00:00,1669420800000,5.42,5.63,5.36,5.42,1995736.3,1669507199999,True
2022-11-27 00:00:00,1669507200000,5.42,5.62,5.38,5.41,1575180.9,1669593599999,True
2022-11-28 00:00:00,1669593600000,5.41,5.46,5.14,5.29,1741272.08,1669679999999,True
2022-11-29 00:00:00,1669680000000,5.29,5.54,5.25,5.46,1482348.08,1669766399999,True
2022-11-30 00:00:00,1669766400000,5.46,5.9,5.46,5.86,3680518.7,1669852799999,True
2022-12-01 00:00:00,1669852800000,5.86,6.0,5.71,5.91,2310368.79,1669939199999,True
2022-12-02 00:00:00,1669939200000,5.92,6.55,5.85,6.34,3620090.5,1670025599999,True
2022-12-03 00:00:00,1670025600000,6.35,6.45,6.06,6.1,2191455.07,1670111999999,True
2022-12-04 00:00:00,1670112000000,6.1,6.3,6.09,6.27,1178424.41,1670198399999,True
2022-12-05 00:00:00,1670198400000,6.26,6.43,6.11,6.17,1982022.18,1670284799999,True
2022-12-06 00:00:00,1670284800000,6.18,6.24,6.04,6.18,1478434.32,1670371199999,True
2022-12-07 00:00:00,1670371200000,6.18,6.29,5.88,6.0,1575792.34,1670457599999,True
2022-12-08 00:00:00,1670457600000,6.0,6.23,5.92,6.19,1567224.99,1670543999999,True
2022-12-09 00:00:00,1670544000000,6.19,6.29,6.06,6.17,1541370.39,1670630399999,True
2022-12-10 00:00:00,1670630400000,6.17,6.22,6.06,6.08,590170.21,1670716799999,True
2022-12-11 00:00:00,1670716800000,6.09,6.11,5.88,5.92,966345.11,1670803199999,True
2022-12-12 00:00:00,1670803200000,5.92,5.98,5.74,5.92,1386337.13,1670889599999,True
2022-12-13 00:00:00,1670889600000,5.93,6.26,5.83,6.11,1840137.97,1670975999999,True
2022-12-14 00:00:00,1670976000000,6.11,6.24,5.904,5.908,1934419.31,1671062399999,True
2022-12-15 00:00:00,1671062400000,5.909,6.013,5.761,5.799,2045005.07,1671148799999,True
2022-12-16 00:00:00,1671148800000,5.798,5.878,5.211,5.3,2542701.55,1671235199999,True
2022-12-17 00:00:00,1671235200000,5.298,5.44,5.24,5.386,1843589.52,1671321599999,True
2022-12-18 00:00:00,1671321600000,5.387,5.408,5.306,5.328,659947.73,1671407999999,True
2022-12-19 00:00:00,1671408000000,5.33,5.427,5.004,5.09,1266701.01,1671494399999,True
2022-12-20 00:00:00,1671494400000,5.092,5.396,5.05,5.362,937182.55,1671580799999,True
2022-12-21 00:00:00,1671580800000,5.362,5.369,5.201,5.322,713931.26,1671667199999,True
2022-12-22 00:00:00,1671667200000,5.323,5.391,5.128,5.372,845462.84,1671753599999,True
2022-12-23 00:00:00,1671753600000,5.372,5.411,5.232,5.265,701601.65,1671839999999,True
2022-12-24 00:00:00,1671840000000,5.265,5.271,5.175,5.202,284307.17,1671926399999,True
2022-12-25 00:00:00,1671926400000,5.202,5.239,5.05,5.161,616106.04,1672012799999,True
2022-12-26 00:00:00,1672012800000,5.161,5.21,5.129,5.203,486780.77,1672099199999,True
2022-12-27 00:00:00,1672099200000,5.204,5.33,5.095,5.193,757475.92,1672185599999,True
2022-12-28 00:00:00,1672185600000,5.193,5.203,4.943,4.97,1648770.08,1672271999999,True
2022-12-29 00:00:00,1672272000000,4.971,5.146,4.944,5.048,1004632.54,1672358399999,True
2022-12-30 00:00:00,1672358400000,5.049,5.114,4.95,5.098,585425.43,1672444799999,True
2022-12-31 00:00:00,1672444800000,5.099,5.203,5.056,5.166,378957.61,1672531199999,True
2023-01-01 00:00:00,1672531200000,5.167,5.271,5.1,5.248,389616.4,1672617599999,True
2023-01-02 00:00:00,1672617600000,5.249,5.465,5.179,5.371,1662826.88,1672703999999,True
2023-01-03 00:00:00,1672704000000,5.371,5.422,5.278,5.379,860072.76,1672790399999,True
2023-01-04 00:00:00,1672790400000,5.379,5.601,5.363,5.532,1516377.16,1672876799999,True
2023-01-05 00:00:00,1672876800000,5.532,5.563,5.33,5.377,820778.6,1672963199999,True
2023-01-06 00:00:00,1672963200000,5.377,5.534,5.243,5.52,859961.5,1673049599999,True
2023-01-07 00:00:00,1673049600000,5.521,5.565,5.395,5.414,546115.79,1673135999999,True
2023-01-08 00:00:00,1673136000000,5.417,5.611,5.344,5.58,683456.6,1673222399999,True
2023-01-09 00:00:00,1673222400000,5.582,5.967,5.564,5.79,1749532.99,1673308799999,True
2023-01-10 00:00:00,1673308800000,5.79,5.88,5.665,5.781,1259371.78,1673395199999,True
2023-01-11 00:00:00,1673395200000,5.78,5.958,5.607,5.919,1212140.69,1673481599999,True
2023-01-12 00:00:00,1673481600000,5.919,6.194,5.858,6.181,2463678.33,1673567999999,True
2023-01-13 00:00:00,1673568000000,6.181,6.363,6.017,6.307,1758626.38,1673654399999,True
2023-01-14 00:00:00,1673654400000,6.304,6.968,6.29,6.621,4123554.58,1673740799999,True
2023-01-15 00:00:00,1673740800000,6.628,6.683,6.388,6.592,1739529.53,1673827199999,True
2023-01-16 00:00:00,1673827200000,6.59,6.741,6.271,6.54,2092183.26,1673913599999,True
2023-01-17 00:00:00,1673913600000,6.538,6.653,6.312,6.342,1699782.2,1673999999999,True
2023-01-18 00:00:00,1674000000000,6.344,6.82,6.0,6.048,4635622.91,1674086399999,True
2023-01-19 00:00:00,1674086400000,6.046,6.193,5.986,6.164,1337154.65,1674172799999,True
2023-01-20 00:00:00,1674172800000,6.166,6.707,6.072,6.67,1516120.44,1674259199999,True
2023-01-21 00:00:00,1674259200000,6.67,6.826,6.52,6.66,2188789.99,1674345599999,True
2023-01-22 00:00:00,1674345600000,6.661,7.109,6.604,6.888,3055847.21,1674431999999,True
2023-01-23 00:00:00,1674432000000,6.888,7.036,6.602,6.721,2915529.29,1674518399999,True
2023-01-24 00:00:00,1674518400000,6.721,6.829,6.212,6.296,2261133.47,1674604799999,True
2023-01-25 00:00:00,1674604800000,6.298,6.703,6.1,6.596,1992262.6,1674691199999,True
2023-01-26 00:00:00,1674691200000,6.598,6.797,6.44,6.74,1852369.96,1674777599999,True
2023-01-27 00:00:00,1674777600000,6.739,6.881,6.562,6.871,1650706.09,1674863999999,True
2023-01-28 00:00:00,1674864000000,6.871,6.912,6.546,6.631,1218433.63,1674950399999,True
2023-01-29 00:00:00,1674950400000,6.63,6.988,6.553,6.927,1694615.51,1675036799999,True
2023-01-30 00:00:00,1675036800000,6.927,7.02,6.357,6.517,2121655.82,1675123199999,True
2023-01-31 00:00:00,1675123200000,6.517,6.651,6.434,6.558,1282103.98,1675209599999,True
2023-02-01 00:00:00,1675209600000,6.558,6.92,6.317,6.798,2213092.62,1675295999999,True
2023-02-02 00:00:00,1675296000000,6.8,7.528,6.8,7.11,4439466.91,1675382399999,True
2023-02-03 00:00:00,1675382400000,7.114,7.295,6.909,7.061,3549490.22,1675468799999,True
2023-02-04 00:00:00,1675468800000,7.059,7.35,7.013,7.204,1641778.7,1675555199999,True
2023-02-05 00:00:00,1675555200000,7.204,7.325,6.75,6.886,2458849.32,1675641599999,True
2023-02-06 00:00:00,1675641600000,6.89,6.976,6.592,6.647,2188213.2,1675727999999,True
2023-02-07 00:00:00,1675728000000,6.646,7.013,6.63,6.979,1761499.44,1675814399999,True
2023-02-08 00:00:00,1675814400000,6.978,7.061,6.578,6.812,2225878.68,1675900799999,True
2023-02-09 00:00:00,1675900800000,6.813,6.867,6.161,6.33,4091890.38,1675987199999,True
2023-02-10 00:00:00,1675987200000,6.327,6.479,6.248,6.365,1764444.84,1676073599999,True
2023-02-11 00:00:00,1676073600000,6.361,6.504,6.334,6.481,1051958.78,1676159999999,True
2023-02-12 00:00:00,1676160000000,6.481,6.556,6.292,6.346,860352.14,1676246399999,True
2023-02-13 00:00:00,1676246400000,6.349,6.382,6.087,6.244,2126636.12,1676332799999,True
2023-02-14 00:00:00,1676332800000,6.245,6.59,6.224,6.589,1543949.17,1676419199999,True
2023-02-15 00:00:00,1676419200000,6.587,6.946,6.5,6.93,1918963.9,1676505599999,True
2023-02-16 00:00:00,1676505600000,6.932,7.04,6.465,6.477,2794294.56,1676591999999,True
2023-02-17 00:00:00,1676592000000,6.474,6.83,6.439,6.738,2509111.82,1676678399999,True
2023-02-18 00:00:00,1676678400000,6.737,7.149,6.727,6.976,3466674.12,1676764799999,True
2023-02-19 00:00:00,1676764800000,6.974,7.619,6.956,7.21,5658910.71,1676851199999,True
2023-02-20 00:00:00,1676851200000,7.209,7.383,7.042,7.371,2350171.06,1676937599999,True
2023-02-21 00:00:00,1676937600000,7.371,7.436,6.888,7.036,2192778.12,1677023999999,True
2023-02-22 00:00:00,1677024000000,7.034,7.05,6.705,6.931,1634392.1,1677110399999,True
2023-02-23 00:00:00,1677110400000,6.935,7.053,6.813,6.943,1390939.4,1677196799999,True
2023-02-24 00:00:00,1677196800000,6.943,7.048,6.467,6.572,2068847.84,1677283199999,True
2023-02-25 00:00:00,1677283200000,6.571,6.621,6.275,6.469,1266939.04,1677369599999,True
2023-02-26 00:00:00,1677369600000,6.471,6.655,6.426,6.61,824115.1,1677455999999,True
2023-02-27 00:00:00,1677456000000,6.607,6.646,6.373,6.439,1247815.26,1677542399999,True
2023-02-28 00:00:00,1677542400000,6.439,6.623,6.402,6.501,1387400.35,1677628799999,True
2023-03-01 00:00:00,1677628800000,6.501,6.874,6.468,6.843,1842392.66,1677715199999,True
2023-03-02 00:00:00,1677715200000,6.84,6.895,6.56,6.637,950715.26,1677801599999,True
2023-03-03 00:00:00,1677801600000,6.638,6.641,6.1,6.272,1906418.52,1677887999999,True
2023-03-04 00:00:00,1677888000000,6.273,6.297,6.01,6.161,804547.11,1677974399999,True
2023-03-05 00:00:00,1677974400000,6.161,6.387,6.123,6.351,1220975.73,1678060799999,True
2023-03-06 00:00:00,1678060800000,6.349,6.44,6.245,6.337,1198209.52,1678147199999,True
2023-03-07 00:00:00,1678147200000,6.337,6.483,6.264,6.429,1716188.55,1678233599999,True
2023-03-08 00:00:00,1678233600000,6.43,6.499,6.06,6.103,1525382.48,1678319999999,True
2023-03-09 00:00:00,1678320000000,6.103,6.2,5.606,5.722,1597430.2,1678406399999,True
2023-03-10 00:00:00,1678406400000,5.724,5.731,5.362,5.62,2270794.52,1678492799999,True
2023-03-11 00:00:00,1678492800000,5.621,5.786,5.23,5.434,2769564.15,1678579199999,True
2023-03-12 00:00:00,1678579200000,5.432,5.908,5.379,5.897,1865452.75,1678665599999,True
2023-03-13 00:00:00,1678665600000,5.896,6.213,5.8,6.09,3484762.12,1678751999999,True
2023-03-14 00:00:00,1678752000000,6.093,6.593,5.978,6.317,3163517.92,1678838399999,True
2023-03-15 00:00:00,1678838400000,6.316,6.428,5.73,5.909,2183607.3,1678924799999,True
2023-03-16 00:00:00,1678924800000,5.907,5.997,5.786,5.903,1492161.52,1679011199999,True
2023-03-17 00:00:00,1679011200000,5.904,6.43,5.826,6.404,2164548.39,1679097599999,True
2023-03-18 00:00:00,1679097600000,6.405,6.62,6.296,6.508,2241404.5,1679183999999,True
2023-03-19 00:00:00,1679184000000,6.507,6.713,6.41,6.488,1896557.22,1679270399999,True
2023-03-20 00:00:00,1679270400000,6.49,6.59,6.148,6.176,2035868.55,1679356799999,True
2023-03-21 00:00:00,1679356800000,6.18,6.511,6.035,6.421,1994621.42,1679443199999,True
2023-03-22 00:00:00,1679443200000,6.42,6.449,5.906,6.071,2255422.65,1679529599999,True
2023-03-23 00:00:00,1679529600000,6.071,6.441,6.012,6.238,1747019.74,1679615999999,True
2023-03-24 00:00:00,1679616000000,6.241,6.286,5.804,5.882,1983578.41,1679702399999,True
2023-03-25 00:00:00,1679702400000,5.882,5.913,5.675,5.712,1074861.53,1679788799999,True
2023-03-26 00:00:00,1679788800000,5.711,5.869,5.681,5.786,886868.7,1679875199999,True
2023-03-27 00:00:00,1679875200000,5.786,5.821,5.51,5.644,1312636.18,1679961599999,True
2023-03-28 00:00:00,1679961600000,5.645,5.888,5.575,5.808,885141.31,1680047999999,True
2023-03-29 00:00:00,1680048000000,5.809,6.032,5.809,5.945,1174607.95,1680134399999,True
2023-03-30 00:00:00,1680134400000,5.944,6.073,5.831,5.897,1509389.3,1680220799999,True
2023-03-31 00:00:00,1680220800000,5.898,6.129,5.869,6.062,1217277.43,1680307199999,True
2023-04-01 00:00:00,1680307200000,6.062,6.2,6.021,6.101,1133784.07,1680393599999,True
2023-04-02 00:00:00,1680393600000,6.1,6.12,5.89,5.948,897584.05,1680479999999,True
2023-04-03 00:00:00,1680480000000,5.949,6.083,5.815,5.93,1491724.65,1680566399999,True
2023-04-04 00:00:00,1680566400000,5.932,6.207,5.879,6.151,1350237.93,1680652799999,True
2023-04-05 00:00:00,1680652800000,6.151,6.345,6.128,6.232,1328299.44,1680739199999,True
2023-04-06 00:00:00,1680739200000,6.23,6.238,6.038,6.076,875452.05,1680825599999,True
2023-04-07 00:00:00,1680825600000,6.077,6.098,5.951,6.002,715214.51,1680911999999,True
2023-04-08 00:00:00,1680912000000,6.003,6.052,5.89,5.914,1176210.64,1680998399999,True
2023-04-09 00:00:00,1680998400000,5.915,5.961,5.82,5.913,782314.69,1681084799999,True
2023-04-10 00:00:00,1681084800000,5.914,6.045,5.834,6.012,867070.94,1681171199999,True
2023-04-11 00:00:00,1681171200000,6.012,6.094,5.915,5.933,990338.1,1681257599999,True
2023-04-12 00:00:00,1681257600000,5.932,6.017,5.702,5.946,1738104.89,1681343999999,True
2023-04-13 00:00:00,1681344000000,5.946,6.242,5.898,6.205,1478375.39,1681430399999,True
2023-04-14 00:00:00,1681430400000,6.205,6.47,6.121,6.308,2597969.29,1681516799999,True
2023-04-15 00:00:00,1681516800000,6.306,6.363,6.22,6.266,1424876.23,1681603199999,True
2023-04-16 00:00:00,1681603200000,6.265,6.489,6.129,6.314,2052339.3,1681689599999,True
2023-04-17 00:00:00,1681689600000,6.316,6.323,6.06,6.129,1563718.7,1681775999999,True
2023-04-18 00:00:00,1681776000000,6.128,6.372,6.027,6.325,1994173.0,1681862399999,True
2023-04-19 00:00:00,1681862400000,6.325,6.498,5.743,5.831,3274876.32,1681948799999,True
2023-04-20 00:00:00,1681948800000,5.83,5.964,5.656,5.785,1644558.63,1682035199999,True
2023-04-21 00:00:00,1682035200000,5.784,5.836,5.407,5.471,1563904.89,1682121599999,True
2023-04-22 00:00:00,1682121600000,5.47,5.553,5.444,5.503,827009.51,1682207999999,True
2023-04-23 00:00:00,1682208000000,5.504,5.538,5.31,5.429,930848.08,1682294399999,True
2023-04-24 00:00:00,1682294400000,5.428,5.52,5.3,5.36,1196737.2,1682380799999,True
2023-04-25 00:00:00,1682380800000,5.36,5.473,5.23,5.451,1055036.19,1682467199999,True
2023-04-26 00:00:00,1682467200000,5.451,5.683,5.129,5.357,1888065.04,1682553599999,True
2023-04-27 00:00:00,1682553600000,5.356,5.592,5.342,5.554,1197810.55,1682639999999,True
2023-04-28 00:00:00,1682640000000,5.555,5.569,5.444,5.524,568781.38,1682726399999,True
2023-04-29 00:00:00,1682726400000,5.525,5.636,5.493,5.634,681729.53,1682812799999,True
2023-04-30 00:00:00,1682812800000,5.633,5.67,5.435,5.447,723977.91,1682899199999,True
2023-05-01 00:00:00,1682899200000,5.448,5.491,5.263,5.331,829551.46,1682985599999,True
2023-05-02 00:00:00,1682985600000,5.33,5.36,5.245,5.325,651789.04,1683071999999,True
2023-05-03 00:00:00,1683072000000,5.326,5.398,5.18,5.389,836885.05,1683158399999,True
2023-05-04 00:00:00,1683158400000,5.39,5.398,5.211,5.264,614556.11,1683244799999,True
2023-05-05 00:00:00,1683244800000,5.263,5.613,5.237,5.545,1265747.43,1683331199999,True
2023-05-06 00:00:00,1683331200000,5.545,5.602,5.256,5.287,1416763.62,1683417599999,True
2023-05-07 00:00:00,1683417600000,5.287,5.35,5.236,5.262,579483.24,1683503999999,True
2023-05-08 00:00:00,1683504000000,5.261,5.278,4.8,4.968,2081595.48,1683590399999,True
2023-05-09 00:00:00,1683590400000,4.968,5.011,4.909,4.954,872256.38,1683676799999,True
2023-05-10 00:00:00,1683676800000,4.955,5.137,4.85,5.134,1307653.62,1683763199999,True
2023-05-11 00:00:00,1683763200000,5.133,5.199,4.925,5.066,1611656.51,1683849599999,True
2023-05-12 00:00:00,1683849600000,5.066,5.211,4.904,5.194,1352464.0,1683935999999,True
2023-05-13 00:00:00,1683936000000,5.194,5.21,5.076,5.103,669964.8,1684022399999,True
2023-05-14 00:00:00,1684022400000,5.104,5.188,5.075,5.14,559757.83,1684108799999,True
2023-05-15 00:00:00,1684108800000,5.14,5.221,5.072,5.118,838603.74,1684195199999,True
2023-05-16 00:00:00,1684195200000,5.118,5.157,5.036,5.144,816753.68,1684281599999,True
2023-05-17 00:00:00,1684281600000,5.144,5.345,5.109,5.345,1322365.37,1684367999999,True
2023-05-18 00:00:00,1684368000000,5.342,5.427,5.211,5.308,1472035.99,1684454399999,True
2023-05-19 00:00:00,1684454400000,5.307,5.377,5.261,5.317,638001.42,1684540799999,True
2023-05-20 00:00:00,1684540800000,5.319,5.319,5.243,5.29,408497.35,1684627199999,True
2023-05-21 00:00:00,1684627200000,5.29,5.298,5.09,5.114,580518.81,1684713599999,True
2023-05-22 00:00:00,1684713600000,5.113,5.3,5.05,5.074,924196.21,1684799999999,True
2023-05-23 00:00:00,1684800000000,5.075,5.2,5.029,5.072,775883.57,1684886399999,True
2023-05-24 00:00:00,1684886400000,5.071,5.072,4.87,4.976,946052.63,1684972799999,True
2023-05-25 00:00:00,1684972800000,4.976,4.984,4.867,4.953,561573.92,1685059199999,True
2023-05-26 00:00:00,1685059200000,4.953,5.018,4.939,4.976,505116.64,1685145599999,True
2023-05-27 00:00:00,1685145600000,4.977,5.045,4.963,5.043,481026.39,1685231999999,True
2023-05-28 00:00:00,1685232000000,5.043,5.17,5.028,5.145,629496.5,1685318399999,True
2023-05-29 00:00:00,1685318400000,5.146,5.169,5.083,5.099,733425.13,1685404799999,True
2023-05-30 00:00:00,1685404800000,5.099,5.2,5.09,5.135,586261.16,1685491199999,True
2023-05-31 00:00:00,1685491200000,5.135,5.159,4.988,5.025,719418.53,1685577599999,True
2023-06-01 00:00:00,1685577600000,5.023,5.054,4.953,4.982,470918.76,1685663999999,True
2023-06-02 00:00:00,1685664000000,4.982,5.093,4.945,5.068,512872.15,1685750399999,True
2023-06-03 00:00:00,1685750400000,5.069,5.104,5.044,5.085,260960.94,1685836799999,True
2023-06-04 00:00:00,1685836800000,5.086,5.13,4.988,5.015,1037853.27,1685923199999,True
2023-06-05 00:00:00,1685923200000,5.014,5.06,4.527,4.723,1553260.37,1686009599999,True
2023-06-06 00:00:00,1686009600000,4.725,4.844,4.67,4.773,916780.76,1686095999999,True
2023-06-07 00:00:00,1686096000000,4.772,4.792,4.492,4.552,1120441.29,1686182399999,True
2023-06-08 00:00:00,1686182400000,4.553,4.673,4.517,4.63,618850.68,1686268799999,True
2023-06-09 00:00:00,1686268800000,4.63,4.669,4.536,4.584,535904.81,1686355199999,True
2023-06-10 00:00:00,1686355200000,4.585,4.597,3.63,4.065,4471124.02,1686441599999,True
2023-06-11 00:00:00,1686441600000,4.065,4.114,4.014,4.06,999785.72,1686527999999,True
2023-06-12 00:00:00,1686528000000,4.061,4.311,3.942,4.3,1397807.48,1686614399999,True
2023-06-13 00:00:00,1686614400000,4.3,4.522,4.211,4.289,2446257.25,1686700799999,True
2023-06-14 00:00:00,1686700800000,4.29,4.652,4.253,4.405,3504306.97,1686787199999,True
2023-06-15 00:00:00,1686787200000,4.404,4.6,4.227,4.428,3188731.87,1686873599999,True
2023-06-16 00:00:00,1686873600000,4.428,4.639,4.361,4.553,1201677.84,1686959999999,True
2023-06-17 00:00:00,1686960000000,4.553,4.68,4.508,4.53,1071020.58,1687046399999,True
2023-06-18 00:00:00,1687046400000,4.531,4.615,4.452,4.482,811568.95,1687132799999,True
2023-06-19 00:00:00,1687132800000,4.479,4.51,4.365,4.481,912427.69,1687219199999,True
2023-06-20 00:00:00,1687219200000,4.481,4.62,4.329,4.572,1001445.09,1687305599999,True
2023-06-21 00:00:00,1687305600000,4.573,4.818,4.524,4.772,1523320.5,1687391999999,True
2023-06-22 00:00:00,1687392000000,4.772,4.904,4.678,4.732,1126010.49,1687478399999,True
2023-06-23 00:00:00,1687478400000,4.729,4.927,4.707,4.86,854320.28,1687564799999,True
2023-06-24 00:00:00,1687564800000,4.862,4.873,4.678,4.734,875858.34,1687651199999,True
2023-06-25 00:00:00,1687651200000,4.733,5.514,4.709,5.43,6842850.37,1687737599999,True
2023-06-26 00:00:00,1687737600000,5.43,5.55,5.187,5.267,3606107.44,1687823999999,True
2023-06-27 00:00:00,1687824000000,5.269,5.364,5.224,5.279,986289.9,1687910399999,True
2023-06-28 00:00:00,1687910400000,5.28,5.283,4.747,4.834,1380740.22,1687996799999,True
2023-06-29 00:00:00,1687996800000,4.832,5.047,4.819,4.922,1135245.09,1688083199999,True
2023-06-30 00:00:00,1688083200000,4.922,5.342,4.8,5.272,3507555.26,1688169599999,True
2023-07-01 00:00:00,1688169600000,5.27,5.605,5.176,5.587,2114038.98,1688255999999,True
2023-07-02 00:00:00,1688256000000,5.585,5.693,5.448,5.568,1746393.83,1688342399999,True
2023-07-03 00:00:00,1688342400000,5.567,5.781,5.492,5.523,1368982.59,1688428799999,True
2023-07-04 00:00:00,1688428800000,5.521,5.599,5.371,5.507,1796997.64,1688515199999,True
2023-07-05 00:00:00,1688515200000,5.509,5.73,5.317,5.408,1689816.56,1688601599999,True
2023-07-06 00:00:00,1688601600000,5.409,5.641,5.18,5.265,1739269.03,1688687999999,True
2023-07-07 00:00:00,1688688000000,5.265,5.574,5.215,5.478,1810753.09,1688774399999,True
2023-07-08 00:00:00,1688774400000,5.478,5.489,5.174,5.251,1273363.88,1688860799999,True
2023-07-09 00:00:00,1688860800000,5.25,5.335,5.199,5.231,753442.27,1688947199999,True
2023-07-10 00:00:00,1688947200000,5.231,5.362,5.085,5.238,1391891.72,1689033599999,True
2023-07-11 00:00:00,1689033600000,5.239,5.309,5.185,5.265,826766.74,1689119999999,True
2023-07-12 00:00:00,1689120000000,5.263,5.38,5.179,5.276,985648.79,1689206399999,True
2023-07-13 00:00:00,1689206400000,5.274,5.88,5.219,5.873,2193287.7,1689292799999,True
2023-07-14 00:00:00,1689292800000,5.873,6.157,5.737,5.872,3506105.4,1689379199999,True
2023-07-15 00:00:00,1689379200000,5.871,5.936,5.761,5.814,1300768.61,1689465599999,True
2023-07-16 00:00:00,1689465600000,5.814,5.868,5.66,5.724,1286807.87,1689551999999,True
2023-07-17 00:00:00,1689552000000,5.719,6.145,5.68,5.915,4387640.57,1689638399999,True
2023-07-18 00:00:00,1689638400000,5.913,6.283,5.862,5.912,4831600.75,1689724799999,True
2023-07-19 00:00:00,1689724800000,5.912,6.049,5.81,5.873,1322685.54,1689811199999,True
2023-07-20 00:00:00,1689811200000,5.876,6.165,5.818,6.015,2575138.31,1689897599999,True
2023-07-21 00:00:00,1689897600000,6.017,6.386,5.945,6.205,2619973.07,1689983999999,True
2023-07-22 00:00:00,1689984000000,6.206,6.26,5.953,5.992,1207492.7,1690070399999,True
2023-07-23 00:00:00,1690070400000,5.992,6.225,5.972,6.14,1143359.36,1690156799999,True
2023-07-24 00:00:00,1690156800000,6.141,6.182,5.712,5.78,2435257.42,1690243199999,True
2023-07-25 00:00:00,1690243200000,5.78,5.812,5.693,5.792,763893.53,1690329599999,True
2023-07-26 00:00:00,1690329600000,5.793,5.898,5.711,5.843,1145284.65,1690415999999,True
2023-07-27 00:00:00,1690416000000,5.843,5.999,5.8,5.874,1376775.44,1690502399999,True
2023-07-28 00:00:00,1690502400000,5.875,6.026,5.867,6.011,1066431.97,1690588799999,True
2023-07-29 00:00:00,1690588800000,6.012,6.358,6.005,6.323,1380893.62,1690675199999,True
2023-07-30 00:00:00,1690675200000,6.323,6.453,6.25,6.418,2022469.82,1690761599999,True
2023-07-31 00:00:00,1690761600000,6.417,6.645,6.384,6.528,3001546.55,1690847999999,True
2023-08-01 00:00:00,1690848000000,6.528,6.694,6.327,6.686,2836552.29,1690934399999,True
2023-08-02 00:00:00,1690934400000,6.688,6.695,6.128,6.158,2587753.27,1691020799999,True
2023-08-03 00:00:00,1691020800000,6.157,6.265,6.052,6.098,1748019.93,1691107199999,True
2023-08-04 00:00:00,1691107200000,6.096,6.221,6.006,6.07,1219850.59,1691193599999,True
2023-08-05 00:00:00,1691193600000,6.07,6.096,5.938,6.091,935436.6,1691279999999,True
2023-08-06 00:00:00,1691280000000,6.092,6.165,5.939,5.954,982752.09,1691366399999,True
2023-08-07 00:00:00,1691366400000,5.954,6.017,5.733,5.876,1091795.47,1691452799999,True
2023-08-08 00:00:00,1691452800000,5.875,6.148,5.818,6.081,1201188.82,1691539199999,True
2023-08-09 00:00:00,1691539200000,6.081,6.309,6.035,6.249,1179524.32,1691625599999,True
2023-08-10 00:00:00,1691625600000,6.25,6.35,6.152,6.191,1287553.74,1691711999999,True
2023-08-11 00:00:00,1691712000000,6.192,6.219,6.103,6.201,762325.03,1691798399999,True
2023-08-12 00:00:00,1691798400000,6.201,6.256,6.118,6.224,663245.88,1691884799999,True
2023-08-13 00:00:00,1691884800000,6.224,6.233,6.054,6.086,459350.4,1691971199999,True
2023-08-14 00:00:00,1691971200000,6.086,6.37,6.076,6.261,914278.85,1692057599999,True
2023-08-15 00:00:00,1692057600000,6.263,6.299,5.937,5.953,1539997.26,1692143999999,True
2023-08-16 00:00:00,1692144000000,5.952,5.952,5.3,5.459,3263787.31,1692230399999,True
2023-08-17 00:00:00,1692230400000,5.459,5.506,4.517,4.989,4030998.38,1692316799999,True
2023-08-18 00:00:00,1692316800000,4.989,5.052,4.843,4.907,1907190.56,1692403199999,True
2023-08-19 00:00:00,1692403200000,4.906,5.002,4.858,4.909,919502.63,1692489599999,True
2023-08-20 00:00:00,1692489600000,4.909,4.937,4.86,4.903,711046.12,1692575999999,True
2023-08-21 00:00:00,1692576000000,4.903,4.921,4.719,4.765,986593.69,1692662399999,True
2023-08-22 00:00:00,1692662400000,4.765,4.782,4.5,4.67,2174339.53,1692748799999,True
2023-08-23 00:00:00,1692748800000,4.671,4.861,4.647,4.765,2780353.82,1692835199999,True
2023-08-24 00:00:00,1692835200000,4.765,4.818,4.598,4.659,1425667.92,1692921599999,True
2023-08-25 00:00:00,1692921600000,4.661,4.672,4.516,4.551,1618970.22,1693007999999,True
2023-08-26 00:00:00,1693008000000,4.555,4.646,4.532,4.601,752418.71,1693094399999,True
2023-08-27 00:00:00,1693094400000,4.601,4.708,4.601,4.685,909567.86,1693180799999,True
2023-08-28 00:00:00,1693180800000,4.685,4.737,4.565,4.672,1314491.31,1693267199999,True
2023-08-29 00:00:00,1693267200000,4.672,4.871,4.566,4.799,2027680.67,1693353599999,True
2023-08-30 00:00:00,1693353600000,4.799,4.807,4.635,4.64,1241340.19,1693439999999,True
2023-08-31 00:00:00,1693440000000,4.638,4.681,4.312,4.372,1796736.4,1693526399999,True
2023-09-01 00:00:00,1693526400000,4.372,4.425,4.237,4.262,1238047.07,1693612799999,True
2023-09-02 00:00:00,1693612800000,4.265,4.403,4.25,4.4,1008417.14,1693699199999,True
2023-09-03 00:00:00,1693699200000,4.401,4.472,4.364,4.411,807639.64,1693785599999,True
2023-09-04 00:00:00,1693785600000,4.413,4.503,4.36,4.443,1148639.85,1693871999999,True
2023-09-05 00:00:00,1693872000000,4.443,4.455,4.273,4.38,1376788.54,1693958399999,True
2023-09-06 00:00:00,1693958400000,4.38,4.499,4.346,4.461,1136268.05,1694044799999,True
2023-09-07 00:00:00,1694044800000,4.461,4.537,4.41,4.477,953633.1,1694131199999,True
2023-09-08 00:00:00,1694131200000,4.477,4.491,4.3,4.366,698763.03,1694217599999,True
2023-09-09 00:00:00,1694217600000,4.363,4.375,4.303,4.321,380462.74,1694303999999,True
2023-09-10 00:00:00,1694304000000,4.32,4.44,4.12,4.22,1487497.73,1694390399999,True
2023-09-11 00:00:00,1694390400000,4.22,4.251,4.032,4.112,1551580.91,1694476799999,True
2023-09-12 00:00:00,1694476800000,4.11,4.325,4.089,4.196,1375680.17,1694563199999,True
2023-09-13 00:00:00,1694563200000,4.196,4.311,4.18,4.255,882981.17,1694649599999,True
2023-09-14 00:00:00,1694649600000,4.256,4.355,4.248,4.27,1021380.96,1694735999999,True
2023-09-15 00:00:00,1694736000000,4.271,4.379,4.225,4.351,965469.81,1694822399999,True
2023-09-16 00:00:00,1694822400000,4.351,4.418,4.299,4.336,1068917.66,1694908799999,True
2023-09-17 00:00:00,1694908800000,4.336,4.393,4.231,4.282,1081116.04,1694995199999,True
2023-09-18 00:00:00,1694995200000,4.281,4.461,4.239,4.363,1447375.01,1695081599999,True
2023-09-19 00:00:00,1695081600000,4.363,4.482,4.337,4.407,995121.07,1695167999999,True
2023-09-20 00:00:00,1695168000000,4.41,4.43,4.314,4.363,1077780.93,1695254399999,True
2023-09-21 00:00:00,1695254400000,4.363,4.395,4.211,4.243,877544.1,1695340799999,True
2023-09-22 00:00:00,1695340800000,4.241,4.275,4.198,4.261,599992.82,1695427199999,True
2023-09-23 00:00:00,1695427200000,4.261,4.315,4.236,4.28,476222.09,1695513599999,True
2023-09-24 00:00:00,1695513600000,4.28,4.309,4.21,4.235,467255.34,1695599999999,True
2023-09-25 00:00:00,1695600000000,4.236,4.304,4.2,4.271,474845.42,1695686399999,True
2023-09-26 00:00:00,1695686400000,4.271,4.317,4.2,4.26,502808.08,1695772799999,True
2023-09-27 00:00:00,1695772800000,4.259,4.425,4.202,4.25,1328987.15,1695859199999,True
2023-09-28 00:00:00,1695859200000,4.25,4.5,4.241,4.419,1042786.16,1695945599999,True
2023-09-29 00:00:00,1695945600000,4.42,4.502,4.323,4.402,1367262.29,1696031999999,True
2023-09-30 00:00:00,1696032000000,4.402,4.479,4.389,4.456,616058.11,1696118399999,True
2023-10-01 00:00:00,1696118400000,4.456,4.676,4.444,4.653,1486824.57,1696204799999,True
2023-10-02 00:00:00,1696204800000,4.656,4.688,4.42,4.457,1391768.39,1696291199999,True
2023-10-03 00:00:00,1696291200000,4.456,4.521,4.335,4.362,629249.75,1696377599999,True
2023-10-04 00:00:00,1696377600000,4.363,4.363,4.23,4.307,776739.4,1696463999999,True
2023-10-05 00:00:00,1696464000000,4.308,4.344,4.253,4.306,699964.78,1696550399999,True
2023-10-06 00:00:00,1696550400000,4.307,4.426,4.289,4.395,507588.8,1696636799999,True
2023-10-07 00:00:00,1696636800000,4.396,4.422,4.341,4.374,295192.93,1696723199999,True
2023-10-08 00:00:00,1696723200000,4.376,4.384,4.279,4.337,335210.54,1696809599999,True
2023-10-09 00:00:00,1696809600000,4.337,4.368,4.05,4.144,1397384.77,1696895999999,True
2023-10-10 00:00:00,1696896000000,4.141,4.172,4.056,4.12,812922.68,1696982399999,True
2023-10-11 00:00:00,1696982400000,4.121,4.152,4.046,4.129,625801.96,1697068799999,True
2023-10-12 00:00:00,1697068800000,4.129,4.149,3.97,4.002,1025801.34,1697155199999,True
2023-10-13 00:00:00,1697155200000,4.0,4.096,3.978,4.031,656753.37,1697241599999,True
2023-10-14 00:00:00,1697241600000,4.029,4.1,4.022,4.084,470639.95,1697327999999,True
2023-10-15 00:00:00,1697328000000,4.085,4.148,4.064,4.102,587981.15,1697414399999,True
2023-10-16 00:00:00,1697414400000,4.103,4.279,4.1,4.119,1343113.78,1697500799999,True
2023-10-17 00:00:00,1697500800000,4.12,4.127,3.832,3.888,1896656.93,1697587199999,True
2023-10-18 00:00:00,1697587200000,3.888,3.972,3.845,3.931,1563112.25,1697673599999,True
2023-10-19 00:00:00,1697673600000,3.932,3.958,3.86,3.929,1025501.84,1697759999999,True
2023-10-20 00:00:00,1697760000000,3.93,4.114,3.917,3.998,1825940.08,1697846399999,True
2023-10-21 00:00:00,1697846400000,3.998,4.16,3.959,4.141,1317695.99,1697932799999,True
2023-10-22 00:00:00,1697932800000,4.143,4.252,4.068,4.213,1714216.01,1698019199999,True
2023-10-23 00:00:00,1698019200000,4.214,4.428,4.19,4.378,3799710.0,1698105599999,True
2023-10-24 00:00:00,1698105600000,4.378,4.5,4.116,4.22,5390801.72,1698191999999,True
2023-10-25 00:00:00,1698192000000,4.221,4.341,4.126,4.167,3532357.88,1698278399999,True
2023-10-26 00:00:00,1698278400000,4.167,4.378,4.002,4.111,4090855.9,1698364799999,True
2023-10-27 00:00:00,1698364800000,4.11,4.146,3.956,4.024,2584228.66,1698451199999,True
2023-10-28 00:00:00,1698451200000,4.023,4.138,4.019,4.084,1471834.65,1698537599999,True
2023-10-29 00:00:00,1698537600000,4.083,4.214,4.025,4.153,2560865.22,1698623999999,True
2023-10-30 00:00:00,1698624000000,4.155,4.235,4.076,4.179,2961053.77,1698710399999,True
2023-10-31 00:00:00,1698710400000,4.179,4.249,3.993,4.148,4638843.55,1698796799999,True
2023-11-01 00:00:00,1698796800000,4.147,4.863,4.01,4.795,11823889.41,1698883199999,True
2023-11-02 00:00:00,1698883200000,4.796,4.922,4.472,4.693,10652663.84,1698969599999,True
2023-11-03 00:00:00,1698969600000,4.693,4.781,4.466,4.653,5197366.53,1699055999999,True
2023-11-04 00:00:00,1699056000000,4.653,4.787,4.606,4.711,2756485.68,1699142399999,True
2023-11-05 00:00:00,1699142400000,4.71,4.91,4.615,4.772,5112903.54,1699228799999,True
2023-11-06 00:00:00,1699228800000,4.776,5.158,4.661,5.109,5265692.54,1699315199999,True
2023-11-07 00:00:00,1699315200000,5.111,5.113,4.768,4.928,3502387.66,1699401599999,True
2023-11-08 00:00:00,1699401600000,4.931,5.273,4.89,5.179,3751132.16,1699487999999,True
2023-11-09 00:00:00,1699488000000,5.179,5.388,4.697,5.123,7523756.22,1699574399999,True
2023-11-10 00:00:00,1699574400000,5.121,5.376,5.053,5.28,4731239.07,1699660799999,True
2023-11-11 00:00:00,1699660800000,5.284,5.534,5.156,5.393,4771396.65,1699747199999,True
2023-11-12 00:00:00,1699747200000,5.393,5.523,5.201,5.417,3192385.45,1699833599999,True
2023-11-13 00:00:00,1699833600000,5.418,5.628,5.17,5.222,5831907.75,1699919999999,True
2023-11-14 00:00:00,1699920000000,5.223,5.309,4.82,5.061,4331371.41,1700006399999,True
2023-11-15 00:00:00,1700006400000,5.061,5.388,5.054,5.382,3571039.3,1700092799999,True
2023-11-16 00:00:00,1700092800000,5.388,5.587,5.105,5.196,4575351.84,1700179199999,True
2023-11-17 00:00:00,1700179200000,5.196,5.4,4.849,5.108,4238834.56,1700265599999,True
2023-11-18 00:00:00,1700265600000,5.107,5.2,4.81,5.064,2423826.88,1700351999999,True
2023-11-19 00:00:00,1700352000000,5.063,5.248,4.944,5.234,1909325.3,1700438399999,True
2023-11-20 00:00:00,1700438400000,5.235,5.359,5.1,5.187,2294451.13,1700524799999,True
2023-11-21 00:00:00,1700524800000,5.186,5.269,4.824,4.85,4294268.54,1700611199999,True
2023-11-22 00:00:00,1700611200000,4.85,6.294,4.834,6.109,12928534.78,1700697599999,True
2023-11-23 00:00:00,1700697600000,6.109,6.443,6.052,6.331,7992474.48,1700783999999,True
2023-11-24 00:00:00,1700784000000,6.33,6.605,6.075,6.167,7163308.55,1700870399999,True
2023-11-25 00:00:00,1700870400000,6.165,6.318,6.067,6.167,2493801.36,1700956799999,True
2023-11-26 00:00:00,1700956800000,6.167,6.216,5.812,6.18,3026679.09,1701043199999,True
2023-11-27 00:00:00,1701043200000,6.182,6.367,5.915,6.294,5518941.96,1701129599999,True
2023-11-28 00:00:00,1701129600000,6.293,6.572,6.064,6.167,6398678.58,1701215999999,True
2023-11-29 00:00:00,1701216000000,6.168,6.387,5.982,6.008,2884857.08,1701302399999,True
2023-11-30 00:00:00,1701302400000,6.008,6.033,5.85,5.959,2825999.62,1701388799999,True
2023-12-01 00:00:00,1701388800000,5.96,6.1,5.89,6.016,1993746.49,1701475199999,True
2023-12-02 00:00:00,1701475200000,6.016,6.2,6.003,6.172,1781371.09,1701561599999,True
2023-12-03 00:00:00,1701561600000,6.172,6.25,5.933,6.057,2571740.75,1701647999999,True
2023-12-04 00:00:00,1701648000000,6.056,6.326,5.88,6.111,5265170.08,1701734399999,True
2023-12-05 00:00:00,1701734400000,6.108,6.348,5.975,6.256,3576667.35,1701820799999,True
2023-12-06 00:00:00,1701820800000,6.258,6.291,5.94,6.0,4718671.72,1701907199999,True
2023-12-07 00:00:00,1701907200000,6.0,6.361,5.984,6.293,3148267.98,1701993599999,True
2023-12-08 00:00:00,1701993600000,6.294,6.55,6.258,6.512,3957069.47,1702079999999,True
2023-12-09 00:00:00,1702080000000,6.513,7.13,6.51,6.842,6533876.43,1702166399999,True
2023-12-10 00:00:00,1702166400000,6.843,6.884,6.4,6.605,3319257.05,1702252799999,True
2023-12-11 00:00:00,1702252800000,6.605,6.618,5.894,6.1,5672416.75,1702339199999,True
2023-12-12 00:00:00,1702339200000,6.099,6.345,6.084,6.232,2761397.24,1702425599999,True
2023-12-13 00:00:00,1702425600000,6.236,6.33,5.943,6.296,2862521.04,1702511999999,True
2023-12-14 00:00:00,1702512000000,6.298,6.473,6.1,6.361,2471343.09,1702598399999,True
2023-12-15 00:00:00,1702598400000,6.364,6.366,5.982,6.036,2333835.74,1702684799999,True
2023-12-16 00:00:00,1702684800000,6.035,6.25,5.931,6.167,1497453.29,1702771199999,True
2023-12-17 00:00:00,1702771200000,6.167,6.28,6.05,6.063,2076777.88,1702857599999,True
2023-12-18 00:00:00,1702857600000,6.065,6.117,5.593,5.945,3717189.38,1702943999999,True
2023-12-19 00:00:00,1702944000000,5.943,6.039,5.75,5.834,1703388.54,1703030399999,True
2023-12-20 00:00:00,1703030400000,5.834,6.107,5.794,5.926,1816453.26,1703116799999,True
2023-12-21 00:00:00,1703116800000,5.93,6.21,5.861,6.182,2931221.25,1703203199999,True
2023-12-22 00:00:00,1703203200000,6.183,6.489,6.121,6.392,4554815.3,1703289599999,True
2023-12-23 00:00:00,1703289600000,6.391,6.426,6.098,6.339,6697092.57,1703375999999,True
2023-12-24 00:00:00,1703376000000,6.341,7.18,6.317,6.842,9372595.58,1703462399999,True
2023-12-25 00:00:00,1703462400000,6.841,7.16,6.664,6.969,5009058.85,1703548799999,True
2023-12-26 00:00:00,1703548800000,6.969,7.799,6.632,7.346,9709654.78,1703635199999,True
2023-12-27 00:00:00,1703635200000,7.346,7.443,6.981,7.237,4791991.55,1703721599999,True
2023-12-28 00:00:00,1703721600000,7.235,8.26,7.223,7.806,10437790.81,1703807999999,True
2023-12-29 00:00:00,1703808000000,7.809,7.882,7.366,7.568,5813176.49,1703894399999,True
2023-12-30 00:00:00,1703894400000,7.566,7.81,7.318,7.358,3041523.58,1703980799999,True
2023-12-31 00:00:00,1703980800000,7.357,7.706,7.143,7.222,2415081.67,1704067199999,True
2024-01-01 00:00:00,1704067200000,7.222,7.644,7.139,7.6,1945826.63,1704153599999,True
2024-01-02 00:00:00,1704153600000,7.603,7.723,7.145,7.175,2848688.7,1704239999999,True
2024-01-03 00:00:00,1704240000000,7.176,7.38,5.879,6.433,6237233.92,1704326399999,True
2024-01-04 00:00:00,1704326400000,6.431,6.716,6.363,6.53,2240246.85,1704412799999,True
2024-01-05 00:00:00,1704412800000,6.532,6.639,6.162,6.434,2493708.19,1704499199999,True
2024-01-06 00:00:00,1704499200000,6.434,6.44,6.015,6.308,1721820.18,1704585599999,True
2024-01-07 00:00:00,1704585600000,6.311,6.446,5.921,6.004,1373058.26,1704671999999,True
2024-01-08 00:00:00,1704672000000,6.007,6.241,5.66,6.24,2939688.96,1704758399999,True
2024-01-09 00:00:00,1704758400000,6.24,6.278,5.705,6.011,3192609.82,1704844799999,True
2024-01-10 00:00:00,1704844800000,6.012,6.755,5.93,6.568,3830777.16,1704931199999,True
2024-01-11 00:00:00,1704931200000,6.568,6.975,6.51,6.819,4026266.3,1705017599999,True
2024-01-12 00:00:00,1705017600000,6.819,6.976,6.301,6.579,3854376.29,1705103999999,True
2024-01-13 00:00:00,1705104000000,6.58,6.701,6.39,6.632,1740642.72,1705190399999,True
2024-01-14 00:00:00,1705190400000,6.633,6.67,6.304,6.319,1150756.29,1705276799999,True
2024-01-15 00:00:00,1705276800000,6.318,6.734,6.309,6.671,2457251.33,1705363199999,True
2024-01-16 00:00:00,1705363200000,6.673,6.934,6.65,6.825,2087549.53,1705449599999,True
2024-01-17 00:00:00,1705449600000,6.825,6.895,6.66,6.77,1800287.65,1705535999999,True
2024-01-18 00:00:00,1705536000000,6.771,6.844,6.231,6.32,1844838.93,1705622399999,True
2024-01-19 00:00:00,1705622400000,6.32,6.389,6.037,6.357,1692365.44,1705708799999,True
2024-01-20 00:00:00,1705708800000,6.358,6.623,6.294,6.497,1720275.46,1705795199999,True
2024-01-21 00:00:00,1705795200000,6.497,6.525,6.362,6.377,605092.04,1705881599999,True
2024-01-22 00:00:00,1705881600000,6.376,6.403,5.967,6.048,1489236.84,1705967999999,True
2024-01-23 00:00:00,1705968000000,6.044,6.132,5.535,5.842,2509513.0,1706054399999,True
2024-01-24 00:00:00,1706054400000,5.842,5.912,5.725,5.866,1317945.9,1706140799999,True
2024-01-25 00:00:00,1706140800000,5.868,5.87,5.629,5.75,897373.0,1706227199999,True
2024-01-26 00:00:00,1706227200000,5.749,5.965,5.7,5.949,1074851.21,1706313599999,True
2024-01-27 00:00:00,1706313600000,5.951,6.004,5.847,5.986,658601.03,1706399999999,True
2024-01-28 00:00:00,1706400000000,5.986,6.079,5.879,5.942,884148.5,1706486399999,True
2024-01-29 00:00:00,1706486400000,5.944,6.147,5.877,6.145,1413510.13,1706572799999,True
2024-01-30 00:00:00,1706572800000,6.145,6.34,6.118,6.257,1492342.07,1706659199999,True
2024-01-31 00:00:00,1706659200000,6.257,6.33,5.933,6.001,1790208.87,1706745599999,True
2024-02-01 00:00:00,1706745600000,6.003,6.087,5.883,6.049,1365220.32,1706831999999,True
2024-02-02 00:00:00,1706832000000,6.048,6.262,6.035,6.136,1077858.28,1706918399999,True
2024-02-03 00:00:00,1706918400000,6.136,6.285,6.058,6.108,844504.66,1707004799999,True
2024-02-04 00:00:00,1707004800000,6.107,6.13,5.953,5.981,590556.07,1707091199999,True
2024-02-05 00:00:00,1707091200000,5.979,6.1,5.913,6.005,820201.0,1707177599999,True
2024-02-06 00:00:00,1707177600000,6.005,6.438,6.0,6.278,1631031.89,1707263999999,True
2024-02-07 00:00:00,1707264000000,6.278,6.476,6.221,6.393,1303923.89,1707350399999,True
2024-02-08 00:00:00,1707350400000,6.393,6.434,6.307,6.316,1013712.73,1707436799999,True
2024-02-09 00:00:00,1707436800000,6.316,6.694,6.308,6.654,1975370.87,1707523199999,True
2024-02-10 00:00:00,1707523200000,6.654,6.751,6.534,6.628,941087.36,1707609599999,True
2024-02-11 00:00:00,1707609600000,6.628,6.828,6.555,6.683,1571053.34,1707695999999,True
2024-02-12 00:00:00,1707696000000,6.685,6.859,6.48,6.836,1537443.35,1707782399999,True
2024-02-13 00:00:00,1707782400000,6.836,6.877,6.535,6.68,1445791.74,1707868799999,True
2024-02-14 00:00:00,1707868800000,6.679,6.903,6.635,6.889,1410023.61,1707955199999,True
2024-02-15 00:00:00,1707955200000,6.889,7.532,6.889,7.506,3489004.49,1708041599999,True
2024-02-16 00:00:00,1708041600000,7.506,7.674,7.3,7.44,2912376.81,1708127999999,True
2024-02-17 00:00:00,1708128000000,7.443,7.798,7.369,7.766,2952390.99,1708214399999,True
2024-02-18 00:00:00,1708214400000,7.767,7.976,7.543,7.657,2170308.36,1708300799999,True
2024-02-19 00:00:00,1708300800000,7.657,7.786,7.514,7.698,2136008.5,1708387199999,True
2024-02-20 00:00:00,1708387200000,7.698,7.735,7.244,7.559,2544818.53,1708473599999,True
2024-02-21 00:00:00,1708473600000,7.558,7.558,7.078,7.391,1678182.31,1708559999999,True
2024-02-22 00:00:00,1708560000000,7.392,7.524,7.271,7.36,1465874.7,1708646399999,True
2024-02-23 00:00:00,1708646400000,7.358,12.632,6.963,11.4,45582807.42,1708732799999,True
2024-02-24 00:00:00,1708732800000,11.397,12.859,10.916,11.259,32760235.02,1708819199999,True
2024-02-25 00:00:00,1708819200000,11.26,11.637,10.1,11.138,15111199.6,1708905599999,True
2024-02-26 00:00:00,1708905600000,11.14,11.56,10.364,10.612,11657596.22,1708991999999,True
2024-02-27 00:00:00,1708992000000,10.612,11.213,10.4,10.832,8086764.08,1709078399999,True
2024-02-28 00:00:00,1709078400000,10.832,11.279,9.7,10.927,10152559.9,1709164799999,True
2024-02-29 00:00:00,1709164800000,10.927,11.999,10.734,11.124,11956520.94,1709251199999,True
2024-03-01 00:00:00,1709251200000,11.127,12.038,10.814,11.565,7612345.55,1709337599999,True
2024-03-02 00:00:00,1709337600000,11.565,13.5,11.299,12.609,12748727.57,1709423999999,True
2024-03-03 00:00:00,1709424000000,12.608,13.267,11.5,12.638,7264739.75,1709510399999,True
2024-03-04 00:00:00,1709510400000,12.639,13.079,12.0,12.358,6746794.04,1709596799999,True
2024-03-05 00:00:00,1709596800000,12.358,14.089,11.28,13.184,14518182.0,1709683199999,True
2024-03-06 00:00:00,1709683200000,13.186,17.05,12.543,15.406,17274814.69,1709769599999,True
2024-03-07 00:00:00,1709769600000,15.408,15.573,14.528,14.875,6059680.43,1709855999999,True
2024-03-08 00:00:00,1709856000000,14.878,15.452,14.165,14.582,5109719.8,1709942399999,True
2024-03-09 00:00:00,1709942400000,14.581,15.014,13.842,14.184,5427317.52,1710028799999,True
2024-03-10 00:00:00,1710028800000,14.185,14.416,13.5,14.233,4646319.95,1710115199999,True
2024-03-11 00:00:00,1710115200000,14.231,14.642,13.5,14.437,4348900.95,1710201599999,True
2024-03-12 00:00:00,1710201600000,14.436,14.572,13.018,14.063,4443993.32,1710287999999,True
2024-03-13 00:00:00,1710288000000,14.065,14.8,13.743,14.227,3590830.86,1710374399999,True
2024-03-14 00:00:00,1710374400000,14.228,14.474,13.167,13.947,4157084.01,1710460799999,True
2024-03-15 00:00:00,1710460800000,13.949,14.137,12.136,13.066,5616115.09,1710547199999,True
2024-03-16 00:00:00,1710547200000,13.069,13.164,11.758,12.029,2920835.54,1710633599999,True
2024-03-17 00:00:00,1710633600000,12.031,12.667,11.35,12.422,2790079.58,1710719999999,True
2024-03-18 00:00:00,1710720000000,12.422,12.612,11.561,11.877,2386476.82,1710806399999,True
2024-03-19 00:00:00,1710806400000,11.875,12.048,10.384,10.614,5125751.51,1710892799999,True
2024-03-20 00:00:00,1710892800000,10.611,11.95,10.3,11.913,3886670.75,1710979199999,True
2024-03-21 00:00:00,1710979200000,11.909,12.239,11.542,12.183,2625898.43,1711065599999,True
2024-03-22 00:00:00,1711065600000,12.183,12.25,11.335,11.759,2314450.76,1711151999999,True
2024-03-23 00:00:00,1711152000000,11.76,12.021,11.568,11.614,1488835.39,1711238399999,True
2024-03-24 00:00:00,1711238400000,11.616,12.091,11.568,12.039,1231546.88,1711324799999,True
2024-03-25 00:00:00,1711324800000,12.042,13.0,11.921,12.429,2117826.39,1711411199999,True
2024-03-26 00:00:00,1711411200000,12.424,12.889,12.36,12.692,1996606.93,1711497599999,True
2024-03-27 00:00:00,1711497600000,12.694,12.828,12.094,12.246,2391262.69,1711583999999,True
2024-03-28 00:00:00,1711584000000,12.243,13.123,12.116,12.749,2276508.02,1711670399999,True
2024-03-29 00:00:00,1711670400000,12.751,13.155,12.437,12.642,2689334.09,1711756799999,True
2024-03-30 00:00:00,1711756800000,12.64,12.916,12.506,12.607,1460876.98,1711843199999,True
2024-03-31 00:00:00,1711843200000,12.607,13.343,12.575,12.947,2314761.94,1711929599999,True
2024-04-01 00:00:00,1711929600000,12.946,12.952,12.029,12.416,3179157.04,1712015999999,True
2024-04-02 00:00:00,1712016000000,12.414,12.421,11.177,11.302,3468324.92,1712102399999,True
2024-04-03 00:00:00,1712102400000,11.304,11.457,10.651,10.868,4443826.92,1712188799999,True
2024-04-04 00:00:00,1712188800000,10.868,11.276,10.704,10.976,1867298.17,1712275199999,True
2024-04-05 00:00:00,1712275200000,10.972,11.064,10.431,10.926,1615645.92,1712361599999,True
2024-04-06 00:00:00,1712361600000,10.929,11.345,10.889,11.241,927531.29,1712447999999,True
2024-04-07 00:00:00,1712448000000,11.241,11.488,11.192,11.401,2738667.34,1712534399999,True
2024-04-08 00:00:00,1712534400000,11.397,11.81,11.265,11.624,1649927.49,1712620799999,True
2024-04-09 00:00:00,1712620800000,11.624,11.714,11.027,11.212,1927360.48,1712707199999,True
2024-04-10 00:00:00,1712707200000,11.21,11.316,9.801,10.047,9598126.86,1712793599999,True
2024-04-11 00:00:00,1712793600000,10.047,10.048,8.716,9.139,19189507.5,1712879999999,True
2024-04-12 00:00:00,1712880000000,9.143,9.21,7.0,7.922,13220041.99,1712966399999,True
2024-04-13 00:00:00,1712966400000,7.92,8.211,5.899,6.91,15232169.21,1713052799999,True
2024-04-14 00:00:00,1713052800000,6.911,7.587,6.643,7.523,10681562.55,1713139199999,True
2024-04-15 00:00:00,1713139200000,7.523,7.932,7.018,7.247,6368389.32,1713225599999,True
2024-04-16 00:00:00,1713225600000,7.25,7.331,6.763,7.189,5612964.55,1713311999999,True
2024-04-17 00:00:00,1713312000000,7.182,7.246,6.624,6.889,2433417.76,1713398399999,True
2024-04-18 00:00:00,1713398400000,6.891,7.35,6.727,7.296,2702074.52,1713484799999,True
2024-04-19 00:00:00,1713484800000,7.293,7.696,6.713,7.491,3764350.17,1713571199999,True
2024-04-20 00:00:00,1713571200000,7.489,7.921,7.396,7.873,2374609.58,1713657599999,True
2024-04-21 00:00:00,1713657600000,7.872,7.955,7.547,7.731,1276363.7,1713743999999,True
2024-04-22 00:00:00,1713744000000,7.73,8.301,7.703,8.2,2333601.6,1713830399999,True
2024-04-23 00:00:00,1713830400000,8.2,8.358,7.906,7.948,2111713.69,1713916799999,True
2024-04-24 00:00:00,1713916800000,7.947,8.215,7.592,7.72,2089035.27,1714003199999,True
2024-04-25 00:00:00,1714003200000,7.715,8.13,7.561,7.93,2200386.0,1714089599999,True
2024-04-26 00:00:00,1714089600000,7.931,7.948,7.528,7.703,1644152.23,1714175999999,True
2024-04-27 00:00:00,1714176000000,7.705,8.071,7.425,7.973,1383590.66,1714262399999,True
2024-04-28 00:00:00,1714262400000,7.978,8.227,7.797,7.825,1964278.09,1714348799999,True
2024-04-29 00:00:00,1714348800000,7.828,7.893,7.496,7.689,1400705.08,1714435199999,True
2024-04-30 00:00:00,1714435200000,7.689,7.807,6.8,7.039,2793581.81,1714521599999,True
2024-05-01 00:00:00,1714521600000,7.038,7.154,6.536,7.047,3213315.1,1714607999999,True
2024-05-02 00:00:00,1714608000000,7.047,7.214,6.846,7.107,1054303.79,1714694399999,True
2024-05-03 00:00:00,1714694400000,7.107,7.618,6.949,7.585,2069126.75,1714780799999,True
2024-05-04 00:00:00,1714780800000,7.585,7.717,7.472,7.531,1404469.63,1714867199999,True
2024-05-05 00:00:00,1714867200000,7.535,7.65,7.352,7.587,1385910.56,1714953599999,True
2024-05-06 00:00:00,1714953600000,7.588,7.949,7.435,7.474,2036563.47,1715039999999,True
2024-05-07 00:00:00,1715040000000,7.475,7.68,7.377,7.396,1170340.25,1715126399999,True
2024-05-08 00:00:00,1715126400000,7.396,7.531,7.205,7.329,1032760.59,1715212799999,True
2024-05-09 00:00:00,1715212800000,7.325,7.548,7.17,7.501,671303.78,1715299199999,True
2024-05-10 00:00:00,1715299200000,7.502,7.564,7.024,7.107,888009.63,1715385599999,True
2024-05-11 00:00:00,1715385600000,7.109,7.204,7.017,7.036,562896.55,1715471999999,True
2024-05-12 00:00:00,1715472000000,7.037,7.217,6.984,7.064,594384.17,1715558399999,True
2024-05-13 00:00:00,1715558400000,7.064,7.211,6.837,7.003,1438815.8,1715644799999,True
2024-05-14 00:00:00,1715644800000,7.007,7.022,6.761,6.787,979588.32,1715731199999,True
2024-05-15 00:00:00,1715731200000,6.787,7.445,6.735,7.364,1208615.32,1715817599999,True
2024-05-16 00:00:00,1715817600000,7.365,7.429,7.049,7.293,1033317.36,1715903999999,True
2024-05-17 00:00:00,1715904000000,7.295,7.605,7.236,7.491,1244916.54,1715990399999,True
2024-05-18 00:00:00,1715990400000,7.491,8.228,7.444,7.86,3423784.61,1716076799999,True
2024-05-19 00:00:00,1716076800000,7.86,7.97,7.58,7.642,1209679.92,1716163199999,True
2024-05-20 00:00:00,1716163200000,7.642,9.516,7.618,9.328,4886863.41,1716249599999,True
2024-05-21 00:00:00,1716249600000,9.327,9.672,9.083,9.659,4302999.77,1716335999999,True
2024-05-22 00:00:00,1716336000000,9.658,9.694,9.021,9.304,3009371.79,1716422399999,True
2024-05-23 00:00:00,1716422400000,9.305,9.87,8.617,9.088,4686381.81,1716508799999,True
2024-05-24 00:00:00,1716508800000,9.087,10.569,8.938,10.213,6010490.36,1716595199999,True
2024-05-25 00:00:00,1716595200000,10.214,11.497,10.152,11.329,8019458.82,1716681599999,True
2024-05-26 00:00:00,1716681600000,11.33,11.8,11.064,11.167,6066941.99,1716767999999,True
2024-05-27 00:00:00,1716768000000,11.169,11.372,10.902,11.056,3230856.4,1716854399999,True
2024-05-28 00:00:00,1716854400000,11.057,11.51,10.603,11.107,3725865.1,1716940799999,True
2024-05-29 00:00:00,1716940800000,11.11,11.34,10.44,10.443,2745127.46,1717027199999,True
2024-05-30 00:00:00,1717027200000,10.444,11.209,10.361,10.758,1812312.31,1717113599999,True
2024-05-31 00:00:00,1717113600000,10.76,11.139,9.929,9.957,3148986.72,1717199999999,True
2024-06-01 00:00:00,1717200000000,9.957,10.072,9.86,9.886,1357483.99,1717286399999,True
2024-06-02 00:00:00,1717286400000,9.885,9.959,9.36,9.422,1283848.11,1717372799999,True
2024-06-03 00:00:00,1717372800000,9.419,9.838,9.293,9.493,1711848.9,1717459199999,True
2024-06-04 00:00:00,1717459200000,9.494,11.968,9.403,11.466,10228765.87,1717545599999,True
2024-06-05 00:00:00,1717545600000,11.467,11.596,10.876,11.162,4360122.27,1717631999999,True
2024-06-06 00:00:00,1717632000000,11.167,11.267,10.42,10.619,3107269.54,1717718399999,True
2024-06-07 00:00:00,1717718400000,10.619,10.75,9.15,9.818,2914002.05,1717804799999,True
2024-06-08 00:00:00,1717804800000,9.818,10.201,9.786,10.052,1900669.26,1717891199999,True
2024-06-09 00:00:00,1717891200000,10.05,10.082,9.759,9.823,904172.18,1717977599999,True
2024-06-10 00:00:00,1717977600000,9.824,10.685,9.609,10.351,3224428.86,1718063999999,True
2024-06-11 00:00:00,1718064000000,10.349,10.399,8.74,8.978,4952530.73,1718150399999,True
2024-06-12 00:00:00,1718150400000,8.978,10.341,8.775,10.079,6226703.66,1718236799999,True
2024-06-13 00:00:00,1718236800000,10.08,10.24,9.638,10.164,2710791.37,1718323199999,True
2024-06-14 00:00:00,1718323200000,10.162,11.027,10.072,10.431,6327707.97,1718409599999,True
2024-06-15 00:00:00,1718409600000,10.43,11.874,10.352,11.52,6564282.44,1718495999999,True
2024-06-16 00:00:00,1718496000000,11.519,12.026,11.258,11.984,2875675.14,1718582399999,True
2024-06-17 00:00:00,1718582400000,11.981,11.986,10.521,10.61,4786464.14,1718668799999,True
2024-06-18 00:00:00,1718668800000,10.609,10.644,9.238,9.766,4229131.74,1718755199999,True
2024-06-19 00:00:00,1718755200000,9.766,10.477,9.625,9.954,4568679.79,1718841599999,True
2024-06-20 00:00:00,1718841600000,9.953,10.3,9.637,10.029,2175718.7,1718927999999,True
2024-06-21 00:00:00,1718928000000,10.028,10.322,9.7,9.81,2417601.67,1719014399999,True
2024-06-22 00:00:00,1719014400000,9.81,10.096,9.59,9.843,1375348.14,1719100799999,True
2024-06-23 00:00:00,1719100800000,9.843,10.116,9.75,9.772,1084762.42,1719187199999,True
2024-06-24 00:00:00,1719187200000,9.772,9.821,8.751,9.325,4178546.18,1719273599999,True
2024-06-25 00:00:00,1719273600000,9.328,9.569,9.191,9.503,1912641.62,1719359999999,True
2024-06-26 00:00:00,1719360000000,9.505,9.654,9.149,9.394,1562444.06,1719446399999,True
2024-06-27 00:00:00,1719446400000,9.394,9.648,9.182,9.506,1873329.36,1719532799999,True
2024-06-28 00:00:00,1719532800000,9.508,9.636,8.93,9.002,3292786.32,1719619199999,True
2024-06-29 00:00:00,1719619200000,9.002,9.128,8.844,8.854,1235971.81,1719705599999,True
2024-06-30 00:00:00,1719705600000,8.858,9.35,8.76,9.295,979114.72,1719791999999,True
2024-07-01 00:00:00,1719792000000,9.296,9.527,9.132,9.146,1810551.92,1719878399999,True
2024-07-02 00:00:00,1719878400000,9.146,9.225,8.799,9.0,1862694.69,1719964799999,True
2024-07-03 00:00:00,1719964800000,9.0,9.067,8.401,8.522,1955707.37,1720051199999,True
2024-07-04 00:00:00,1720051200000,8.523,8.585,7.587,7.628,3095649.56,1720137599999,True
2024-07-05 00:00:00,1720137600000,7.627,7.822,6.763,7.776,5844740.91,1720223999999,True
2024-07-06 00:00:00,1720224000000,7.774,8.262,7.666,8.19,1415163.4,1720310399999,True
2024-07-07 00:00:00,1720310400000,8.188,8.207,7.596,7.647,1430816.61,1720396799999,True
2024-07-08 00:00:00,1720396800000,7.647,8.313,7.313,8.037,2447184.02,1720483199999,True
2024-07-09 00:00:00,1720483200000,8.035,8.285,7.976,8.174,1303799.96,1720569599999,True
2024-07-10 00:00:00,1720569600000,8.175,8.346,7.994,8.026,1685596.09,1720655999999,True
2024-07-11 00:00:00,1720656000000,8.026,8.182,7.761,7.829,1421456.29,1720742399999,True
2024-07-12 00:00:00,1720742400000,7.828,8.269,7.693,8.115,1369747.99,1720828799999,True
2024-07-13 00:00:00,1720828800000,8.116,8.3,8.078,8.155,1007335.28,1720915199999,True
2024-07-14 00:00:00,1720915200000,8.154,8.5,8.096,8.426,1317117.9,1721001599999,True
2024-07-15 00:00:00,1721001600000,8.42,8.611,8.281,8.596,2013905.47,1721087999999,True
2024-07-16 00:00:00,1721088000000,8.593,8.659,7.867,8.174,3968113.88,1721174399999,True
2024-07-17 00:00:00,1721174400000,8.173,8.418,7.87,7.922,2323927.65,1721260799999,True
2024-07-18 00:00:00,1721260800000,7.922,8.053,7.55,7.834,1918559.79,1721347199999,True
2024-07-19 00:00:00,1721347200000,7.837,8.032,7.668,7.995,1745569.52,1721433599999,True
2024-07-20 00:00:00,1721433600000,7.995,8.05,7.816,8.012,1836866.85,1721519999999,True
2024-07-21 00:00:00,1721520000000,8.014,8.188,7.621,8.124,1932651.51,1721606399999,True
2024-07-22 00:00:00,1721606400000,8.127,8.173,7.744,7.812,1424533.58,1721692799999,True
2024-07-23 00:00:00,1721692800000,7.814,8.01,7.553,7.709,2020485.98,1721779199999,True
2024-07-24 00:00:00,1721779200000,7.707,7.771,7.331,7.424,1368368.86,1721865599999,True
2024-07-25 00:00:00,1721865600000,7.425,7.461,7.033,7.29,1877630.44,1721951999999,True
2024-07-26 00:00:00,1721952000000,7.29,7.708,7.272,7.677,1019322.51,1722038399999,True
2024-07-27 00:00:00,1722038400000,7.675,7.94,7.54,7.671,1559905.96,1722124799999,True
2024-07-28 00:00:00,1722124800000,7.672,7.672,7.453,7.532,659913.78,1722211199999,True
2024-07-29 00:00:00,1722211200000,7.534,7.906,7.522,7.683,1432594.74,1722297599999,True
2024-07-30 00:00:00,1722297600000,7.682,7.753,7.29,7.392,865700.77,1722383999999,True
2024-07-31 00:00:00,1722384000000,7.392,7.482,7.138,7.169,931204.33,1722470399999,True
2024-08-01 00:00:00,1722470400000,7.169,7.266,6.862,7.185,2103709.38,1722556799999,True
2024-08-02 00:00:00,1722556800000,7.185,7.247,6.518,6.617,2075356.72,1722643199999,True
2024-08-03 00:00:00,1722643200000,6.616,6.784,6.406,6.627,1903959.18,1722729599999,True
2024-08-04 00:00:00,1722729600000,6.627,6.683,5.975,6.147,2948368.73,1722815999999,True
2024-08-05 00:00:00,1722816000000,6.147,6.6,4.703,5.367,13586115.34,1722902399999,True
2024-08-06 00:00:00,1722902400000,5.367,5.898,5.362,5.789,3377708.82,1722988799999,True
2024-08-07 00:00:00,1722988800000,5.789,6.014,5.523,5.659,1917670.49,1723075199999,True
2024-08-08 00:00:00,1723075200000,5.661,6.323,5.58,6.281,2318137.07,1723161599999,True
2024-08-09 00:00:00,1723161600000,6.282,6.282,5.961,6.143,1152300.7,1723247999999,True
2024-08-10 00:00:00,1723248000000,6.144,6.249,6.088,6.188,492356.59,1723334399999,True
2024-08-11 00:00:00,1723334400000,6.189,6.4,5.872,5.902,848305.0,1723420799999,True
2024-08-12 00:00:00,1723420800000,5.905,6.312,5.851,6.239,1328818.95,1723507199999,True
2024-08-13 00:00:00,1723507200000,6.239,6.397,6.078,6.345,1019634.08,1723593599999,True
2024-08-14 00:00:00,1723593600000,6.347,6.508,6.216,6.438,1377224.51,1723679999999,True
2024-08-15 00:00:00,1723680000000,6.439,6.453,6.077,6.203,1152525.65,1723766399999,True
2024-08-16 00:00:00,1723766400000,6.208,6.623,6.2,6.497,1570222.66,1723852799999,True
2024-08-17 00:00:00,1723852800000,6.495,6.551,6.336,6.417,690176.94,1723939199999,True
2024-08-18 00:00:00,1723939200000,6.419,6.446,6.158,6.171,926687.14,1724025599999,True
2024-08-19 00:00:00,1724025600000,6.172,6.259,6.032,6.196,1006392.37,1724111999999,True
2024-08-20 00:00:00,1724112000000,6.195,6.474,6.111,6.26,1166686.26,1724198399999,True
2024-08-21 00:00:00,1724198400000,6.26,7.22,6.227,7.101,3317004.5,1724284799999,True
2024-08-22 00:00:00,1724284800000,7.101,7.121,6.876,6.919,1719185.23,1724371199999,True
2024-08-23 00:00:00,1724371200000,6.919,7.094,6.771,6.999,2547249.12,1724457599999,True
2024-08-24 00:00:00,1724457600000,7.0,7.125,6.827,6.916,2218928.02,1724543999999,True
2024-08-25 00:00:00,1724544000000,6.916,6.934,6.589,6.626,2018912.5,1724630399999,True
2024-08-26 00:00:00,1724630400000,6.627,6.668,6.239,6.292,1811825.29,1724716799999,True
2024-08-27 00:00:00,1724716800000,6.291,6.349,5.6,5.716,2366670.13,1724803199999,True
2024-08-28 00:00:00,1724803200000,5.717,5.928,5.59,5.771,2355672.29,1724889599999,True
2024-08-29 00:00:00,1724889600000,5.772,6.007,5.725,5.837,1387375.27,1724975999999,True
2024-08-30 00:00:00,1724976000000,5.836,5.917,5.586,5.892,1131187.5,1725062399999,True
2024-08-31 00:00:00,1725062400000,5.892,6.097,5.849,5.943,1271137.19,1725148799999,True
2024-09-01 00:00:00,1725148800000,5.943,5.959,5.543,5.614,905701.36,1725235199999,True
2024-09-02 00:00:00,1725235200000,5.612,6.214,5.594,6.103,3143540.6,1725321599999,True
2024-09-03 00:00:00,1725321600000,6.104,6.313,6.023,6.044,2273302.16,1725407999999,True
2024-09-04 00:00:00,1725408000000,6.042,6.654,5.776,6.432,6209851.03,1725494399999,True
2024-09-05 00:00:00,1725494400000,6.431,6.506,6.166,6.309,1580088.32,1725580799999,True
2024-09-06 00:00:00,1725580800000,6.309,6.339,5.878,6.177,2529437.26,1725667199999,True
2024-09-07 00:00:00,1725667200000,6.177,6.523,6.111,6.434,1756347.01,1725753599999,True
2024-09-08 00:00:00,1725753600000,6.434,6.508,6.241,6.348,1158357.34,1725839999999,True
2024-09-09 00:00:00,1725840000000,6.349,6.752,6.329,6.733,2116750.4,1725926399999,True
2024-09-10 00:00:00,1725926400000,6.733,6.829,6.499,6.703,1837296.48,1726012799999,True
2024-09-11 00:00:00,1726012800000,6.704,6.985,6.542,6.751,2750096.66,1726099199999,True
2024-09-12 00:00:00,1726099200000,6.751,6.94,6.616,6.791,2111655.59,1726185599999,True
2024-09-13 00:00:00,1726185600000,6.791,7.093,6.681,6.939,2205455.35,1726271999999,True
2024-09-14 00:00:00,1726272000000,6.939,6.941,6.588,6.666,1464205.32,1726358399999,True
2024-09-15 00:00:00,1726358400000,6.666,6.847,6.459,6.533,1260177.99,1726444799999,True
2024-09-16 00:00:00,1726444800000,6.534,6.565,6.304,6.411,1079790.0,1726531199999,True
2024-09-17 00:00:00,1726531200000,6.412,7.142,6.336,6.788,2586863.1,1726617599999,True
2024-09-18 00:00:00,1726617600000,6.789,6.79,6.393,6.776,2028881.79,1726703999999,True
2024-09-19 00:00:00,1726704000000,6.773,7.05,6.726,6.797,2490711.52,1726790399999,True
2024-09-20 00:00:00,1726790400000,6.798,6.98,6.679,6.828,1944878.29,1726876799999,True
2024-09-21 00:00:00,1726876800000,6.83,6.928,6.68,6.904,1100258.36,1726963199999,True
2024-09-22 00:00:00,1726963200000,6.903,6.927,6.483,6.636,1474136.64,1727049599999,True
2024-09-23 00:00:00,1727049600000,6.637,7.0,6.534,6.822,1708182.36,1727135999999,True
2024-09-24 00:00:00,1727136000000,6.824,7.036,6.739,6.925,2026101.26,1727222399999,True
2024-09-25 00:00:00,1727222400000,6.928,7.109,6.746,6.777,1612147.34,1727308799999,True
2024-09-26 00:00:00,1727308800000,6.776,7.39,6.674,7.357,2744769.3,1727395199999,True
2024-09-27 00:00:00,1727395200000,7.355,7.716,7.277,7.617,1936983.24,1727481599999,True
2024-09-28 00:00:00,1727481600000,7.618,7.868,7.385,7.603,1631017.0,1727567999999,True
2024-09-29 00:00:00,1727568000000,7.603,7.627,7.347,7.454,1128137.68,1727654399999,True
2024-09-30 00:00:00,1727654400000,7.454,7.75,7.276,7.392,2345205.29,1727740799999,True
2024-10-01 00:00:00,1727740800000,7.391,7.857,6.776,6.869,3722672.73,1727827199999,True
2024-10-02 00:00:00,1727827200000,6.869,7.298,6.614,6.671,2288883.2,1727913599999,True
2024-10-03 00:00:00,1727913600000,6.67,6.799,6.389,6.566,1468386.46,1727999999999,True
2024-10-04 00:00:00,1728000000000,6.568,6.816,6.529,6.718,1293460.66,1728086399999,True
2024-10-05 00:00:00,1728086400000,6.719,6.894,6.639,6.829,966086.0,1728172799999,True
2024-10-06 00:00:00,1728172800000,6.826,7.089,6.772,7.079,888320.03,1728259199999,True
2024-10-07 00:00:00,1728259200000,7.08,7.5,7.061,7.229,2470629.07,1728345599999,True
2024-10-08 00:00:00,1728345600000,7.232,7.304,6.993,7.175,1597074.64,1728431999999,True
2024-10-09 00:00:00,1728432000000,7.175,7.39,7.063,7.293,2082923.53,1728518399999,True
2024-10-10 00:00:00,1728518400000,7.292,8.48,7.214,8.133,14645291.69,1728604799999,True
2024-10-11 00:00:00,1728604800000,8.133,8.246,7.83,7.891,5721399.34,1728691199999,True
2024-10-12 00:00:00,1728691200000,7.892,8.309,7.752,8.124,4555130.48,1728777599999,True
2024-10-13 00:00:00,1728777600000,8.128,8.148,7.56,7.682,5249093.92,1728863999999,True
2024-10-14 00:00:00,1728864000000,7.685,8.311,7.596,8.135,4324023.84,1728950399999,True
2024-10-15 00:00:00,1728950400000,8.133,8.302,7.675,7.844,4523992.58,1729036799999,True
2024-10-16 00:00:00,1729036800000,7.846,8.016,7.551,7.571,2601137.35,1729123199999,True
2024-10-17 00:00:00,1729123200000,7.574,7.667,7.192,7.347,2413742.75,1729209599999,True
2024-10-18 00:00:00,1729209600000,7.347,7.51,7.331,7.466,2016811.34,1729295999999,True
2024-10-19 00:00:00,1729296000000,7.467,7.6,7.305,7.318,1488981.43,1729382399999,True
2024-10-20 00:00:00,1729382400000,7.319,7.8,7.281,7.76,3679384.62,1729468799999,True
2024-10-21 00:00:00,1729468800000,7.762,7.968,7.408,7.792,2956247.94,1729555199999,True
2024-10-22 00:00:00,1729555200000,7.792,8.755,7.697,7.998,9686637.67,1729641599999,True
2024-10-23 00:00:00,1729641600000,8.0,8.026,7.488,7.857,4098740.93,1729727999999,True
2024-10-24 00:00:00,1729728000000,7.857,8.21,7.832,8.042,3157969.5,1729814399999,True
2024-10-25 00:00:00,1729814400000,8.045,8.197,7.164,7.432,4750033.21,1729900799999,True
2024-10-26 00:00:00,1729900800000,7.432,7.782,7.285,7.443,3825845.87,1729987199999,True
2024-10-27 00:00:00,1729987200000,7.444,7.807,7.371,7.534,2155975.77,1730073599999,True
2024-10-28 00:00:00,1730073600000,7.536,7.792,7.304,7.783,2543727.84,1730159999999,True
2024-10-29 00:00:00,1730160000000,7.784,8.011,7.758,7.936,3261404.83,1730246399999,True
2024-10-30 00:00:00,1730246400000,7.936,8.327,7.834,8.114,3287106.24,1730332799999,True
2024-10-31 00:00:00,1730332800000,8.115,8.191,7.493,7.612,2685237.99,1730419199999,True
2024-11-01 00:00:00,1730419200000,7.614,8.046,7.511,7.551,4380243.25,1730505599999,True
2024-11-02 00:00:00,1730505600000,7.552,7.768,7.31,7.392,2488474.19,1730591999999,True
2024-11-03 00:00:00,1730592000000,7.393,7.43,6.833,7.047,3163742.35,1730678399999,True
2024-11-04 00:00:00,1730678400000,7.046,7.139,6.621,6.784,1870643.8,1730764799999,True
2024-11-05 00:00:00,1730764800000,6.783,7.271,6.767,7.196,2307581.17,1730851199999,True
2024-11-06 00:00:00,1730851200000,7.197,9.7,7.197,9.288,20957696.3,1730937599999,True
2024-11-07 00:00:00,1730937600000,9.287,9.546,8.813,8.901,7844471.78,1731023999999,True
2024-11-08 00:00:00,1731024000000,8.901,9.048,8.521,8.854,5141116.33,1731110399999,True
2024-11-09 00:00:00,1731110400000,8.857,9.331,8.669,9.244,4882570.8,1731196799999,True
2024-11-10 00:00:00,1731196800000,9.246,9.634,8.693,9.212,10362615.01,1731283199999,True
2024-11-11 00:00:00,1731283200000,9.213,9.51,8.758,9.332,8742680.02,1731369599999,True
2024-11-12 00:00:00,1731369600000,9.33,10.764,8.634,8.942,18897315.07,1731455999999,True
2024-11-13 00:00:00,1731456000000,8.943,9.157,8.244,8.628,9898373.85,1731542399999,True
2024-11-14 00:00:00,1731542400000,8.63,8.839,8.06,8.178,8324383.71,1731628799999,True
2024-11-15 00:00:00,1731628800000,8.179,8.599,7.856,8.568,5771137.03,1731715199999,True
2024-11-16 00:00:00,1731715200000,8.568,9.245,8.504,9.079,6348611.31,1731801599999,True
2024-11-17 00:00:00,1731801600000,9.082,9.344,8.578,8.751,4793217.98,1731887999999,True
2024-11-18 00:00:00,1731888000000,8.751,9.399,8.722,9.242,5752498.73,1731974399999,True
2024-11-19 00:00:00,1731974400000,9.242,9.634,9.113,9.399,5436445.04,1732060799999,True
2024-11-20 00:00:00,1732060800000,9.397,9.398,8.571,8.814,4616405.3,1732147199999,True
2024-11-21 00:00:00,1732147200000,8.814,9.701,8.513,9.246,8836674.65,1732233599999,True
2024-11-22 00:00:00,1732233600000,9.248,9.99,9.13,9.934,7246635.87,1732319999999,True
2024-11-23 00:00:00,1732320000000,9.933,11.331,9.755,10.733,12910044.24,1732406399999,True
2024-11-24 00:00:00,1732406400000,10.733,11.389,10.0,10.899,9095308.79,1732492799999,True
2024-11-25 00:00:00,1732492800000,10.898,12.439,10.528,11.128,13075178.96,1732579199999,True
2024-11-26 00:00:00,1732579200000,11.125,11.784,10.489,10.874,8891816.34,1732665599999,True
2024-11-27 00:00:00,1732665600000,10.874,13.797,10.713,13.53,13611298.18,1732751999999,True
2024-11-28 00:00:00,1732752000000,13.53,13.535,12.38,12.76,8407626.59,1732838399999,True
2024-11-29 00:00:00,1732838400000,12.761,12.968,12.311,12.573,4584773.2,1732924799999,True
2024-11-30 00:00:00,1732924800000,12.574,13.5,12.513,12.782,6961723.37,1733011199999,True
2024-12-01 00:00:00,1733011200000,12.782,13.341,12.6,13.06,5523865.94,1733097599999,True
2024-12-02 00:00:00,1733097600000,13.061,14.66,12.42,14.007,14220004.12,1733183999999,True
2024-12-03 00:00:00,1733184000000,14.007,15.338,13.14,15.119,11455581.67,1733270399999,True
2024-12-04 00:00:00,1733270400000,15.117,16.52,14.641,15.674,10745492.23,1733356799999,True
2024-12-05 00:00:00,1733356800000,15.672,15.939,14.5,15.025,9184348.72,1733443199999,True
2024-12-06 00:00:00,1733443200000,15.025,18.439,15.01,17.56,13045476.79,1733529599999,True
2024-12-07 00:00:00,1733529600000,17.559,18.628,17.215,18.061,9092825.72,1733615999999,True
2024-12-08 00:00:00,1733616000000,18.064,19.47,17.519,18.601,10531577.74,1733702399999,True
2024-12-09 00:00:00,1733702400000,18.602,18.855,14.0,16.025,12792426.09,1733788799999,True
2024-12-10 00:00:00,1733788800000,16.024,16.69,14.039,15.254,15151148.18,1733875199999,True
2024-12-11 00:00:00,1733875200000,15.254,17.224,14.718,17.159,8522248.63,1733961599999,True
2024-12-12 00:00:00,1733961600000,17.161,18.984,16.888,17.715,10043176.68,1734047999999,True
2024-12-13 00:00:00,1734048000000,17.716,18.175,16.83,17.49,4869326.39,1734134399999,True
2024-12-14 00:00:00,1734134400000,17.49,17.775,16.454,16.75,5733733.27,1734220799999,True
2024-12-15 00:00:00,1734220800000,16.751,17.224,16.211,17.073,4524262.03,1734307199999,True
2024-12-16 00:00:00,1734307200000,17.074,17.476,16.228,16.233,5789646.15,1734393599999,True
2024-12-17 00:00:00,1734393600000,16.234,16.575,15.595,16.242,5407343.6,1734479999999,True
2024-12-18 00:00:00,1734480000000,16.252,16.74,14.62,14.807,9742088.58,1734566399999,True
2024-12-19 00:00:00,1734566400000,14.799,15.407,12.634,12.726,14815514.28,1734652799999,True
2024-12-20 00:00:00,1734652800000,12.725,13.838,11.217,13.677,20494533.69,1734739199999,True
2024-12-21 00:00:00,1734739200000,13.68,14.785,13.036,13.384,8210582.98,1734825599999,True
2024-12-22 00:00:00,1734825600000,13.391,14.292,13.24,13.9,8677806.33,1734911999999,True
2024-12-23 00:00:00,1734912000000,13.9,14.638,13.235,14.291,7365516.96,1734998399999,True
2024-12-24 00:00:00,1734998400000,14.29,14.77,13.748,14.592,4779628.37,1735084799999,True
2024-12-25 00:00:00,1735084800000,14.589,14.598,13.669,13.911,3280404.69,1735171199999,True
2024-12-26 00:00:00,1735171200000,13.91,14.085,12.818,13.266,3962448.67,1735257599999,True
2024-12-27 00:00:00,1735257600000,13.267,14.266,13.169,13.353,5520078.72,1735343999999,True
2024-12-28 00:00:00,1735344000000,13.354,13.799,12.95,13.575,2116213.79,1735430399999,True
2024-12-29 00:00:00,1735430400000,13.575,13.601,12.846,13.006,1566467.32,1735516799999,True
2024-12-30 00:00:00,1735516800000,13.009,13.65,12.751,13.325,4008343.82,1735603199999,True
2024-12-31 00:00:00,1735603200000,13.326,13.907,13.123,13.243,4530105.07,1735689599999,True
2025-01-01 00:00:00,1735689600000,13.243,13.793,13.044,13.629,2460321.15,1735775999999,True
2025-01-02 00:00:00,1735776000000,13.629,14.598,13.625,14.381,3990570.27,1735862399999,True
2025-01-03 00:00:00,1735862400000,14.381,15.257,14.05,15.213,3694086.81,1735948799999,True
2025-01-04 00:00:00,1735948800000,15.21,15.44,14.759,15.277,3747914.48,1736035199999,True
2025-01-05 00:00:00,1736035200000,15.279,15.372,14.811,15.159,2097426.17,1736121599999,True
2025-01-06 00:00:00,1736121600000,15.163,15.654,14.82,15.077,5913365.93,1736207999999,True
2025-01-07 00:00:00,1736208000000,15.076,15.134,13.482,13.531,3212531.8,1736294399999,True
2025-01-08 00:00:00,1736294400000,13.532,13.835,12.494,13.118,4342567.58,1736380799999,True
2025-01-09 00:00:00,1736380800000,13.117,13.362,12.367,12.867,3545904.26,1736467199999,True
2025-01-10 00:00:00,1736467200000,12.869,14.098,12.853,13.941,4896955.05,1736553599999,True
2025-01-11 00:00:00,1736553600000,13.942,14.059,13.458,13.645,1519898.78,1736639999999,True
2025-01-12 00:00:00,1736640000000,13.648,13.889,13.512,13.631,1417813.35,1736726399999,True
2025-01-13 00:00:00,1736726400000,13.632,13.948,12.022,12.893,4325039.75,1736812799999,True
2025-01-14 00:00:00,1736812800000,12.893,13.429,12.821,13.314,1700114.03,1736899199999,True
2025-01-15 00:00:00,1736899200000,13.314,14.68,12.965,14.542,3983090.48,1736985599999,True
2025-01-16 00:00:00,1736985600000,14.544,14.629,13.933,14.097,3175478.9,1737071999999,True
2025-01-17 00:00:00,1737072000000,14.098,15.174,14.086,14.98,3787760.81,1737158399999,True
2025-01-18 00:00:00,1737158400000,14.98,15.25,13.88,14.171,5084934.47,1737244799999,True
2025-01-19 00:00:00,1737244800000,14.171,14.594,13.015,13.287,7333157.45,1737331199999,True
2025-01-20 00:00:00,1737331200000,13.292,14.844,12.903,13.524,7250504.03,1737417599999,True
2025-01-21 00:00:00,1737417600000,13.523,13.862,12.986,13.507,4282750.12,1737503999999,True
2025-01-22 00:00:00,1737504000000,13.506,13.621,12.762,12.89,2627012.96,1737590399999,True
2025-01-23 00:00:00,1737590400000,12.894,13.057,12.388,12.81,3245994.23,1737676799999,True
2025-01-24 00:00:00,1737676800000,12.811,13.16,12.425,12.464,2300973.4,1737763199999,True
2025-01-25 00:00:00,1737763200000,12.465,12.469,12.042,12.093,1686224.99,1737849599999,True
2025-01-26 00:00:00,1737849600000,12.093,12.402,11.409,11.432,2520829.2,1737935999999,True
2025-01-27 00:00:00,1737936000000,11.429,11.535,10.254,11.006,5599042.85,1738022399999,True
2025-01-28 00:00:00,1738022400000,11.007,11.36,10.802,11.142,3728018.4,1738108799999,True
2025-01-29 00:00:00,1738108800000,11.137,12.09,11.113,11.733,6859289.78,1738195199999,True
2025-01-30 00:00:00,1738195200000,11.731,12.3,11.638,11.967,3626540.48,1738281599999,True
2025-01-31 00:00:00,1738281600000,11.966,12.833,11.659,11.774,4521194.6,1738367999999,True
2025-02-01 00:00:00,1738368000000,11.773,11.929,10.76,10.861,2644023.01,1738454399999,True
2025-02-02 00:00:00,1738454400000,10.858,11.113,8.698,9.184,7157314.15,1738540799999,True
2025-02-03 00:00:00,1738540800000,9.19,10.213,6.884,9.956,22495767.7,1738627199999,True
2025-02-04 00:00:00,1738627200000,9.956,9.976,8.773,9.069,7980955.12,1738713599999,True
2025-02-05 00:00:00,1738713600000,9.07,9.528,9.007,9.274,4053289.21,1738799999999,True
2025-02-06 00:00:00,1738800000000,9.274,9.474,8.9,8.984,4407433.8,1738886399999,True
2025-02-07 00:00:00,1738886400000,8.984,9.508,8.747,9.01,4704713.97,1738972799999,True
2025-02-08 00:00:00,1738972800000,9.009,9.193,8.726,9.139,2393850.36,1739059199999,True
2025-02-09 00:00:00,1739059200000,9.138,9.32,8.696,9.13,2964263.27,1739145599999,True
2025-02-10 00:00:00,1739145600000,9.131,9.603,8.821,9.458,3801830.29,1739231999999,True
2025-02-11 00:00:00,1739232000000,9.458,10.045,9.244,9.381,4512785.82,1739318399999,True
2025-02-12 00:00:00,1739318400000,9.38,10.134,9.078,9.951,4120586.55,1739404799999,True
2025-02-13 00:00:00,1739404800000,9.955,10.082,9.464,9.889,2293424.03,1739491199999,True
2025-02-14 00:00:00,1739491200000,9.891,10.355,9.804,10.056,2559408.74,1739577599999,True
2025-02-15 00:00:00,1739577600000,10.057,10.148,9.716,9.811,1600075.2,1739663999999,True
2025-02-16 00:00:00,1739664000000,9.811,9.943,9.566,9.585,1558440.94,1739750399999,True
2025-02-17 00:00:00,1739750400000,9.584,10.247,9.444,9.947,2683600.53,1739836799999,True
2025-02-18 00:00:00,1739836800000,9.944,9.953,9.143,9.632,2986326.31,1739923199999,True
2025-02-19 00:00:00,1739923200000,9.631,9.73,9.378,9.434,2642284.77,1740009599999,True
2025-02-20 00:00:00,1740009600000,9.434,9.567,8.966,9.341,5163718.0,1740095999999,True
2025-02-21 00:00:00,1740096000000,9.341,9.643,8.586,8.743,5842457.68,1740182399999,True
2025-02-22 00:00:00,1740182400000,8.742,9.131,8.676,9.039,2281871.31,1740268799999,True
2025-02-23 00:00:00,1740268800000,9.04,9.22,8.914,9.019,1180918.24,1740355199999,True
2025-02-24 00:00:00,1740355200000,9.02,9.128,7.784,7.975,3972979.91,1740441599999,True
2025-02-25 00:00:00,1740441600000,7.978,8.632,7.408,8.312,8860796.58,1740527999999,True
2025-02-26 00:00:00,1740528000000,8.311,8.514,7.645,7.908,7401864.73,1740614399999,True
2025-02-27 00:00:00,1740614400000,7.909,8.3,7.719,7.868,4102421.79,1740700799999,True
2025-02-28 00:00:00,1740700800000,7.87,7.894,7.046,7.497,7615732.71,1740787199999,True
2025-03-01 00:00:00,1740787200000,7.497,7.663,7.202,7.5,2412597.44,1740873599999,True
2025-03-02 00:00:00,1740873600000,7.5,8.418,7.309,8.268,5419705.72,1740959999999,True
2025-03-03 00:00:00,1740960000000,8.269,8.298,7.057,7.126,5299808.23,1741046399999,True
2025-03-04 00:00:00,1741046400000,7.126,7.177,6.47,7.07,8735843.29,1741132799999,True
2025-03-05 00:00:00,1741132800000,7.07,7.56,7.013,7.52,4919294.22,1741219199999,True
2025-03-06 00:00:00,1741219200000,7.52,7.697,7.049,7.103,4645817.58,1741305599999,True
2025-03-07 00:00:00,1741305600000,7.104,7.363,6.821,7.07,3732961.48,1741391999999,True
2025-03-08 00:00:00,1741392000000,7.07,7.227,6.891,7.165,1641720.04,1741478399999,True
2025-03-09 00:00:00,1741478400000,7.164,7.215,6.314,6.397,2573013.23,1741564799999,True
2025-03-10 00:00:00,1741564800000,6.398,6.957,5.784,5.906,4698466.45,1741651199999,True
2025-03-11 00:00:00,1741651200000,5.907,6.244,5.506,6.096,7031956.39,1741737599999,True
2025-03-12 00:00:00,1741737600000,6.098,6.209,5.743,5.912,3460674.69,1741823999999,True
2025-03-13 00:00:00,1741824000000,5.912,6.074,5.693,5.89,3146329.42,1741910399999,True
2025-03-14 00:00:00,1741910400000,5.891,6.141,5.835,6.026,3438988.74,1741996799999,True
2025-03-15 00:00:00,1741996800000,6.028,6.326,5.995,6.271,2149013.57,1742083199999,True
2025-03-16 00:00:00,1742083200000,6.272,6.294,5.973,6.139,3001404.36,1742169599999,True
2025-03-17 00:00:00,1742169600000,6.138,6.39,6.081,6.297,2312237.16,1742255999999,True
2025-03-18 00:00:00,1742256000000,6.297,6.378,6.096,6.374,1895433.3,1742342399999,True
2025-03-19 00:00:00,1742342400000,6.374,7.38,6.32,6.984,7650521.73,1742428799999,True
2025-03-20 00:00:00,1742428800000,6.985,7.056,6.643,6.912,3047757.45,1742515199999,True
2025-03-21 00:00:00,1742515200000,6.913,6.93,6.716,6.781,1353709.79,1742601599999,True
2025-03-22 00:00:00,1742601600000,6.783,6.929,6.725,6.737,1179181.78,1742687999999,True
2025-03-23 00:00:00,1742688000000,6.736,6.829,6.615,6.688,1431646.31,1742774399999,True
2025-03-24 00:00:00,1742774400000,6.691,7.162,6.578,7.088,2440647.61,1742860799999,True
2025-03-25 00:00:00,1742860800000,7.088,7.133,6.926,6.967,1604535.24,1742947199999,True
2025-03-26 00:00:00,1742947200000,6.968,7.129,6.646,6.721,2428539.04,1743033599999,True
2025-03-27 00:00:00,1743033600000,6.724,6.909,6.651,6.725,2640107.44,1743119999999,True
2025-03-28 00:00:00,1743120000000,6.727,6.838,6.049,6.174,3605760.02,1743206399999,True
2025-03-29 00:00:00,1743206400000,6.174,6.255,5.863,5.96,2808038.2,1743292799999,True
2025-03-30 00:00:00,1743292800000,5.96,6.063,5.804,5.871,1421718.27,1743379199999,True
2025-03-31 00:00:00,1743379200000,5.872,6.054,5.74,5.971,2843168.26,1743465599999,True
2025-04-01 00:00:00,1743465600000,5.971,6.351,5.96,6.265,1528501.96,1743551999999,True
2025-04-02 00:00:00,1743552000000,6.264,6.47,5.786,5.836,3449802.0,1743638399999,True
2025-04-03 00:00:00,1743638400000,5.835,6.069,5.65,5.869,2333236.35,1743724799999,True
2025-04-04 00:00:00,1743724800000,5.87,6.032,5.655,5.909,2309824.04,1743811199999,True
2025-04-05 00:00:00,1743811200000,5.909,5.941,5.762,5.866,730789.98,1743897599999,True
2025-04-06 00:00:00,1743897600000,5.867,5.902,4.972,5.101,4135541.8,1743983999999,True
2025-04-07 00:00:00,1743984000000,5.102,5.35,4.602,5.121,7715665.48,1744070399999,True
2025-04-08 00:00:00,1744070400000,5.122,5.307,4.682,4.776,3297912.13,1744156799999,True
2025-04-09 00:00:00,1744156800000,4.777,5.495,4.555,5.414,5890764.9,1744243199999,True
2025-04-10 00:00:00,1744243200000,5.413,5.418,4.847,5.023,2889472.38,1744329599999,True
2025-04-11 00:00:00,1744329600000,5.022,5.325,4.993,5.235,2746901.62,1744415999999,True
2025-04-12 00:00:00,1744416000000,5.235,5.583,5.15,5.502,2448062.5,1744502399999,True
2025-04-13 00:00:00,1744502400000,5.502,5.547,5.261,5.332,2889983.94,1744588799999,True
2025-04-14 00:00:00,1744588800000,5.332,5.648,5.323,5.347,2476547.47,1744675199999,True
2025-04-15 00:00:00,1744675200000,5.348,5.456,5.171,5.185,1933511.4,1744761599999,True
2025-04-16 00:00:00,1744761600000,5.184,5.262,5.022,5.151,2094879.81,1744847999999,True
2025-04-17 00:00:00,1744848000000,5.15,5.3,5.093,5.181,1435511.67,1744934399999,True
2025-04-18 00:00:00,1744934400000,5.182,5.241,5.128,5.174,1045476.26,1745020799999,True
2025-04-19 00:00:00,1745020800000,5.175,5.36,5.172,5.317,1129911.97,1745107199999,True
2025-04-20 00:00:00,1745107200000,5.317,5.356,5.15,5.252,1143974.95,1745193599999,True
2025-04-21 00:00:00,1745193600000,5.252,5.51,5.215,5.274,2172788.77,1745279999999,True
2025-04-22 00:00:00,1745280000000,5.274,5.83,5.182,5.81,4272387.53,1745366399999,True
2025-04-23 00:00:00,1745366400000,5.811,6.099,5.788,6.033,4311519.14,1745452799999,True
2025-04-24 00:00:00,1745452800000,6.032,6.055,5.642,5.811,3520030.18,1745539199999,True
2025-04-25 00:00:00,1745539200000,5.812,5.986,5.691,5.828,5036805.21,1745625599999,True
2025-04-26 00:00:00,1745625600000,5.828,6.032,5.743,5.813,3813973.44,1745711999999,True
2025-04-27 00:00:00,1745712000000,5.814,6.0,5.493,5.5,4464214.34,1745798399999,True
2025-04-28 00:00:00,1745798400000,5.501,5.648,5.317,5.436,4822538.56,1745884799999,True
2025-04-29 00:00:00,1745884800000,5.437,5.547,5.203,5.271,4048298.73,1745971199999,True
2025-04-30 00:00:00,1745971200000,5.27,5.398,5.059,5.269,3234321.39,1746057599999,True
2025-05-01 00:00:00,1746057600000,5.269,5.434,5.235,5.317,3523335.18,1746143999999,True
2025-05-02 00:00:00,1746144000000,5.316,5.381,5.18,5.248,3066717.99,1746230399999,True
2025-05-03 00:00:00,1746230400000,5.248,5.265,5.026,5.089,3041930.77,1746316799999,True
2025-05-04 00:00:00,1746316800000,5.088,5.137,4.965,4.985,1806837.22,1746403199999,True
2025-05-05 00:00:00,1746403200000,4.985,5.115,4.89,4.975,2616867.14,1746489599999,True
2025-05-06 00:00:00,1746489600000,4.976,4.989,4.739,4.966,2702938.32,1746575999999,True
2025-05-07 00:00:00,1746576000000,4.967,5.053,4.742,4.875,3085921.64,1746662399999,True
2025-05-08 00:00:00,1746662400000,4.875,6.158,4.837,6.151,10265779.87,1746748799999,True
2025-05-09 00:00:00,1746748800000,6.15,6.702,6.0,6.353,11286466.4,1746835199999,True
2025-05-10 00:00:00,1746835200000,6.355,7.733,6.352,7.555,11172888.26,1746921599999,True
2025-05-11 00:00:00,1746921600000,7.555,7.559,6.716,6.929,8318818.7,1747007999999,True
2025-05-12 00:00:00,1747008000000,6.93,7.4,6.606,6.888,8262105.78,1747094399999,True
2025-05-13 00:00:00,1747094400000,6.888,7.37,6.525,7.092,7209556.81,1747180799999,True
2025-05-14 00:00:00,1747180800000,7.092,7.158,6.538,6.607,6488726.84,1747267199999,True
2025-05-15 00:00:00,1747267200000,6.607,6.783,6.111,6.229,7430285.57,1747353599999,True
2025-05-16 00:00:00,1747353600000,6.229,6.465,6.03,6.076,4877610.53,1747439999999,True
2025-05-17 00:00:00,1747440000000,6.076,6.09,5.647,5.739,4677390.97,1747526399999,True
2025-05-18 00:00:00,1747526400000,5.74,6.332,5.677,6.128,6634456.38,1747612799999,True
2025-05-19 00:00:00,1747612800000,6.129,6.176,5.659,5.929,6900043.36,1747699199999,True
2025-05-20 00:00:00,1747699200000,5.929,6.3,5.692,6.024,7924027.94,1747785599999,True
2025-05-21 00:00:00,1747785600000,6.025,6.513,5.941,6.212,14318997.44,1747871999999,True
2025-05-22 00:00:00,1747872000000,6.213,6.593,6.204,6.431,8878956.93,1747958399999,True
2025-05-23 00:00:00,1747958400000,6.432,6.815,5.935,5.982,13231841.12,1748044799999,True
2025-05-24 00:00:00,1748044800000,5.981,6.35,5.947,6.117,3938985.28,1748131199999,True
2025-05-25 00:00:00,1748131200000,6.118,6.179,5.892,6.161,4568407.71,1748217599999,True
2025-05-26 00:00:00,1748217600000,6.161,6.661,6.111,6.503,8979353.27,1748303999999,True
2025-05-27 00:00:00,1748304000000,6.503,6.786,6.262,6.326,9686197.93,1748390399999,True
2025-05-28 00:00:00,1748390400000,6.325,7.05,6.237,6.846,14785860.7,1748476799999,True
2025-05-29 00:00:00,1748476800000,6.845,7.701,6.53,6.559,20394635.42,1748563199999,True
2025-05-30 00:00:00,1748563200000,6.559,6.698,6.123,6.206,14762931.2,1748649599999,True
2025-05-31 00:00:00,1748649600000,6.207,6.229,5.888,6.053,6801697.95,1748735999999,True
2025-06-01 00:00:00,1748736000000,6.053,6.386,5.883,6.312,7948686.84,1748822399999,True
2025-06-02 00:00:00,1748822400000,6.313,6.481,6.035,6.445,5574312.64,1748908799999,True
2025-06-03 00:00:00,1748908800000,6.446,7.114,6.282,6.634,10243414.55,1748995199999,True
2025-06-04 00:00:00,1748995200000,6.633,6.849,6.251,6.309,9833245.42,1749081599999,True
2025-06-05 00:00:00,1749081600000,6.309,6.474,5.795,5.898,8278759.17,1749167999999,True
2025-06-06 00:00:00,1749168000000,5.898,6.156,5.824,5.989,5716645.35,1749254399999,True
2025-06-07 00:00:00,1749254400000,5.99,6.432,5.965,6.347,5589157.0,1749340799999,True
2025-06-08 00:00:00,1749340800000,6.347,6.464,6.183,6.326,4536168.31,1749427199999,True
2025-06-09 00:00:00,1749427200000,6.323,6.88,6.205,6.845,6486262.53,1749513599999,True
2025-06-10 00:00:00,1749513600000,6.844,8.677,6.831,8.665,27784458.86,1749599999999,True
2025-06-11 00:00:00,1749600000000,8.665,8.674,7.958,8.157,12908478.56,1749686399999,True
2025-06-12 00:00:00,1749686400000,8.157,8.25,7.477,7.489,8754894.92,1749772799999,True
2025-06-13 00:00:00,1749772800000,7.489,7.775,6.786,7.759,21627948.35,1749859199999,True
2025-06-14 00:00:00,1749859200000,7.758,7.76,7.104,7.302,5833384.8,1749945599999,True
2025-06-15 00:00:00,1749945600000,7.303,7.479,6.967,7.18,5834362.72,1750031999999,True
2025-06-16 00:00:00,1750032000000,7.18,7.981,7.033,7.446,15493186.39,1750118399999,True
2025-06-17 00:00:00,1750118400000,7.445,7.878,7.262,7.438,13669402.65,1750204799999,True
2025-06-18 00:00:00,1750204800000,7.439,7.796,7.13,7.586,13142914.83,1750291199999,True
2025-06-19 00:00:00,1750291200000,7.586,7.951,7.463,7.679,9878956.73,1750377599999,True
2025-06-20 00:00:00,1750377600000,7.68,7.996,6.985,7.068,17881936.2,1750463999999,True
2025-06-21 00:00:00,1750464000000,7.069,7.13,6.208,6.465,14384520.28,1750550399999,True
2025-06-22 00:00:00,1750550400000,6.467,6.614,5.919,6.259,14359950.3,1750636799999,True
2025-06-23 00:00:00,1750636800000,6.26,6.921,6.025,6.797,15832261.47,1750723199999,True
2025-06-24 00:00:00,1750723200000,6.797,7.167,6.731,7.06,9674169.05,1750809599999,True
2025-06-25 00:00:00,1750809600000,7.061,7.361,6.856,6.974,10905822.03,1750895999999,True
2025-06-26 00:00:00,1750896000000,6.974,7.322,6.738,6.807,11973107.05,1750982399999,True
2025-06-27 00:00:00,1750982400000,6.807,6.995,6.727,6.91,5640760.39,1751068799999,True
2025-06-28 00:00:00,1751068800000,6.911,7.174,6.833,7.126,4262611.31,1751155199999,True
2025-06-29 00:00:00,1751155200000,7.127,7.506,6.952,7.394,8203889.1,1751241599999,True
2025-06-30 00:00:00,1751241600000,7.395,7.458,7.047,7.129,6760301.35,1751327999999,True
2025-07-01 00:00:00,1751328000000,7.13,7.183,6.59,6.59,7672320.57,1751414399999,True
2025-07-02 00:00:00,1751414400000,6.592,7.576,6.495,7.348,16978000.11,1751500799999,True
2025-07-03 00:00:00,1751500800000,7.348,7.863,7.282,7.473,12184072.47,1751587199999,True
2025-07-04 00:00:00,1751587200000,7.472,7.633,6.777,6.931,11581171.32,1751673599999,True
2025-07-05 00:00:00,1751673600000,6.932,7.428,6.816,7.332,6425263.19,1751759999999,True
2025-07-06 00:00:00,1751760000000,7.332,7.576,7.214,7.422,6857256.76,1751846399999,True
2025-07-07 00:00:00,1751846400000,7.423,7.522,7.23,7.39,4488528.0,1751932799999,True
2025-07-08 00:00:00,1751932800000,7.39,7.817,7.318,7.659,6693197.61,1752019199999,True
2025-07-09 00:00:00,1752019200000,7.66,8.489,7.533,8.301,13418615.17,1752105599999,True
2025-07-10 00:00:00,1752105600000,8.3,8.616,7.995,8.466,12591492.54,1752191999999,True
2025-07-11 00:00:00,1752192000000,8.467,9.074,8.304,8.692,16206010.58,1752278399999,True
2025-07-12 00:00:00,1752278400000,8.691,8.867,8.17,8.392,7340604.62,1752364799999,True
2025-07-13 00:00:00,1752364800000,8.392,8.747,8.348,8.511,5419897.0,1752451199999,True
2025-07-14 00:00:00,1752451200000,8.512,9.688,8.479,9.131,21191166.73,1752537599999,True
2025-07-15 00:00:00,1752537600000,9.131,9.423,8.685,9.345,13942783.69,1752623999999,True
2025-07-16 00:00:00,1752624000000,9.345,9.535,8.768,8.901,15968427.71,1752710399999,True
2025-07-17 00:00:00,1752710400000,8.902,9.18,8.636,8.932,14137823.77,1752796799999,True
2025-07-18 00:00:00,1752796800000,8.933,11.007,8.85,10.132,31614917.66,1752883199999,True
2025-07-19 00:00:00,1752883200000,10.133,10.383,9.791,10.172,7792539.0,1752969599999,True
2025-07-20 00:00:00,1752969600000,10.172,10.9,10.107,10.657,9531696.71,1753055999999,True
2025-07-21 00:00:00,1753056000000,10.657,11.686,10.312,10.829,15565633.98,1753142399999,True
2025-07-22 00:00:00,1753142400000,10.829,11.069,10.118,10.774,13085263.99,1753228799999,True
2025-07-23 00:00:00,1753228800000,10.775,10.847,9.696,10.178,11623102.57,1753315199999,True
2025-07-24 00:00:00,1753315200000,10.178,10.53,9.624,10.124,11585757.64,1753401599999,True
2025-07-25 00:00:00,1753401600000,10.125,10.628,9.728,10.426,8827632.12,1753487999999,True
2025-07-26 00:00:00,1753488000000,10.426,10.763,10.327,10.557,4386889.44,1753574399999,True
2025-07-27 00:00:00,1753574400000,10.557,11.057,10.453,10.985,4759680.25,1753660799999,True
2025-07-28 00:00:00,1753660800000,10.986,11.192,10.355,10.46,6545192.01,1753747199999,True
2025-07-29 00:00:00,1753747200000,10.461,10.664,10.004,10.307,6793694.24,1753833599999,True
2025-07-30 00:00:00,1753833600000,10.307,10.504,9.562,10.008,8037580.13,1753919999999,True
2025-07-31 00:00:00,1753920000000,10.008,10.238,9.295,9.344,7823708.78,1754006399999,True
2025-08-01 00:00:00,1754006400000,9.341,9.467,8.843,9.037,9498950.01,1754092799999,True
2025-08-02 00:00:00,1754092800000,9.037,9.181,8.685,8.757,4889497.7,1754179199999,True
2025-08-03 00:00:00,1754179200000,8.761,9.23,8.68,9.148,2933849.96,1754265599999,True
2025-08-04 00:00:00,1754265600000,9.147,10.1,9.136,9.961,8729965.9,1754351999999,True
2025-08-05 00:00:00,1754352000000,9.963,9.97,9.372,9.581,5232835.3,1754438399999,True
2025-08-06 00:00:00,1754438400000,9.581,9.809,9.384,9.697,3013229.28,1754524799999,True
2025-08-07 00:00:00,1754524800000,9.697,10.448,9.628,10.425,5616201.12,1754611199999,True
2025-08-08 00:00:00,1754611200000,10.425,11.051,10.269,10.861,8244860.64,1754697599999,True
2025-08-09 00:00:00,1754697600000,10.861,11.402,10.75,10.979,8465737.9,1754783999999,True
2025-08-10 00:00:00,1754784000000,10.98,11.367,10.45,10.948,8993384.25,1754870399999,True
2025-08-11 00:00:00,1754870400000,10.948,11.999,10.563,11.042,15626160.1,1754956799999,True
2025-08-12 00:00:00,1754956800000,11.042,11.635,10.797,11.601,15981847.96,1755043199999,True
2025-08-13 00:00:00,1755043200000,11.599,12.286,10.9,12.13,14296610.83,1755129599999,True
2025-08-14 00:00:00,1755129600000,12.131,12.3,10.6,10.875,14946938.36,1755215999999,True
2025-08-15 00:00:00,1755216000000,10.875,11.148,10.421,10.722,7864173.94,1755302399999,True
2025-08-16 00:00:00,1755302400000,10.722,11.154,10.701,11.011,5458472.77,1755388799999,True
2025-08-17 00:00:00,1755388800000,11.014,11.393,10.914,11.017,4655803.38,1755475199999,True
2025-08-18 00:00:00,1755475200000,11.017,11.056,10.1,10.484,9071673.41,1755561599999,True
2025-08-19 00:00:00,1755561600000,10.485,10.633,9.9,9.95,6396332.36,1755647999999,True
2025-08-20 00:00:00,1755648000000,9.95,10.7,9.913,10.61,5728511.31,1755734399999,True
2025-08-21 00:00:00,1755734400000,10.61,10.7,10.171,10.227,4095246.22,1755820799999,True
2025-08-22 00:00:00,1755820800000,10.227,11.631,10.013,11.438,12034264.24,1755907199999,True
2025-08-23 00:00:00,1755907200000,11.439,11.474,11.013,11.347,5128045.67,1755993599999,True
2025-08-24 00:00:00,1755993600000,11.346,11.443,10.806,10.925,6420491.67,1756079999999,True
2025-08-25 00:00:00,1756080000000,10.926,10.98,9.582,9.703,9517051.45,1756166399999,True
2025-08-26 00:00:00,1756166400000,9.703,10.027,9.571,9.951,7813287.59,1756252799999,True
2025-08-27 00:00:00,1756252800000,9.952,10.128,9.784,9.854,6686465.77,1756339199999,True
2025-08-28 00:00:00,1756339200000,9.855,10.123,9.734,10.018,4307457.39,1756425599999,True
2025-08-29 00:00:00,1756425600000,10.018,10.083,9.366,9.633,5638243.7,1756511999999,True
2025-08-30 00:00:00,1756512000000,9.633,9.827,9.404,9.726,2466593.28,1756598399999,True
2025-08-31 00:00:00,1756598400000,9.727,9.917,9.606,9.619,1925459.48,1756684799999,True
2025-09-01 00:00:00,1756684800000,9.618,9.831,9.11,9.351,5850861.64,1756771199999,True
2025-09-02 00:00:00,1756771200000,9.352,9.65,9.273,9.581,4507451.26,1756857599999,True
2025-09-03 00:00:00,1756857600000,9.582,9.762,9.4,9.676,4040661.03,1756943999999,True
2025-09-04 00:00:00,1756944000000,9.677,9.728,9.162,9.288,3503664.79,1757030399999,True
2025-09-05 00:00:00,1757030400000,9.288,9.733,9.283,9.393,3710974.03,1757116799999,True
2025-09-06 00:00:00,1757116800000,9.394,9.435,9.23,9.333,1364985.16,1757203199999,True
2025-09-07 00:00:00,1757203200000,9.334,9.449,9.261,9.396,1252891.73,1757289599999,True
2025-09-08 00:00:00,1757289600000,9.396,9.787,9.327,9.555,3519625.24,1757375999999,True
2025-09-09 00:00:00,1757376000000,9.554,9.93,9.388,9.539,4742428.74,1757462399999,True
2025-09-10 00:00:00,1757462400000,9.54,9.818,9.465,9.736,4209956.13,1757548799999,True
2025-09-11 00:00:00,1757548800000,9.737,10.05,9.699,9.986,3751741.86,1757635199999,True
2025-09-12 00:00:00,1757635200000,9.987,10.226,9.902,10.179,4232476.34,1757721599999,True
2025-09-13 00:00:00,1757721600000,10.179,10.36,9.933,10.122,3812298.03,1757807999999,True
2025-09-14 00:00:00,1757808000000,10.122,10.13,9.004,9.414,9741212.01,1757894399999,True
2025-09-15 00:00:00,1757894400000,9.413,9.54,9.02,9.161,5211510.88,1757980799999,True
2025-09-16 00:00:00,1757980800000,9.16,9.399,9.05,9.321,3773013.4,1758067199999,True
2025-09-17 00:00:00,1758067200000,9.321,9.62,9.134,9.551,3635111.92,1758153599999,True
2025-09-18 00:00:00,1758153600000,9.552,9.669,9.407,9.604,3790785.97,1758239999999,True
2025-09-19 00:00:00,1758240000000,9.604,9.734,9.075,9.162,4277261.75,1758326399999,True
2025-09-20 00:00:00,1758326400000,9.162,9.281,9.103,9.185,1504585.27,1758412799999,True
2025-09-21 00:00:00,1758412800000,9.184,9.22,9.031,9.043,2017512.17,1758499199999,True
2025-09-22 00:00:00,1758499200000,9.043,9.08,7.5,8.231,9061462.83,1758585599999,True
2025-09-23 00:00:00,1758585600000,8.231,8.263,8.009,8.057,3012860.88,1758671999999,True
2025-09-24 00:00:00,1758672000000,8.058,8.196,7.831,7.899,3021192.89,1758758399999,True
2025-09-25 00:00:00,1758758400000,7.899,7.944,7.273,7.455,6247975.77,1758844799999,True
2025-09-26 00:00:00,1758844800000,7.456,7.639,7.323,7.619,5081595.19,1758931199999,True
2025-09-27 00:00:00,1758931200000,7.62,7.659,7.464,7.617,2602245.62,1759017599999,True
2025-09-28 00:00:00,1759017600000,7.618,7.772,7.408,7.751,1808318.45,1759103999999,True
2025-09-29 00:00:00,1759104000000,7.752,7.839,7.568,7.744,2218098.74,1759190399999,True
2025-09-30 00:00:00,1759190400000,7.744,7.777,7.421,7.641,2881874.69,1759276799999,True
2025-10-01 00:00:00,1759276800000,7.641,8.1,7.538,8.072,3412587.34,1759363199999,True
2025-10-02 00:00:00,1759363200000,8.073,8.394,7.985,8.353,4598011.77,1759449599999,True
2025-10-03 00:00:00,1759449600000,8.352,8.494,8.132,8.176,3669173.13,1759535999999,True
2025-10-04 00:00:00,1759536000000,8.176,8.202,7.908,8.025,1882125.85,1759622399999,True
2025-10-05 00:00:00,1759622400000,8.025,8.429,7.967,8.059,3034926.59,1759708799999,True
2025-10-06 00:00:00,1759708800000,8.06,8.448,8.0,8.342,2910094.89,1759795199999,True
2025-10-07 00:00:00,1759795200000,8.342,8.396,7.716,7.765,6387776.73,1759881599999,True
2025-10-08 00:00:00,1759881600000,7.766,8.13,7.696,8.072,2712725.91,1759967999999,True
2025-10-09 00:00:00,1759968000000,8.073,8.093,7.643,7.855,3265101.44,1760054399999,True
2025-10-10 00:00:00,1760054400000,7.856,8.6,2.0,5.792,28262007.27,1760140799999,True
2025-10-11 00:00:00,1760140800000,5.791,6.128,5.543,5.855,18650942.79,1760227199999,True
2025-10-12 00:00:00,1760227200000,5.855,6.705,5.791,6.619,8575568.94,1760313599999,True
2025-10-13 00:00:00,1760313600000,6.619,7.12,6.491,7.051,7365492.36,1760399999999,True
2025-10-14 00:00:00,1760400000000,7.051,7.081,6.384,6.822,7158919.91,1760486399999,True
2025-10-15 00:00:00,1760486400000,6.822,6.987,6.443,6.569,5097036.25,1760572799999,True
2025-10-16 00:00:00,1760572800000,6.569,6.734,6.221,6.279,4771001.55,1760659199999,True
2025-10-17 00:00:00,1760659200000,6.279,6.409,5.844,6.132,7557565.45,1760745599999,True
2025-10-18 00:00:00,1760745600000,6.133,6.209,5.904,6.024,3511282.08,1760831999999,True
2025-10-19 00:00:00,1760832000000,6.023,6.362,5.951,6.259,3339950.03,1760918399999,True
2025-10-20 00:00:00,1760918400000,6.259,6.545,6.137,6.336,2902503.31,1761004799999,True
2025-10-21 00:00:00,1761004800000,6.337,6.653,6.108,6.253,6021138.25,1761091199999,True
2025-10-22 00:00:00,1761091200000,6.253,6.302,5.861,6.037,4341943.25,1761177599999,True
2025-10-23 00:00:00,1761177600000,6.037,6.365,6.026,6.313,2937580.38,1761263999999,True
2025-10-24 00:00:00,1761264000000,6.314,6.47,6.163,6.243,2907945.61,1761350399999,True
2025-10-25 00:00:00,1761350400000,6.243,6.299,6.16,6.245,3053819.27,1761436799999,True
2025-10-26 00:00:00,1761436800000,6.246,6.734,6.148,6.665,3573741.68,1761523199999,True
2025-10-27 00:00:00,1761523200000,6.665,6.888,6.463,6.514,3662864.47,1761609599999,True
2025-10-28 00:00:00,1761609600000,6.513,6.635,6.25,6.339,2383200.85,1761695999999,True
2025-10-29 00:00:00,1761696000000,6.339,6.448,6.142,6.295,3860839.42,1761782399999,True
2025-10-30 00:00:00,1761782400000,6.294,6.387,5.666,5.846,14581931.12,1761868799999,True
2025-10-31 00:00:00,1761868800000,5.847,5.954,5.612,5.744,5271574.29,1761955199999,True
2025-11-01 00:00:00,1761955200000,5.744,5.897,5.717,5.863,2461294.41,1762041599999,True
2025-11-02 00:00:00,1762041600000,5.864,5.927,5.712,5.859,2227553.85,1762127999999,True
2025-11-03 00:00:00,1762128000000,5.859,5.888,4.947,5.198,9608158.02,1762214399999,True
2025-11-04 00:00:00,1762214400000,5.198,5.282,4.736,5.073,9624747.25,1762300799999,True
2025-11-05 00:00:00,1762300800000,5.073,5.493,4.871,5.346,5632733.66,1762387199999,True
2025-11-06 00:00:00,1762387200000,5.345,5.373,5.106,5.255,3790676.16,1762473599999,True
2025-11-07 00:00:00,1762473600000,5.256,6.003,5.243,5.875,8522495.12,1762559999999,True
2025-11-08 00:00:00,1762560000000,5.875,6.141,5.805,6.011,7011480.4,1762646399999,True
2025-11-09 00:00:00,1762646400000,6.011,6.78,5.795,6.574,9508041.91,1762732799999,True
2025-11-10 00:00:00,1762732800000,6.575,10.03,6.547,9.347,33184232.36,1762819199999,True
2025-11-11 00:00:00,1762819200000,9.35,10.3,8.1,8.249,65925229.87,1762905599999,True
2025-11-12 00:00:00,1762905600000,8.25,8.863,7.474,7.568,19335335.61,1762991999999,True
2025-11-13 00:00:00,1762992000000,7.568,8.206,7.463,7.753,16978928.09,1763078399999,True
2025-11-14 00:00:00,1763078400000,7.752,7.802,6.927,6.992,12725078.81,1763164799999,True
2025-11-15 00:00:00,1763164800000,6.991,7.643,6.975,7.357,8242280.08,1763251199999,True
2025-11-16 00:00:00,1763251200000,7.358,7.923,6.978,7.178,11331659.37,1763337599999,True
2025-11-17 00:00:00,1763337600000,7.177,8.156,7.086,7.421,19389578.11,1763423999999,True
2025-11-18 00:00:00,1763424000000,7.422,7.766,7.181,7.5,10788799.38,1763510399999,True
2025-11-19 00:00:00,1763510400000,7.499,7.519,6.816,7.225,8368311.93,1763596799999,True
2025-11-20 00:00:00,1763596800000,7.224,7.384,6.476,6.57,8523390.84,1763683199999,True
2025-11-21 00:00:00,1763683200000,6.569,6.742,5.913,6.426,12318913.52,1763769599999,True
2025-11-22 00:00:00,1763769600000,6.425,6.545,5.86,6.161,6173324.55,1763855999999,True
2025-11-23 00:00:00,1763856000000,6.161,6.356,6.058,6.136,4011818.02,1763942399999,True
2025-11-24 00:00:00,1763942400000,6.136,6.429,6.055,6.295,6833348.28,1764028799999,True
2025-11-25 00:00:00,1764028800000,6.294,6.376,5.881,6.233,5663713.93,1764115199999,True
2025-11-26 00:00:00,1764115200000,6.232,6.387,5.998,6.303,3813992.58,1764201599999,True
2025-11-27 00:00:00,1764201600000,6.303,6.435,6.099,6.141,4322521.69,1764287999999,True
2025-11-28 00:00:00,1764288000000,6.142,6.356,6.05,6.129,3408527.5,1764374399999,True
2025-11-29 00:00:00,1764374400000,6.128,6.216,5.978,6.057,1918849.09,1764460799999,True
2025-11-30 00:00:00,1764460800000,6.057,6.278,6.007,6.042,2900376.46,1764547199999,True
2025-12-01 00:00:00,1764547200000,6.042,6.058,5.441,5.599,8050608.69,1764633599999,True
2025-12-02 00:00:00,1764633600000,5.601,6.039,5.368,5.92,6884300.63,1764719999999,True
2025-12-03 00:00:00,1764720000000,5.919,6.197,5.894,6.107,4713358.81,1764806399999,True
2025-12-04 00:00:00,1764806400000,6.108,6.2,5.829,5.961,3772271.77,1764892799999,True
2025-12-05 00:00:00,1764892800000,5.961,6.036,5.426,5.474,4749718.35,1764979199999,True
2025-12-06 00:00:00,1764979200000,5.473,5.624,5.415,5.563,2086447.43,1765065599999,True
2025-12-07 00:00:00,1765065600000,5.564,5.672,5.316,5.461,3768927.93,1765151999999,True
2025-12-08 00:00:00,1765152000000,5.462,5.772,5.431,5.616,3020468.04,1765238399999,True
2025-12-09 00:00:00,1765238400000,5.615,5.976,5.427,5.747,3948767.27,1765324799999,True
2025-12-10 00:00:00,1765324800000,5.746,5.946,5.527,5.602,4399936.14,1765411199999,True
2025-12-11 00:00:00,1765411200000,5.601,5.607,5.293,5.548,4030550.9,1765497599999,True
2025-12-12 00:00:00,1765497600000,5.548,5.651,5.21,5.422,3722510.24,1765583999999,True
2025-12-13 00:00:00,1765584000000,5.423,5.529,5.373,5.5,1368190.97,1765670399999,True
2025-12-14 00:00:00,1765670400000,5.501,5.565,5.247,5.31,2282268.25,1765756799999,True
2025-12-15 00:00:00,1765756800000,5.311,5.466,4.971,5.079,4469739.55,1765843199999,True
2025-12-16 00:00:00,1765843200000,5.08,5.279,4.935,5.198,3949507.64,1765929599999,True
2025-12-17 00:00:00,1765929600000,5.197,5.324,4.883,4.966,4372912.12,1766015999999,True
2025-12-18 00:00:00,1766016000000,4.967,5.435,4.849,4.96,10753995.99,1766102399999,True
2025-12-19 00:00:00,1766102400000,4.96,5.336,4.9,5.319,6271083.7,1766188799999,True
2025-12-20 00:00:00,1766188800000,5.318,6.378,5.253,6.262,13425520.88,1766275199999,True
2025-12-21 00:00:00,1766275200000,6.262,6.5,6.054,6.117,9824156.96,1766361599999,True
2025-12-22 00:00:00,1766361600000,6.117,6.416,5.914,6.018,7894519.12,1766447999999,True
2025-12-23 00:00:00,1766448000000,6.019,6.121,5.654,5.81,6700700.28,1766534399999,True
2025-12-24 00:00:00,1766534400000,5.811,5.888,5.593,5.778,4783714.28,1766620799999,True
2025-12-25 00:00:00,1766620800000,5.779,6.085,5.747,5.815,4240144.39,1766707199999,True
2025-12-26 00:00:00,1766707200000,5.814,6.037,5.73,5.829,4123253.53,1766793599999,True
2025-12-27 00:00:00,1766793600000,5.829,6.041,5.827,5.967,2940206.57,1766879999999,True
2025-12-28 00:00:00,1766880000000,5.967,6.569,5.934,6.23,8937875.96,1766966399999,True
2025-12-29 00:00:00,1766966400000,6.231,6.392,5.927,5.995,5754472.74,1767052799999,True
2025-12-30 00:00:00,1767052800000,5.995,6.044,5.895,5.926,3282679.1,1767139199999,True
2025-12-31 00:00:00,1767139200000,5.926,5.978,5.623,5.64,2969257.05,1767225599999,True
2026-01-01 00:00:00,1767225600000,5.641,5.841,5.61,5.809,3091675.81,1767311999999,True
2026-01-02 00:00:00,1767312000000,5.808,6.101,5.672,6.038,3846969.8,1767398399999,True
2026-01-03 00:00:00,1767398400000,6.037,6.121,5.744,5.917,3516292.8,1767484799999,True
2026-01-04 00:00:00,1767484800000,5.916,6.023,5.768,5.85,4044610.88,1767571199999,True
2026-01-05 00:00:00,1767571200000,5.85,6.45,5.718,6.162,8355114.96,1767657599999,True
2026-01-06 00:00:00,1767657600000,6.163,6.315,5.843,6.07,7580246.88,1767743999999,True
2026-01-07 00:00:00,1767744000000,6.07,6.092,5.64,5.726,4486852.53,1767830399999,True
2026-01-08 00:00:00,1767830400000,5.727,5.819,5.39,5.488,5634301.65,1767916799999,True
2026-01-09 00:00:00,1767916800000,5.489,5.635,5.35,5.467,5030488.54,1768003199999,True
2026-01-10 00:00:00,1768003200000,5.467,5.555,5.426,5.476,1921370.67,1768089599999,True
2026-01-11 00:00:00,1768089600000,5.476,5.539,5.377,5.456,2069844.73,1768175999999,True
2026-01-12 00:00:00,1768176000000,5.456,5.612,5.281,5.367,3523447.62,1768262399999,True
2026-01-13 00:00:00,1768262400000,5.368,5.806,5.349,5.73,4258129.24,1768348799999,True
2026-01-14 00:00:00,1768348800000,5.73,5.852,5.657,5.681,4165081.91,1768435199999,True
2026-01-15 00:00:00,1768435200000,5.681,5.685,5.226,5.35,5244768.55,1768521599999,True
2026-01-16 00:00:00,1768521600000,5.351,5.361,5.131,5.315,2862771.05,1768607999999,True
2026-01-17 00:00:00,1768608000000,5.316,5.446,5.305,5.352,1722418.8,1768694399999,True
2026-01-18 00:00:00,1768694400000,5.351,5.397,5.088,5.095,2597797.17,1768780799999,True
2026-01-19 00:00:00,1768780800000,5.095,5.097,4.62,5.026,6491538.45,1768867199999,True
2026-01-20 00:00:00,1768867200000,5.026,5.028,4.695,4.803,4998750.83,1768953599999,True
2026-01-21 00:00:00,1768953600000,4.803,5.067,4.761,4.94,3914858.4,1769039999999,True
2026-01-22 00:00:00,1769040000000,4.94,4.995,4.772,4.836,2024747.34,1769126399999,True
2026-01-23 00:00:00,1769126400000,4.837,4.984,4.769,4.873,1894787.41,1769212799999,True
2026-01-24 00:00:00,1769212800000,4.872,4.915,4.828,4.855,835317.66,1769299199999,True
2026-01-25 00:00:00,1769299200000,4.854,4.895,4.562,4.637,3331646.52,1769385599999,True
2026-01-26 00:00:00,1769385600000,4.636,4.76,4.487,4.711,5272135.75,1769471999999,True
2026-01-27 00:00:00,1769472000000,4.712,4.816,4.631,4.8,2549844.61,1769558399999,True
2026-01-28 00:00:00,1769558400000,4.801,4.878,4.753,4.82,1968357.14,1769644799999,True
2026-01-29 00:00:00,1769644800000,4.821,4.834,4.286,4.396,4641550.98,1769731199999,True
2026-01-30 00:00:00,1769731200000,4.395,4.418,4.141,4.276,6418117.34,1769817599999,True
2026-01-31 00:00:00,1769817600000,4.277,4.307,3.6,3.96,9187744.74,1769903999999,True
2026-02-01 00:00:00,1769904000000,3.961,4.029,3.752,3.837,6256562.2,1769990399999,True
2026-02-02 00:00:00,1769990400000,3.838,3.999,3.704,3.925,5674629.39,1770076799999,True
2026-02-03 00:00:00,1770076800000,3.926,4.026,3.698,3.86,6113783.63,1770163199999,True
2026-02-04 00:00:00,1770163200000,3.86,3.963,3.641,3.801,6284057.4,1770249599999,True
2026-02-05 00:00:00,1770249600000,3.801,3.838,3.125,3.168,14783565.92,1770335999999,True
2026-02-06 00:00:00,1770336000000,3.168,3.632,2.845,3.552,13455347.44,1770422399999,True
2026-02-07 00:00:00,1770422400000,3.551,3.628,3.431,3.539,5565279.65,1770508799999,True
2026-02-08 00:00:00,1770508800000,3.538,3.553,3.437,3.468,2182384.93,1770595199999,True
2026-02-09 00:00:00,1770595200000,3.468,3.583,3.309,3.493,3174894.62,1770681599999,True
2026-02-10 00:00:00,1770681600000,3.493,3.499,3.318,3.36,2120911.96,1770767999999,True
2026-02-11 00:00:00,1770768000000,3.361,4.588,3.223,3.369,28491602.0,1770854399999,True
2026-02-12 00:00:00,1770854400000,3.37,3.498,3.142,3.247,11620693.63,1770940799999,True
2026-02-13 00:00:00,1770940800000,3.246,3.495,3.208,3.398,6836626.29,1771027199999,True
2026-02-14 00:00:00,1771027200000,3.398,3.739,3.378,3.629,8315869.41,1771113599999,True
2026-02-15 00:00:00,1771113600000,3.628,3.678,3.397,3.471,5203892.97,1771199999999,True
2026-02-16 00:00:00,1771200000000,3.471,3.628,3.424,3.601,4219826.59,1771286399999,True
2026-02-17 00:00:00,1771286400000,3.602,3.632,3.452,3.524,2826275.93,1771372799999,True
2026-02-18 00:00:00,1771372800000,3.525,3.607,3.349,3.403,3552277.44,1771459199999,True
2026-02-19 00:00:00,1771459200000,3.403,3.468,3.293,3.391,3946751.79,1771545599999,True
2026-02-20 00:00:00,1771545600000,3.391,3.498,3.309,3.492,4378014.48,1771631999999,True
2026-02-21 00:00:00,1771632000000,3.492,3.694,3.468,3.609,3534998.41,1771718399999,True
2026-02-22 00:00:00,1771718400000,3.609,3.63,3.433,3.491,2653845.35,1771804799999,True
2026-02-23 00:00:00,1771804800000,3.491,3.566,3.275,3.349,5365954.18,1771891199999,True
2026-02-24 00:00:00,1771891200000,3.348,3.403,3.259,3.337,3898719.29,1771977599999,True
2026-02-25 00:00:00,1771977600000,3.338,4.294,3.33,4.055,13718509.33,1772063999999,True
2026-02-26 00:00:00,1772064000000,4.055,4.093,3.714,3.879,6385355.96,1772150399999,True
2026-02-27 00:00:00,1772150400000,3.879,3.945,3.672,3.742,3948245.64,1772236799999,True
2026-02-28 00:00:00,1772236800000,3.741,3.893,3.537,3.811,4860760.45,1772323199999,True
2026-03-01 00:00:00,1772323200000,3.811,3.974,3.667,3.748,4373482.98,1772409599999,True
2026-03-02 00:00:00,1772409600000,3.749,4.048,3.715,3.929,4560961.55,1772495999999,True
2026-03-03 00:00:00,1772496000000,3.929,3.941,3.75,3.912,3225356.37,1772582399999,True
2026-03-04 00:00:00,1772582400000,3.913,4.089,3.859,3.977,4832286.91,1772668799999,True
2026-03-05 00:00:00,1772668800000,3.976,4.095,3.927,3.97,3674506.12,1772755199999,True
2026-03-06 00:00:00,1772755200000,3.97,4.021,3.809,3.848,3188168.79,1772841599999,True
2026-03-07 00:00:00,1772841600000,3.849,3.868,3.736,3.771,1421054.1,1772927999999,True
2026-03-08 00:00:00,1772928000000,3.772,3.797,3.61,3.661,2091940.52,1773014399999,True
2026-03-09 00:00:00,1773014400000,3.66,3.992,3.659,3.861,3847675.82,1773100799999,True
2026-03-10 00:00:00,1773100800000,3.86,3.998,3.824,3.843,3621984.16,1773187199999,True
2026-03-11 00:00:00,1773187200000,3.843,3.967,3.804,3.898,2322143.65,1773273599999,True
2026-03-12 00:00:00,1773273600000,3.899,3.95,3.842,3.918,2267387.28,1773359999999,True
2026-03-13 00:00:00,1773360000000,3.917,4.209,3.906,4.004,4052958.54,1773446399999,True
2026-03-14 00:00:00,1773446400000,4.004,4.021,3.905,3.948,1788492.47,1773532799999,True
2026-03-15 00:00:00,1773532800000,3.946,4.114,3.916,4.069,1658425.57,1773619199999,True
2026-03-16 00:00:00,1773619200000,4.069,4.195,3.971,4.157,6593194.64,1773705599999,True
2026-03-17 00:00:00,1773705600000,4.156,4.176,3.943,3.957,3737962.36,1773791999999,True
2026-03-18 00:00:00,1773792000000,3.957,4.015,3.616,3.681,4707768.64,1773878399999,True
2026-03-19 00:00:00,1773878400000,3.681,3.721,3.501,3.579,2863578.22,1773964799999,True
2026-03-20 00:00:00,1773964800000,3.579,3.648,3.544,3.605,2553402.98,1774051199999,True
2026-03-21 00:00:00,1774051200000,3.605,3.629,3.458,3.486,1158564.87,1774137599999,True
2026-03-22 00:00:00,1774137600000,3.485,3.537,3.41,3.471,1475782.67,1774223999999,True
2026-03-23 00:00:00,1774224000000,3.472,3.682,3.437,3.587,3640689.59,1774310399999,True
2026-03-24 00:00:00,1774310400000,3.587,3.623,3.528,3.609,1978220.35,1774396799999,True
2026-03-25 00:00:00,1774396800000,3.609,3.764,3.583,3.708,3271411.85,1774483199999,True
2026-03-26 00:00:00,1774483200000,3.708,3.719,3.483,3.528,2554541.5,1774569599999,True
2026-03-27 00:00:00,1774569600000,3.527,3.557,3.365,3.388,2622014.94,1774655999999,True
2026-03-28 00:00:00,1774656000000,3.389,3.451,3.355,3.384,1212374.99,1774742399999,True
2026-03-29 00:00:00,1774742400000,3.383,3.428,3.259,3.355,1409374.94,1774828799999,True
2026-03-30 00:00:00,1774828800000,3.356,3.577,3.353,3.48,2069714.93,1774915199999,True
2026-03-31 00:00:00,1774915200000,3.481,3.591,3.45,3.545,2443917.2,1775001599999,True
2026-04-01 00:00:00,1775001600000,3.544,3.672,3.535,3.567,2593828.74,1775087999999,True
2026-04-02 00:00:00,1775088000000,3.567,3.597,3.088,3.174,16500703.13,1775174399999,True
2026-04-03 00:00:00,1775174400000,3.175,3.256,3.146,3.171,3057328.37,1775260799999,True
2026-04-04 00:00:00,1775260800000,3.172,3.181,3.098,3.125,2401634.49,1775347199999,True
2026-04-05 00:00:00,1775347200000,3.126,3.161,3.057,3.148,2233472.91,1775433599999,True
2026-04-06 00:00:00,1775433600000,3.148,3.211,3.072,3.096,2680181.44,1775519999999,True
2026-04-07 00:00:00,1775520000000,3.095,3.323,3.014,3.286,4689914.24,1775606399999,True
2026-04-08 00:00:00,1775606400000,3.286,3.3,3.111,3.121,2903915.59,1775692799999,True
2026-04-09 00:00:00,1775692800000,3.12,3.219,3.048,3.107,3187059.2,1775779199999,True
2026-04-10 00:00:00,1775779200000,3.107,3.198,3.089,3.166,2731090.73,1775865599999,True
2026-04-11 00:00:00,1775865600000,3.165,3.221,3.115,3.15,1880447.92,1775951999999,True
2026-04-12 00:00:00,1775952000000,3.15,3.158,3.005,3.018,2569774.21,1776038399999,True
2026-04-13 00:00:00,1776038400000,3.019,3.258,3.0,3.234,3664725.93,1776124799999,True
2026-04-14 00:00:00,1776124800000,3.235,3.249,3.093,3.132,3192980.74,1776211199999,True
2026-04-15 00:00:00,1776211200000,3.132,3.264,3.119,3.224,2017936.52,1776297599999,True
2026-04-16 00:00:00,1776297600000,3.225,3.47,3.197,3.429,5136540.28,1776383999999,True
2026-04-17 00:00:00,1776384000000,3.428,3.582,3.326,3.453,4216704.32,1776470399999,True
2026-04-18 00:00:00,1776470400000,3.452,3.479,3.327,3.35,2608264.7,1776556799999,True
2026-04-19 00:00:00,1776556800000,3.35,3.362,3.206,3.231,3258149.99,1776643199999,True
2026-04-20 00:00:00,1776643200000,3.232,3.336,3.197,3.233,2609008.94,1776729599999,True
2026-04-21 00:00:00,1776729600000,3.233,3.297,3.185,3.271,2327147.18,1776815999999,True
2026-04-22 00:00:00,1776816000000,3.273,3.439,3.258,3.315,3273370.62,1776902399999,True
2026-04-23 00:00:00,1776902400000,3.317,3.329,3.208,3.294,3438069.63,1776988799999,True
2026-04-24 00:00:00,1776988800000,3.294,3.313,3.222,3.253,2347451.8,1777075199999,True
2026-04-25 00:00:00,1777075200000,3.252,3.281,3.225,3.258,1050595.09,1777161599999,True
2026-04-26 00:00:00,1777161600000,3.258,3.309,3.231,3.283,1413309.94,1777247999999,True
2026-04-27 00:00:00,1777248000000,3.284,3.362,3.175,3.253,2497730.73,1777334399999,True
2026-04-28 00:00:00,1777334400000,3.252,3.279,3.19,3.242,1818898.53,1777420799999,True
2026-04-29 00:00:00,1777420800000,3.242,3.328,3.105,3.191,3112093.7,1777507199999,True
2026-04-30 00:00:00,1777507200000,3.192,3.227,3.145,3.187,1313388.62,1777593599999,True
2026-05-01 00:00:00,1777593600000,3.188,3.278,3.188,3.204,1876338.2,1777679999999,True
2026-05-02 00:00:00,1777680000000,3.203,3.28,3.193,3.255,1188106.63,1777766399999,True
2026-05-03 00:00:00,1777766400000,3.256,3.276,3.208,3.234,1415162.46,1777852799999,True
2026-05-04 00:00:00,1777852800000,3.235,3.453,3.21,3.274,7078217.24,1777939199999,True
2026-05-05 00:00:00,1777939200000,3.274,3.399,3.27,3.358,2849812.24,1778025599999,True
2026-05-06 00:00:00,1778025600000,3.357,3.554,3.339,3.475,4787380.74,1778111999999,True
2026-05-07 00:00:00,1778112000000,3.474,3.509,3.378,3.434,4447755.19,1778198399999,True
2026-05-08 00:00:00,1778198400000,3.434,3.735,3.386,3.712,5708033.24,1778284799999,True
2026-05-09 00:00:00,1778284800000,3.711,3.826,3.618,3.81,4519559.24,1778371199999,True
2026-05-10 00:00:00,1778371200000,3.81,4.17,3.688,3.994,14022711.55,1778457599999,True
2026-05-11 00:00:00,1778457600000,3.994,4.008,3.814,3.897,4317996.22,1778543999999,True
2026-05-12 00:00:00,1778544000000,3.896,3.904,3.688,3.765,3265447.81,1778630399999,True
2026-05-13 00:00:00,1778630400000,3.765,3.847,3.578,3.624,3150944.6,1778716799999,True
2026-05-14 00:00:00,1778716800000,3.623,3.817,3.561,3.734,5609627.91,1778803199999,True
2026-05-15 00:00:00,1778803200000,3.733,3.76,3.523,3.602,3586800.89,1778889599999,True
2026-05-16 00:00:00,1778889600000,3.601,3.622,3.458,3.486,2332987.35,1778975999999,True
2026-05-17 00:00:00,1778976000000,3.485,3.61,3.381,3.47,2863701.14,1779062399999,True
2026-05-18 00:00:00,1779062400000,3.471,3.552,3.32,3.545,6151217.9,1779148799999,True
2026-05-19 00:00:00,1779148800000,3.546,3.588,3.435,3.451,1730146.31,1779235199999,True
2026-05-20 00:00:00,1779235200000,3.451,3.666,3.426,3.615,4008277.7,1779321599999,True
2026-05-21 00:00:00,1779321600000,3.616,3.691,3.528,3.608,3006528.78,1779407999999,True
2026-05-22 00:00:00,1779408000000,3.608,3.684,3.376,3.404,4489627.63,1779494399999,True
2026-05-23 00:00:00,1779494400000,3.404,3.57,3.261,3.464,6366546.34,1779580799999,True
2026-05-24 00:00:00,1779580800000,3.465,3.475,3.326,3.386,1468516.07,1779667199999,True
2026-05-25 00:00:00,1779667200000,3.386,3.441,3.308,3.329,6580858.53,1779753599999,True
2026-05-26 00:00:00,1779753600000,3.329,3.388,3.225,3.251,3088114.69,1779839999999,True
2026-05-27 00:00:00,1779840000000,3.252,3.321,3.06,3.093,7979451.5,1779926399999,True
2026-05-28 00:00:00,1779926400000,3.093,3.117,2.972,3.052,6432423.15,1780012799999,True
2026-05-29 00:00:00,1780012800000,3.051,3.083,2.947,3.02,7149948.28,1780099199999,True
2026-05-30 00:00:00,1780099200000,3.021,3.086,2.994,3.056,1929790.55,1780185599999,True
2026-05-31 00:00:00,1780185600000,3.056,3.072,2.958,3.024,1985837.28,1780271999999,True
2026-06-01 00:00:00,1780272000000,3.025,3.045,2.906,2.984,3101996.61,1780358399999,True
2026-06-02 00:00:00,1780358400000,2.984,2.986,2.733,2.8,3671040.12,1780444799999,True
2026-06-03 00:00:00,1780444800000,2.801,2.938,2.752,2.8,3647145.39,1780531199999,True
2026-06-04 00:00:00,1780531200000,2.8,2.826,2.57,2.655,5470173.75,1780617599999,True
2026-06-05 00:00:00,1780617600000,2.654,2.666,2.344,2.462,7287185.85,1780703999999,True
2026-06-06 00:00:00,1780704000000,2.461,2.487,2.316,2.466,2455834.03,1780790399999,True
2026-06-07 00:00:00,1780790400000,2.467,2.63,2.463,2.573,4012429.04,1780876799999,True
2026-06-08 00:00:00,1780876800000,2.572,2.609,2.497,2.515,4785656.09,1780963199999,True
2026-06-09 00:00:00,1780963200000,2.515,2.546,2.437,2.478,2749756.68,1781049599999,True
2026-06-10 00:00:00,1781049600000,2.478,2.518,2.366,2.396,3781759.35,1781135999999,True
2026-06-11 00:00:00,1781136000000,2.395,2.568,2.394,2.498,5326901.44,1781222399999,True
2026-06-12 00:00:00,1781222400000,2.499,2.563,2.477,2.499,2741245.46,1781308799999,True
2026-06-13 00:00:00,1781308800000,2.501,2.585,2.483,2.557,2116465.56,1781395199999,True
2026-06-14 00:00:00,1781395200000,2.558,2.6,2.466,2.592,1819982.86,1781481599999,True
2026-06-15 00:00:00,1781481600000,2.591,2.85,2.562,2.846,5104185.58,1781567999999,True
2026-06-16 00:00:00,1781568000000,2.846,3.328,2.778,3.293,18592723.43,1781654399999,True
2026-06-17 00:00:00,1781654400000,3.293,3.729,3.166,3.227,26734024.24,1781740799999,True
2026-06-18 00:00:00,1781740800000,3.227,3.329,2.92,3.209,12944528.79,1781827199999,True
2026-06-19 00:00:00,1781827200000,3.209,3.211,2.996,3.086,4990816.61,1781913599999,True
2026-06-20 00:00:00,1781913600000,3.085,3.095,2.947,3.006,2991719.1,1781999999999,True
2026-06-21 00:00:00,1782000000000,3.007,3.131,2.952,2.984,3135970.17,1782086399999,True
2026-06-22 00:00:00,1782086400000,2.985,3.115,2.957,2.985,3248945.4,1782172799999,True
2026-06-23 00:00:00,1782172800000,2.984,3.011,2.797,2.924,4195367.64,1782259199999,True
2026-06-24 00:00:00,1782259200000,2.925,2.967,2.725,2.926,3885698.2,1782345599999,True
2026-06-25 00:00:00,1782345600000,2.927,3.036,2.743,2.885,4605306.48,1782431999999,True
2026-06-26 00:00:00,1782432000000,2.886,3.045,2.775,2.964,4270680.78,1782518399999,True
2026-06-27 00:00:00,1782518400000,2.964,3.065,2.899,2.924,2533377.27,1782604799999,True
2026-06-28 00:00:00,1782604800000,2.923,2.978,2.868,2.926,2204310.21,1782691199999,True
2026-06-29 00:00:00,1782691200000,2.926,3.016,2.883,2.893,3742674.73,1782777599999,True
2026-06-30 00:00:00,1782777600000,2.894,2.898,2.746,2.778,3585453.18,1782863999999,True
